#  E (eV)   dos(E)     Int dos(E) EFermi =    9.134 eV
-114.494  0.4049E-02  0.4049E-04
-114.484  0.9578E-02  0.1363E-03
-114.474  0.2170E-01  0.3532E-03
-114.464  0.4707E-01  0.8239E-03
-114.454  0.9779E-01  0.1802E-02
-114.444  0.1946E+00  0.3748E-02
-114.434  0.3708E+00  0.7456E-02
-114.424  0.6768E+00  0.1422E-01
-114.414  0.1183E+01  0.2605E-01
-114.404  0.1980E+01  0.4586E-01
-114.394  0.3175E+01  0.7760E-01
-114.384  0.4874E+01  0.1263E+00
-114.374  0.7167E+01  0.1980E+00
-114.364  0.1009E+02  0.2989E+00
-114.354  0.1361E+02  0.4350E+00
-114.344  0.1758E+02  0.6108E+00
-114.334  0.2175E+02  0.8283E+00
-114.324  0.2576E+02  0.1086E+01
-114.314  0.2923E+02  0.1378E+01
-114.304  0.3176E+02  0.1696E+01
-114.294  0.3305E+02  0.2026E+01
-114.284  0.3293E+02  0.2356E+01
-114.274  0.3143E+02  0.2670E+01
-114.264  0.2873E+02  0.2957E+01
-114.254  0.2515E+02  0.3209E+01
-114.244  0.2109E+02  0.3420E+01
-114.234  0.1693E+02  0.3589E+01
-114.224  0.1302E+02  0.3719E+01
-114.214  0.9588E+01  0.3815E+01
-114.204  0.6763E+01  0.3883E+01
-114.194  0.4568E+01  0.3928E+01
-114.184  0.2955E+01  0.3958E+01
-114.174  0.1831E+01  0.3976E+01
-114.164  0.1086E+01  0.3987E+01
-114.154  0.6172E+00  0.3993E+01
-114.144  0.3359E+00  0.3997E+01
-114.134  0.1751E+00  0.3998E+01
-114.124  0.8738E-01  0.3999E+01
-114.114  0.4177E-01  0.4000E+01
-114.104  0.1912E-01  0.4000E+01
-114.094  0.8384E-02  0.4000E+01
-114.084  0.3520E-02  0.4000E+01
-114.074  0.1416E-02  0.4000E+01
-114.064  0.5452E-03  0.4000E+01
-114.054  0.2011E-03  0.4000E+01
-114.044  0.7104E-04  0.4000E+01
-114.034  0.2403E-04  0.4000E+01
-114.024  0.7786E-05  0.4000E+01
-114.014  0.2416E-05  0.4000E+01
-114.004  0.7179E-06  0.4000E+01
-113.994  0.2043E-06  0.4000E+01
-113.984  0.5569E-07  0.4000E+01
-113.974  0.1454E-07  0.4000E+01
-113.964  0.3634E-08  0.4000E+01
-113.954  0.8700E-09  0.4000E+01
-113.944  0.1995E-09  0.4000E+01
-113.934  0.4381E-10  0.4000E+01
-113.924  0.9212E-11  0.4000E+01
-113.914  0.1855E-11  0.4000E+01
-113.904  0.3579E-12  0.4000E+01
-113.894  0.6612E-13  0.4000E+01
-113.884  0.1170E-13  0.4000E+01
-113.874  0.1982E-14  0.4000E+01
-113.864  0.3216E-15  0.4000E+01
-113.854  0.4998E-16  0.4000E+01
-113.844  0.7438E-17  0.4000E+01
-113.834  0.1060E-17  0.4000E+01
-113.824  0.1447E-18  0.4000E+01
-113.814  0.1892E-19  0.4000E+01
-113.804  0.2369E-20  0.4000E+01
-113.794  0.2841E-21  0.4000E+01
-113.784  0.3262E-22  0.4000E+01
-113.774  0.3588E-23  0.4000E+01
-113.764  0.3779E-24  0.4000E+01
-113.754  0.3812E-25  0.4000E+01
-113.744  0.3683E-26  0.4000E+01
-113.734  0.3407E-27  0.4000E+01
-113.724  0.3019E-28  0.4000E+01
-113.714  0.2562E-29  0.4000E+01
-113.704  0.2082E-30  0.4000E+01
-113.694  0.1621E-31  0.4000E+01
-113.684  0.1208E-32  0.4000E+01
-113.674  0.8625E-34  0.4000E+01
-113.664  0.5897E-35  0.4000E+01
-113.654  0.3861E-36  0.4000E+01
-113.644  0.2421E-37  0.4000E+01
-113.634  0.1454E-38  0.4000E+01
-113.624  0.8363E-40  0.4000E+01
-113.614  0.4607E-41  0.4000E+01
-113.604  0.2430E-42  0.4000E+01
-113.594  0.1228E-43  0.4000E+01
-113.584  0.5941E-45  0.4000E+01
-113.574  0.2753E-46  0.4000E+01
-113.564  0.1222E-47  0.4000E+01
-113.554  0.5192E-49  0.4000E+01
-113.544  0.2113E-50  0.4000E+01
-113.534  0.8239E-52  0.4000E+01
-113.524  0.3076E-53  0.4000E+01
-113.514  0.1100E-54  0.4000E+01
-113.504  0.3766E-56  0.4000E+01
-113.494  0.1235E-57  0.4000E+01
-113.484  0.3879E-59  0.4000E+01
-113.474  0.1167E-60  0.4000E+01
-113.464  0.3361E-62  0.4000E+01
-113.454  0.9272E-64  0.4000E+01
-113.444  0.2450E-65  0.4000E+01
-113.434  0.6199E-67  0.4000E+01
-113.424  0.1502E-68  0.4000E+01
-113.414  0.3486E-70  0.4000E+01
-113.404  0.7749E-72  0.4000E+01
-113.394  0.1649E-73  0.4000E+01
-113.384  0.3363E-75  0.4000E+01
-113.374  0.6565E-77  0.4000E+01
-113.364  0.1228E-78  0.4000E+01
-113.354  0.2199E-80  0.4000E+01
-113.344  0.3848E-82  0.4000E+01
-113.334  0.1400E-83  0.4000E+01
-113.324  0.8264E-84  0.4000E+01
-113.314  0.8264E-84  0.4000E+01
-113.304  0.8264E-84  0.4000E+01
-113.294  0.8264E-84  0.4000E+01
-113.284  0.8264E-84  0.4000E+01
-113.274  0.8264E-84  0.4000E+01
-113.264  0.8264E-84  0.4000E+01
-113.254  0.8264E-84  0.4000E+01
-113.244  0.8264E-84  0.4000E+01
-113.234  0.8264E-84  0.4000E+01
-113.224  0.8264E-84  0.4000E+01
-113.214  0.8264E-84  0.4000E+01
-113.204  0.8264E-84  0.4000E+01
-113.194  0.8264E-84  0.4000E+01
-113.184  0.8264E-84  0.4000E+01
-113.174  0.8264E-84  0.4000E+01
-113.164  0.8264E-84  0.4000E+01
-113.154  0.8264E-84  0.4000E+01
-113.144  0.8264E-84  0.4000E+01
-113.134  0.8264E-84  0.4000E+01
-113.124  0.8264E-84  0.4000E+01
-113.114  0.8264E-84  0.4000E+01
-113.104  0.8264E-84  0.4000E+01
-113.094  0.8264E-84  0.4000E+01
-113.084  0.8264E-84  0.4000E+01
-113.074  0.8264E-84  0.4000E+01
-113.064  0.8264E-84  0.4000E+01
-113.054  0.8264E-84  0.4000E+01
-113.044  0.8264E-84  0.4000E+01
-113.034  0.8264E-84  0.4000E+01
-113.024  0.8264E-84  0.4000E+01
-113.014  0.8264E-84  0.4000E+01
-113.004  0.8264E-84  0.4000E+01
-112.994  0.8264E-84  0.4000E+01
-112.984  0.8264E-84  0.4000E+01
-112.974  0.8264E-84  0.4000E+01
-112.964  0.8264E-84  0.4000E+01
-112.954  0.8264E-84  0.4000E+01
-112.944  0.8264E-84  0.4000E+01
-112.934  0.8264E-84  0.4000E+01
-112.924  0.8264E-84  0.4000E+01
-112.914  0.8264E-84  0.4000E+01
-112.904  0.8264E-84  0.4000E+01
-112.894  0.8264E-84  0.4000E+01
-112.884  0.8264E-84  0.4000E+01
-112.874  0.8264E-84  0.4000E+01
-112.864  0.8264E-84  0.4000E+01
-112.854  0.8264E-84  0.4000E+01
-112.844  0.8264E-84  0.4000E+01
-112.834  0.8264E-84  0.4000E+01
-112.824  0.8264E-84  0.4000E+01
-112.814  0.8264E-84  0.4000E+01
-112.804  0.8264E-84  0.4000E+01
-112.794  0.8264E-84  0.4000E+01
-112.784  0.8264E-84  0.4000E+01
-112.774  0.8264E-84  0.4000E+01
-112.764  0.8264E-84  0.4000E+01
-112.754  0.8264E-84  0.4000E+01
-112.744  0.8264E-84  0.4000E+01
-112.734  0.8264E-84  0.4000E+01
-112.724  0.8264E-84  0.4000E+01
-112.714  0.8264E-84  0.4000E+01
-112.704  0.8264E-84  0.4000E+01
-112.694  0.8264E-84  0.4000E+01
-112.684  0.8264E-84  0.4000E+01
-112.674  0.8264E-84  0.4000E+01
-112.664  0.8264E-84  0.4000E+01
-112.654  0.8264E-84  0.4000E+01
-112.644  0.8264E-84  0.4000E+01
-112.634  0.8264E-84  0.4000E+01
-112.624  0.8264E-84  0.4000E+01
-112.614  0.8264E-84  0.4000E+01
-112.604  0.8264E-84  0.4000E+01
-112.594  0.8264E-84  0.4000E+01
-112.584  0.8264E-84  0.4000E+01
-112.574  0.8264E-84  0.4000E+01
-112.564  0.8264E-84  0.4000E+01
-112.554  0.8264E-84  0.4000E+01
-112.544  0.8264E-84  0.4000E+01
-112.534  0.8264E-84  0.4000E+01
-112.524  0.8264E-84  0.4000E+01
-112.514  0.8264E-84  0.4000E+01
-112.504  0.8264E-84  0.4000E+01
-112.494  0.8264E-84  0.4000E+01
-112.484  0.8264E-84  0.4000E+01
-112.474  0.8264E-84  0.4000E+01
-112.464  0.8264E-84  0.4000E+01
-112.454  0.8264E-84  0.4000E+01
-112.444  0.8264E-84  0.4000E+01
-112.434  0.8264E-84  0.4000E+01
-112.424  0.8264E-84  0.4000E+01
-112.414  0.8264E-84  0.4000E+01
-112.404  0.8264E-84  0.4000E+01
-112.394  0.8264E-84  0.4000E+01
-112.384  0.8264E-84  0.4000E+01
-112.374  0.8264E-84  0.4000E+01
-112.364  0.8264E-84  0.4000E+01
-112.354  0.8264E-84  0.4000E+01
-112.344  0.8264E-84  0.4000E+01
-112.334  0.8264E-84  0.4000E+01
-112.324  0.8264E-84  0.4000E+01
-112.314  0.8264E-84  0.4000E+01
-112.304  0.8264E-84  0.4000E+01
-112.294  0.8264E-84  0.4000E+01
-112.284  0.8264E-84  0.4000E+01
-112.274  0.8264E-84  0.4000E+01
-112.264  0.8264E-84  0.4000E+01
-112.254  0.8264E-84  0.4000E+01
-112.244  0.8264E-84  0.4000E+01
-112.234  0.8264E-84  0.4000E+01
-112.224  0.8264E-84  0.4000E+01
-112.214  0.8264E-84  0.4000E+01
-112.204  0.8264E-84  0.4000E+01
-112.194  0.8264E-84  0.4000E+01
-112.184  0.8264E-84  0.4000E+01
-112.174  0.8264E-84  0.4000E+01
-112.164  0.8264E-84  0.4000E+01
-112.154  0.8264E-84  0.4000E+01
-112.144  0.8264E-84  0.4000E+01
-112.134  0.8264E-84  0.4000E+01
-112.124  0.8264E-84  0.4000E+01
-112.114  0.8264E-84  0.4000E+01
-112.104  0.8264E-84  0.4000E+01
-112.094  0.8264E-84  0.4000E+01
-112.084  0.8264E-84  0.4000E+01
-112.074  0.8264E-84  0.4000E+01
-112.064  0.8264E-84  0.4000E+01
-112.054  0.8264E-84  0.4000E+01
-112.044  0.8264E-84  0.4000E+01
-112.034  0.8264E-84  0.4000E+01
-112.024  0.8264E-84  0.4000E+01
-112.014  0.8264E-84  0.4000E+01
-112.004  0.8264E-84  0.4000E+01
-111.994  0.8264E-84  0.4000E+01
-111.984  0.8264E-84  0.4000E+01
-111.974  0.8264E-84  0.4000E+01
-111.964  0.8264E-84  0.4000E+01
-111.954  0.8264E-84  0.4000E+01
-111.944  0.8264E-84  0.4000E+01
-111.934  0.8264E-84  0.4000E+01
-111.924  0.8264E-84  0.4000E+01
-111.914  0.8264E-84  0.4000E+01
-111.904  0.8264E-84  0.4000E+01
-111.894  0.8264E-84  0.4000E+01
-111.884  0.8264E-84  0.4000E+01
-111.874  0.8264E-84  0.4000E+01
-111.864  0.8264E-84  0.4000E+01
-111.854  0.8264E-84  0.4000E+01
-111.844  0.8264E-84  0.4000E+01
-111.834  0.8264E-84  0.4000E+01
-111.824  0.8264E-84  0.4000E+01
-111.814  0.8264E-84  0.4000E+01
-111.804  0.8264E-84  0.4000E+01
-111.794  0.8264E-84  0.4000E+01
-111.784  0.8264E-84  0.4000E+01
-111.774  0.8264E-84  0.4000E+01
-111.764  0.8264E-84  0.4000E+01
-111.754  0.8264E-84  0.4000E+01
-111.744  0.8264E-84  0.4000E+01
-111.734  0.8264E-84  0.4000E+01
-111.724  0.8264E-84  0.4000E+01
-111.714  0.8264E-84  0.4000E+01
-111.704  0.8264E-84  0.4000E+01
-111.694  0.8264E-84  0.4000E+01
-111.684  0.8264E-84  0.4000E+01
-111.674  0.8264E-84  0.4000E+01
-111.664  0.8264E-84  0.4000E+01
-111.654  0.8264E-84  0.4000E+01
-111.644  0.8264E-84  0.4000E+01
-111.634  0.8264E-84  0.4000E+01
-111.624  0.8264E-84  0.4000E+01
-111.614  0.8264E-84  0.4000E+01
-111.604  0.8264E-84  0.4000E+01
-111.594  0.8264E-84  0.4000E+01
-111.584  0.8264E-84  0.4000E+01
-111.574  0.8264E-84  0.4000E+01
-111.564  0.8264E-84  0.4000E+01
-111.554  0.8264E-84  0.4000E+01
-111.544  0.8264E-84  0.4000E+01
-111.534  0.8264E-84  0.4000E+01
-111.524  0.8264E-84  0.4000E+01
-111.514  0.8264E-84  0.4000E+01
-111.504  0.8264E-84  0.4000E+01
-111.494  0.8264E-84  0.4000E+01
-111.484  0.8264E-84  0.4000E+01
-111.474  0.8264E-84  0.4000E+01
-111.464  0.8264E-84  0.4000E+01
-111.454  0.8264E-84  0.4000E+01
-111.444  0.8264E-84  0.4000E+01
-111.434  0.8264E-84  0.4000E+01
-111.424  0.8264E-84  0.4000E+01
-111.414  0.8264E-84  0.4000E+01
-111.404  0.8264E-84  0.4000E+01
-111.394  0.8264E-84  0.4000E+01
-111.384  0.8264E-84  0.4000E+01
-111.374  0.8264E-84  0.4000E+01
-111.364  0.8264E-84  0.4000E+01
-111.354  0.8264E-84  0.4000E+01
-111.344  0.8264E-84  0.4000E+01
-111.334  0.8264E-84  0.4000E+01
-111.324  0.8264E-84  0.4000E+01
-111.314  0.8264E-84  0.4000E+01
-111.304  0.8264E-84  0.4000E+01
-111.294  0.8264E-84  0.4000E+01
-111.284  0.8264E-84  0.4000E+01
-111.274  0.8264E-84  0.4000E+01
-111.264  0.8264E-84  0.4000E+01
-111.254  0.8264E-84  0.4000E+01
-111.244  0.8264E-84  0.4000E+01
-111.234  0.8264E-84  0.4000E+01
-111.224  0.8264E-84  0.4000E+01
-111.214  0.8264E-84  0.4000E+01
-111.204  0.8264E-84  0.4000E+01
-111.194  0.8264E-84  0.4000E+01
-111.184  0.8264E-84  0.4000E+01
-111.174  0.8264E-84  0.4000E+01
-111.164  0.8264E-84  0.4000E+01
-111.154  0.8264E-84  0.4000E+01
-111.144  0.8264E-84  0.4000E+01
-111.134  0.8264E-84  0.4000E+01
-111.124  0.8264E-84  0.4000E+01
-111.114  0.8264E-84  0.4000E+01
-111.104  0.8264E-84  0.4000E+01
-111.094  0.8264E-84  0.4000E+01
-111.084  0.8264E-84  0.4000E+01
-111.074  0.8264E-84  0.4000E+01
-111.064  0.8264E-84  0.4000E+01
-111.054  0.8264E-84  0.4000E+01
-111.044  0.8264E-84  0.4000E+01
-111.034  0.8264E-84  0.4000E+01
-111.024  0.8264E-84  0.4000E+01
-111.014  0.8264E-84  0.4000E+01
-111.004  0.8264E-84  0.4000E+01
-110.994  0.8264E-84  0.4000E+01
-110.984  0.8264E-84  0.4000E+01
-110.974  0.8264E-84  0.4000E+01
-110.964  0.8264E-84  0.4000E+01
-110.954  0.8264E-84  0.4000E+01
-110.944  0.8264E-84  0.4000E+01
-110.934  0.8264E-84  0.4000E+01
-110.924  0.8264E-84  0.4000E+01
-110.914  0.8264E-84  0.4000E+01
-110.904  0.8264E-84  0.4000E+01
-110.894  0.8264E-84  0.4000E+01
-110.884  0.8264E-84  0.4000E+01
-110.874  0.8264E-84  0.4000E+01
-110.864  0.8264E-84  0.4000E+01
-110.854  0.8264E-84  0.4000E+01
-110.844  0.8264E-84  0.4000E+01
-110.834  0.8264E-84  0.4000E+01
-110.824  0.8264E-84  0.4000E+01
-110.814  0.8264E-84  0.4000E+01
-110.804  0.8264E-84  0.4000E+01
-110.794  0.8264E-84  0.4000E+01
-110.784  0.8264E-84  0.4000E+01
-110.774  0.8264E-84  0.4000E+01
-110.764  0.8264E-84  0.4000E+01
-110.754  0.8264E-84  0.4000E+01
-110.744  0.8264E-84  0.4000E+01
-110.734  0.8264E-84  0.4000E+01
-110.724  0.8264E-84  0.4000E+01
-110.714  0.8264E-84  0.4000E+01
-110.704  0.8264E-84  0.4000E+01
-110.694  0.8264E-84  0.4000E+01
-110.684  0.8264E-84  0.4000E+01
-110.674  0.8264E-84  0.4000E+01
-110.664  0.8264E-84  0.4000E+01
-110.654  0.8264E-84  0.4000E+01
-110.644  0.8264E-84  0.4000E+01
-110.634  0.8264E-84  0.4000E+01
-110.624  0.8264E-84  0.4000E+01
-110.614  0.8264E-84  0.4000E+01
-110.604  0.8264E-84  0.4000E+01
-110.594  0.8264E-84  0.4000E+01
-110.584  0.8264E-84  0.4000E+01
-110.574  0.8264E-84  0.4000E+01
-110.564  0.8264E-84  0.4000E+01
-110.554  0.8264E-84  0.4000E+01
-110.544  0.8264E-84  0.4000E+01
-110.534  0.8264E-84  0.4000E+01
-110.524  0.8264E-84  0.4000E+01
-110.514  0.8264E-84  0.4000E+01
-110.504  0.8264E-84  0.4000E+01
-110.494  0.8264E-84  0.4000E+01
-110.484  0.8264E-84  0.4000E+01
-110.474  0.8264E-84  0.4000E+01
-110.464  0.8264E-84  0.4000E+01
-110.454  0.8264E-84  0.4000E+01
-110.444  0.8264E-84  0.4000E+01
-110.434  0.8264E-84  0.4000E+01
-110.424  0.8264E-84  0.4000E+01
-110.414  0.8264E-84  0.4000E+01
-110.404  0.8264E-84  0.4000E+01
-110.394  0.8264E-84  0.4000E+01
-110.384  0.8264E-84  0.4000E+01
-110.374  0.8264E-84  0.4000E+01
-110.364  0.8264E-84  0.4000E+01
-110.354  0.8264E-84  0.4000E+01
-110.344  0.8264E-84  0.4000E+01
-110.334  0.8264E-84  0.4000E+01
-110.324  0.8264E-84  0.4000E+01
-110.314  0.8264E-84  0.4000E+01
-110.304  0.8264E-84  0.4000E+01
-110.294  0.8264E-84  0.4000E+01
-110.284  0.8264E-84  0.4000E+01
-110.274  0.8264E-84  0.4000E+01
-110.264  0.8264E-84  0.4000E+01
-110.254  0.8264E-84  0.4000E+01
-110.244  0.8264E-84  0.4000E+01
-110.234  0.8264E-84  0.4000E+01
-110.224  0.8264E-84  0.4000E+01
-110.214  0.8264E-84  0.4000E+01
-110.204  0.8264E-84  0.4000E+01
-110.194  0.8264E-84  0.4000E+01
-110.184  0.8264E-84  0.4000E+01
-110.174  0.8264E-84  0.4000E+01
-110.164  0.8264E-84  0.4000E+01
-110.154  0.8264E-84  0.4000E+01
-110.144  0.8264E-84  0.4000E+01
-110.134  0.8264E-84  0.4000E+01
-110.124  0.8264E-84  0.4000E+01
-110.114  0.8264E-84  0.4000E+01
-110.104  0.8264E-84  0.4000E+01
-110.094  0.8264E-84  0.4000E+01
-110.084  0.8264E-84  0.4000E+01
-110.074  0.8264E-84  0.4000E+01
-110.064  0.8264E-84  0.4000E+01
-110.054  0.8264E-84  0.4000E+01
-110.044  0.8264E-84  0.4000E+01
-110.034  0.8264E-84  0.4000E+01
-110.024  0.8264E-84  0.4000E+01
-110.014  0.8264E-84  0.4000E+01
-110.004  0.8264E-84  0.4000E+01
-109.994  0.8264E-84  0.4000E+01
-109.984  0.8264E-84  0.4000E+01
-109.974  0.8264E-84  0.4000E+01
-109.964  0.8264E-84  0.4000E+01
-109.954  0.8264E-84  0.4000E+01
-109.944  0.8264E-84  0.4000E+01
-109.934  0.8264E-84  0.4000E+01
-109.924  0.8264E-84  0.4000E+01
-109.914  0.8264E-84  0.4000E+01
-109.904  0.8264E-84  0.4000E+01
-109.894  0.8264E-84  0.4000E+01
-109.884  0.8264E-84  0.4000E+01
-109.874  0.8264E-84  0.4000E+01
-109.864  0.8264E-84  0.4000E+01
-109.854  0.8264E-84  0.4000E+01
-109.844  0.8264E-84  0.4000E+01
-109.834  0.8264E-84  0.4000E+01
-109.824  0.8264E-84  0.4000E+01
-109.814  0.8264E-84  0.4000E+01
-109.804  0.8264E-84  0.4000E+01
-109.794  0.8264E-84  0.4000E+01
-109.784  0.8264E-84  0.4000E+01
-109.774  0.8264E-84  0.4000E+01
-109.764  0.8264E-84  0.4000E+01
-109.754  0.8264E-84  0.4000E+01
-109.744  0.8264E-84  0.4000E+01
-109.734  0.8264E-84  0.4000E+01
-109.724  0.8264E-84  0.4000E+01
-109.714  0.8264E-84  0.4000E+01
-109.704  0.8264E-84  0.4000E+01
-109.694  0.8264E-84  0.4000E+01
-109.684  0.8264E-84  0.4000E+01
-109.674  0.8264E-84  0.4000E+01
-109.664  0.8264E-84  0.4000E+01
-109.654  0.8264E-84  0.4000E+01
-109.644  0.8264E-84  0.4000E+01
-109.634  0.8264E-84  0.4000E+01
-109.624  0.8264E-84  0.4000E+01
-109.614  0.8264E-84  0.4000E+01
-109.604  0.8264E-84  0.4000E+01
-109.594  0.8264E-84  0.4000E+01
-109.584  0.8264E-84  0.4000E+01
-109.574  0.8264E-84  0.4000E+01
-109.564  0.8264E-84  0.4000E+01
-109.554  0.8264E-84  0.4000E+01
-109.544  0.8264E-84  0.4000E+01
-109.534  0.8264E-84  0.4000E+01
-109.524  0.8264E-84  0.4000E+01
-109.514  0.8264E-84  0.4000E+01
-109.504  0.8264E-84  0.4000E+01
-109.494  0.8264E-84  0.4000E+01
-109.484  0.8264E-84  0.4000E+01
-109.474  0.8264E-84  0.4000E+01
-109.464  0.8264E-84  0.4000E+01
-109.454  0.8264E-84  0.4000E+01
-109.444  0.8264E-84  0.4000E+01
-109.434  0.8264E-84  0.4000E+01
-109.424  0.8264E-84  0.4000E+01
-109.414  0.8264E-84  0.4000E+01
-109.404  0.8264E-84  0.4000E+01
-109.394  0.8264E-84  0.4000E+01
-109.384  0.8264E-84  0.4000E+01
-109.374  0.8264E-84  0.4000E+01
-109.364  0.8264E-84  0.4000E+01
-109.354  0.8264E-84  0.4000E+01
-109.344  0.8264E-84  0.4000E+01
-109.334  0.8264E-84  0.4000E+01
-109.324  0.8264E-84  0.4000E+01
-109.314  0.8264E-84  0.4000E+01
-109.304  0.8264E-84  0.4000E+01
-109.294  0.8264E-84  0.4000E+01
-109.284  0.8264E-84  0.4000E+01
-109.274  0.8264E-84  0.4000E+01
-109.264  0.8264E-84  0.4000E+01
-109.254  0.8264E-84  0.4000E+01
-109.244  0.8264E-84  0.4000E+01
-109.234  0.8264E-84  0.4000E+01
-109.224  0.8264E-84  0.4000E+01
-109.214  0.8264E-84  0.4000E+01
-109.204  0.8264E-84  0.4000E+01
-109.194  0.8264E-84  0.4000E+01
-109.184  0.8264E-84  0.4000E+01
-109.174  0.8264E-84  0.4000E+01
-109.164  0.8264E-84  0.4000E+01
-109.154  0.8264E-84  0.4000E+01
-109.144  0.8264E-84  0.4000E+01
-109.134  0.8264E-84  0.4000E+01
-109.124  0.8264E-84  0.4000E+01
-109.114  0.8264E-84  0.4000E+01
-109.104  0.8264E-84  0.4000E+01
-109.094  0.8264E-84  0.4000E+01
-109.084  0.8264E-84  0.4000E+01
-109.074  0.8264E-84  0.4000E+01
-109.064  0.8264E-84  0.4000E+01
-109.054  0.8264E-84  0.4000E+01
-109.044  0.8264E-84  0.4000E+01
-109.034  0.8264E-84  0.4000E+01
-109.024  0.8264E-84  0.4000E+01
-109.014  0.8264E-84  0.4000E+01
-109.004  0.8264E-84  0.4000E+01
-108.994  0.8264E-84  0.4000E+01
-108.984  0.8264E-84  0.4000E+01
-108.974  0.8264E-84  0.4000E+01
-108.964  0.8264E-84  0.4000E+01
-108.954  0.8264E-84  0.4000E+01
-108.944  0.8264E-84  0.4000E+01
-108.934  0.8264E-84  0.4000E+01
-108.924  0.8264E-84  0.4000E+01
-108.914  0.8264E-84  0.4000E+01
-108.904  0.8264E-84  0.4000E+01
-108.894  0.8264E-84  0.4000E+01
-108.884  0.8264E-84  0.4000E+01
-108.874  0.8264E-84  0.4000E+01
-108.864  0.8264E-84  0.4000E+01
-108.854  0.8264E-84  0.4000E+01
-108.844  0.8264E-84  0.4000E+01
-108.834  0.8264E-84  0.4000E+01
-108.824  0.8264E-84  0.4000E+01
-108.814  0.8264E-84  0.4000E+01
-108.804  0.8264E-84  0.4000E+01
-108.794  0.8264E-84  0.4000E+01
-108.784  0.8264E-84  0.4000E+01
-108.774  0.8264E-84  0.4000E+01
-108.764  0.8264E-84  0.4000E+01
-108.754  0.8264E-84  0.4000E+01
-108.744  0.8264E-84  0.4000E+01
-108.734  0.8264E-84  0.4000E+01
-108.724  0.8264E-84  0.4000E+01
-108.714  0.8264E-84  0.4000E+01
-108.704  0.8264E-84  0.4000E+01
-108.694  0.8264E-84  0.4000E+01
-108.684  0.8264E-84  0.4000E+01
-108.674  0.8264E-84  0.4000E+01
-108.664  0.8264E-84  0.4000E+01
-108.654  0.8264E-84  0.4000E+01
-108.644  0.8264E-84  0.4000E+01
-108.634  0.8264E-84  0.4000E+01
-108.624  0.8264E-84  0.4000E+01
-108.614  0.8264E-84  0.4000E+01
-108.604  0.8264E-84  0.4000E+01
-108.594  0.8264E-84  0.4000E+01
-108.584  0.8264E-84  0.4000E+01
-108.574  0.8264E-84  0.4000E+01
-108.564  0.8264E-84  0.4000E+01
-108.554  0.8264E-84  0.4000E+01
-108.544  0.8264E-84  0.4000E+01
-108.534  0.8264E-84  0.4000E+01
-108.524  0.8264E-84  0.4000E+01
-108.514  0.8264E-84  0.4000E+01
-108.504  0.8264E-84  0.4000E+01
-108.494  0.8264E-84  0.4000E+01
-108.484  0.8264E-84  0.4000E+01
-108.474  0.8264E-84  0.4000E+01
-108.464  0.8264E-84  0.4000E+01
-108.454  0.8264E-84  0.4000E+01
-108.444  0.8264E-84  0.4000E+01
-108.434  0.8264E-84  0.4000E+01
-108.424  0.8264E-84  0.4000E+01
-108.414  0.8264E-84  0.4000E+01
-108.404  0.8264E-84  0.4000E+01
-108.394  0.8264E-84  0.4000E+01
-108.384  0.8264E-84  0.4000E+01
-108.374  0.8264E-84  0.4000E+01
-108.364  0.8264E-84  0.4000E+01
-108.354  0.8264E-84  0.4000E+01
-108.344  0.8264E-84  0.4000E+01
-108.334  0.8264E-84  0.4000E+01
-108.324  0.8264E-84  0.4000E+01
-108.314  0.8264E-84  0.4000E+01
-108.304  0.8264E-84  0.4000E+01
-108.294  0.8264E-84  0.4000E+01
-108.284  0.8264E-84  0.4000E+01
-108.274  0.8264E-84  0.4000E+01
-108.264  0.8264E-84  0.4000E+01
-108.254  0.8264E-84  0.4000E+01
-108.244  0.8264E-84  0.4000E+01
-108.234  0.8264E-84  0.4000E+01
-108.224  0.8264E-84  0.4000E+01
-108.214  0.8264E-84  0.4000E+01
-108.204  0.8264E-84  0.4000E+01
-108.194  0.8264E-84  0.4000E+01
-108.184  0.8264E-84  0.4000E+01
-108.174  0.8264E-84  0.4000E+01
-108.164  0.8264E-84  0.4000E+01
-108.154  0.8264E-84  0.4000E+01
-108.144  0.8264E-84  0.4000E+01
-108.134  0.8264E-84  0.4000E+01
-108.124  0.8264E-84  0.4000E+01
-108.114  0.8264E-84  0.4000E+01
-108.104  0.8264E-84  0.4000E+01
-108.094  0.8264E-84  0.4000E+01
-108.084  0.8264E-84  0.4000E+01
-108.074  0.8264E-84  0.4000E+01
-108.064  0.8264E-84  0.4000E+01
-108.054  0.8264E-84  0.4000E+01
-108.044  0.8264E-84  0.4000E+01
-108.034  0.8264E-84  0.4000E+01
-108.024  0.8264E-84  0.4000E+01
-108.014  0.8264E-84  0.4000E+01
-108.004  0.8264E-84  0.4000E+01
-107.994  0.8264E-84  0.4000E+01
-107.984  0.8264E-84  0.4000E+01
-107.974  0.8264E-84  0.4000E+01
-107.964  0.8264E-84  0.4000E+01
-107.954  0.8264E-84  0.4000E+01
-107.944  0.8264E-84  0.4000E+01
-107.934  0.8264E-84  0.4000E+01
-107.924  0.8264E-84  0.4000E+01
-107.914  0.8264E-84  0.4000E+01
-107.904  0.8264E-84  0.4000E+01
-107.894  0.8264E-84  0.4000E+01
-107.884  0.8264E-84  0.4000E+01
-107.874  0.8264E-84  0.4000E+01
-107.864  0.8264E-84  0.4000E+01
-107.854  0.8264E-84  0.4000E+01
-107.844  0.8264E-84  0.4000E+01
-107.834  0.8264E-84  0.4000E+01
-107.824  0.8264E-84  0.4000E+01
-107.814  0.8264E-84  0.4000E+01
-107.804  0.8264E-84  0.4000E+01
-107.794  0.8264E-84  0.4000E+01
-107.784  0.8264E-84  0.4000E+01
-107.774  0.8264E-84  0.4000E+01
-107.764  0.8264E-84  0.4000E+01
-107.754  0.8264E-84  0.4000E+01
-107.744  0.8264E-84  0.4000E+01
-107.734  0.8264E-84  0.4000E+01
-107.724  0.8264E-84  0.4000E+01
-107.714  0.8264E-84  0.4000E+01
-107.704  0.8264E-84  0.4000E+01
-107.694  0.8264E-84  0.4000E+01
-107.684  0.8264E-84  0.4000E+01
-107.674  0.8264E-84  0.4000E+01
-107.664  0.8264E-84  0.4000E+01
-107.654  0.8264E-84  0.4000E+01
-107.644  0.8264E-84  0.4000E+01
-107.634  0.8264E-84  0.4000E+01
-107.624  0.8264E-84  0.4000E+01
-107.614  0.8264E-84  0.4000E+01
-107.604  0.8264E-84  0.4000E+01
-107.594  0.8264E-84  0.4000E+01
-107.584  0.8264E-84  0.4000E+01
-107.574  0.8264E-84  0.4000E+01
-107.564  0.8264E-84  0.4000E+01
-107.554  0.8264E-84  0.4000E+01
-107.544  0.8264E-84  0.4000E+01
-107.534  0.8264E-84  0.4000E+01
-107.524  0.8264E-84  0.4000E+01
-107.514  0.8264E-84  0.4000E+01
-107.504  0.8264E-84  0.4000E+01
-107.494  0.8264E-84  0.4000E+01
-107.484  0.8264E-84  0.4000E+01
-107.474  0.8264E-84  0.4000E+01
-107.464  0.8264E-84  0.4000E+01
-107.454  0.8264E-84  0.4000E+01
-107.444  0.8264E-84  0.4000E+01
-107.434  0.8264E-84  0.4000E+01
-107.424  0.8264E-84  0.4000E+01
-107.414  0.8264E-84  0.4000E+01
-107.404  0.8264E-84  0.4000E+01
-107.394  0.8264E-84  0.4000E+01
-107.384  0.8264E-84  0.4000E+01
-107.374  0.8264E-84  0.4000E+01
-107.364  0.8264E-84  0.4000E+01
-107.354  0.8264E-84  0.4000E+01
-107.344  0.8264E-84  0.4000E+01
-107.334  0.8264E-84  0.4000E+01
-107.324  0.8264E-84  0.4000E+01
-107.314  0.8264E-84  0.4000E+01
-107.304  0.8264E-84  0.4000E+01
-107.294  0.8264E-84  0.4000E+01
-107.284  0.8264E-84  0.4000E+01
-107.274  0.8264E-84  0.4000E+01
-107.264  0.8264E-84  0.4000E+01
-107.254  0.8264E-84  0.4000E+01
-107.244  0.8264E-84  0.4000E+01
-107.234  0.8264E-84  0.4000E+01
-107.224  0.8264E-84  0.4000E+01
-107.214  0.8264E-84  0.4000E+01
-107.204  0.8264E-84  0.4000E+01
-107.194  0.8264E-84  0.4000E+01
-107.184  0.8264E-84  0.4000E+01
-107.174  0.8264E-84  0.4000E+01
-107.164  0.8264E-84  0.4000E+01
-107.154  0.8264E-84  0.4000E+01
-107.144  0.8264E-84  0.4000E+01
-107.134  0.8264E-84  0.4000E+01
-107.124  0.8264E-84  0.4000E+01
-107.114  0.8264E-84  0.4000E+01
-107.104  0.8264E-84  0.4000E+01
-107.094  0.8264E-84  0.4000E+01
-107.084  0.8264E-84  0.4000E+01
-107.074  0.8264E-84  0.4000E+01
-107.064  0.8264E-84  0.4000E+01
-107.054  0.8264E-84  0.4000E+01
-107.044  0.8264E-84  0.4000E+01
-107.034  0.8264E-84  0.4000E+01
-107.024  0.8264E-84  0.4000E+01
-107.014  0.8264E-84  0.4000E+01
-107.004  0.8264E-84  0.4000E+01
-106.994  0.8264E-84  0.4000E+01
-106.984  0.8264E-84  0.4000E+01
-106.974  0.8264E-84  0.4000E+01
-106.964  0.8264E-84  0.4000E+01
-106.954  0.8264E-84  0.4000E+01
-106.944  0.8264E-84  0.4000E+01
-106.934  0.8264E-84  0.4000E+01
-106.924  0.8264E-84  0.4000E+01
-106.914  0.8264E-84  0.4000E+01
-106.904  0.8264E-84  0.4000E+01
-106.894  0.8264E-84  0.4000E+01
-106.884  0.8264E-84  0.4000E+01
-106.874  0.8264E-84  0.4000E+01
-106.864  0.8264E-84  0.4000E+01
-106.854  0.8264E-84  0.4000E+01
-106.844  0.8264E-84  0.4000E+01
-106.834  0.8264E-84  0.4000E+01
-106.824  0.8264E-84  0.4000E+01
-106.814  0.8264E-84  0.4000E+01
-106.804  0.8264E-84  0.4000E+01
-106.794  0.8264E-84  0.4000E+01
-106.784  0.8264E-84  0.4000E+01
-106.774  0.8264E-84  0.4000E+01
-106.764  0.8264E-84  0.4000E+01
-106.754  0.8264E-84  0.4000E+01
-106.744  0.8264E-84  0.4000E+01
-106.734  0.8264E-84  0.4000E+01
-106.724  0.8264E-84  0.4000E+01
-106.714  0.8264E-84  0.4000E+01
-106.704  0.8264E-84  0.4000E+01
-106.694  0.8264E-84  0.4000E+01
-106.684  0.8264E-84  0.4000E+01
-106.674  0.8264E-84  0.4000E+01
-106.664  0.8264E-84  0.4000E+01
-106.654  0.8264E-84  0.4000E+01
-106.644  0.8264E-84  0.4000E+01
-106.634  0.8264E-84  0.4000E+01
-106.624  0.8264E-84  0.4000E+01
-106.614  0.8264E-84  0.4000E+01
-106.604  0.8264E-84  0.4000E+01
-106.594  0.8264E-84  0.4000E+01
-106.584  0.8264E-84  0.4000E+01
-106.574  0.8264E-84  0.4000E+01
-106.564  0.8264E-84  0.4000E+01
-106.554  0.8264E-84  0.4000E+01
-106.544  0.8264E-84  0.4000E+01
-106.534  0.8264E-84  0.4000E+01
-106.524  0.8264E-84  0.4000E+01
-106.514  0.8264E-84  0.4000E+01
-106.504  0.8264E-84  0.4000E+01
-106.494  0.8264E-84  0.4000E+01
-106.484  0.8264E-84  0.4000E+01
-106.474  0.8264E-84  0.4000E+01
-106.464  0.8264E-84  0.4000E+01
-106.454  0.8264E-84  0.4000E+01
-106.444  0.8264E-84  0.4000E+01
-106.434  0.8264E-84  0.4000E+01
-106.424  0.8264E-84  0.4000E+01
-106.414  0.8264E-84  0.4000E+01
-106.404  0.8264E-84  0.4000E+01
-106.394  0.8264E-84  0.4000E+01
-106.384  0.8264E-84  0.4000E+01
-106.374  0.8264E-84  0.4000E+01
-106.364  0.8264E-84  0.4000E+01
-106.354  0.8264E-84  0.4000E+01
-106.344  0.8264E-84  0.4000E+01
-106.334  0.8264E-84  0.4000E+01
-106.324  0.8264E-84  0.4000E+01
-106.314  0.8264E-84  0.4000E+01
-106.304  0.8264E-84  0.4000E+01
-106.294  0.8264E-84  0.4000E+01
-106.284  0.8264E-84  0.4000E+01
-106.274  0.8264E-84  0.4000E+01
-106.264  0.8264E-84  0.4000E+01
-106.254  0.8264E-84  0.4000E+01
-106.244  0.8264E-84  0.4000E+01
-106.234  0.8264E-84  0.4000E+01
-106.224  0.8264E-84  0.4000E+01
-106.214  0.8264E-84  0.4000E+01
-106.204  0.8264E-84  0.4000E+01
-106.194  0.8264E-84  0.4000E+01
-106.184  0.8264E-84  0.4000E+01
-106.174  0.8264E-84  0.4000E+01
-106.164  0.8264E-84  0.4000E+01
-106.154  0.8264E-84  0.4000E+01
-106.144  0.8264E-84  0.4000E+01
-106.134  0.8264E-84  0.4000E+01
-106.124  0.8264E-84  0.4000E+01
-106.114  0.8264E-84  0.4000E+01
-106.104  0.8264E-84  0.4000E+01
-106.094  0.8264E-84  0.4000E+01
-106.084  0.8264E-84  0.4000E+01
-106.074  0.8264E-84  0.4000E+01
-106.064  0.8264E-84  0.4000E+01
-106.054  0.8264E-84  0.4000E+01
-106.044  0.8264E-84  0.4000E+01
-106.034  0.8264E-84  0.4000E+01
-106.024  0.8264E-84  0.4000E+01
-106.014  0.8264E-84  0.4000E+01
-106.004  0.8264E-84  0.4000E+01
-105.994  0.8264E-84  0.4000E+01
-105.984  0.8264E-84  0.4000E+01
-105.974  0.8264E-84  0.4000E+01
-105.964  0.8264E-84  0.4000E+01
-105.954  0.8264E-84  0.4000E+01
-105.944  0.8264E-84  0.4000E+01
-105.934  0.8264E-84  0.4000E+01
-105.924  0.8264E-84  0.4000E+01
-105.914  0.8264E-84  0.4000E+01
-105.904  0.8264E-84  0.4000E+01
-105.894  0.8264E-84  0.4000E+01
-105.884  0.8264E-84  0.4000E+01
-105.874  0.8264E-84  0.4000E+01
-105.864  0.8264E-84  0.4000E+01
-105.854  0.8264E-84  0.4000E+01
-105.844  0.8264E-84  0.4000E+01
-105.834  0.8264E-84  0.4000E+01
-105.824  0.8264E-84  0.4000E+01
-105.814  0.8264E-84  0.4000E+01
-105.804  0.8264E-84  0.4000E+01
-105.794  0.8264E-84  0.4000E+01
-105.784  0.8264E-84  0.4000E+01
-105.774  0.8264E-84  0.4000E+01
-105.764  0.8264E-84  0.4000E+01
-105.754  0.8264E-84  0.4000E+01
-105.744  0.8264E-84  0.4000E+01
-105.734  0.8264E-84  0.4000E+01
-105.724  0.8264E-84  0.4000E+01
-105.714  0.8264E-84  0.4000E+01
-105.704  0.8264E-84  0.4000E+01
-105.694  0.8264E-84  0.4000E+01
-105.684  0.8264E-84  0.4000E+01
-105.674  0.8264E-84  0.4000E+01
-105.664  0.8264E-84  0.4000E+01
-105.654  0.8264E-84  0.4000E+01
-105.644  0.8264E-84  0.4000E+01
-105.634  0.8264E-84  0.4000E+01
-105.624  0.8264E-84  0.4000E+01
-105.614  0.8264E-84  0.4000E+01
-105.604  0.8264E-84  0.4000E+01
-105.594  0.8264E-84  0.4000E+01
-105.584  0.8264E-84  0.4000E+01
-105.574  0.8264E-84  0.4000E+01
-105.564  0.8264E-84  0.4000E+01
-105.554  0.8264E-84  0.4000E+01
-105.544  0.8264E-84  0.4000E+01
-105.534  0.8264E-84  0.4000E+01
-105.524  0.8264E-84  0.4000E+01
-105.514  0.8264E-84  0.4000E+01
-105.504  0.8264E-84  0.4000E+01
-105.494  0.8264E-84  0.4000E+01
-105.484  0.8264E-84  0.4000E+01
-105.474  0.8264E-84  0.4000E+01
-105.464  0.8264E-84  0.4000E+01
-105.454  0.8264E-84  0.4000E+01
-105.444  0.8264E-84  0.4000E+01
-105.434  0.8264E-84  0.4000E+01
-105.424  0.8264E-84  0.4000E+01
-105.414  0.8264E-84  0.4000E+01
-105.404  0.8264E-84  0.4000E+01
-105.394  0.8264E-84  0.4000E+01
-105.384  0.8264E-84  0.4000E+01
-105.374  0.8264E-84  0.4000E+01
-105.364  0.8264E-84  0.4000E+01
-105.354  0.8264E-84  0.4000E+01
-105.344  0.8264E-84  0.4000E+01
-105.334  0.8264E-84  0.4000E+01
-105.324  0.8264E-84  0.4000E+01
-105.314  0.8264E-84  0.4000E+01
-105.304  0.8264E-84  0.4000E+01
-105.294  0.8264E-84  0.4000E+01
-105.284  0.8264E-84  0.4000E+01
-105.274  0.8264E-84  0.4000E+01
-105.264  0.8264E-84  0.4000E+01
-105.254  0.8264E-84  0.4000E+01
-105.244  0.8264E-84  0.4000E+01
-105.234  0.8264E-84  0.4000E+01
-105.224  0.8264E-84  0.4000E+01
-105.214  0.8264E-84  0.4000E+01
-105.204  0.8264E-84  0.4000E+01
-105.194  0.8264E-84  0.4000E+01
-105.184  0.8264E-84  0.4000E+01
-105.174  0.8264E-84  0.4000E+01
-105.164  0.8264E-84  0.4000E+01
-105.154  0.8264E-84  0.4000E+01
-105.144  0.8264E-84  0.4000E+01
-105.134  0.8264E-84  0.4000E+01
-105.124  0.8264E-84  0.4000E+01
-105.114  0.8264E-84  0.4000E+01
-105.104  0.8264E-84  0.4000E+01
-105.094  0.8264E-84  0.4000E+01
-105.084  0.8264E-84  0.4000E+01
-105.074  0.8264E-84  0.4000E+01
-105.064  0.8264E-84  0.4000E+01
-105.054  0.8264E-84  0.4000E+01
-105.044  0.8264E-84  0.4000E+01
-105.034  0.8264E-84  0.4000E+01
-105.024  0.8264E-84  0.4000E+01
-105.014  0.8264E-84  0.4000E+01
-105.004  0.8264E-84  0.4000E+01
-104.994  0.8264E-84  0.4000E+01
-104.984  0.8264E-84  0.4000E+01
-104.974  0.8264E-84  0.4000E+01
-104.964  0.8264E-84  0.4000E+01
-104.954  0.8264E-84  0.4000E+01
-104.944  0.8264E-84  0.4000E+01
-104.934  0.8264E-84  0.4000E+01
-104.924  0.8264E-84  0.4000E+01
-104.914  0.8264E-84  0.4000E+01
-104.904  0.8264E-84  0.4000E+01
-104.894  0.8264E-84  0.4000E+01
-104.884  0.8264E-84  0.4000E+01
-104.874  0.8264E-84  0.4000E+01
-104.864  0.8264E-84  0.4000E+01
-104.854  0.8264E-84  0.4000E+01
-104.844  0.8264E-84  0.4000E+01
-104.834  0.8264E-84  0.4000E+01
-104.824  0.8264E-84  0.4000E+01
-104.814  0.8264E-84  0.4000E+01
-104.804  0.8264E-84  0.4000E+01
-104.794  0.8264E-84  0.4000E+01
-104.784  0.8264E-84  0.4000E+01
-104.774  0.8264E-84  0.4000E+01
-104.764  0.8264E-84  0.4000E+01
-104.754  0.8264E-84  0.4000E+01
-104.744  0.8264E-84  0.4000E+01
-104.734  0.8264E-84  0.4000E+01
-104.724  0.8264E-84  0.4000E+01
-104.714  0.8264E-84  0.4000E+01
-104.704  0.8264E-84  0.4000E+01
-104.694  0.8264E-84  0.4000E+01
-104.684  0.8264E-84  0.4000E+01
-104.674  0.8264E-84  0.4000E+01
-104.664  0.8264E-84  0.4000E+01
-104.654  0.8264E-84  0.4000E+01
-104.644  0.8264E-84  0.4000E+01
-104.634  0.8264E-84  0.4000E+01
-104.624  0.8264E-84  0.4000E+01
-104.614  0.8264E-84  0.4000E+01
-104.604  0.8264E-84  0.4000E+01
-104.594  0.8264E-84  0.4000E+01
-104.584  0.8264E-84  0.4000E+01
-104.574  0.8264E-84  0.4000E+01
-104.564  0.8264E-84  0.4000E+01
-104.554  0.8264E-84  0.4000E+01
-104.544  0.8264E-84  0.4000E+01
-104.534  0.8264E-84  0.4000E+01
-104.524  0.8264E-84  0.4000E+01
-104.514  0.8264E-84  0.4000E+01
-104.504  0.8264E-84  0.4000E+01
-104.494  0.8264E-84  0.4000E+01
-104.484  0.8264E-84  0.4000E+01
-104.474  0.8264E-84  0.4000E+01
-104.464  0.8264E-84  0.4000E+01
-104.454  0.8264E-84  0.4000E+01
-104.444  0.8264E-84  0.4000E+01
-104.434  0.8264E-84  0.4000E+01
-104.424  0.8264E-84  0.4000E+01
-104.414  0.8264E-84  0.4000E+01
-104.404  0.8264E-84  0.4000E+01
-104.394  0.8264E-84  0.4000E+01
-104.384  0.8264E-84  0.4000E+01
-104.374  0.8264E-84  0.4000E+01
-104.364  0.8264E-84  0.4000E+01
-104.354  0.8264E-84  0.4000E+01
-104.344  0.8264E-84  0.4000E+01
-104.334  0.8264E-84  0.4000E+01
-104.324  0.8264E-84  0.4000E+01
-104.314  0.8264E-84  0.4000E+01
-104.304  0.8264E-84  0.4000E+01
-104.294  0.8264E-84  0.4000E+01
-104.284  0.8264E-84  0.4000E+01
-104.274  0.8264E-84  0.4000E+01
-104.264  0.8264E-84  0.4000E+01
-104.254  0.8264E-84  0.4000E+01
-104.244  0.8264E-84  0.4000E+01
-104.234  0.8264E-84  0.4000E+01
-104.224  0.8264E-84  0.4000E+01
-104.214  0.8264E-84  0.4000E+01
-104.204  0.8264E-84  0.4000E+01
-104.194  0.8264E-84  0.4000E+01
-104.184  0.8264E-84  0.4000E+01
-104.174  0.8264E-84  0.4000E+01
-104.164  0.8264E-84  0.4000E+01
-104.154  0.8264E-84  0.4000E+01
-104.144  0.8264E-84  0.4000E+01
-104.134  0.8264E-84  0.4000E+01
-104.124  0.8264E-84  0.4000E+01
-104.114  0.8264E-84  0.4000E+01
-104.104  0.8264E-84  0.4000E+01
-104.094  0.8264E-84  0.4000E+01
-104.084  0.8264E-84  0.4000E+01
-104.074  0.8264E-84  0.4000E+01
-104.064  0.8264E-84  0.4000E+01
-104.054  0.8264E-84  0.4000E+01
-104.044  0.8264E-84  0.4000E+01
-104.034  0.8264E-84  0.4000E+01
-104.024  0.8264E-84  0.4000E+01
-104.014  0.8264E-84  0.4000E+01
-104.004  0.8264E-84  0.4000E+01
-103.994  0.8264E-84  0.4000E+01
-103.984  0.8264E-84  0.4000E+01
-103.974  0.8264E-84  0.4000E+01
-103.964  0.8264E-84  0.4000E+01
-103.954  0.8264E-84  0.4000E+01
-103.944  0.8264E-84  0.4000E+01
-103.934  0.8264E-84  0.4000E+01
-103.924  0.8264E-84  0.4000E+01
-103.914  0.8264E-84  0.4000E+01
-103.904  0.8264E-84  0.4000E+01
-103.894  0.8264E-84  0.4000E+01
-103.884  0.8264E-84  0.4000E+01
-103.874  0.8264E-84  0.4000E+01
-103.864  0.8264E-84  0.4000E+01
-103.854  0.8264E-84  0.4000E+01
-103.844  0.8264E-84  0.4000E+01
-103.834  0.8264E-84  0.4000E+01
-103.824  0.8264E-84  0.4000E+01
-103.814  0.8264E-84  0.4000E+01
-103.804  0.8264E-84  0.4000E+01
-103.794  0.8264E-84  0.4000E+01
-103.784  0.8264E-84  0.4000E+01
-103.774  0.8264E-84  0.4000E+01
-103.764  0.8264E-84  0.4000E+01
-103.754  0.8264E-84  0.4000E+01
-103.744  0.8264E-84  0.4000E+01
-103.734  0.8264E-84  0.4000E+01
-103.724  0.8264E-84  0.4000E+01
-103.714  0.8264E-84  0.4000E+01
-103.704  0.8264E-84  0.4000E+01
-103.694  0.8264E-84  0.4000E+01
-103.684  0.8264E-84  0.4000E+01
-103.674  0.8264E-84  0.4000E+01
-103.664  0.8264E-84  0.4000E+01
-103.654  0.8264E-84  0.4000E+01
-103.644  0.8264E-84  0.4000E+01
-103.634  0.8264E-84  0.4000E+01
-103.624  0.8264E-84  0.4000E+01
-103.614  0.8264E-84  0.4000E+01
-103.604  0.8264E-84  0.4000E+01
-103.594  0.8264E-84  0.4000E+01
-103.584  0.8264E-84  0.4000E+01
-103.574  0.8264E-84  0.4000E+01
-103.564  0.8264E-84  0.4000E+01
-103.554  0.8264E-84  0.4000E+01
-103.544  0.8264E-84  0.4000E+01
-103.534  0.8264E-84  0.4000E+01
-103.524  0.8264E-84  0.4000E+01
-103.514  0.8264E-84  0.4000E+01
-103.504  0.8264E-84  0.4000E+01
-103.494  0.8264E-84  0.4000E+01
-103.484  0.8264E-84  0.4000E+01
-103.474  0.8264E-84  0.4000E+01
-103.464  0.8264E-84  0.4000E+01
-103.454  0.8264E-84  0.4000E+01
-103.444  0.8264E-84  0.4000E+01
-103.434  0.8264E-84  0.4000E+01
-103.424  0.8264E-84  0.4000E+01
-103.414  0.8264E-84  0.4000E+01
-103.404  0.8264E-84  0.4000E+01
-103.394  0.8264E-84  0.4000E+01
-103.384  0.8264E-84  0.4000E+01
-103.374  0.8264E-84  0.4000E+01
-103.364  0.8264E-84  0.4000E+01
-103.354  0.8264E-84  0.4000E+01
-103.344  0.8264E-84  0.4000E+01
-103.334  0.8264E-84  0.4000E+01
-103.324  0.8264E-84  0.4000E+01
-103.314  0.8264E-84  0.4000E+01
-103.304  0.8264E-84  0.4000E+01
-103.294  0.8264E-84  0.4000E+01
-103.284  0.8264E-84  0.4000E+01
-103.274  0.8264E-84  0.4000E+01
-103.264  0.8264E-84  0.4000E+01
-103.254  0.8264E-84  0.4000E+01
-103.244  0.8264E-84  0.4000E+01
-103.234  0.8264E-84  0.4000E+01
-103.224  0.8264E-84  0.4000E+01
-103.214  0.8264E-84  0.4000E+01
-103.204  0.8264E-84  0.4000E+01
-103.194  0.8264E-84  0.4000E+01
-103.184  0.8264E-84  0.4000E+01
-103.174  0.8264E-84  0.4000E+01
-103.164  0.8264E-84  0.4000E+01
-103.154  0.8264E-84  0.4000E+01
-103.144  0.8264E-84  0.4000E+01
-103.134  0.8264E-84  0.4000E+01
-103.124  0.8264E-84  0.4000E+01
-103.114  0.8264E-84  0.4000E+01
-103.104  0.8264E-84  0.4000E+01
-103.094  0.8264E-84  0.4000E+01
-103.084  0.8264E-84  0.4000E+01
-103.074  0.8264E-84  0.4000E+01
-103.064  0.8264E-84  0.4000E+01
-103.054  0.8264E-84  0.4000E+01
-103.044  0.8264E-84  0.4000E+01
-103.034  0.8264E-84  0.4000E+01
-103.024  0.8264E-84  0.4000E+01
-103.014  0.8264E-84  0.4000E+01
-103.004  0.8264E-84  0.4000E+01
-102.994  0.8264E-84  0.4000E+01
-102.984  0.8264E-84  0.4000E+01
-102.974  0.8264E-84  0.4000E+01
-102.964  0.8264E-84  0.4000E+01
-102.954  0.8264E-84  0.4000E+01
-102.944  0.8264E-84  0.4000E+01
-102.934  0.8264E-84  0.4000E+01
-102.924  0.8264E-84  0.4000E+01
-102.914  0.8264E-84  0.4000E+01
-102.904  0.8264E-84  0.4000E+01
-102.894  0.8264E-84  0.4000E+01
-102.884  0.8264E-84  0.4000E+01
-102.874  0.8264E-84  0.4000E+01
-102.864  0.8264E-84  0.4000E+01
-102.854  0.8264E-84  0.4000E+01
-102.844  0.8264E-84  0.4000E+01
-102.834  0.8264E-84  0.4000E+01
-102.824  0.8264E-84  0.4000E+01
-102.814  0.8264E-84  0.4000E+01
-102.804  0.8264E-84  0.4000E+01
-102.794  0.8264E-84  0.4000E+01
-102.784  0.8264E-84  0.4000E+01
-102.774  0.8264E-84  0.4000E+01
-102.764  0.8264E-84  0.4000E+01
-102.754  0.8264E-84  0.4000E+01
-102.744  0.8264E-84  0.4000E+01
-102.734  0.8264E-84  0.4000E+01
-102.724  0.8264E-84  0.4000E+01
-102.714  0.8264E-84  0.4000E+01
-102.704  0.8264E-84  0.4000E+01
-102.694  0.8264E-84  0.4000E+01
-102.684  0.8264E-84  0.4000E+01
-102.674  0.8264E-84  0.4000E+01
-102.664  0.8264E-84  0.4000E+01
-102.654  0.8264E-84  0.4000E+01
-102.644  0.8264E-84  0.4000E+01
-102.634  0.8264E-84  0.4000E+01
-102.624  0.8264E-84  0.4000E+01
-102.614  0.8264E-84  0.4000E+01
-102.604  0.8264E-84  0.4000E+01
-102.594  0.8264E-84  0.4000E+01
-102.584  0.8264E-84  0.4000E+01
-102.574  0.8264E-84  0.4000E+01
-102.564  0.8264E-84  0.4000E+01
-102.554  0.8264E-84  0.4000E+01
-102.544  0.8264E-84  0.4000E+01
-102.534  0.8264E-84  0.4000E+01
-102.524  0.8264E-84  0.4000E+01
-102.514  0.8264E-84  0.4000E+01
-102.504  0.8264E-84  0.4000E+01
-102.494  0.8264E-84  0.4000E+01
-102.484  0.8264E-84  0.4000E+01
-102.474  0.8264E-84  0.4000E+01
-102.464  0.8264E-84  0.4000E+01
-102.454  0.8264E-84  0.4000E+01
-102.444  0.8264E-84  0.4000E+01
-102.434  0.8264E-84  0.4000E+01
-102.424  0.8264E-84  0.4000E+01
-102.414  0.8264E-84  0.4000E+01
-102.404  0.8264E-84  0.4000E+01
-102.394  0.8264E-84  0.4000E+01
-102.384  0.8264E-84  0.4000E+01
-102.374  0.8264E-84  0.4000E+01
-102.364  0.8264E-84  0.4000E+01
-102.354  0.8264E-84  0.4000E+01
-102.344  0.8264E-84  0.4000E+01
-102.334  0.8264E-84  0.4000E+01
-102.324  0.8264E-84  0.4000E+01
-102.314  0.8264E-84  0.4000E+01
-102.304  0.8264E-84  0.4000E+01
-102.294  0.8264E-84  0.4000E+01
-102.284  0.8264E-84  0.4000E+01
-102.274  0.8264E-84  0.4000E+01
-102.264  0.8264E-84  0.4000E+01
-102.254  0.8264E-84  0.4000E+01
-102.244  0.8264E-84  0.4000E+01
-102.234  0.8264E-84  0.4000E+01
-102.224  0.8264E-84  0.4000E+01
-102.214  0.8264E-84  0.4000E+01
-102.204  0.8264E-84  0.4000E+01
-102.194  0.8264E-84  0.4000E+01
-102.184  0.8264E-84  0.4000E+01
-102.174  0.8264E-84  0.4000E+01
-102.164  0.8264E-84  0.4000E+01
-102.154  0.8264E-84  0.4000E+01
-102.144  0.8264E-84  0.4000E+01
-102.134  0.8264E-84  0.4000E+01
-102.124  0.8264E-84  0.4000E+01
-102.114  0.8264E-84  0.4000E+01
-102.104  0.8264E-84  0.4000E+01
-102.094  0.8264E-84  0.4000E+01
-102.084  0.8264E-84  0.4000E+01
-102.074  0.8264E-84  0.4000E+01
-102.064  0.8264E-84  0.4000E+01
-102.054  0.8264E-84  0.4000E+01
-102.044  0.8264E-84  0.4000E+01
-102.034  0.8264E-84  0.4000E+01
-102.024  0.8264E-84  0.4000E+01
-102.014  0.8264E-84  0.4000E+01
-102.004  0.8264E-84  0.4000E+01
-101.994  0.8264E-84  0.4000E+01
-101.984  0.8264E-84  0.4000E+01
-101.974  0.8264E-84  0.4000E+01
-101.964  0.8264E-84  0.4000E+01
-101.954  0.8264E-84  0.4000E+01
-101.944  0.8264E-84  0.4000E+01
-101.934  0.8264E-84  0.4000E+01
-101.924  0.8264E-84  0.4000E+01
-101.914  0.8264E-84  0.4000E+01
-101.904  0.8264E-84  0.4000E+01
-101.894  0.8264E-84  0.4000E+01
-101.884  0.8264E-84  0.4000E+01
-101.874  0.8264E-84  0.4000E+01
-101.864  0.8264E-84  0.4000E+01
-101.854  0.8264E-84  0.4000E+01
-101.844  0.8264E-84  0.4000E+01
-101.834  0.8264E-84  0.4000E+01
-101.824  0.8264E-84  0.4000E+01
-101.814  0.8264E-84  0.4000E+01
-101.804  0.8264E-84  0.4000E+01
-101.794  0.8264E-84  0.4000E+01
-101.784  0.8264E-84  0.4000E+01
-101.774  0.8264E-84  0.4000E+01
-101.764  0.8264E-84  0.4000E+01
-101.754  0.8264E-84  0.4000E+01
-101.744  0.8264E-84  0.4000E+01
-101.734  0.8264E-84  0.4000E+01
-101.724  0.8264E-84  0.4000E+01
-101.714  0.8264E-84  0.4000E+01
-101.704  0.8264E-84  0.4000E+01
-101.694  0.8264E-84  0.4000E+01
-101.684  0.8264E-84  0.4000E+01
-101.674  0.8264E-84  0.4000E+01
-101.664  0.8264E-84  0.4000E+01
-101.654  0.8264E-84  0.4000E+01
-101.644  0.8264E-84  0.4000E+01
-101.634  0.8264E-84  0.4000E+01
-101.624  0.8264E-84  0.4000E+01
-101.614  0.8264E-84  0.4000E+01
-101.604  0.8264E-84  0.4000E+01
-101.594  0.8264E-84  0.4000E+01
-101.584  0.8264E-84  0.4000E+01
-101.574  0.8264E-84  0.4000E+01
-101.564  0.8264E-84  0.4000E+01
-101.554  0.8264E-84  0.4000E+01
-101.544  0.8264E-84  0.4000E+01
-101.534  0.8264E-84  0.4000E+01
-101.524  0.8264E-84  0.4000E+01
-101.514  0.8264E-84  0.4000E+01
-101.504  0.8264E-84  0.4000E+01
-101.494  0.8264E-84  0.4000E+01
-101.484  0.8264E-84  0.4000E+01
-101.474  0.8264E-84  0.4000E+01
-101.464  0.8264E-84  0.4000E+01
-101.454  0.8264E-84  0.4000E+01
-101.444  0.8264E-84  0.4000E+01
-101.434  0.8264E-84  0.4000E+01
-101.424  0.8264E-84  0.4000E+01
-101.414  0.8264E-84  0.4000E+01
-101.404  0.8264E-84  0.4000E+01
-101.394  0.8264E-84  0.4000E+01
-101.384  0.8264E-84  0.4000E+01
-101.374  0.8264E-84  0.4000E+01
-101.364  0.8264E-84  0.4000E+01
-101.354  0.8264E-84  0.4000E+01
-101.344  0.8264E-84  0.4000E+01
-101.334  0.8264E-84  0.4000E+01
-101.324  0.8264E-84  0.4000E+01
-101.314  0.8264E-84  0.4000E+01
-101.304  0.8264E-84  0.4000E+01
-101.294  0.8264E-84  0.4000E+01
-101.284  0.8264E-84  0.4000E+01
-101.274  0.8264E-84  0.4000E+01
-101.264  0.8264E-84  0.4000E+01
-101.254  0.8264E-84  0.4000E+01
-101.244  0.8264E-84  0.4000E+01
-101.234  0.8264E-84  0.4000E+01
-101.224  0.8264E-84  0.4000E+01
-101.214  0.8264E-84  0.4000E+01
-101.204  0.8264E-84  0.4000E+01
-101.194  0.8264E-84  0.4000E+01
-101.184  0.8264E-84  0.4000E+01
-101.174  0.8264E-84  0.4000E+01
-101.164  0.8264E-84  0.4000E+01
-101.154  0.8264E-84  0.4000E+01
-101.144  0.8264E-84  0.4000E+01
-101.134  0.8264E-84  0.4000E+01
-101.124  0.8264E-84  0.4000E+01
-101.114  0.8264E-84  0.4000E+01
-101.104  0.8264E-84  0.4000E+01
-101.094  0.8264E-84  0.4000E+01
-101.084  0.8264E-84  0.4000E+01
-101.074  0.8264E-84  0.4000E+01
-101.064  0.8264E-84  0.4000E+01
-101.054  0.8264E-84  0.4000E+01
-101.044  0.8264E-84  0.4000E+01
-101.034  0.8264E-84  0.4000E+01
-101.024  0.8264E-84  0.4000E+01
-101.014  0.8264E-84  0.4000E+01
-101.004  0.8264E-84  0.4000E+01
-100.994  0.8264E-84  0.4000E+01
-100.984  0.8264E-84  0.4000E+01
-100.974  0.8264E-84  0.4000E+01
-100.964  0.8264E-84  0.4000E+01
-100.954  0.8264E-84  0.4000E+01
-100.944  0.8264E-84  0.4000E+01
-100.934  0.8264E-84  0.4000E+01
-100.924  0.8264E-84  0.4000E+01
-100.914  0.8264E-84  0.4000E+01
-100.904  0.8264E-84  0.4000E+01
-100.894  0.8264E-84  0.4000E+01
-100.884  0.8264E-84  0.4000E+01
-100.874  0.8264E-84  0.4000E+01
-100.864  0.8264E-84  0.4000E+01
-100.854  0.8264E-84  0.4000E+01
-100.844  0.8264E-84  0.4000E+01
-100.834  0.8264E-84  0.4000E+01
-100.824  0.8264E-84  0.4000E+01
-100.814  0.8264E-84  0.4000E+01
-100.804  0.8264E-84  0.4000E+01
-100.794  0.8264E-84  0.4000E+01
-100.784  0.8264E-84  0.4000E+01
-100.774  0.8264E-84  0.4000E+01
-100.764  0.8264E-84  0.4000E+01
-100.754  0.8264E-84  0.4000E+01
-100.744  0.8264E-84  0.4000E+01
-100.734  0.8264E-84  0.4000E+01
-100.724  0.8264E-84  0.4000E+01
-100.714  0.8264E-84  0.4000E+01
-100.704  0.8264E-84  0.4000E+01
-100.694  0.8264E-84  0.4000E+01
-100.684  0.8264E-84  0.4000E+01
-100.674  0.8264E-84  0.4000E+01
-100.664  0.8264E-84  0.4000E+01
-100.654  0.8264E-84  0.4000E+01
-100.644  0.8264E-84  0.4000E+01
-100.634  0.8264E-84  0.4000E+01
-100.624  0.8264E-84  0.4000E+01
-100.614  0.8264E-84  0.4000E+01
-100.604  0.8264E-84  0.4000E+01
-100.594  0.8264E-84  0.4000E+01
-100.584  0.8264E-84  0.4000E+01
-100.574  0.8264E-84  0.4000E+01
-100.564  0.8264E-84  0.4000E+01
-100.554  0.8264E-84  0.4000E+01
-100.544  0.8264E-84  0.4000E+01
-100.534  0.8264E-84  0.4000E+01
-100.524  0.8264E-84  0.4000E+01
-100.514  0.8264E-84  0.4000E+01
-100.504  0.8264E-84  0.4000E+01
-100.494  0.8264E-84  0.4000E+01
-100.484  0.8264E-84  0.4000E+01
-100.474  0.8264E-84  0.4000E+01
-100.464  0.8264E-84  0.4000E+01
-100.454  0.8264E-84  0.4000E+01
-100.444  0.8264E-84  0.4000E+01
-100.434  0.8264E-84  0.4000E+01
-100.424  0.8264E-84  0.4000E+01
-100.414  0.8264E-84  0.4000E+01
-100.404  0.8264E-84  0.4000E+01
-100.394  0.8264E-84  0.4000E+01
-100.384  0.8264E-84  0.4000E+01
-100.374  0.8264E-84  0.4000E+01
-100.364  0.8264E-84  0.4000E+01
-100.354  0.8264E-84  0.4000E+01
-100.344  0.8264E-84  0.4000E+01
-100.334  0.8264E-84  0.4000E+01
-100.324  0.8264E-84  0.4000E+01
-100.314  0.8264E-84  0.4000E+01
-100.304  0.8264E-84  0.4000E+01
-100.294  0.8264E-84  0.4000E+01
-100.284  0.8264E-84  0.4000E+01
-100.274  0.8264E-84  0.4000E+01
-100.264  0.8264E-84  0.4000E+01
-100.254  0.8264E-84  0.4000E+01
-100.244  0.8264E-84  0.4000E+01
-100.234  0.8264E-84  0.4000E+01
-100.224  0.8264E-84  0.4000E+01
-100.214  0.8264E-84  0.4000E+01
-100.204  0.8264E-84  0.4000E+01
-100.194  0.8264E-84  0.4000E+01
-100.184  0.8264E-84  0.4000E+01
-100.174  0.8264E-84  0.4000E+01
-100.164  0.8264E-84  0.4000E+01
-100.154  0.8264E-84  0.4000E+01
-100.144  0.8264E-84  0.4000E+01
-100.134  0.8264E-84  0.4000E+01
-100.124  0.8264E-84  0.4000E+01
-100.114  0.8264E-84  0.4000E+01
-100.104  0.8264E-84  0.4000E+01
-100.094  0.8264E-84  0.4000E+01
-100.084  0.8264E-84  0.4000E+01
-100.074  0.8264E-84  0.4000E+01
-100.064  0.8264E-84  0.4000E+01
-100.054  0.8264E-84  0.4000E+01
-100.044  0.8264E-84  0.4000E+01
-100.034  0.8264E-84  0.4000E+01
-100.024  0.8264E-84  0.4000E+01
-100.014  0.8264E-84  0.4000E+01
-100.004  0.8264E-84  0.4000E+01
 -99.994  0.8264E-84  0.4000E+01
 -99.984  0.8264E-84  0.4000E+01
 -99.974  0.8264E-84  0.4000E+01
 -99.964  0.8264E-84  0.4000E+01
 -99.954  0.8264E-84  0.4000E+01
 -99.944  0.8264E-84  0.4000E+01
 -99.934  0.8264E-84  0.4000E+01
 -99.924  0.8264E-84  0.4000E+01
 -99.914  0.8264E-84  0.4000E+01
 -99.904  0.8264E-84  0.4000E+01
 -99.894  0.8264E-84  0.4000E+01
 -99.884  0.8264E-84  0.4000E+01
 -99.874  0.8264E-84  0.4000E+01
 -99.864  0.8264E-84  0.4000E+01
 -99.854  0.8264E-84  0.4000E+01
 -99.844  0.8264E-84  0.4000E+01
 -99.834  0.8264E-84  0.4000E+01
 -99.824  0.8264E-84  0.4000E+01
 -99.814  0.8264E-84  0.4000E+01
 -99.804  0.8264E-84  0.4000E+01
 -99.794  0.8264E-84  0.4000E+01
 -99.784  0.8264E-84  0.4000E+01
 -99.774  0.8264E-84  0.4000E+01
 -99.764  0.8264E-84  0.4000E+01
 -99.754  0.8264E-84  0.4000E+01
 -99.744  0.8264E-84  0.4000E+01
 -99.734  0.8264E-84  0.4000E+01
 -99.724  0.8264E-84  0.4000E+01
 -99.714  0.8264E-84  0.4000E+01
 -99.704  0.8264E-84  0.4000E+01
 -99.694  0.8264E-84  0.4000E+01
 -99.684  0.8264E-84  0.4000E+01
 -99.674  0.8264E-84  0.4000E+01
 -99.664  0.8264E-84  0.4000E+01
 -99.654  0.8264E-84  0.4000E+01
 -99.644  0.8264E-84  0.4000E+01
 -99.634  0.8264E-84  0.4000E+01
 -99.624  0.8264E-84  0.4000E+01
 -99.614  0.8264E-84  0.4000E+01
 -99.604  0.8264E-84  0.4000E+01
 -99.594  0.8264E-84  0.4000E+01
 -99.584  0.8264E-84  0.4000E+01
 -99.574  0.8264E-84  0.4000E+01
 -99.564  0.8264E-84  0.4000E+01
 -99.554  0.8264E-84  0.4000E+01
 -99.544  0.8264E-84  0.4000E+01
 -99.534  0.8264E-84  0.4000E+01
 -99.524  0.8264E-84  0.4000E+01
 -99.514  0.8264E-84  0.4000E+01
 -99.504  0.8264E-84  0.4000E+01
 -99.494  0.8264E-84  0.4000E+01
 -99.484  0.8264E-84  0.4000E+01
 -99.474  0.8264E-84  0.4000E+01
 -99.464  0.8264E-84  0.4000E+01
 -99.454  0.8264E-84  0.4000E+01
 -99.444  0.8264E-84  0.4000E+01
 -99.434  0.8264E-84  0.4000E+01
 -99.424  0.8264E-84  0.4000E+01
 -99.414  0.8264E-84  0.4000E+01
 -99.404  0.8264E-84  0.4000E+01
 -99.394  0.8264E-84  0.4000E+01
 -99.384  0.8264E-84  0.4000E+01
 -99.374  0.8264E-84  0.4000E+01
 -99.364  0.8264E-84  0.4000E+01
 -99.354  0.8264E-84  0.4000E+01
 -99.344  0.8264E-84  0.4000E+01
 -99.334  0.8264E-84  0.4000E+01
 -99.324  0.8264E-84  0.4000E+01
 -99.314  0.8264E-84  0.4000E+01
 -99.304  0.8264E-84  0.4000E+01
 -99.294  0.8264E-84  0.4000E+01
 -99.284  0.8264E-84  0.4000E+01
 -99.274  0.8264E-84  0.4000E+01
 -99.264  0.8264E-84  0.4000E+01
 -99.254  0.8264E-84  0.4000E+01
 -99.244  0.8264E-84  0.4000E+01
 -99.234  0.8264E-84  0.4000E+01
 -99.224  0.8264E-84  0.4000E+01
 -99.214  0.8264E-84  0.4000E+01
 -99.204  0.8264E-84  0.4000E+01
 -99.194  0.8264E-84  0.4000E+01
 -99.184  0.8264E-84  0.4000E+01
 -99.174  0.8264E-84  0.4000E+01
 -99.164  0.8264E-84  0.4000E+01
 -99.154  0.8264E-84  0.4000E+01
 -99.144  0.8264E-84  0.4000E+01
 -99.134  0.8264E-84  0.4000E+01
 -99.124  0.8264E-84  0.4000E+01
 -99.114  0.8264E-84  0.4000E+01
 -99.104  0.8264E-84  0.4000E+01
 -99.094  0.8264E-84  0.4000E+01
 -99.084  0.8264E-84  0.4000E+01
 -99.074  0.8264E-84  0.4000E+01
 -99.064  0.8264E-84  0.4000E+01
 -99.054  0.8264E-84  0.4000E+01
 -99.044  0.8264E-84  0.4000E+01
 -99.034  0.8264E-84  0.4000E+01
 -99.024  0.8264E-84  0.4000E+01
 -99.014  0.8264E-84  0.4000E+01
 -99.004  0.8264E-84  0.4000E+01
 -98.994  0.8264E-84  0.4000E+01
 -98.984  0.8264E-84  0.4000E+01
 -98.974  0.8264E-84  0.4000E+01
 -98.964  0.8264E-84  0.4000E+01
 -98.954  0.8264E-84  0.4000E+01
 -98.944  0.8264E-84  0.4000E+01
 -98.934  0.8264E-84  0.4000E+01
 -98.924  0.8264E-84  0.4000E+01
 -98.914  0.8264E-84  0.4000E+01
 -98.904  0.8264E-84  0.4000E+01
 -98.894  0.8264E-84  0.4000E+01
 -98.884  0.8264E-84  0.4000E+01
 -98.874  0.8264E-84  0.4000E+01
 -98.864  0.8264E-84  0.4000E+01
 -98.854  0.8264E-84  0.4000E+01
 -98.844  0.8264E-84  0.4000E+01
 -98.834  0.8264E-84  0.4000E+01
 -98.824  0.8264E-84  0.4000E+01
 -98.814  0.8264E-84  0.4000E+01
 -98.804  0.8264E-84  0.4000E+01
 -98.794  0.8264E-84  0.4000E+01
 -98.784  0.8264E-84  0.4000E+01
 -98.774  0.8264E-84  0.4000E+01
 -98.764  0.8264E-84  0.4000E+01
 -98.754  0.8264E-84  0.4000E+01
 -98.744  0.8264E-84  0.4000E+01
 -98.734  0.8264E-84  0.4000E+01
 -98.724  0.8264E-84  0.4000E+01
 -98.714  0.8264E-84  0.4000E+01
 -98.704  0.8264E-84  0.4000E+01
 -98.694  0.8264E-84  0.4000E+01
 -98.684  0.8264E-84  0.4000E+01
 -98.674  0.8264E-84  0.4000E+01
 -98.664  0.8264E-84  0.4000E+01
 -98.654  0.8264E-84  0.4000E+01
 -98.644  0.8264E-84  0.4000E+01
 -98.634  0.8264E-84  0.4000E+01
 -98.624  0.8264E-84  0.4000E+01
 -98.614  0.8264E-84  0.4000E+01
 -98.604  0.8264E-84  0.4000E+01
 -98.594  0.8264E-84  0.4000E+01
 -98.584  0.8264E-84  0.4000E+01
 -98.574  0.8264E-84  0.4000E+01
 -98.564  0.8264E-84  0.4000E+01
 -98.554  0.8264E-84  0.4000E+01
 -98.544  0.8264E-84  0.4000E+01
 -98.534  0.8264E-84  0.4000E+01
 -98.524  0.8264E-84  0.4000E+01
 -98.514  0.8264E-84  0.4000E+01
 -98.504  0.8264E-84  0.4000E+01
 -98.494  0.8264E-84  0.4000E+01
 -98.484  0.8264E-84  0.4000E+01
 -98.474  0.8264E-84  0.4000E+01
 -98.464  0.8264E-84  0.4000E+01
 -98.454  0.8264E-84  0.4000E+01
 -98.444  0.8264E-84  0.4000E+01
 -98.434  0.8264E-84  0.4000E+01
 -98.424  0.8264E-84  0.4000E+01
 -98.414  0.8264E-84  0.4000E+01
 -98.404  0.8264E-84  0.4000E+01
 -98.394  0.8264E-84  0.4000E+01
 -98.384  0.8264E-84  0.4000E+01
 -98.374  0.8264E-84  0.4000E+01
 -98.364  0.8264E-84  0.4000E+01
 -98.354  0.8264E-84  0.4000E+01
 -98.344  0.8264E-84  0.4000E+01
 -98.334  0.8264E-84  0.4000E+01
 -98.324  0.8264E-84  0.4000E+01
 -98.314  0.8264E-84  0.4000E+01
 -98.304  0.8264E-84  0.4000E+01
 -98.294  0.8264E-84  0.4000E+01
 -98.284  0.8264E-84  0.4000E+01
 -98.274  0.8264E-84  0.4000E+01
 -98.264  0.8264E-84  0.4000E+01
 -98.254  0.8264E-84  0.4000E+01
 -98.244  0.8264E-84  0.4000E+01
 -98.234  0.8264E-84  0.4000E+01
 -98.224  0.8264E-84  0.4000E+01
 -98.214  0.8264E-84  0.4000E+01
 -98.204  0.8264E-84  0.4000E+01
 -98.194  0.8264E-84  0.4000E+01
 -98.184  0.8264E-84  0.4000E+01
 -98.174  0.8264E-84  0.4000E+01
 -98.164  0.8264E-84  0.4000E+01
 -98.154  0.8264E-84  0.4000E+01
 -98.144  0.8264E-84  0.4000E+01
 -98.134  0.8264E-84  0.4000E+01
 -98.124  0.8264E-84  0.4000E+01
 -98.114  0.8264E-84  0.4000E+01
 -98.104  0.8264E-84  0.4000E+01
 -98.094  0.8264E-84  0.4000E+01
 -98.084  0.8264E-84  0.4000E+01
 -98.074  0.8264E-84  0.4000E+01
 -98.064  0.8264E-84  0.4000E+01
 -98.054  0.8264E-84  0.4000E+01
 -98.044  0.8264E-84  0.4000E+01
 -98.034  0.8264E-84  0.4000E+01
 -98.024  0.8264E-84  0.4000E+01
 -98.014  0.8264E-84  0.4000E+01
 -98.004  0.8264E-84  0.4000E+01
 -97.994  0.8264E-84  0.4000E+01
 -97.984  0.8264E-84  0.4000E+01
 -97.974  0.8264E-84  0.4000E+01
 -97.964  0.8264E-84  0.4000E+01
 -97.954  0.8264E-84  0.4000E+01
 -97.944  0.8264E-84  0.4000E+01
 -97.934  0.8264E-84  0.4000E+01
 -97.924  0.8264E-84  0.4000E+01
 -97.914  0.8264E-84  0.4000E+01
 -97.904  0.8264E-84  0.4000E+01
 -97.894  0.8264E-84  0.4000E+01
 -97.884  0.8264E-84  0.4000E+01
 -97.874  0.8264E-84  0.4000E+01
 -97.864  0.8264E-84  0.4000E+01
 -97.854  0.8264E-84  0.4000E+01
 -97.844  0.8264E-84  0.4000E+01
 -97.834  0.8264E-84  0.4000E+01
 -97.824  0.8264E-84  0.4000E+01
 -97.814  0.8264E-84  0.4000E+01
 -97.804  0.8264E-84  0.4000E+01
 -97.794  0.8264E-84  0.4000E+01
 -97.784  0.8264E-84  0.4000E+01
 -97.774  0.8264E-84  0.4000E+01
 -97.764  0.8264E-84  0.4000E+01
 -97.754  0.8264E-84  0.4000E+01
 -97.744  0.8264E-84  0.4000E+01
 -97.734  0.8264E-84  0.4000E+01
 -97.724  0.8264E-84  0.4000E+01
 -97.714  0.8264E-84  0.4000E+01
 -97.704  0.8264E-84  0.4000E+01
 -97.694  0.8264E-84  0.4000E+01
 -97.684  0.8264E-84  0.4000E+01
 -97.674  0.8264E-84  0.4000E+01
 -97.664  0.8264E-84  0.4000E+01
 -97.654  0.8264E-84  0.4000E+01
 -97.644  0.8264E-84  0.4000E+01
 -97.634  0.8264E-84  0.4000E+01
 -97.624  0.8264E-84  0.4000E+01
 -97.614  0.8264E-84  0.4000E+01
 -97.604  0.8264E-84  0.4000E+01
 -97.594  0.8264E-84  0.4000E+01
 -97.584  0.8264E-84  0.4000E+01
 -97.574  0.8264E-84  0.4000E+01
 -97.564  0.8264E-84  0.4000E+01
 -97.554  0.8264E-84  0.4000E+01
 -97.544  0.8264E-84  0.4000E+01
 -97.534  0.8264E-84  0.4000E+01
 -97.524  0.8264E-84  0.4000E+01
 -97.514  0.8264E-84  0.4000E+01
 -97.504  0.8264E-84  0.4000E+01
 -97.494  0.8264E-84  0.4000E+01
 -97.484  0.8264E-84  0.4000E+01
 -97.474  0.8264E-84  0.4000E+01
 -97.464  0.8264E-84  0.4000E+01
 -97.454  0.8264E-84  0.4000E+01
 -97.444  0.8264E-84  0.4000E+01
 -97.434  0.8264E-84  0.4000E+01
 -97.424  0.8264E-84  0.4000E+01
 -97.414  0.8264E-84  0.4000E+01
 -97.404  0.8264E-84  0.4000E+01
 -97.394  0.8264E-84  0.4000E+01
 -97.384  0.8264E-84  0.4000E+01
 -97.374  0.8264E-84  0.4000E+01
 -97.364  0.8264E-84  0.4000E+01
 -97.354  0.8264E-84  0.4000E+01
 -97.344  0.8264E-84  0.4000E+01
 -97.334  0.8264E-84  0.4000E+01
 -97.324  0.8264E-84  0.4000E+01
 -97.314  0.8264E-84  0.4000E+01
 -97.304  0.8264E-84  0.4000E+01
 -97.294  0.8264E-84  0.4000E+01
 -97.284  0.8264E-84  0.4000E+01
 -97.274  0.8264E-84  0.4000E+01
 -97.264  0.8264E-84  0.4000E+01
 -97.254  0.8264E-84  0.4000E+01
 -97.244  0.8264E-84  0.4000E+01
 -97.234  0.8264E-84  0.4000E+01
 -97.224  0.8264E-84  0.4000E+01
 -97.214  0.8264E-84  0.4000E+01
 -97.204  0.8264E-84  0.4000E+01
 -97.194  0.8264E-84  0.4000E+01
 -97.184  0.8264E-84  0.4000E+01
 -97.174  0.8264E-84  0.4000E+01
 -97.164  0.8264E-84  0.4000E+01
 -97.154  0.8264E-84  0.4000E+01
 -97.144  0.8264E-84  0.4000E+01
 -97.134  0.8264E-84  0.4000E+01
 -97.124  0.8264E-84  0.4000E+01
 -97.114  0.8264E-84  0.4000E+01
 -97.104  0.8264E-84  0.4000E+01
 -97.094  0.8264E-84  0.4000E+01
 -97.084  0.8264E-84  0.4000E+01
 -97.074  0.8264E-84  0.4000E+01
 -97.064  0.8264E-84  0.4000E+01
 -97.054  0.8264E-84  0.4000E+01
 -97.044  0.8264E-84  0.4000E+01
 -97.034  0.8264E-84  0.4000E+01
 -97.024  0.8264E-84  0.4000E+01
 -97.014  0.8264E-84  0.4000E+01
 -97.004  0.8264E-84  0.4000E+01
 -96.994  0.8264E-84  0.4000E+01
 -96.984  0.8264E-84  0.4000E+01
 -96.974  0.8264E-84  0.4000E+01
 -96.964  0.8264E-84  0.4000E+01
 -96.954  0.8264E-84  0.4000E+01
 -96.944  0.8264E-84  0.4000E+01
 -96.934  0.8264E-84  0.4000E+01
 -96.924  0.8264E-84  0.4000E+01
 -96.914  0.8264E-84  0.4000E+01
 -96.904  0.8264E-84  0.4000E+01
 -96.894  0.8264E-84  0.4000E+01
 -96.884  0.8264E-84  0.4000E+01
 -96.874  0.8264E-84  0.4000E+01
 -96.864  0.8264E-84  0.4000E+01
 -96.854  0.8264E-84  0.4000E+01
 -96.844  0.8264E-84  0.4000E+01
 -96.834  0.8264E-84  0.4000E+01
 -96.824  0.8264E-84  0.4000E+01
 -96.814  0.8264E-84  0.4000E+01
 -96.804  0.8264E-84  0.4000E+01
 -96.794  0.8264E-84  0.4000E+01
 -96.784  0.8264E-84  0.4000E+01
 -96.774  0.8264E-84  0.4000E+01
 -96.764  0.8264E-84  0.4000E+01
 -96.754  0.8264E-84  0.4000E+01
 -96.744  0.8264E-84  0.4000E+01
 -96.734  0.8264E-84  0.4000E+01
 -96.724  0.8264E-84  0.4000E+01
 -96.714  0.8264E-84  0.4000E+01
 -96.704  0.8264E-84  0.4000E+01
 -96.694  0.8264E-84  0.4000E+01
 -96.684  0.8264E-84  0.4000E+01
 -96.674  0.8264E-84  0.4000E+01
 -96.664  0.8264E-84  0.4000E+01
 -96.654  0.8264E-84  0.4000E+01
 -96.644  0.8264E-84  0.4000E+01
 -96.634  0.8264E-84  0.4000E+01
 -96.624  0.8264E-84  0.4000E+01
 -96.614  0.8264E-84  0.4000E+01
 -96.604  0.8264E-84  0.4000E+01
 -96.594  0.8264E-84  0.4000E+01
 -96.584  0.8264E-84  0.4000E+01
 -96.574  0.8264E-84  0.4000E+01
 -96.564  0.8264E-84  0.4000E+01
 -96.554  0.8264E-84  0.4000E+01
 -96.544  0.8264E-84  0.4000E+01
 -96.534  0.8264E-84  0.4000E+01
 -96.524  0.8264E-84  0.4000E+01
 -96.514  0.8264E-84  0.4000E+01
 -96.504  0.8264E-84  0.4000E+01
 -96.494  0.8264E-84  0.4000E+01
 -96.484  0.8264E-84  0.4000E+01
 -96.474  0.8264E-84  0.4000E+01
 -96.464  0.8264E-84  0.4000E+01
 -96.454  0.8264E-84  0.4000E+01
 -96.444  0.8264E-84  0.4000E+01
 -96.434  0.8264E-84  0.4000E+01
 -96.424  0.8264E-84  0.4000E+01
 -96.414  0.8264E-84  0.4000E+01
 -96.404  0.8264E-84  0.4000E+01
 -96.394  0.8264E-84  0.4000E+01
 -96.384  0.8264E-84  0.4000E+01
 -96.374  0.8264E-84  0.4000E+01
 -96.364  0.8264E-84  0.4000E+01
 -96.354  0.8264E-84  0.4000E+01
 -96.344  0.8264E-84  0.4000E+01
 -96.334  0.8264E-84  0.4000E+01
 -96.324  0.8264E-84  0.4000E+01
 -96.314  0.8264E-84  0.4000E+01
 -96.304  0.8264E-84  0.4000E+01
 -96.294  0.8264E-84  0.4000E+01
 -96.284  0.8264E-84  0.4000E+01
 -96.274  0.8264E-84  0.4000E+01
 -96.264  0.8264E-84  0.4000E+01
 -96.254  0.8264E-84  0.4000E+01
 -96.244  0.8264E-84  0.4000E+01
 -96.234  0.8264E-84  0.4000E+01
 -96.224  0.8264E-84  0.4000E+01
 -96.214  0.8264E-84  0.4000E+01
 -96.204  0.8264E-84  0.4000E+01
 -96.194  0.8264E-84  0.4000E+01
 -96.184  0.8264E-84  0.4000E+01
 -96.174  0.8264E-84  0.4000E+01
 -96.164  0.8264E-84  0.4000E+01
 -96.154  0.8264E-84  0.4000E+01
 -96.144  0.8264E-84  0.4000E+01
 -96.134  0.8264E-84  0.4000E+01
 -96.124  0.8264E-84  0.4000E+01
 -96.114  0.8264E-84  0.4000E+01
 -96.104  0.8264E-84  0.4000E+01
 -96.094  0.8264E-84  0.4000E+01
 -96.084  0.8264E-84  0.4000E+01
 -96.074  0.8264E-84  0.4000E+01
 -96.064  0.8264E-84  0.4000E+01
 -96.054  0.8264E-84  0.4000E+01
 -96.044  0.8264E-84  0.4000E+01
 -96.034  0.8264E-84  0.4000E+01
 -96.024  0.8264E-84  0.4000E+01
 -96.014  0.8264E-84  0.4000E+01
 -96.004  0.8264E-84  0.4000E+01
 -95.994  0.8264E-84  0.4000E+01
 -95.984  0.8264E-84  0.4000E+01
 -95.974  0.8264E-84  0.4000E+01
 -95.964  0.8264E-84  0.4000E+01
 -95.954  0.8264E-84  0.4000E+01
 -95.944  0.8264E-84  0.4000E+01
 -95.934  0.8264E-84  0.4000E+01
 -95.924  0.8264E-84  0.4000E+01
 -95.914  0.8264E-84  0.4000E+01
 -95.904  0.8264E-84  0.4000E+01
 -95.894  0.8264E-84  0.4000E+01
 -95.884  0.8264E-84  0.4000E+01
 -95.874  0.8264E-84  0.4000E+01
 -95.864  0.8264E-84  0.4000E+01
 -95.854  0.8264E-84  0.4000E+01
 -95.844  0.8264E-84  0.4000E+01
 -95.834  0.8264E-84  0.4000E+01
 -95.824  0.8264E-84  0.4000E+01
 -95.814  0.8264E-84  0.4000E+01
 -95.804  0.8264E-84  0.4000E+01
 -95.794  0.8264E-84  0.4000E+01
 -95.784  0.8264E-84  0.4000E+01
 -95.774  0.8264E-84  0.4000E+01
 -95.764  0.8264E-84  0.4000E+01
 -95.754  0.8264E-84  0.4000E+01
 -95.744  0.8264E-84  0.4000E+01
 -95.734  0.8264E-84  0.4000E+01
 -95.724  0.8264E-84  0.4000E+01
 -95.714  0.8264E-84  0.4000E+01
 -95.704  0.8264E-84  0.4000E+01
 -95.694  0.8264E-84  0.4000E+01
 -95.684  0.8264E-84  0.4000E+01
 -95.674  0.8264E-84  0.4000E+01
 -95.664  0.8264E-84  0.4000E+01
 -95.654  0.8264E-84  0.4000E+01
 -95.644  0.8264E-84  0.4000E+01
 -95.634  0.8264E-84  0.4000E+01
 -95.624  0.8264E-84  0.4000E+01
 -95.614  0.8264E-84  0.4000E+01
 -95.604  0.8264E-84  0.4000E+01
 -95.594  0.8264E-84  0.4000E+01
 -95.584  0.8264E-84  0.4000E+01
 -95.574  0.8264E-84  0.4000E+01
 -95.564  0.8264E-84  0.4000E+01
 -95.554  0.8264E-84  0.4000E+01
 -95.544  0.8264E-84  0.4000E+01
 -95.534  0.8264E-84  0.4000E+01
 -95.524  0.8264E-84  0.4000E+01
 -95.514  0.8264E-84  0.4000E+01
 -95.504  0.8264E-84  0.4000E+01
 -95.494  0.8264E-84  0.4000E+01
 -95.484  0.8264E-84  0.4000E+01
 -95.474  0.8264E-84  0.4000E+01
 -95.464  0.8264E-84  0.4000E+01
 -95.454  0.8264E-84  0.4000E+01
 -95.444  0.8264E-84  0.4000E+01
 -95.434  0.8264E-84  0.4000E+01
 -95.424  0.8264E-84  0.4000E+01
 -95.414  0.8264E-84  0.4000E+01
 -95.404  0.8264E-84  0.4000E+01
 -95.394  0.8264E-84  0.4000E+01
 -95.384  0.8264E-84  0.4000E+01
 -95.374  0.8264E-84  0.4000E+01
 -95.364  0.8264E-84  0.4000E+01
 -95.354  0.8264E-84  0.4000E+01
 -95.344  0.8264E-84  0.4000E+01
 -95.334  0.8264E-84  0.4000E+01
 -95.324  0.8264E-84  0.4000E+01
 -95.314  0.8264E-84  0.4000E+01
 -95.304  0.8264E-84  0.4000E+01
 -95.294  0.8264E-84  0.4000E+01
 -95.284  0.8264E-84  0.4000E+01
 -95.274  0.8264E-84  0.4000E+01
 -95.264  0.8264E-84  0.4000E+01
 -95.254  0.8264E-84  0.4000E+01
 -95.244  0.8264E-84  0.4000E+01
 -95.234  0.8264E-84  0.4000E+01
 -95.224  0.8264E-84  0.4000E+01
 -95.214  0.8264E-84  0.4000E+01
 -95.204  0.8264E-84  0.4000E+01
 -95.194  0.8264E-84  0.4000E+01
 -95.184  0.8264E-84  0.4000E+01
 -95.174  0.8264E-84  0.4000E+01
 -95.164  0.8264E-84  0.4000E+01
 -95.154  0.8264E-84  0.4000E+01
 -95.144  0.8264E-84  0.4000E+01
 -95.134  0.8264E-84  0.4000E+01
 -95.124  0.8264E-84  0.4000E+01
 -95.114  0.8264E-84  0.4000E+01
 -95.104  0.8264E-84  0.4000E+01
 -95.094  0.8264E-84  0.4000E+01
 -95.084  0.8264E-84  0.4000E+01
 -95.074  0.8264E-84  0.4000E+01
 -95.064  0.8264E-84  0.4000E+01
 -95.054  0.8264E-84  0.4000E+01
 -95.044  0.8264E-84  0.4000E+01
 -95.034  0.8264E-84  0.4000E+01
 -95.024  0.8264E-84  0.4000E+01
 -95.014  0.8264E-84  0.4000E+01
 -95.004  0.8264E-84  0.4000E+01
 -94.994  0.8264E-84  0.4000E+01
 -94.984  0.8264E-84  0.4000E+01
 -94.974  0.8264E-84  0.4000E+01
 -94.964  0.8264E-84  0.4000E+01
 -94.954  0.8264E-84  0.4000E+01
 -94.944  0.8264E-84  0.4000E+01
 -94.934  0.8264E-84  0.4000E+01
 -94.924  0.8264E-84  0.4000E+01
 -94.914  0.8264E-84  0.4000E+01
 -94.904  0.8264E-84  0.4000E+01
 -94.894  0.8264E-84  0.4000E+01
 -94.884  0.8264E-84  0.4000E+01
 -94.874  0.8264E-84  0.4000E+01
 -94.864  0.8264E-84  0.4000E+01
 -94.854  0.8264E-84  0.4000E+01
 -94.844  0.8264E-84  0.4000E+01
 -94.834  0.8264E-84  0.4000E+01
 -94.824  0.8264E-84  0.4000E+01
 -94.814  0.8264E-84  0.4000E+01
 -94.804  0.8264E-84  0.4000E+01
 -94.794  0.8264E-84  0.4000E+01
 -94.784  0.8264E-84  0.4000E+01
 -94.774  0.8264E-84  0.4000E+01
 -94.764  0.8264E-84  0.4000E+01
 -94.754  0.8264E-84  0.4000E+01
 -94.744  0.8264E-84  0.4000E+01
 -94.734  0.8264E-84  0.4000E+01
 -94.724  0.8264E-84  0.4000E+01
 -94.714  0.8264E-84  0.4000E+01
 -94.704  0.8264E-84  0.4000E+01
 -94.694  0.8264E-84  0.4000E+01
 -94.684  0.8264E-84  0.4000E+01
 -94.674  0.8264E-84  0.4000E+01
 -94.664  0.8264E-84  0.4000E+01
 -94.654  0.8264E-84  0.4000E+01
 -94.644  0.8264E-84  0.4000E+01
 -94.634  0.8264E-84  0.4000E+01
 -94.624  0.8264E-84  0.4000E+01
 -94.614  0.8264E-84  0.4000E+01
 -94.604  0.8264E-84  0.4000E+01
 -94.594  0.8264E-84  0.4000E+01
 -94.584  0.8264E-84  0.4000E+01
 -94.574  0.8264E-84  0.4000E+01
 -94.564  0.8264E-84  0.4000E+01
 -94.554  0.8264E-84  0.4000E+01
 -94.544  0.8264E-84  0.4000E+01
 -94.534  0.8264E-84  0.4000E+01
 -94.524  0.8264E-84  0.4000E+01
 -94.514  0.8264E-84  0.4000E+01
 -94.504  0.8264E-84  0.4000E+01
 -94.494  0.8264E-84  0.4000E+01
 -94.484  0.8264E-84  0.4000E+01
 -94.474  0.8264E-84  0.4000E+01
 -94.464  0.8264E-84  0.4000E+01
 -94.454  0.8264E-84  0.4000E+01
 -94.444  0.8264E-84  0.4000E+01
 -94.434  0.8264E-84  0.4000E+01
 -94.424  0.8264E-84  0.4000E+01
 -94.414  0.8264E-84  0.4000E+01
 -94.404  0.8264E-84  0.4000E+01
 -94.394  0.8264E-84  0.4000E+01
 -94.384  0.8264E-84  0.4000E+01
 -94.374  0.8264E-84  0.4000E+01
 -94.364  0.8264E-84  0.4000E+01
 -94.354  0.8264E-84  0.4000E+01
 -94.344  0.8264E-84  0.4000E+01
 -94.334  0.8264E-84  0.4000E+01
 -94.324  0.8264E-84  0.4000E+01
 -94.314  0.8264E-84  0.4000E+01
 -94.304  0.8264E-84  0.4000E+01
 -94.294  0.8264E-84  0.4000E+01
 -94.284  0.8264E-84  0.4000E+01
 -94.274  0.8264E-84  0.4000E+01
 -94.264  0.8264E-84  0.4000E+01
 -94.254  0.8264E-84  0.4000E+01
 -94.244  0.8264E-84  0.4000E+01
 -94.234  0.8264E-84  0.4000E+01
 -94.224  0.8264E-84  0.4000E+01
 -94.214  0.8264E-84  0.4000E+01
 -94.204  0.8264E-84  0.4000E+01
 -94.194  0.8264E-84  0.4000E+01
 -94.184  0.8264E-84  0.4000E+01
 -94.174  0.8264E-84  0.4000E+01
 -94.164  0.8264E-84  0.4000E+01
 -94.154  0.8264E-84  0.4000E+01
 -94.144  0.8264E-84  0.4000E+01
 -94.134  0.8264E-84  0.4000E+01
 -94.124  0.8264E-84  0.4000E+01
 -94.114  0.8264E-84  0.4000E+01
 -94.104  0.8264E-84  0.4000E+01
 -94.094  0.8264E-84  0.4000E+01
 -94.084  0.8264E-84  0.4000E+01
 -94.074  0.8264E-84  0.4000E+01
 -94.064  0.8264E-84  0.4000E+01
 -94.054  0.8264E-84  0.4000E+01
 -94.044  0.8264E-84  0.4000E+01
 -94.034  0.8264E-84  0.4000E+01
 -94.024  0.8264E-84  0.4000E+01
 -94.014  0.8264E-84  0.4000E+01
 -94.004  0.8264E-84  0.4000E+01
 -93.994  0.8264E-84  0.4000E+01
 -93.984  0.8264E-84  0.4000E+01
 -93.974  0.8264E-84  0.4000E+01
 -93.964  0.8264E-84  0.4000E+01
 -93.954  0.8264E-84  0.4000E+01
 -93.944  0.8264E-84  0.4000E+01
 -93.934  0.8264E-84  0.4000E+01
 -93.924  0.8264E-84  0.4000E+01
 -93.914  0.8264E-84  0.4000E+01
 -93.904  0.8264E-84  0.4000E+01
 -93.894  0.8264E-84  0.4000E+01
 -93.884  0.8264E-84  0.4000E+01
 -93.874  0.8264E-84  0.4000E+01
 -93.864  0.8264E-84  0.4000E+01
 -93.854  0.8264E-84  0.4000E+01
 -93.844  0.8264E-84  0.4000E+01
 -93.834  0.8264E-84  0.4000E+01
 -93.824  0.8264E-84  0.4000E+01
 -93.814  0.8264E-84  0.4000E+01
 -93.804  0.8264E-84  0.4000E+01
 -93.794  0.8264E-84  0.4000E+01
 -93.784  0.8264E-84  0.4000E+01
 -93.774  0.8264E-84  0.4000E+01
 -93.764  0.8264E-84  0.4000E+01
 -93.754  0.8264E-84  0.4000E+01
 -93.744  0.8264E-84  0.4000E+01
 -93.734  0.8264E-84  0.4000E+01
 -93.724  0.8264E-84  0.4000E+01
 -93.714  0.8264E-84  0.4000E+01
 -93.704  0.8264E-84  0.4000E+01
 -93.694  0.8264E-84  0.4000E+01
 -93.684  0.8264E-84  0.4000E+01
 -93.674  0.8264E-84  0.4000E+01
 -93.664  0.8264E-84  0.4000E+01
 -93.654  0.8264E-84  0.4000E+01
 -93.644  0.8264E-84  0.4000E+01
 -93.634  0.8264E-84  0.4000E+01
 -93.624  0.8264E-84  0.4000E+01
 -93.614  0.8264E-84  0.4000E+01
 -93.604  0.8264E-84  0.4000E+01
 -93.594  0.8264E-84  0.4000E+01
 -93.584  0.8264E-84  0.4000E+01
 -93.574  0.8264E-84  0.4000E+01
 -93.564  0.8264E-84  0.4000E+01
 -93.554  0.8264E-84  0.4000E+01
 -93.544  0.8264E-84  0.4000E+01
 -93.534  0.8264E-84  0.4000E+01
 -93.524  0.8264E-84  0.4000E+01
 -93.514  0.8264E-84  0.4000E+01
 -93.504  0.8264E-84  0.4000E+01
 -93.494  0.8264E-84  0.4000E+01
 -93.484  0.8264E-84  0.4000E+01
 -93.474  0.8264E-84  0.4000E+01
 -93.464  0.8264E-84  0.4000E+01
 -93.454  0.8264E-84  0.4000E+01
 -93.444  0.8264E-84  0.4000E+01
 -93.434  0.8264E-84  0.4000E+01
 -93.424  0.8264E-84  0.4000E+01
 -93.414  0.8264E-84  0.4000E+01
 -93.404  0.8264E-84  0.4000E+01
 -93.394  0.8264E-84  0.4000E+01
 -93.384  0.8264E-84  0.4000E+01
 -93.374  0.8264E-84  0.4000E+01
 -93.364  0.8264E-84  0.4000E+01
 -93.354  0.8264E-84  0.4000E+01
 -93.344  0.8264E-84  0.4000E+01
 -93.334  0.8264E-84  0.4000E+01
 -93.324  0.8264E-84  0.4000E+01
 -93.314  0.8264E-84  0.4000E+01
 -93.304  0.8264E-84  0.4000E+01
 -93.294  0.8264E-84  0.4000E+01
 -93.284  0.8264E-84  0.4000E+01
 -93.274  0.8264E-84  0.4000E+01
 -93.264  0.8264E-84  0.4000E+01
 -93.254  0.8264E-84  0.4000E+01
 -93.244  0.8264E-84  0.4000E+01
 -93.234  0.8264E-84  0.4000E+01
 -93.224  0.8264E-84  0.4000E+01
 -93.214  0.8264E-84  0.4000E+01
 -93.204  0.8264E-84  0.4000E+01
 -93.194  0.8264E-84  0.4000E+01
 -93.184  0.8264E-84  0.4000E+01
 -93.174  0.8264E-84  0.4000E+01
 -93.164  0.8264E-84  0.4000E+01
 -93.154  0.8264E-84  0.4000E+01
 -93.144  0.8264E-84  0.4000E+01
 -93.134  0.8264E-84  0.4000E+01
 -93.124  0.8264E-84  0.4000E+01
 -93.114  0.8264E-84  0.4000E+01
 -93.104  0.8264E-84  0.4000E+01
 -93.094  0.8264E-84  0.4000E+01
 -93.084  0.8264E-84  0.4000E+01
 -93.074  0.8264E-84  0.4000E+01
 -93.064  0.8264E-84  0.4000E+01
 -93.054  0.8264E-84  0.4000E+01
 -93.044  0.8264E-84  0.4000E+01
 -93.034  0.8264E-84  0.4000E+01
 -93.024  0.8264E-84  0.4000E+01
 -93.014  0.8264E-84  0.4000E+01
 -93.004  0.8264E-84  0.4000E+01
 -92.994  0.8264E-84  0.4000E+01
 -92.984  0.8264E-84  0.4000E+01
 -92.974  0.8264E-84  0.4000E+01
 -92.964  0.8264E-84  0.4000E+01
 -92.954  0.8264E-84  0.4000E+01
 -92.944  0.8264E-84  0.4000E+01
 -92.934  0.8264E-84  0.4000E+01
 -92.924  0.8264E-84  0.4000E+01
 -92.914  0.8264E-84  0.4000E+01
 -92.904  0.8264E-84  0.4000E+01
 -92.894  0.8264E-84  0.4000E+01
 -92.884  0.8264E-84  0.4000E+01
 -92.874  0.8264E-84  0.4000E+01
 -92.864  0.8264E-84  0.4000E+01
 -92.854  0.8264E-84  0.4000E+01
 -92.844  0.8264E-84  0.4000E+01
 -92.834  0.8264E-84  0.4000E+01
 -92.824  0.8264E-84  0.4000E+01
 -92.814  0.8264E-84  0.4000E+01
 -92.804  0.8264E-84  0.4000E+01
 -92.794  0.8264E-84  0.4000E+01
 -92.784  0.8264E-84  0.4000E+01
 -92.774  0.8264E-84  0.4000E+01
 -92.764  0.8264E-84  0.4000E+01
 -92.754  0.8264E-84  0.4000E+01
 -92.744  0.8264E-84  0.4000E+01
 -92.734  0.8264E-84  0.4000E+01
 -92.724  0.8264E-84  0.4000E+01
 -92.714  0.8264E-84  0.4000E+01
 -92.704  0.8264E-84  0.4000E+01
 -92.694  0.8264E-84  0.4000E+01
 -92.684  0.8264E-84  0.4000E+01
 -92.674  0.8264E-84  0.4000E+01
 -92.664  0.8264E-84  0.4000E+01
 -92.654  0.8264E-84  0.4000E+01
 -92.644  0.8264E-84  0.4000E+01
 -92.634  0.8264E-84  0.4000E+01
 -92.624  0.8264E-84  0.4000E+01
 -92.614  0.8264E-84  0.4000E+01
 -92.604  0.8264E-84  0.4000E+01
 -92.594  0.8264E-84  0.4000E+01
 -92.584  0.8264E-84  0.4000E+01
 -92.574  0.8264E-84  0.4000E+01
 -92.564  0.8264E-84  0.4000E+01
 -92.554  0.8264E-84  0.4000E+01
 -92.544  0.8264E-84  0.4000E+01
 -92.534  0.8264E-84  0.4000E+01
 -92.524  0.8264E-84  0.4000E+01
 -92.514  0.8264E-84  0.4000E+01
 -92.504  0.8264E-84  0.4000E+01
 -92.494  0.8264E-84  0.4000E+01
 -92.484  0.8264E-84  0.4000E+01
 -92.474  0.8264E-84  0.4000E+01
 -92.464  0.8264E-84  0.4000E+01
 -92.454  0.8264E-84  0.4000E+01
 -92.444  0.8264E-84  0.4000E+01
 -92.434  0.8264E-84  0.4000E+01
 -92.424  0.8264E-84  0.4000E+01
 -92.414  0.8264E-84  0.4000E+01
 -92.404  0.8264E-84  0.4000E+01
 -92.394  0.8264E-84  0.4000E+01
 -92.384  0.8264E-84  0.4000E+01
 -92.374  0.8264E-84  0.4000E+01
 -92.364  0.8264E-84  0.4000E+01
 -92.354  0.8264E-84  0.4000E+01
 -92.344  0.8264E-84  0.4000E+01
 -92.334  0.8264E-84  0.4000E+01
 -92.324  0.8264E-84  0.4000E+01
 -92.314  0.8264E-84  0.4000E+01
 -92.304  0.8264E-84  0.4000E+01
 -92.294  0.8264E-84  0.4000E+01
 -92.284  0.8264E-84  0.4000E+01
 -92.274  0.8264E-84  0.4000E+01
 -92.264  0.8264E-84  0.4000E+01
 -92.254  0.8264E-84  0.4000E+01
 -92.244  0.8264E-84  0.4000E+01
 -92.234  0.8264E-84  0.4000E+01
 -92.224  0.8264E-84  0.4000E+01
 -92.214  0.8264E-84  0.4000E+01
 -92.204  0.8264E-84  0.4000E+01
 -92.194  0.8264E-84  0.4000E+01
 -92.184  0.8264E-84  0.4000E+01
 -92.174  0.8264E-84  0.4000E+01
 -92.164  0.8264E-84  0.4000E+01
 -92.154  0.8264E-84  0.4000E+01
 -92.144  0.8264E-84  0.4000E+01
 -92.134  0.8264E-84  0.4000E+01
 -92.124  0.8264E-84  0.4000E+01
 -92.114  0.8264E-84  0.4000E+01
 -92.104  0.8264E-84  0.4000E+01
 -92.094  0.8264E-84  0.4000E+01
 -92.084  0.8264E-84  0.4000E+01
 -92.074  0.8264E-84  0.4000E+01
 -92.064  0.8264E-84  0.4000E+01
 -92.054  0.8264E-84  0.4000E+01
 -92.044  0.8264E-84  0.4000E+01
 -92.034  0.8264E-84  0.4000E+01
 -92.024  0.8264E-84  0.4000E+01
 -92.014  0.8264E-84  0.4000E+01
 -92.004  0.8264E-84  0.4000E+01
 -91.994  0.8264E-84  0.4000E+01
 -91.984  0.8264E-84  0.4000E+01
 -91.974  0.8264E-84  0.4000E+01
 -91.964  0.8264E-84  0.4000E+01
 -91.954  0.8264E-84  0.4000E+01
 -91.944  0.8264E-84  0.4000E+01
 -91.934  0.8264E-84  0.4000E+01
 -91.924  0.8264E-84  0.4000E+01
 -91.914  0.8264E-84  0.4000E+01
 -91.904  0.8264E-84  0.4000E+01
 -91.894  0.8264E-84  0.4000E+01
 -91.884  0.8264E-84  0.4000E+01
 -91.874  0.8264E-84  0.4000E+01
 -91.864  0.8264E-84  0.4000E+01
 -91.854  0.8264E-84  0.4000E+01
 -91.844  0.8264E-84  0.4000E+01
 -91.834  0.8264E-84  0.4000E+01
 -91.824  0.8264E-84  0.4000E+01
 -91.814  0.8264E-84  0.4000E+01
 -91.804  0.8264E-84  0.4000E+01
 -91.794  0.8264E-84  0.4000E+01
 -91.784  0.8264E-84  0.4000E+01
 -91.774  0.8264E-84  0.4000E+01
 -91.764  0.8264E-84  0.4000E+01
 -91.754  0.8264E-84  0.4000E+01
 -91.744  0.8264E-84  0.4000E+01
 -91.734  0.8264E-84  0.4000E+01
 -91.724  0.8264E-84  0.4000E+01
 -91.714  0.8264E-84  0.4000E+01
 -91.704  0.8264E-84  0.4000E+01
 -91.694  0.8264E-84  0.4000E+01
 -91.684  0.8264E-84  0.4000E+01
 -91.674  0.8264E-84  0.4000E+01
 -91.664  0.8264E-84  0.4000E+01
 -91.654  0.8264E-84  0.4000E+01
 -91.644  0.8264E-84  0.4000E+01
 -91.634  0.8264E-84  0.4000E+01
 -91.624  0.8264E-84  0.4000E+01
 -91.614  0.8264E-84  0.4000E+01
 -91.604  0.8264E-84  0.4000E+01
 -91.594  0.8264E-84  0.4000E+01
 -91.584  0.8264E-84  0.4000E+01
 -91.574  0.8264E-84  0.4000E+01
 -91.564  0.8264E-84  0.4000E+01
 -91.554  0.8264E-84  0.4000E+01
 -91.544  0.8264E-84  0.4000E+01
 -91.534  0.8264E-84  0.4000E+01
 -91.524  0.8264E-84  0.4000E+01
 -91.514  0.8264E-84  0.4000E+01
 -91.504  0.8264E-84  0.4000E+01
 -91.494  0.8264E-84  0.4000E+01
 -91.484  0.8264E-84  0.4000E+01
 -91.474  0.8264E-84  0.4000E+01
 -91.464  0.8264E-84  0.4000E+01
 -91.454  0.8264E-84  0.4000E+01
 -91.444  0.8264E-84  0.4000E+01
 -91.434  0.8264E-84  0.4000E+01
 -91.424  0.8264E-84  0.4000E+01
 -91.414  0.8264E-84  0.4000E+01
 -91.404  0.8264E-84  0.4000E+01
 -91.394  0.8264E-84  0.4000E+01
 -91.384  0.8264E-84  0.4000E+01
 -91.374  0.8264E-84  0.4000E+01
 -91.364  0.8264E-84  0.4000E+01
 -91.354  0.8264E-84  0.4000E+01
 -91.344  0.8264E-84  0.4000E+01
 -91.334  0.8264E-84  0.4000E+01
 -91.324  0.8264E-84  0.4000E+01
 -91.314  0.8264E-84  0.4000E+01
 -91.304  0.8264E-84  0.4000E+01
 -91.294  0.8264E-84  0.4000E+01
 -91.284  0.8264E-84  0.4000E+01
 -91.274  0.8264E-84  0.4000E+01
 -91.264  0.8264E-84  0.4000E+01
 -91.254  0.8264E-84  0.4000E+01
 -91.244  0.8264E-84  0.4000E+01
 -91.234  0.8264E-84  0.4000E+01
 -91.224  0.8264E-84  0.4000E+01
 -91.214  0.8264E-84  0.4000E+01
 -91.204  0.8264E-84  0.4000E+01
 -91.194  0.8264E-84  0.4000E+01
 -91.184  0.8264E-84  0.4000E+01
 -91.174  0.8264E-84  0.4000E+01
 -91.164  0.8264E-84  0.4000E+01
 -91.154  0.8264E-84  0.4000E+01
 -91.144  0.8264E-84  0.4000E+01
 -91.134  0.8264E-84  0.4000E+01
 -91.124  0.8264E-84  0.4000E+01
 -91.114  0.8264E-84  0.4000E+01
 -91.104  0.8264E-84  0.4000E+01
 -91.094  0.8264E-84  0.4000E+01
 -91.084  0.8264E-84  0.4000E+01
 -91.074  0.8264E-84  0.4000E+01
 -91.064  0.8264E-84  0.4000E+01
 -91.054  0.8264E-84  0.4000E+01
 -91.044  0.8264E-84  0.4000E+01
 -91.034  0.8264E-84  0.4000E+01
 -91.024  0.8264E-84  0.4000E+01
 -91.014  0.8264E-84  0.4000E+01
 -91.004  0.8264E-84  0.4000E+01
 -90.994  0.8264E-84  0.4000E+01
 -90.984  0.8264E-84  0.4000E+01
 -90.974  0.8264E-84  0.4000E+01
 -90.964  0.8264E-84  0.4000E+01
 -90.954  0.8264E-84  0.4000E+01
 -90.944  0.8264E-84  0.4000E+01
 -90.934  0.8264E-84  0.4000E+01
 -90.924  0.8264E-84  0.4000E+01
 -90.914  0.8264E-84  0.4000E+01
 -90.904  0.8264E-84  0.4000E+01
 -90.894  0.8264E-84  0.4000E+01
 -90.884  0.8264E-84  0.4000E+01
 -90.874  0.8264E-84  0.4000E+01
 -90.864  0.8264E-84  0.4000E+01
 -90.854  0.8264E-84  0.4000E+01
 -90.844  0.8264E-84  0.4000E+01
 -90.834  0.8264E-84  0.4000E+01
 -90.824  0.8264E-84  0.4000E+01
 -90.814  0.8264E-84  0.4000E+01
 -90.804  0.8264E-84  0.4000E+01
 -90.794  0.8264E-84  0.4000E+01
 -90.784  0.8264E-84  0.4000E+01
 -90.774  0.8264E-84  0.4000E+01
 -90.764  0.8264E-84  0.4000E+01
 -90.754  0.8264E-84  0.4000E+01
 -90.744  0.8264E-84  0.4000E+01
 -90.734  0.8264E-84  0.4000E+01
 -90.724  0.8264E-84  0.4000E+01
 -90.714  0.8264E-84  0.4000E+01
 -90.704  0.8264E-84  0.4000E+01
 -90.694  0.8264E-84  0.4000E+01
 -90.684  0.8264E-84  0.4000E+01
 -90.674  0.8264E-84  0.4000E+01
 -90.664  0.8264E-84  0.4000E+01
 -90.654  0.8264E-84  0.4000E+01
 -90.644  0.8264E-84  0.4000E+01
 -90.634  0.8264E-84  0.4000E+01
 -90.624  0.8264E-84  0.4000E+01
 -90.614  0.8264E-84  0.4000E+01
 -90.604  0.8264E-84  0.4000E+01
 -90.594  0.8264E-84  0.4000E+01
 -90.584  0.8264E-84  0.4000E+01
 -90.574  0.8264E-84  0.4000E+01
 -90.564  0.8264E-84  0.4000E+01
 -90.554  0.8264E-84  0.4000E+01
 -90.544  0.8264E-84  0.4000E+01
 -90.534  0.8264E-84  0.4000E+01
 -90.524  0.8264E-84  0.4000E+01
 -90.514  0.8264E-84  0.4000E+01
 -90.504  0.8264E-84  0.4000E+01
 -90.494  0.8264E-84  0.4000E+01
 -90.484  0.8264E-84  0.4000E+01
 -90.474  0.8264E-84  0.4000E+01
 -90.464  0.8264E-84  0.4000E+01
 -90.454  0.8264E-84  0.4000E+01
 -90.444  0.8264E-84  0.4000E+01
 -90.434  0.8264E-84  0.4000E+01
 -90.424  0.8264E-84  0.4000E+01
 -90.414  0.8264E-84  0.4000E+01
 -90.404  0.8264E-84  0.4000E+01
 -90.394  0.8264E-84  0.4000E+01
 -90.384  0.8264E-84  0.4000E+01
 -90.374  0.8264E-84  0.4000E+01
 -90.364  0.8264E-84  0.4000E+01
 -90.354  0.8264E-84  0.4000E+01
 -90.344  0.8264E-84  0.4000E+01
 -90.334  0.8264E-84  0.4000E+01
 -90.324  0.8264E-84  0.4000E+01
 -90.314  0.8264E-84  0.4000E+01
 -90.304  0.8264E-84  0.4000E+01
 -90.294  0.8264E-84  0.4000E+01
 -90.284  0.8264E-84  0.4000E+01
 -90.274  0.8264E-84  0.4000E+01
 -90.264  0.8264E-84  0.4000E+01
 -90.254  0.8264E-84  0.4000E+01
 -90.244  0.8264E-84  0.4000E+01
 -90.234  0.8264E-84  0.4000E+01
 -90.224  0.8264E-84  0.4000E+01
 -90.214  0.8264E-84  0.4000E+01
 -90.204  0.8264E-84  0.4000E+01
 -90.194  0.8264E-84  0.4000E+01
 -90.184  0.8264E-84  0.4000E+01
 -90.174  0.8264E-84  0.4000E+01
 -90.164  0.8264E-84  0.4000E+01
 -90.154  0.8264E-84  0.4000E+01
 -90.144  0.8264E-84  0.4000E+01
 -90.134  0.8264E-84  0.4000E+01
 -90.124  0.8264E-84  0.4000E+01
 -90.114  0.8264E-84  0.4000E+01
 -90.104  0.8264E-84  0.4000E+01
 -90.094  0.8264E-84  0.4000E+01
 -90.084  0.8264E-84  0.4000E+01
 -90.074  0.8264E-84  0.4000E+01
 -90.064  0.8264E-84  0.4000E+01
 -90.054  0.8264E-84  0.4000E+01
 -90.044  0.8264E-84  0.4000E+01
 -90.034  0.8264E-84  0.4000E+01
 -90.024  0.8264E-84  0.4000E+01
 -90.014  0.8264E-84  0.4000E+01
 -90.004  0.8264E-84  0.4000E+01
 -89.994  0.8264E-84  0.4000E+01
 -89.984  0.8264E-84  0.4000E+01
 -89.974  0.8264E-84  0.4000E+01
 -89.964  0.8264E-84  0.4000E+01
 -89.954  0.8264E-84  0.4000E+01
 -89.944  0.8264E-84  0.4000E+01
 -89.934  0.8264E-84  0.4000E+01
 -89.924  0.8264E-84  0.4000E+01
 -89.914  0.8264E-84  0.4000E+01
 -89.904  0.8264E-84  0.4000E+01
 -89.894  0.8264E-84  0.4000E+01
 -89.884  0.8264E-84  0.4000E+01
 -89.874  0.8264E-84  0.4000E+01
 -89.864  0.8264E-84  0.4000E+01
 -89.854  0.8264E-84  0.4000E+01
 -89.844  0.8264E-84  0.4000E+01
 -89.834  0.8264E-84  0.4000E+01
 -89.824  0.8264E-84  0.4000E+01
 -89.814  0.8264E-84  0.4000E+01
 -89.804  0.8264E-84  0.4000E+01
 -89.794  0.8264E-84  0.4000E+01
 -89.784  0.8264E-84  0.4000E+01
 -89.774  0.8264E-84  0.4000E+01
 -89.764  0.8264E-84  0.4000E+01
 -89.754  0.8264E-84  0.4000E+01
 -89.744  0.8264E-84  0.4000E+01
 -89.734  0.8264E-84  0.4000E+01
 -89.724  0.8264E-84  0.4000E+01
 -89.714  0.8264E-84  0.4000E+01
 -89.704  0.8264E-84  0.4000E+01
 -89.694  0.8264E-84  0.4000E+01
 -89.684  0.8264E-84  0.4000E+01
 -89.674  0.8264E-84  0.4000E+01
 -89.664  0.8264E-84  0.4000E+01
 -89.654  0.8264E-84  0.4000E+01
 -89.644  0.8264E-84  0.4000E+01
 -89.634  0.8264E-84  0.4000E+01
 -89.624  0.8264E-84  0.4000E+01
 -89.614  0.8264E-84  0.4000E+01
 -89.604  0.8264E-84  0.4000E+01
 -89.594  0.8264E-84  0.4000E+01
 -89.584  0.8264E-84  0.4000E+01
 -89.574  0.8264E-84  0.4000E+01
 -89.564  0.8264E-84  0.4000E+01
 -89.554  0.8264E-84  0.4000E+01
 -89.544  0.8264E-84  0.4000E+01
 -89.534  0.8264E-84  0.4000E+01
 -89.524  0.8264E-84  0.4000E+01
 -89.514  0.8264E-84  0.4000E+01
 -89.504  0.8264E-84  0.4000E+01
 -89.494  0.8264E-84  0.4000E+01
 -89.484  0.8264E-84  0.4000E+01
 -89.474  0.8264E-84  0.4000E+01
 -89.464  0.8264E-84  0.4000E+01
 -89.454  0.8264E-84  0.4000E+01
 -89.444  0.8264E-84  0.4000E+01
 -89.434  0.8264E-84  0.4000E+01
 -89.424  0.8264E-84  0.4000E+01
 -89.414  0.8264E-84  0.4000E+01
 -89.404  0.8264E-84  0.4000E+01
 -89.394  0.8264E-84  0.4000E+01
 -89.384  0.8264E-84  0.4000E+01
 -89.374  0.8264E-84  0.4000E+01
 -89.364  0.8264E-84  0.4000E+01
 -89.354  0.8264E-84  0.4000E+01
 -89.344  0.8264E-84  0.4000E+01
 -89.334  0.8264E-84  0.4000E+01
 -89.324  0.8264E-84  0.4000E+01
 -89.314  0.8264E-84  0.4000E+01
 -89.304  0.8264E-84  0.4000E+01
 -89.294  0.8264E-84  0.4000E+01
 -89.284  0.8264E-84  0.4000E+01
 -89.274  0.8264E-84  0.4000E+01
 -89.264  0.8264E-84  0.4000E+01
 -89.254  0.8264E-84  0.4000E+01
 -89.244  0.8264E-84  0.4000E+01
 -89.234  0.8264E-84  0.4000E+01
 -89.224  0.8264E-84  0.4000E+01
 -89.214  0.8264E-84  0.4000E+01
 -89.204  0.8264E-84  0.4000E+01
 -89.194  0.8264E-84  0.4000E+01
 -89.184  0.8264E-84  0.4000E+01
 -89.174  0.8264E-84  0.4000E+01
 -89.164  0.8264E-84  0.4000E+01
 -89.154  0.8264E-84  0.4000E+01
 -89.144  0.8264E-84  0.4000E+01
 -89.134  0.8264E-84  0.4000E+01
 -89.124  0.8264E-84  0.4000E+01
 -89.114  0.8264E-84  0.4000E+01
 -89.104  0.8264E-84  0.4000E+01
 -89.094  0.8264E-84  0.4000E+01
 -89.084  0.8264E-84  0.4000E+01
 -89.074  0.8264E-84  0.4000E+01
 -89.064  0.8264E-84  0.4000E+01
 -89.054  0.8264E-84  0.4000E+01
 -89.044  0.8264E-84  0.4000E+01
 -89.034  0.8264E-84  0.4000E+01
 -89.024  0.8264E-84  0.4000E+01
 -89.014  0.8264E-84  0.4000E+01
 -89.004  0.8264E-84  0.4000E+01
 -88.994  0.8264E-84  0.4000E+01
 -88.984  0.8264E-84  0.4000E+01
 -88.974  0.8264E-84  0.4000E+01
 -88.964  0.8264E-84  0.4000E+01
 -88.954  0.8264E-84  0.4000E+01
 -88.944  0.8264E-84  0.4000E+01
 -88.934  0.8264E-84  0.4000E+01
 -88.924  0.8264E-84  0.4000E+01
 -88.914  0.8264E-84  0.4000E+01
 -88.904  0.8264E-84  0.4000E+01
 -88.894  0.8264E-84  0.4000E+01
 -88.884  0.8264E-84  0.4000E+01
 -88.874  0.8264E-84  0.4000E+01
 -88.864  0.8264E-84  0.4000E+01
 -88.854  0.8264E-84  0.4000E+01
 -88.844  0.8264E-84  0.4000E+01
 -88.834  0.8264E-84  0.4000E+01
 -88.824  0.8264E-84  0.4000E+01
 -88.814  0.8264E-84  0.4000E+01
 -88.804  0.8264E-84  0.4000E+01
 -88.794  0.8264E-84  0.4000E+01
 -88.784  0.8264E-84  0.4000E+01
 -88.774  0.8264E-84  0.4000E+01
 -88.764  0.8264E-84  0.4000E+01
 -88.754  0.8264E-84  0.4000E+01
 -88.744  0.8264E-84  0.4000E+01
 -88.734  0.8264E-84  0.4000E+01
 -88.724  0.8264E-84  0.4000E+01
 -88.714  0.8264E-84  0.4000E+01
 -88.704  0.8264E-84  0.4000E+01
 -88.694  0.8264E-84  0.4000E+01
 -88.684  0.8264E-84  0.4000E+01
 -88.674  0.8264E-84  0.4000E+01
 -88.664  0.8264E-84  0.4000E+01
 -88.654  0.8264E-84  0.4000E+01
 -88.644  0.8264E-84  0.4000E+01
 -88.634  0.8264E-84  0.4000E+01
 -88.624  0.8264E-84  0.4000E+01
 -88.614  0.8264E-84  0.4000E+01
 -88.604  0.8264E-84  0.4000E+01
 -88.594  0.8264E-84  0.4000E+01
 -88.584  0.8264E-84  0.4000E+01
 -88.574  0.8264E-84  0.4000E+01
 -88.564  0.8264E-84  0.4000E+01
 -88.554  0.8264E-84  0.4000E+01
 -88.544  0.8264E-84  0.4000E+01
 -88.534  0.8264E-84  0.4000E+01
 -88.524  0.8264E-84  0.4000E+01
 -88.514  0.8264E-84  0.4000E+01
 -88.504  0.8264E-84  0.4000E+01
 -88.494  0.8264E-84  0.4000E+01
 -88.484  0.8264E-84  0.4000E+01
 -88.474  0.8264E-84  0.4000E+01
 -88.464  0.8264E-84  0.4000E+01
 -88.454  0.8264E-84  0.4000E+01
 -88.444  0.8264E-84  0.4000E+01
 -88.434  0.8264E-84  0.4000E+01
 -88.424  0.8264E-84  0.4000E+01
 -88.414  0.8264E-84  0.4000E+01
 -88.404  0.8264E-84  0.4000E+01
 -88.394  0.8264E-84  0.4000E+01
 -88.384  0.8264E-84  0.4000E+01
 -88.374  0.8264E-84  0.4000E+01
 -88.364  0.8264E-84  0.4000E+01
 -88.354  0.8264E-84  0.4000E+01
 -88.344  0.8264E-84  0.4000E+01
 -88.334  0.8264E-84  0.4000E+01
 -88.324  0.8264E-84  0.4000E+01
 -88.314  0.8264E-84  0.4000E+01
 -88.304  0.8264E-84  0.4000E+01
 -88.294  0.8264E-84  0.4000E+01
 -88.284  0.8264E-84  0.4000E+01
 -88.274  0.8264E-84  0.4000E+01
 -88.264  0.8264E-84  0.4000E+01
 -88.254  0.8264E-84  0.4000E+01
 -88.244  0.8264E-84  0.4000E+01
 -88.234  0.8264E-84  0.4000E+01
 -88.224  0.8264E-84  0.4000E+01
 -88.214  0.8264E-84  0.4000E+01
 -88.204  0.8264E-84  0.4000E+01
 -88.194  0.8264E-84  0.4000E+01
 -88.184  0.8264E-84  0.4000E+01
 -88.174  0.8264E-84  0.4000E+01
 -88.164  0.8264E-84  0.4000E+01
 -88.154  0.8264E-84  0.4000E+01
 -88.144  0.8264E-84  0.4000E+01
 -88.134  0.8264E-84  0.4000E+01
 -88.124  0.8264E-84  0.4000E+01
 -88.114  0.8264E-84  0.4000E+01
 -88.104  0.8264E-84  0.4000E+01
 -88.094  0.8264E-84  0.4000E+01
 -88.084  0.8264E-84  0.4000E+01
 -88.074  0.8264E-84  0.4000E+01
 -88.064  0.8264E-84  0.4000E+01
 -88.054  0.8264E-84  0.4000E+01
 -88.044  0.8264E-84  0.4000E+01
 -88.034  0.8264E-84  0.4000E+01
 -88.024  0.8264E-84  0.4000E+01
 -88.014  0.8264E-84  0.4000E+01
 -88.004  0.8264E-84  0.4000E+01
 -87.994  0.8264E-84  0.4000E+01
 -87.984  0.8264E-84  0.4000E+01
 -87.974  0.8264E-84  0.4000E+01
 -87.964  0.8264E-84  0.4000E+01
 -87.954  0.8264E-84  0.4000E+01
 -87.944  0.8264E-84  0.4000E+01
 -87.934  0.8264E-84  0.4000E+01
 -87.924  0.8264E-84  0.4000E+01
 -87.914  0.8264E-84  0.4000E+01
 -87.904  0.8264E-84  0.4000E+01
 -87.894  0.8264E-84  0.4000E+01
 -87.884  0.8264E-84  0.4000E+01
 -87.874  0.8264E-84  0.4000E+01
 -87.864  0.8264E-84  0.4000E+01
 -87.854  0.8264E-84  0.4000E+01
 -87.844  0.8264E-84  0.4000E+01
 -87.834  0.8264E-84  0.4000E+01
 -87.824  0.8264E-84  0.4000E+01
 -87.814  0.8264E-84  0.4000E+01
 -87.804  0.8264E-84  0.4000E+01
 -87.794  0.8264E-84  0.4000E+01
 -87.784  0.8264E-84  0.4000E+01
 -87.774  0.8264E-84  0.4000E+01
 -87.764  0.8264E-84  0.4000E+01
 -87.754  0.8264E-84  0.4000E+01
 -87.744  0.8264E-84  0.4000E+01
 -87.734  0.8264E-84  0.4000E+01
 -87.724  0.8264E-84  0.4000E+01
 -87.714  0.8264E-84  0.4000E+01
 -87.704  0.8264E-84  0.4000E+01
 -87.694  0.8264E-84  0.4000E+01
 -87.684  0.8264E-84  0.4000E+01
 -87.674  0.8264E-84  0.4000E+01
 -87.664  0.8264E-84  0.4000E+01
 -87.654  0.8264E-84  0.4000E+01
 -87.644  0.8264E-84  0.4000E+01
 -87.634  0.8264E-84  0.4000E+01
 -87.624  0.8264E-84  0.4000E+01
 -87.614  0.8264E-84  0.4000E+01
 -87.604  0.8264E-84  0.4000E+01
 -87.594  0.8264E-84  0.4000E+01
 -87.584  0.8264E-84  0.4000E+01
 -87.574  0.8264E-84  0.4000E+01
 -87.564  0.8264E-84  0.4000E+01
 -87.554  0.8264E-84  0.4000E+01
 -87.544  0.8264E-84  0.4000E+01
 -87.534  0.8264E-84  0.4000E+01
 -87.524  0.8264E-84  0.4000E+01
 -87.514  0.8264E-84  0.4000E+01
 -87.504  0.8264E-84  0.4000E+01
 -87.494  0.8264E-84  0.4000E+01
 -87.484  0.8264E-84  0.4000E+01
 -87.474  0.8264E-84  0.4000E+01
 -87.464  0.8264E-84  0.4000E+01
 -87.454  0.8264E-84  0.4000E+01
 -87.444  0.8264E-84  0.4000E+01
 -87.434  0.8264E-84  0.4000E+01
 -87.424  0.8264E-84  0.4000E+01
 -87.414  0.8264E-84  0.4000E+01
 -87.404  0.8264E-84  0.4000E+01
 -87.394  0.8264E-84  0.4000E+01
 -87.384  0.8264E-84  0.4000E+01
 -87.374  0.8264E-84  0.4000E+01
 -87.364  0.8264E-84  0.4000E+01
 -87.354  0.8264E-84  0.4000E+01
 -87.344  0.8264E-84  0.4000E+01
 -87.334  0.8264E-84  0.4000E+01
 -87.324  0.8264E-84  0.4000E+01
 -87.314  0.8264E-84  0.4000E+01
 -87.304  0.8264E-84  0.4000E+01
 -87.294  0.8264E-84  0.4000E+01
 -87.284  0.8264E-84  0.4000E+01
 -87.274  0.8264E-84  0.4000E+01
 -87.264  0.8264E-84  0.4000E+01
 -87.254  0.8264E-84  0.4000E+01
 -87.244  0.8264E-84  0.4000E+01
 -87.234  0.8264E-84  0.4000E+01
 -87.224  0.8264E-84  0.4000E+01
 -87.214  0.8264E-84  0.4000E+01
 -87.204  0.8264E-84  0.4000E+01
 -87.194  0.8264E-84  0.4000E+01
 -87.184  0.8264E-84  0.4000E+01
 -87.174  0.8264E-84  0.4000E+01
 -87.164  0.8264E-84  0.4000E+01
 -87.154  0.8264E-84  0.4000E+01
 -87.144  0.8264E-84  0.4000E+01
 -87.134  0.8264E-84  0.4000E+01
 -87.124  0.8264E-84  0.4000E+01
 -87.114  0.8264E-84  0.4000E+01
 -87.104  0.8264E-84  0.4000E+01
 -87.094  0.8264E-84  0.4000E+01
 -87.084  0.8264E-84  0.4000E+01
 -87.074  0.8264E-84  0.4000E+01
 -87.064  0.8264E-84  0.4000E+01
 -87.054  0.8264E-84  0.4000E+01
 -87.044  0.8264E-84  0.4000E+01
 -87.034  0.8264E-84  0.4000E+01
 -87.024  0.8264E-84  0.4000E+01
 -87.014  0.8264E-84  0.4000E+01
 -87.004  0.8264E-84  0.4000E+01
 -86.994  0.8264E-84  0.4000E+01
 -86.984  0.8264E-84  0.4000E+01
 -86.974  0.8264E-84  0.4000E+01
 -86.964  0.8264E-84  0.4000E+01
 -86.954  0.8264E-84  0.4000E+01
 -86.944  0.8264E-84  0.4000E+01
 -86.934  0.8264E-84  0.4000E+01
 -86.924  0.8264E-84  0.4000E+01
 -86.914  0.8264E-84  0.4000E+01
 -86.904  0.8264E-84  0.4000E+01
 -86.894  0.8264E-84  0.4000E+01
 -86.884  0.8264E-84  0.4000E+01
 -86.874  0.8264E-84  0.4000E+01
 -86.864  0.8264E-84  0.4000E+01
 -86.854  0.8264E-84  0.4000E+01
 -86.844  0.8264E-84  0.4000E+01
 -86.834  0.8264E-84  0.4000E+01
 -86.824  0.8264E-84  0.4000E+01
 -86.814  0.8264E-84  0.4000E+01
 -86.804  0.8264E-84  0.4000E+01
 -86.794  0.8264E-84  0.4000E+01
 -86.784  0.8264E-84  0.4000E+01
 -86.774  0.8264E-84  0.4000E+01
 -86.764  0.8264E-84  0.4000E+01
 -86.754  0.8264E-84  0.4000E+01
 -86.744  0.8264E-84  0.4000E+01
 -86.734  0.8264E-84  0.4000E+01
 -86.724  0.8264E-84  0.4000E+01
 -86.714  0.8264E-84  0.4000E+01
 -86.704  0.8264E-84  0.4000E+01
 -86.694  0.8264E-84  0.4000E+01
 -86.684  0.8264E-84  0.4000E+01
 -86.674  0.8264E-84  0.4000E+01
 -86.664  0.8264E-84  0.4000E+01
 -86.654  0.8264E-84  0.4000E+01
 -86.644  0.8264E-84  0.4000E+01
 -86.634  0.8264E-84  0.4000E+01
 -86.624  0.8264E-84  0.4000E+01
 -86.614  0.8264E-84  0.4000E+01
 -86.604  0.8264E-84  0.4000E+01
 -86.594  0.8264E-84  0.4000E+01
 -86.584  0.8264E-84  0.4000E+01
 -86.574  0.8264E-84  0.4000E+01
 -86.564  0.8264E-84  0.4000E+01
 -86.554  0.8264E-84  0.4000E+01
 -86.544  0.8264E-84  0.4000E+01
 -86.534  0.8264E-84  0.4000E+01
 -86.524  0.8264E-84  0.4000E+01
 -86.514  0.8264E-84  0.4000E+01
 -86.504  0.8264E-84  0.4000E+01
 -86.494  0.8264E-84  0.4000E+01
 -86.484  0.8264E-84  0.4000E+01
 -86.474  0.8264E-84  0.4000E+01
 -86.464  0.8264E-84  0.4000E+01
 -86.454  0.8264E-84  0.4000E+01
 -86.444  0.8264E-84  0.4000E+01
 -86.434  0.8264E-84  0.4000E+01
 -86.424  0.8264E-84  0.4000E+01
 -86.414  0.8264E-84  0.4000E+01
 -86.404  0.8264E-84  0.4000E+01
 -86.394  0.8264E-84  0.4000E+01
 -86.384  0.8264E-84  0.4000E+01
 -86.374  0.8264E-84  0.4000E+01
 -86.364  0.8264E-84  0.4000E+01
 -86.354  0.8264E-84  0.4000E+01
 -86.344  0.8264E-84  0.4000E+01
 -86.334  0.8264E-84  0.4000E+01
 -86.324  0.8264E-84  0.4000E+01
 -86.314  0.8264E-84  0.4000E+01
 -86.304  0.8264E-84  0.4000E+01
 -86.294  0.8264E-84  0.4000E+01
 -86.284  0.8264E-84  0.4000E+01
 -86.274  0.8264E-84  0.4000E+01
 -86.264  0.8264E-84  0.4000E+01
 -86.254  0.8264E-84  0.4000E+01
 -86.244  0.8264E-84  0.4000E+01
 -86.234  0.8264E-84  0.4000E+01
 -86.224  0.8264E-84  0.4000E+01
 -86.214  0.8264E-84  0.4000E+01
 -86.204  0.8264E-84  0.4000E+01
 -86.194  0.8264E-84  0.4000E+01
 -86.184  0.8264E-84  0.4000E+01
 -86.174  0.8264E-84  0.4000E+01
 -86.164  0.8264E-84  0.4000E+01
 -86.154  0.8264E-84  0.4000E+01
 -86.144  0.8264E-84  0.4000E+01
 -86.134  0.8264E-84  0.4000E+01
 -86.124  0.8264E-84  0.4000E+01
 -86.114  0.8264E-84  0.4000E+01
 -86.104  0.8264E-84  0.4000E+01
 -86.094  0.8264E-84  0.4000E+01
 -86.084  0.8264E-84  0.4000E+01
 -86.074  0.8264E-84  0.4000E+01
 -86.064  0.8264E-84  0.4000E+01
 -86.054  0.8264E-84  0.4000E+01
 -86.044  0.8264E-84  0.4000E+01
 -86.034  0.8264E-84  0.4000E+01
 -86.024  0.8264E-84  0.4000E+01
 -86.014  0.8264E-84  0.4000E+01
 -86.004  0.8264E-84  0.4000E+01
 -85.994  0.8264E-84  0.4000E+01
 -85.984  0.8264E-84  0.4000E+01
 -85.974  0.8264E-84  0.4000E+01
 -85.964  0.8264E-84  0.4000E+01
 -85.954  0.8264E-84  0.4000E+01
 -85.944  0.8264E-84  0.4000E+01
 -85.934  0.8264E-84  0.4000E+01
 -85.924  0.8264E-84  0.4000E+01
 -85.914  0.8264E-84  0.4000E+01
 -85.904  0.8264E-84  0.4000E+01
 -85.894  0.8264E-84  0.4000E+01
 -85.884  0.8264E-84  0.4000E+01
 -85.874  0.8264E-84  0.4000E+01
 -85.864  0.8264E-84  0.4000E+01
 -85.854  0.8264E-84  0.4000E+01
 -85.844  0.8264E-84  0.4000E+01
 -85.834  0.8264E-84  0.4000E+01
 -85.824  0.8264E-84  0.4000E+01
 -85.814  0.8264E-84  0.4000E+01
 -85.804  0.8264E-84  0.4000E+01
 -85.794  0.8264E-84  0.4000E+01
 -85.784  0.8264E-84  0.4000E+01
 -85.774  0.8264E-84  0.4000E+01
 -85.764  0.8264E-84  0.4000E+01
 -85.754  0.8264E-84  0.4000E+01
 -85.744  0.8264E-84  0.4000E+01
 -85.734  0.8264E-84  0.4000E+01
 -85.724  0.8264E-84  0.4000E+01
 -85.714  0.8264E-84  0.4000E+01
 -85.704  0.8264E-84  0.4000E+01
 -85.694  0.8264E-84  0.4000E+01
 -85.684  0.8264E-84  0.4000E+01
 -85.674  0.8264E-84  0.4000E+01
 -85.664  0.8264E-84  0.4000E+01
 -85.654  0.8264E-84  0.4000E+01
 -85.644  0.8264E-84  0.4000E+01
 -85.634  0.8264E-84  0.4000E+01
 -85.624  0.8264E-84  0.4000E+01
 -85.614  0.8264E-84  0.4000E+01
 -85.604  0.8264E-84  0.4000E+01
 -85.594  0.8264E-84  0.4000E+01
 -85.584  0.8264E-84  0.4000E+01
 -85.574  0.8264E-84  0.4000E+01
 -85.564  0.8264E-84  0.4000E+01
 -85.554  0.8264E-84  0.4000E+01
 -85.544  0.8264E-84  0.4000E+01
 -85.534  0.8264E-84  0.4000E+01
 -85.524  0.8264E-84  0.4000E+01
 -85.514  0.8264E-84  0.4000E+01
 -85.504  0.8264E-84  0.4000E+01
 -85.494  0.8264E-84  0.4000E+01
 -85.484  0.8264E-84  0.4000E+01
 -85.474  0.8264E-84  0.4000E+01
 -85.464  0.8264E-84  0.4000E+01
 -85.454  0.8264E-84  0.4000E+01
 -85.444  0.8264E-84  0.4000E+01
 -85.434  0.8264E-84  0.4000E+01
 -85.424  0.8264E-84  0.4000E+01
 -85.414  0.8264E-84  0.4000E+01
 -85.404  0.8264E-84  0.4000E+01
 -85.394  0.8264E-84  0.4000E+01
 -85.384  0.8264E-84  0.4000E+01
 -85.374  0.8264E-84  0.4000E+01
 -85.364  0.8264E-84  0.4000E+01
 -85.354  0.8264E-84  0.4000E+01
 -85.344  0.8264E-84  0.4000E+01
 -85.334  0.8264E-84  0.4000E+01
 -85.324  0.8264E-84  0.4000E+01
 -85.314  0.8264E-84  0.4000E+01
 -85.304  0.8264E-84  0.4000E+01
 -85.294  0.8264E-84  0.4000E+01
 -85.284  0.8264E-84  0.4000E+01
 -85.274  0.8264E-84  0.4000E+01
 -85.264  0.8264E-84  0.4000E+01
 -85.254  0.8264E-84  0.4000E+01
 -85.244  0.8264E-84  0.4000E+01
 -85.234  0.8264E-84  0.4000E+01
 -85.224  0.8264E-84  0.4000E+01
 -85.214  0.8264E-84  0.4000E+01
 -85.204  0.8264E-84  0.4000E+01
 -85.194  0.8264E-84  0.4000E+01
 -85.184  0.8264E-84  0.4000E+01
 -85.174  0.8264E-84  0.4000E+01
 -85.164  0.8264E-84  0.4000E+01
 -85.154  0.8264E-84  0.4000E+01
 -85.144  0.8264E-84  0.4000E+01
 -85.134  0.8264E-84  0.4000E+01
 -85.124  0.8264E-84  0.4000E+01
 -85.114  0.8264E-84  0.4000E+01
 -85.104  0.8264E-84  0.4000E+01
 -85.094  0.8264E-84  0.4000E+01
 -85.084  0.8264E-84  0.4000E+01
 -85.074  0.8264E-84  0.4000E+01
 -85.064  0.8264E-84  0.4000E+01
 -85.054  0.8264E-84  0.4000E+01
 -85.044  0.8264E-84  0.4000E+01
 -85.034  0.8264E-84  0.4000E+01
 -85.024  0.8264E-84  0.4000E+01
 -85.014  0.8264E-84  0.4000E+01
 -85.004  0.8264E-84  0.4000E+01
 -84.994  0.8264E-84  0.4000E+01
 -84.984  0.8264E-84  0.4000E+01
 -84.974  0.8264E-84  0.4000E+01
 -84.964  0.8264E-84  0.4000E+01
 -84.954  0.8264E-84  0.4000E+01
 -84.944  0.8264E-84  0.4000E+01
 -84.934  0.8264E-84  0.4000E+01
 -84.924  0.8264E-84  0.4000E+01
 -84.914  0.8264E-84  0.4000E+01
 -84.904  0.8264E-84  0.4000E+01
 -84.894  0.8264E-84  0.4000E+01
 -84.884  0.8264E-84  0.4000E+01
 -84.874  0.8264E-84  0.4000E+01
 -84.864  0.8264E-84  0.4000E+01
 -84.854  0.8264E-84  0.4000E+01
 -84.844  0.8264E-84  0.4000E+01
 -84.834  0.8264E-84  0.4000E+01
 -84.824  0.8264E-84  0.4000E+01
 -84.814  0.8264E-84  0.4000E+01
 -84.804  0.8264E-84  0.4000E+01
 -84.794  0.8264E-84  0.4000E+01
 -84.784  0.8264E-84  0.4000E+01
 -84.774  0.8264E-84  0.4000E+01
 -84.764  0.8264E-84  0.4000E+01
 -84.754  0.8264E-84  0.4000E+01
 -84.744  0.8264E-84  0.4000E+01
 -84.734  0.8264E-84  0.4000E+01
 -84.724  0.8264E-84  0.4000E+01
 -84.714  0.8264E-84  0.4000E+01
 -84.704  0.8264E-84  0.4000E+01
 -84.694  0.8264E-84  0.4000E+01
 -84.684  0.8264E-84  0.4000E+01
 -84.674  0.8264E-84  0.4000E+01
 -84.664  0.8264E-84  0.4000E+01
 -84.654  0.8264E-84  0.4000E+01
 -84.644  0.8264E-84  0.4000E+01
 -84.634  0.8264E-84  0.4000E+01
 -84.624  0.8264E-84  0.4000E+01
 -84.614  0.8264E-84  0.4000E+01
 -84.604  0.8264E-84  0.4000E+01
 -84.594  0.8264E-84  0.4000E+01
 -84.584  0.8264E-84  0.4000E+01
 -84.574  0.8264E-84  0.4000E+01
 -84.564  0.8264E-84  0.4000E+01
 -84.554  0.8264E-84  0.4000E+01
 -84.544  0.8264E-84  0.4000E+01
 -84.534  0.8264E-84  0.4000E+01
 -84.524  0.8264E-84  0.4000E+01
 -84.514  0.8264E-84  0.4000E+01
 -84.504  0.8264E-84  0.4000E+01
 -84.494  0.8264E-84  0.4000E+01
 -84.484  0.8264E-84  0.4000E+01
 -84.474  0.8264E-84  0.4000E+01
 -84.464  0.8264E-84  0.4000E+01
 -84.454  0.8264E-84  0.4000E+01
 -84.444  0.8264E-84  0.4000E+01
 -84.434  0.8264E-84  0.4000E+01
 -84.424  0.8264E-84  0.4000E+01
 -84.414  0.8264E-84  0.4000E+01
 -84.404  0.8264E-84  0.4000E+01
 -84.394  0.8264E-84  0.4000E+01
 -84.384  0.8264E-84  0.4000E+01
 -84.374  0.8264E-84  0.4000E+01
 -84.364  0.8264E-84  0.4000E+01
 -84.354  0.8264E-84  0.4000E+01
 -84.344  0.8264E-84  0.4000E+01
 -84.334  0.8264E-84  0.4000E+01
 -84.324  0.8264E-84  0.4000E+01
 -84.314  0.8264E-84  0.4000E+01
 -84.304  0.8264E-84  0.4000E+01
 -84.294  0.8264E-84  0.4000E+01
 -84.284  0.8264E-84  0.4000E+01
 -84.274  0.8264E-84  0.4000E+01
 -84.264  0.8264E-84  0.4000E+01
 -84.254  0.8264E-84  0.4000E+01
 -84.244  0.8264E-84  0.4000E+01
 -84.234  0.8264E-84  0.4000E+01
 -84.224  0.8264E-84  0.4000E+01
 -84.214  0.8264E-84  0.4000E+01
 -84.204  0.8264E-84  0.4000E+01
 -84.194  0.8264E-84  0.4000E+01
 -84.184  0.8264E-84  0.4000E+01
 -84.174  0.8264E-84  0.4000E+01
 -84.164  0.8264E-84  0.4000E+01
 -84.154  0.8264E-84  0.4000E+01
 -84.144  0.8264E-84  0.4000E+01
 -84.134  0.8264E-84  0.4000E+01
 -84.124  0.8264E-84  0.4000E+01
 -84.114  0.8264E-84  0.4000E+01
 -84.104  0.8264E-84  0.4000E+01
 -84.094  0.8264E-84  0.4000E+01
 -84.084  0.8264E-84  0.4000E+01
 -84.074  0.8264E-84  0.4000E+01
 -84.064  0.8264E-84  0.4000E+01
 -84.054  0.8264E-84  0.4000E+01
 -84.044  0.8264E-84  0.4000E+01
 -84.034  0.8264E-84  0.4000E+01
 -84.024  0.8264E-84  0.4000E+01
 -84.014  0.8264E-84  0.4000E+01
 -84.004  0.8264E-84  0.4000E+01
 -83.994  0.8264E-84  0.4000E+01
 -83.984  0.8264E-84  0.4000E+01
 -83.974  0.8264E-84  0.4000E+01
 -83.964  0.8264E-84  0.4000E+01
 -83.954  0.8264E-84  0.4000E+01
 -83.944  0.8264E-84  0.4000E+01
 -83.934  0.8264E-84  0.4000E+01
 -83.924  0.8264E-84  0.4000E+01
 -83.914  0.8264E-84  0.4000E+01
 -83.904  0.8264E-84  0.4000E+01
 -83.894  0.8264E-84  0.4000E+01
 -83.884  0.8264E-84  0.4000E+01
 -83.874  0.8264E-84  0.4000E+01
 -83.864  0.8264E-84  0.4000E+01
 -83.854  0.8264E-84  0.4000E+01
 -83.844  0.8264E-84  0.4000E+01
 -83.834  0.8264E-84  0.4000E+01
 -83.824  0.8264E-84  0.4000E+01
 -83.814  0.8264E-84  0.4000E+01
 -83.804  0.8264E-84  0.4000E+01
 -83.794  0.8264E-84  0.4000E+01
 -83.784  0.8264E-84  0.4000E+01
 -83.774  0.8264E-84  0.4000E+01
 -83.764  0.8264E-84  0.4000E+01
 -83.754  0.8264E-84  0.4000E+01
 -83.744  0.8264E-84  0.4000E+01
 -83.734  0.8264E-84  0.4000E+01
 -83.724  0.8264E-84  0.4000E+01
 -83.714  0.8264E-84  0.4000E+01
 -83.704  0.8264E-84  0.4000E+01
 -83.694  0.8264E-84  0.4000E+01
 -83.684  0.8264E-84  0.4000E+01
 -83.674  0.8264E-84  0.4000E+01
 -83.664  0.8264E-84  0.4000E+01
 -83.654  0.8264E-84  0.4000E+01
 -83.644  0.8264E-84  0.4000E+01
 -83.634  0.8264E-84  0.4000E+01
 -83.624  0.8264E-84  0.4000E+01
 -83.614  0.8264E-84  0.4000E+01
 -83.604  0.8264E-84  0.4000E+01
 -83.594  0.8264E-84  0.4000E+01
 -83.584  0.8264E-84  0.4000E+01
 -83.574  0.8264E-84  0.4000E+01
 -83.564  0.8264E-84  0.4000E+01
 -83.554  0.8264E-84  0.4000E+01
 -83.544  0.8264E-84  0.4000E+01
 -83.534  0.8264E-84  0.4000E+01
 -83.524  0.8264E-84  0.4000E+01
 -83.514  0.8264E-84  0.4000E+01
 -83.504  0.8264E-84  0.4000E+01
 -83.494  0.8264E-84  0.4000E+01
 -83.484  0.8264E-84  0.4000E+01
 -83.474  0.8264E-84  0.4000E+01
 -83.464  0.8264E-84  0.4000E+01
 -83.454  0.8264E-84  0.4000E+01
 -83.444  0.8264E-84  0.4000E+01
 -83.434  0.8264E-84  0.4000E+01
 -83.424  0.8264E-84  0.4000E+01
 -83.414  0.8264E-84  0.4000E+01
 -83.404  0.8264E-84  0.4000E+01
 -83.394  0.8264E-84  0.4000E+01
 -83.384  0.8264E-84  0.4000E+01
 -83.374  0.8264E-84  0.4000E+01
 -83.364  0.8264E-84  0.4000E+01
 -83.354  0.8264E-84  0.4000E+01
 -83.344  0.8264E-84  0.4000E+01
 -83.334  0.8264E-84  0.4000E+01
 -83.324  0.8264E-84  0.4000E+01
 -83.314  0.8264E-84  0.4000E+01
 -83.304  0.8264E-84  0.4000E+01
 -83.294  0.8264E-84  0.4000E+01
 -83.284  0.8264E-84  0.4000E+01
 -83.274  0.8264E-84  0.4000E+01
 -83.264  0.8264E-84  0.4000E+01
 -83.254  0.8264E-84  0.4000E+01
 -83.244  0.8264E-84  0.4000E+01
 -83.234  0.8264E-84  0.4000E+01
 -83.224  0.8264E-84  0.4000E+01
 -83.214  0.8264E-84  0.4000E+01
 -83.204  0.8264E-84  0.4000E+01
 -83.194  0.8264E-84  0.4000E+01
 -83.184  0.8264E-84  0.4000E+01
 -83.174  0.8264E-84  0.4000E+01
 -83.164  0.8264E-84  0.4000E+01
 -83.154  0.8264E-84  0.4000E+01
 -83.144  0.8264E-84  0.4000E+01
 -83.134  0.8264E-84  0.4000E+01
 -83.124  0.8264E-84  0.4000E+01
 -83.114  0.8264E-84  0.4000E+01
 -83.104  0.8264E-84  0.4000E+01
 -83.094  0.8264E-84  0.4000E+01
 -83.084  0.8264E-84  0.4000E+01
 -83.074  0.8264E-84  0.4000E+01
 -83.064  0.8264E-84  0.4000E+01
 -83.054  0.8264E-84  0.4000E+01
 -83.044  0.8264E-84  0.4000E+01
 -83.034  0.8264E-84  0.4000E+01
 -83.024  0.8264E-84  0.4000E+01
 -83.014  0.8264E-84  0.4000E+01
 -83.004  0.8264E-84  0.4000E+01
 -82.994  0.8264E-84  0.4000E+01
 -82.984  0.8264E-84  0.4000E+01
 -82.974  0.8264E-84  0.4000E+01
 -82.964  0.8264E-84  0.4000E+01
 -82.954  0.8264E-84  0.4000E+01
 -82.944  0.8264E-84  0.4000E+01
 -82.934  0.8264E-84  0.4000E+01
 -82.924  0.8264E-84  0.4000E+01
 -82.914  0.8264E-84  0.4000E+01
 -82.904  0.8264E-84  0.4000E+01
 -82.894  0.8264E-84  0.4000E+01
 -82.884  0.8264E-84  0.4000E+01
 -82.874  0.8264E-84  0.4000E+01
 -82.864  0.8264E-84  0.4000E+01
 -82.854  0.8264E-84  0.4000E+01
 -82.844  0.8264E-84  0.4000E+01
 -82.834  0.8264E-84  0.4000E+01
 -82.824  0.8264E-84  0.4000E+01
 -82.814  0.8264E-84  0.4000E+01
 -82.804  0.8264E-84  0.4000E+01
 -82.794  0.8264E-84  0.4000E+01
 -82.784  0.8264E-84  0.4000E+01
 -82.774  0.8264E-84  0.4000E+01
 -82.764  0.8264E-84  0.4000E+01
 -82.754  0.8264E-84  0.4000E+01
 -82.744  0.8264E-84  0.4000E+01
 -82.734  0.8264E-84  0.4000E+01
 -82.724  0.8264E-84  0.4000E+01
 -82.714  0.8264E-84  0.4000E+01
 -82.704  0.8264E-84  0.4000E+01
 -82.694  0.8264E-84  0.4000E+01
 -82.684  0.8264E-84  0.4000E+01
 -82.674  0.8264E-84  0.4000E+01
 -82.664  0.8264E-84  0.4000E+01
 -82.654  0.8264E-84  0.4000E+01
 -82.644  0.8264E-84  0.4000E+01
 -82.634  0.8264E-84  0.4000E+01
 -82.624  0.8264E-84  0.4000E+01
 -82.614  0.8264E-84  0.4000E+01
 -82.604  0.8264E-84  0.4000E+01
 -82.594  0.8264E-84  0.4000E+01
 -82.584  0.8264E-84  0.4000E+01
 -82.574  0.8264E-84  0.4000E+01
 -82.564  0.8264E-84  0.4000E+01
 -82.554  0.8264E-84  0.4000E+01
 -82.544  0.8264E-84  0.4000E+01
 -82.534  0.8264E-84  0.4000E+01
 -82.524  0.8264E-84  0.4000E+01
 -82.514  0.8264E-84  0.4000E+01
 -82.504  0.8264E-84  0.4000E+01
 -82.494  0.8264E-84  0.4000E+01
 -82.484  0.8264E-84  0.4000E+01
 -82.474  0.8264E-84  0.4000E+01
 -82.464  0.8264E-84  0.4000E+01
 -82.454  0.8264E-84  0.4000E+01
 -82.444  0.8264E-84  0.4000E+01
 -82.434  0.8264E-84  0.4000E+01
 -82.424  0.8264E-84  0.4000E+01
 -82.414  0.8264E-84  0.4000E+01
 -82.404  0.8264E-84  0.4000E+01
 -82.394  0.8264E-84  0.4000E+01
 -82.384  0.8264E-84  0.4000E+01
 -82.374  0.8264E-84  0.4000E+01
 -82.364  0.8264E-84  0.4000E+01
 -82.354  0.8264E-84  0.4000E+01
 -82.344  0.8264E-84  0.4000E+01
 -82.334  0.8264E-84  0.4000E+01
 -82.324  0.8264E-84  0.4000E+01
 -82.314  0.8264E-84  0.4000E+01
 -82.304  0.8264E-84  0.4000E+01
 -82.294  0.8264E-84  0.4000E+01
 -82.284  0.8264E-84  0.4000E+01
 -82.274  0.8264E-84  0.4000E+01
 -82.264  0.8264E-84  0.4000E+01
 -82.254  0.8264E-84  0.4000E+01
 -82.244  0.8264E-84  0.4000E+01
 -82.234  0.8264E-84  0.4000E+01
 -82.224  0.8264E-84  0.4000E+01
 -82.214  0.8264E-84  0.4000E+01
 -82.204  0.8264E-84  0.4000E+01
 -82.194  0.8264E-84  0.4000E+01
 -82.184  0.8264E-84  0.4000E+01
 -82.174  0.8264E-84  0.4000E+01
 -82.164  0.8264E-84  0.4000E+01
 -82.154  0.8264E-84  0.4000E+01
 -82.144  0.8264E-84  0.4000E+01
 -82.134  0.8264E-84  0.4000E+01
 -82.124  0.8264E-84  0.4000E+01
 -82.114  0.8264E-84  0.4000E+01
 -82.104  0.8264E-84  0.4000E+01
 -82.094  0.8264E-84  0.4000E+01
 -82.084  0.8264E-84  0.4000E+01
 -82.074  0.8264E-84  0.4000E+01
 -82.064  0.8264E-84  0.4000E+01
 -82.054  0.8264E-84  0.4000E+01
 -82.044  0.8264E-84  0.4000E+01
 -82.034  0.8264E-84  0.4000E+01
 -82.024  0.8264E-84  0.4000E+01
 -82.014  0.8264E-84  0.4000E+01
 -82.004  0.8264E-84  0.4000E+01
 -81.994  0.8264E-84  0.4000E+01
 -81.984  0.8264E-84  0.4000E+01
 -81.974  0.8264E-84  0.4000E+01
 -81.964  0.8264E-84  0.4000E+01
 -81.954  0.8264E-84  0.4000E+01
 -81.944  0.8264E-84  0.4000E+01
 -81.934  0.8264E-84  0.4000E+01
 -81.924  0.8264E-84  0.4000E+01
 -81.914  0.8264E-84  0.4000E+01
 -81.904  0.8264E-84  0.4000E+01
 -81.894  0.8264E-84  0.4000E+01
 -81.884  0.8264E-84  0.4000E+01
 -81.874  0.8264E-84  0.4000E+01
 -81.864  0.8264E-84  0.4000E+01
 -81.854  0.8264E-84  0.4000E+01
 -81.844  0.8264E-84  0.4000E+01
 -81.834  0.8264E-84  0.4000E+01
 -81.824  0.8264E-84  0.4000E+01
 -81.814  0.8264E-84  0.4000E+01
 -81.804  0.8264E-84  0.4000E+01
 -81.794  0.8264E-84  0.4000E+01
 -81.784  0.8264E-84  0.4000E+01
 -81.774  0.8264E-84  0.4000E+01
 -81.764  0.8264E-84  0.4000E+01
 -81.754  0.8264E-84  0.4000E+01
 -81.744  0.8264E-84  0.4000E+01
 -81.734  0.8264E-84  0.4000E+01
 -81.724  0.8264E-84  0.4000E+01
 -81.714  0.8264E-84  0.4000E+01
 -81.704  0.8264E-84  0.4000E+01
 -81.694  0.8264E-84  0.4000E+01
 -81.684  0.8264E-84  0.4000E+01
 -81.674  0.8264E-84  0.4000E+01
 -81.664  0.8264E-84  0.4000E+01
 -81.654  0.8264E-84  0.4000E+01
 -81.644  0.8264E-84  0.4000E+01
 -81.634  0.8264E-84  0.4000E+01
 -81.624  0.8264E-84  0.4000E+01
 -81.614  0.8264E-84  0.4000E+01
 -81.604  0.8264E-84  0.4000E+01
 -81.594  0.8264E-84  0.4000E+01
 -81.584  0.8264E-84  0.4000E+01
 -81.574  0.8264E-84  0.4000E+01
 -81.564  0.8264E-84  0.4000E+01
 -81.554  0.8264E-84  0.4000E+01
 -81.544  0.8264E-84  0.4000E+01
 -81.534  0.8264E-84  0.4000E+01
 -81.524  0.8264E-84  0.4000E+01
 -81.514  0.8264E-84  0.4000E+01
 -81.504  0.8264E-84  0.4000E+01
 -81.494  0.8264E-84  0.4000E+01
 -81.484  0.8264E-84  0.4000E+01
 -81.474  0.8264E-84  0.4000E+01
 -81.464  0.8264E-84  0.4000E+01
 -81.454  0.8264E-84  0.4000E+01
 -81.444  0.8264E-84  0.4000E+01
 -81.434  0.8264E-84  0.4000E+01
 -81.424  0.8264E-84  0.4000E+01
 -81.414  0.8264E-84  0.4000E+01
 -81.404  0.8264E-84  0.4000E+01
 -81.394  0.8264E-84  0.4000E+01
 -81.384  0.8264E-84  0.4000E+01
 -81.374  0.8264E-84  0.4000E+01
 -81.364  0.8264E-84  0.4000E+01
 -81.354  0.8264E-84  0.4000E+01
 -81.344  0.8264E-84  0.4000E+01
 -81.334  0.8264E-84  0.4000E+01
 -81.324  0.8264E-84  0.4000E+01
 -81.314  0.8264E-84  0.4000E+01
 -81.304  0.8264E-84  0.4000E+01
 -81.294  0.8264E-84  0.4000E+01
 -81.284  0.8264E-84  0.4000E+01
 -81.274  0.8264E-84  0.4000E+01
 -81.264  0.8264E-84  0.4000E+01
 -81.254  0.8264E-84  0.4000E+01
 -81.244  0.8264E-84  0.4000E+01
 -81.234  0.8264E-84  0.4000E+01
 -81.224  0.8264E-84  0.4000E+01
 -81.214  0.8264E-84  0.4000E+01
 -81.204  0.8264E-84  0.4000E+01
 -81.194  0.8264E-84  0.4000E+01
 -81.184  0.8264E-84  0.4000E+01
 -81.174  0.8264E-84  0.4000E+01
 -81.164  0.8264E-84  0.4000E+01
 -81.154  0.8264E-84  0.4000E+01
 -81.144  0.8264E-84  0.4000E+01
 -81.134  0.8264E-84  0.4000E+01
 -81.124  0.8264E-84  0.4000E+01
 -81.114  0.8264E-84  0.4000E+01
 -81.104  0.8264E-84  0.4000E+01
 -81.094  0.8264E-84  0.4000E+01
 -81.084  0.8264E-84  0.4000E+01
 -81.074  0.8264E-84  0.4000E+01
 -81.064  0.8264E-84  0.4000E+01
 -81.054  0.8264E-84  0.4000E+01
 -81.044  0.8264E-84  0.4000E+01
 -81.034  0.8264E-84  0.4000E+01
 -81.024  0.8264E-84  0.4000E+01
 -81.014  0.8264E-84  0.4000E+01
 -81.004  0.8264E-84  0.4000E+01
 -80.994  0.8264E-84  0.4000E+01
 -80.984  0.8264E-84  0.4000E+01
 -80.974  0.8264E-84  0.4000E+01
 -80.964  0.8264E-84  0.4000E+01
 -80.954  0.8264E-84  0.4000E+01
 -80.944  0.8264E-84  0.4000E+01
 -80.934  0.8264E-84  0.4000E+01
 -80.924  0.8264E-84  0.4000E+01
 -80.914  0.8264E-84  0.4000E+01
 -80.904  0.8264E-84  0.4000E+01
 -80.894  0.8264E-84  0.4000E+01
 -80.884  0.8264E-84  0.4000E+01
 -80.874  0.8264E-84  0.4000E+01
 -80.864  0.8264E-84  0.4000E+01
 -80.854  0.8264E-84  0.4000E+01
 -80.844  0.8264E-84  0.4000E+01
 -80.834  0.8264E-84  0.4000E+01
 -80.824  0.8264E-84  0.4000E+01
 -80.814  0.8264E-84  0.4000E+01
 -80.804  0.8264E-84  0.4000E+01
 -80.794  0.8264E-84  0.4000E+01
 -80.784  0.8264E-84  0.4000E+01
 -80.774  0.8264E-84  0.4000E+01
 -80.764  0.8264E-84  0.4000E+01
 -80.754  0.8264E-84  0.4000E+01
 -80.744  0.8264E-84  0.4000E+01
 -80.734  0.8264E-84  0.4000E+01
 -80.724  0.8264E-84  0.4000E+01
 -80.714  0.8264E-84  0.4000E+01
 -80.704  0.8264E-84  0.4000E+01
 -80.694  0.8264E-84  0.4000E+01
 -80.684  0.8264E-84  0.4000E+01
 -80.674  0.8264E-84  0.4000E+01
 -80.664  0.8264E-84  0.4000E+01
 -80.654  0.8264E-84  0.4000E+01
 -80.644  0.8264E-84  0.4000E+01
 -80.634  0.8264E-84  0.4000E+01
 -80.624  0.8264E-84  0.4000E+01
 -80.614  0.8264E-84  0.4000E+01
 -80.604  0.8264E-84  0.4000E+01
 -80.594  0.8264E-84  0.4000E+01
 -80.584  0.8264E-84  0.4000E+01
 -80.574  0.8264E-84  0.4000E+01
 -80.564  0.8264E-84  0.4000E+01
 -80.554  0.8264E-84  0.4000E+01
 -80.544  0.8264E-84  0.4000E+01
 -80.534  0.8264E-84  0.4000E+01
 -80.524  0.8264E-84  0.4000E+01
 -80.514  0.8264E-84  0.4000E+01
 -80.504  0.8264E-84  0.4000E+01
 -80.494  0.8264E-84  0.4000E+01
 -80.484  0.8264E-84  0.4000E+01
 -80.474  0.8264E-84  0.4000E+01
 -80.464  0.8264E-84  0.4000E+01
 -80.454  0.8264E-84  0.4000E+01
 -80.444  0.8264E-84  0.4000E+01
 -80.434  0.8264E-84  0.4000E+01
 -80.424  0.8264E-84  0.4000E+01
 -80.414  0.8264E-84  0.4000E+01
 -80.404  0.8264E-84  0.4000E+01
 -80.394  0.8264E-84  0.4000E+01
 -80.384  0.8264E-84  0.4000E+01
 -80.374  0.8264E-84  0.4000E+01
 -80.364  0.8264E-84  0.4000E+01
 -80.354  0.8264E-84  0.4000E+01
 -80.344  0.8264E-84  0.4000E+01
 -80.334  0.8264E-84  0.4000E+01
 -80.324  0.8264E-84  0.4000E+01
 -80.314  0.8264E-84  0.4000E+01
 -80.304  0.8264E-84  0.4000E+01
 -80.294  0.8264E-84  0.4000E+01
 -80.284  0.8264E-84  0.4000E+01
 -80.274  0.8264E-84  0.4000E+01
 -80.264  0.8264E-84  0.4000E+01
 -80.254  0.8264E-84  0.4000E+01
 -80.244  0.8264E-84  0.4000E+01
 -80.234  0.8264E-84  0.4000E+01
 -80.224  0.8264E-84  0.4000E+01
 -80.214  0.8264E-84  0.4000E+01
 -80.204  0.8264E-84  0.4000E+01
 -80.194  0.8264E-84  0.4000E+01
 -80.184  0.8264E-84  0.4000E+01
 -80.174  0.8264E-84  0.4000E+01
 -80.164  0.8264E-84  0.4000E+01
 -80.154  0.8264E-84  0.4000E+01
 -80.144  0.8264E-84  0.4000E+01
 -80.134  0.8264E-84  0.4000E+01
 -80.124  0.8264E-84  0.4000E+01
 -80.114  0.8264E-84  0.4000E+01
 -80.104  0.8264E-84  0.4000E+01
 -80.094  0.8264E-84  0.4000E+01
 -80.084  0.8264E-84  0.4000E+01
 -80.074  0.8264E-84  0.4000E+01
 -80.064  0.8264E-84  0.4000E+01
 -80.054  0.8264E-84  0.4000E+01
 -80.044  0.8264E-84  0.4000E+01
 -80.034  0.8264E-84  0.4000E+01
 -80.024  0.8264E-84  0.4000E+01
 -80.014  0.8264E-84  0.4000E+01
 -80.004  0.8264E-84  0.4000E+01
 -79.994  0.8264E-84  0.4000E+01
 -79.984  0.8264E-84  0.4000E+01
 -79.974  0.8264E-84  0.4000E+01
 -79.964  0.8264E-84  0.4000E+01
 -79.954  0.8264E-84  0.4000E+01
 -79.944  0.8264E-84  0.4000E+01
 -79.934  0.8264E-84  0.4000E+01
 -79.924  0.8264E-84  0.4000E+01
 -79.914  0.8264E-84  0.4000E+01
 -79.904  0.8264E-84  0.4000E+01
 -79.894  0.8264E-84  0.4000E+01
 -79.884  0.8264E-84  0.4000E+01
 -79.874  0.8264E-84  0.4000E+01
 -79.864  0.8264E-84  0.4000E+01
 -79.854  0.8264E-84  0.4000E+01
 -79.844  0.8264E-84  0.4000E+01
 -79.834  0.8264E-84  0.4000E+01
 -79.824  0.8264E-84  0.4000E+01
 -79.814  0.8264E-84  0.4000E+01
 -79.804  0.8264E-84  0.4000E+01
 -79.794  0.8264E-84  0.4000E+01
 -79.784  0.8264E-84  0.4000E+01
 -79.774  0.8264E-84  0.4000E+01
 -79.764  0.8264E-84  0.4000E+01
 -79.754  0.8264E-84  0.4000E+01
 -79.744  0.8264E-84  0.4000E+01
 -79.734  0.8264E-84  0.4000E+01
 -79.724  0.8264E-84  0.4000E+01
 -79.714  0.8264E-84  0.4000E+01
 -79.704  0.8264E-84  0.4000E+01
 -79.694  0.8264E-84  0.4000E+01
 -79.684  0.8264E-84  0.4000E+01
 -79.674  0.8264E-84  0.4000E+01
 -79.664  0.8264E-84  0.4000E+01
 -79.654  0.8264E-84  0.4000E+01
 -79.644  0.8264E-84  0.4000E+01
 -79.634  0.8264E-84  0.4000E+01
 -79.624  0.8264E-84  0.4000E+01
 -79.614  0.8264E-84  0.4000E+01
 -79.604  0.8264E-84  0.4000E+01
 -79.594  0.8264E-84  0.4000E+01
 -79.584  0.8264E-84  0.4000E+01
 -79.574  0.8264E-84  0.4000E+01
 -79.564  0.8264E-84  0.4000E+01
 -79.554  0.8264E-84  0.4000E+01
 -79.544  0.8264E-84  0.4000E+01
 -79.534  0.8264E-84  0.4000E+01
 -79.524  0.8264E-84  0.4000E+01
 -79.514  0.8264E-84  0.4000E+01
 -79.504  0.8264E-84  0.4000E+01
 -79.494  0.8264E-84  0.4000E+01
 -79.484  0.8264E-84  0.4000E+01
 -79.474  0.8264E-84  0.4000E+01
 -79.464  0.8264E-84  0.4000E+01
 -79.454  0.8264E-84  0.4000E+01
 -79.444  0.8264E-84  0.4000E+01
 -79.434  0.8264E-84  0.4000E+01
 -79.424  0.8264E-84  0.4000E+01
 -79.414  0.8264E-84  0.4000E+01
 -79.404  0.8264E-84  0.4000E+01
 -79.394  0.8264E-84  0.4000E+01
 -79.384  0.8264E-84  0.4000E+01
 -79.374  0.8264E-84  0.4000E+01
 -79.364  0.8264E-84  0.4000E+01
 -79.354  0.8264E-84  0.4000E+01
 -79.344  0.8264E-84  0.4000E+01
 -79.334  0.8264E-84  0.4000E+01
 -79.324  0.8264E-84  0.4000E+01
 -79.314  0.8264E-84  0.4000E+01
 -79.304  0.8264E-84  0.4000E+01
 -79.294  0.8264E-84  0.4000E+01
 -79.284  0.8264E-84  0.4000E+01
 -79.274  0.8264E-84  0.4000E+01
 -79.264  0.8264E-84  0.4000E+01
 -79.254  0.8264E-84  0.4000E+01
 -79.244  0.8264E-84  0.4000E+01
 -79.234  0.8264E-84  0.4000E+01
 -79.224  0.8264E-84  0.4000E+01
 -79.214  0.8264E-84  0.4000E+01
 -79.204  0.8264E-84  0.4000E+01
 -79.194  0.8264E-84  0.4000E+01
 -79.184  0.8264E-84  0.4000E+01
 -79.174  0.8264E-84  0.4000E+01
 -79.164  0.8264E-84  0.4000E+01
 -79.154  0.8264E-84  0.4000E+01
 -79.144  0.8264E-84  0.4000E+01
 -79.134  0.8264E-84  0.4000E+01
 -79.124  0.8264E-84  0.4000E+01
 -79.114  0.8264E-84  0.4000E+01
 -79.104  0.8264E-84  0.4000E+01
 -79.094  0.8264E-84  0.4000E+01
 -79.084  0.8264E-84  0.4000E+01
 -79.074  0.8264E-84  0.4000E+01
 -79.064  0.8264E-84  0.4000E+01
 -79.054  0.8264E-84  0.4000E+01
 -79.044  0.8264E-84  0.4000E+01
 -79.034  0.8264E-84  0.4000E+01
 -79.024  0.8264E-84  0.4000E+01
 -79.014  0.8264E-84  0.4000E+01
 -79.004  0.8264E-84  0.4000E+01
 -78.994  0.8264E-84  0.4000E+01
 -78.984  0.8264E-84  0.4000E+01
 -78.974  0.8264E-84  0.4000E+01
 -78.964  0.8264E-84  0.4000E+01
 -78.954  0.8264E-84  0.4000E+01
 -78.944  0.8264E-84  0.4000E+01
 -78.934  0.8264E-84  0.4000E+01
 -78.924  0.8264E-84  0.4000E+01
 -78.914  0.8264E-84  0.4000E+01
 -78.904  0.8264E-84  0.4000E+01
 -78.894  0.8264E-84  0.4000E+01
 -78.884  0.8264E-84  0.4000E+01
 -78.874  0.8264E-84  0.4000E+01
 -78.864  0.8264E-84  0.4000E+01
 -78.854  0.8264E-84  0.4000E+01
 -78.844  0.8264E-84  0.4000E+01
 -78.834  0.8264E-84  0.4000E+01
 -78.824  0.8264E-84  0.4000E+01
 -78.814  0.8264E-84  0.4000E+01
 -78.804  0.8264E-84  0.4000E+01
 -78.794  0.8264E-84  0.4000E+01
 -78.784  0.8264E-84  0.4000E+01
 -78.774  0.8264E-84  0.4000E+01
 -78.764  0.8264E-84  0.4000E+01
 -78.754  0.8264E-84  0.4000E+01
 -78.744  0.8264E-84  0.4000E+01
 -78.734  0.8264E-84  0.4000E+01
 -78.724  0.8264E-84  0.4000E+01
 -78.714  0.8264E-84  0.4000E+01
 -78.704  0.8264E-84  0.4000E+01
 -78.694  0.8264E-84  0.4000E+01
 -78.684  0.8264E-84  0.4000E+01
 -78.674  0.8264E-84  0.4000E+01
 -78.664  0.8264E-84  0.4000E+01
 -78.654  0.8264E-84  0.4000E+01
 -78.644  0.8264E-84  0.4000E+01
 -78.634  0.8264E-84  0.4000E+01
 -78.624  0.8264E-84  0.4000E+01
 -78.614  0.8264E-84  0.4000E+01
 -78.604  0.8264E-84  0.4000E+01
 -78.594  0.8264E-84  0.4000E+01
 -78.584  0.8264E-84  0.4000E+01
 -78.574  0.8264E-84  0.4000E+01
 -78.564  0.8264E-84  0.4000E+01
 -78.554  0.8264E-84  0.4000E+01
 -78.544  0.8264E-84  0.4000E+01
 -78.534  0.8264E-84  0.4000E+01
 -78.524  0.8264E-84  0.4000E+01
 -78.514  0.8264E-84  0.4000E+01
 -78.504  0.8264E-84  0.4000E+01
 -78.494  0.8264E-84  0.4000E+01
 -78.484  0.8264E-84  0.4000E+01
 -78.474  0.8264E-84  0.4000E+01
 -78.464  0.8264E-84  0.4000E+01
 -78.454  0.8264E-84  0.4000E+01
 -78.444  0.8264E-84  0.4000E+01
 -78.434  0.8264E-84  0.4000E+01
 -78.424  0.8264E-84  0.4000E+01
 -78.414  0.8264E-84  0.4000E+01
 -78.404  0.8264E-84  0.4000E+01
 -78.394  0.8264E-84  0.4000E+01
 -78.384  0.8264E-84  0.4000E+01
 -78.374  0.8264E-84  0.4000E+01
 -78.364  0.8264E-84  0.4000E+01
 -78.354  0.8264E-84  0.4000E+01
 -78.344  0.8264E-84  0.4000E+01
 -78.334  0.8264E-84  0.4000E+01
 -78.324  0.8264E-84  0.4000E+01
 -78.314  0.8264E-84  0.4000E+01
 -78.304  0.8264E-84  0.4000E+01
 -78.294  0.8264E-84  0.4000E+01
 -78.284  0.8264E-84  0.4000E+01
 -78.274  0.8264E-84  0.4000E+01
 -78.264  0.8264E-84  0.4000E+01
 -78.254  0.8264E-84  0.4000E+01
 -78.244  0.8264E-84  0.4000E+01
 -78.234  0.8264E-84  0.4000E+01
 -78.224  0.8264E-84  0.4000E+01
 -78.214  0.8264E-84  0.4000E+01
 -78.204  0.8264E-84  0.4000E+01
 -78.194  0.8264E-84  0.4000E+01
 -78.184  0.8264E-84  0.4000E+01
 -78.174  0.8264E-84  0.4000E+01
 -78.164  0.8264E-84  0.4000E+01
 -78.154  0.8264E-84  0.4000E+01
 -78.144  0.8264E-84  0.4000E+01
 -78.134  0.8264E-84  0.4000E+01
 -78.124  0.8264E-84  0.4000E+01
 -78.114  0.8264E-84  0.4000E+01
 -78.104  0.8264E-84  0.4000E+01
 -78.094  0.8264E-84  0.4000E+01
 -78.084  0.8264E-84  0.4000E+01
 -78.074  0.8264E-84  0.4000E+01
 -78.064  0.8264E-84  0.4000E+01
 -78.054  0.8264E-84  0.4000E+01
 -78.044  0.8264E-84  0.4000E+01
 -78.034  0.8264E-84  0.4000E+01
 -78.024  0.8264E-84  0.4000E+01
 -78.014  0.8264E-84  0.4000E+01
 -78.004  0.8264E-84  0.4000E+01
 -77.994  0.8264E-84  0.4000E+01
 -77.984  0.8264E-84  0.4000E+01
 -77.974  0.8264E-84  0.4000E+01
 -77.964  0.8264E-84  0.4000E+01
 -77.954  0.8264E-84  0.4000E+01
 -77.944  0.8264E-84  0.4000E+01
 -77.934  0.8264E-84  0.4000E+01
 -77.924  0.8264E-84  0.4000E+01
 -77.914  0.8264E-84  0.4000E+01
 -77.904  0.8264E-84  0.4000E+01
 -77.894  0.8264E-84  0.4000E+01
 -77.884  0.8264E-84  0.4000E+01
 -77.874  0.8264E-84  0.4000E+01
 -77.864  0.8264E-84  0.4000E+01
 -77.854  0.8264E-84  0.4000E+01
 -77.844  0.8264E-84  0.4000E+01
 -77.834  0.8264E-84  0.4000E+01
 -77.824  0.8264E-84  0.4000E+01
 -77.814  0.8264E-84  0.4000E+01
 -77.804  0.8264E-84  0.4000E+01
 -77.794  0.8264E-84  0.4000E+01
 -77.784  0.8264E-84  0.4000E+01
 -77.774  0.8264E-84  0.4000E+01
 -77.764  0.8264E-84  0.4000E+01
 -77.754  0.8264E-84  0.4000E+01
 -77.744  0.8264E-84  0.4000E+01
 -77.734  0.8264E-84  0.4000E+01
 -77.724  0.8264E-84  0.4000E+01
 -77.714  0.8264E-84  0.4000E+01
 -77.704  0.8264E-84  0.4000E+01
 -77.694  0.8264E-84  0.4000E+01
 -77.684  0.8264E-84  0.4000E+01
 -77.674  0.8264E-84  0.4000E+01
 -77.664  0.8264E-84  0.4000E+01
 -77.654  0.8264E-84  0.4000E+01
 -77.644  0.8264E-84  0.4000E+01
 -77.634  0.8264E-84  0.4000E+01
 -77.624  0.8264E-84  0.4000E+01
 -77.614  0.8264E-84  0.4000E+01
 -77.604  0.8264E-84  0.4000E+01
 -77.594  0.8264E-84  0.4000E+01
 -77.584  0.8264E-84  0.4000E+01
 -77.574  0.8264E-84  0.4000E+01
 -77.564  0.8264E-84  0.4000E+01
 -77.554  0.8264E-84  0.4000E+01
 -77.544  0.8264E-84  0.4000E+01
 -77.534  0.8264E-84  0.4000E+01
 -77.524  0.8264E-84  0.4000E+01
 -77.514  0.8264E-84  0.4000E+01
 -77.504  0.8264E-84  0.4000E+01
 -77.494  0.8264E-84  0.4000E+01
 -77.484  0.8264E-84  0.4000E+01
 -77.474  0.8264E-84  0.4000E+01
 -77.464  0.8264E-84  0.4000E+01
 -77.454  0.8264E-84  0.4000E+01
 -77.444  0.8264E-84  0.4000E+01
 -77.434  0.8264E-84  0.4000E+01
 -77.424  0.8264E-84  0.4000E+01
 -77.414  0.8264E-84  0.4000E+01
 -77.404  0.8264E-84  0.4000E+01
 -77.394  0.8264E-84  0.4000E+01
 -77.384  0.8264E-84  0.4000E+01
 -77.374  0.8264E-84  0.4000E+01
 -77.364  0.8264E-84  0.4000E+01
 -77.354  0.8264E-84  0.4000E+01
 -77.344  0.8264E-84  0.4000E+01
 -77.334  0.8264E-84  0.4000E+01
 -77.324  0.8264E-84  0.4000E+01
 -77.314  0.8264E-84  0.4000E+01
 -77.304  0.8264E-84  0.4000E+01
 -77.294  0.8264E-84  0.4000E+01
 -77.284  0.8264E-84  0.4000E+01
 -77.274  0.8264E-84  0.4000E+01
 -77.264  0.8264E-84  0.4000E+01
 -77.254  0.8264E-84  0.4000E+01
 -77.244  0.8264E-84  0.4000E+01
 -77.234  0.8264E-84  0.4000E+01
 -77.224  0.8264E-84  0.4000E+01
 -77.214  0.8264E-84  0.4000E+01
 -77.204  0.8264E-84  0.4000E+01
 -77.194  0.8264E-84  0.4000E+01
 -77.184  0.8264E-84  0.4000E+01
 -77.174  0.8264E-84  0.4000E+01
 -77.164  0.8264E-84  0.4000E+01
 -77.154  0.8264E-84  0.4000E+01
 -77.144  0.8264E-84  0.4000E+01
 -77.134  0.8264E-84  0.4000E+01
 -77.124  0.8264E-84  0.4000E+01
 -77.114  0.8264E-84  0.4000E+01
 -77.104  0.8264E-84  0.4000E+01
 -77.094  0.8264E-84  0.4000E+01
 -77.084  0.8264E-84  0.4000E+01
 -77.074  0.8264E-84  0.4000E+01
 -77.064  0.8264E-84  0.4000E+01
 -77.054  0.8264E-84  0.4000E+01
 -77.044  0.8264E-84  0.4000E+01
 -77.034  0.8264E-84  0.4000E+01
 -77.024  0.8264E-84  0.4000E+01
 -77.014  0.8264E-84  0.4000E+01
 -77.004  0.8264E-84  0.4000E+01
 -76.994  0.8264E-84  0.4000E+01
 -76.984  0.8264E-84  0.4000E+01
 -76.974  0.8264E-84  0.4000E+01
 -76.964  0.8264E-84  0.4000E+01
 -76.954  0.8264E-84  0.4000E+01
 -76.944  0.8264E-84  0.4000E+01
 -76.934  0.8264E-84  0.4000E+01
 -76.924  0.8264E-84  0.4000E+01
 -76.914  0.8264E-84  0.4000E+01
 -76.904  0.8264E-84  0.4000E+01
 -76.894  0.8264E-84  0.4000E+01
 -76.884  0.8264E-84  0.4000E+01
 -76.874  0.8264E-84  0.4000E+01
 -76.864  0.8264E-84  0.4000E+01
 -76.854  0.8264E-84  0.4000E+01
 -76.844  0.8264E-84  0.4000E+01
 -76.834  0.8264E-84  0.4000E+01
 -76.824  0.8264E-84  0.4000E+01
 -76.814  0.8264E-84  0.4000E+01
 -76.804  0.8264E-84  0.4000E+01
 -76.794  0.8264E-84  0.4000E+01
 -76.784  0.8264E-84  0.4000E+01
 -76.774  0.8264E-84  0.4000E+01
 -76.764  0.8264E-84  0.4000E+01
 -76.754  0.8264E-84  0.4000E+01
 -76.744  0.8264E-84  0.4000E+01
 -76.734  0.8264E-84  0.4000E+01
 -76.724  0.8264E-84  0.4000E+01
 -76.714  0.8264E-84  0.4000E+01
 -76.704  0.8264E-84  0.4000E+01
 -76.694  0.8264E-84  0.4000E+01
 -76.684  0.8264E-84  0.4000E+01
 -76.674  0.8264E-84  0.4000E+01
 -76.664  0.8264E-84  0.4000E+01
 -76.654  0.8264E-84  0.4000E+01
 -76.644  0.8264E-84  0.4000E+01
 -76.634  0.8264E-84  0.4000E+01
 -76.624  0.8264E-84  0.4000E+01
 -76.614  0.8264E-84  0.4000E+01
 -76.604  0.8264E-84  0.4000E+01
 -76.594  0.8264E-84  0.4000E+01
 -76.584  0.8264E-84  0.4000E+01
 -76.574  0.8264E-84  0.4000E+01
 -76.564  0.8264E-84  0.4000E+01
 -76.554  0.8264E-84  0.4000E+01
 -76.544  0.8264E-84  0.4000E+01
 -76.534  0.8264E-84  0.4000E+01
 -76.524  0.8264E-84  0.4000E+01
 -76.514  0.8264E-84  0.4000E+01
 -76.504  0.8264E-84  0.4000E+01
 -76.494  0.8264E-84  0.4000E+01
 -76.484  0.8264E-84  0.4000E+01
 -76.474  0.8264E-84  0.4000E+01
 -76.464  0.8264E-84  0.4000E+01
 -76.454  0.8264E-84  0.4000E+01
 -76.444  0.8264E-84  0.4000E+01
 -76.434  0.8264E-84  0.4000E+01
 -76.424  0.8264E-84  0.4000E+01
 -76.414  0.8264E-84  0.4000E+01
 -76.404  0.8264E-84  0.4000E+01
 -76.394  0.8264E-84  0.4000E+01
 -76.384  0.8264E-84  0.4000E+01
 -76.374  0.8264E-84  0.4000E+01
 -76.364  0.8264E-84  0.4000E+01
 -76.354  0.8264E-84  0.4000E+01
 -76.344  0.8264E-84  0.4000E+01
 -76.334  0.8264E-84  0.4000E+01
 -76.324  0.8264E-84  0.4000E+01
 -76.314  0.8264E-84  0.4000E+01
 -76.304  0.8264E-84  0.4000E+01
 -76.294  0.8264E-84  0.4000E+01
 -76.284  0.8264E-84  0.4000E+01
 -76.274  0.8264E-84  0.4000E+01
 -76.264  0.8264E-84  0.4000E+01
 -76.254  0.8264E-84  0.4000E+01
 -76.244  0.8264E-84  0.4000E+01
 -76.234  0.8264E-84  0.4000E+01
 -76.224  0.8264E-84  0.4000E+01
 -76.214  0.8264E-84  0.4000E+01
 -76.204  0.8264E-84  0.4000E+01
 -76.194  0.8264E-84  0.4000E+01
 -76.184  0.8264E-84  0.4000E+01
 -76.174  0.8264E-84  0.4000E+01
 -76.164  0.8264E-84  0.4000E+01
 -76.154  0.8264E-84  0.4000E+01
 -76.144  0.8264E-84  0.4000E+01
 -76.134  0.8264E-84  0.4000E+01
 -76.124  0.8264E-84  0.4000E+01
 -76.114  0.8264E-84  0.4000E+01
 -76.104  0.8264E-84  0.4000E+01
 -76.094  0.8264E-84  0.4000E+01
 -76.084  0.8264E-84  0.4000E+01
 -76.074  0.8264E-84  0.4000E+01
 -76.064  0.8264E-84  0.4000E+01
 -76.054  0.8264E-84  0.4000E+01
 -76.044  0.8264E-84  0.4000E+01
 -76.034  0.8264E-84  0.4000E+01
 -76.024  0.8264E-84  0.4000E+01
 -76.014  0.8264E-84  0.4000E+01
 -76.004  0.8264E-84  0.4000E+01
 -75.994  0.8264E-84  0.4000E+01
 -75.984  0.8264E-84  0.4000E+01
 -75.974  0.8264E-84  0.4000E+01
 -75.964  0.8264E-84  0.4000E+01
 -75.954  0.8264E-84  0.4000E+01
 -75.944  0.8264E-84  0.4000E+01
 -75.934  0.8264E-84  0.4000E+01
 -75.924  0.8264E-84  0.4000E+01
 -75.914  0.8264E-84  0.4000E+01
 -75.904  0.8264E-84  0.4000E+01
 -75.894  0.8264E-84  0.4000E+01
 -75.884  0.8264E-84  0.4000E+01
 -75.874  0.8264E-84  0.4000E+01
 -75.864  0.8264E-84  0.4000E+01
 -75.854  0.8264E-84  0.4000E+01
 -75.844  0.8264E-84  0.4000E+01
 -75.834  0.8264E-84  0.4000E+01
 -75.824  0.8264E-84  0.4000E+01
 -75.814  0.8264E-84  0.4000E+01
 -75.804  0.8264E-84  0.4000E+01
 -75.794  0.8264E-84  0.4000E+01
 -75.784  0.8264E-84  0.4000E+01
 -75.774  0.8264E-84  0.4000E+01
 -75.764  0.8264E-84  0.4000E+01
 -75.754  0.8264E-84  0.4000E+01
 -75.744  0.8264E-84  0.4000E+01
 -75.734  0.8264E-84  0.4000E+01
 -75.724  0.8264E-84  0.4000E+01
 -75.714  0.8264E-84  0.4000E+01
 -75.704  0.8264E-84  0.4000E+01
 -75.694  0.8264E-84  0.4000E+01
 -75.684  0.8264E-84  0.4000E+01
 -75.674  0.8264E-84  0.4000E+01
 -75.664  0.8264E-84  0.4000E+01
 -75.654  0.8264E-84  0.4000E+01
 -75.644  0.8264E-84  0.4000E+01
 -75.634  0.8264E-84  0.4000E+01
 -75.624  0.8264E-84  0.4000E+01
 -75.614  0.8264E-84  0.4000E+01
 -75.604  0.8264E-84  0.4000E+01
 -75.594  0.8264E-84  0.4000E+01
 -75.584  0.8264E-84  0.4000E+01
 -75.574  0.8264E-84  0.4000E+01
 -75.564  0.8264E-84  0.4000E+01
 -75.554  0.8264E-84  0.4000E+01
 -75.544  0.8264E-84  0.4000E+01
 -75.534  0.8264E-84  0.4000E+01
 -75.524  0.8264E-84  0.4000E+01
 -75.514  0.8264E-84  0.4000E+01
 -75.504  0.8264E-84  0.4000E+01
 -75.494  0.8264E-84  0.4000E+01
 -75.484  0.8264E-84  0.4000E+01
 -75.474  0.8264E-84  0.4000E+01
 -75.464  0.8264E-84  0.4000E+01
 -75.454  0.8264E-84  0.4000E+01
 -75.444  0.8264E-84  0.4000E+01
 -75.434  0.8264E-84  0.4000E+01
 -75.424  0.8264E-84  0.4000E+01
 -75.414  0.8264E-84  0.4000E+01
 -75.404  0.8264E-84  0.4000E+01
 -75.394  0.8264E-84  0.4000E+01
 -75.384  0.8264E-84  0.4000E+01
 -75.374  0.8264E-84  0.4000E+01
 -75.364  0.8264E-84  0.4000E+01
 -75.354  0.8264E-84  0.4000E+01
 -75.344  0.8264E-84  0.4000E+01
 -75.334  0.8264E-84  0.4000E+01
 -75.324  0.8264E-84  0.4000E+01
 -75.314  0.8264E-84  0.4000E+01
 -75.304  0.8264E-84  0.4000E+01
 -75.294  0.8264E-84  0.4000E+01
 -75.284  0.8264E-84  0.4000E+01
 -75.274  0.8264E-84  0.4000E+01
 -75.264  0.8264E-84  0.4000E+01
 -75.254  0.8264E-84  0.4000E+01
 -75.244  0.8264E-84  0.4000E+01
 -75.234  0.8264E-84  0.4000E+01
 -75.224  0.8264E-84  0.4000E+01
 -75.214  0.8264E-84  0.4000E+01
 -75.204  0.8264E-84  0.4000E+01
 -75.194  0.8264E-84  0.4000E+01
 -75.184  0.8264E-84  0.4000E+01
 -75.174  0.8264E-84  0.4000E+01
 -75.164  0.8264E-84  0.4000E+01
 -75.154  0.8264E-84  0.4000E+01
 -75.144  0.8264E-84  0.4000E+01
 -75.134  0.8264E-84  0.4000E+01
 -75.124  0.8264E-84  0.4000E+01
 -75.114  0.8264E-84  0.4000E+01
 -75.104  0.8264E-84  0.4000E+01
 -75.094  0.8264E-84  0.4000E+01
 -75.084  0.8264E-84  0.4000E+01
 -75.074  0.8264E-84  0.4000E+01
 -75.064  0.8264E-84  0.4000E+01
 -75.054  0.8264E-84  0.4000E+01
 -75.044  0.8264E-84  0.4000E+01
 -75.034  0.8264E-84  0.4000E+01
 -75.024  0.8264E-84  0.4000E+01
 -75.014  0.8264E-84  0.4000E+01
 -75.004  0.8264E-84  0.4000E+01
 -74.994  0.8264E-84  0.4000E+01
 -74.984  0.8264E-84  0.4000E+01
 -74.974  0.8264E-84  0.4000E+01
 -74.964  0.8264E-84  0.4000E+01
 -74.954  0.8264E-84  0.4000E+01
 -74.944  0.8264E-84  0.4000E+01
 -74.934  0.8264E-84  0.4000E+01
 -74.924  0.8264E-84  0.4000E+01
 -74.914  0.8264E-84  0.4000E+01
 -74.904  0.8264E-84  0.4000E+01
 -74.894  0.8264E-84  0.4000E+01
 -74.884  0.8264E-84  0.4000E+01
 -74.874  0.8264E-84  0.4000E+01
 -74.864  0.8264E-84  0.4000E+01
 -74.854  0.8264E-84  0.4000E+01
 -74.844  0.8264E-84  0.4000E+01
 -74.834  0.8264E-84  0.4000E+01
 -74.824  0.8264E-84  0.4000E+01
 -74.814  0.8264E-84  0.4000E+01
 -74.804  0.8264E-84  0.4000E+01
 -74.794  0.8264E-84  0.4000E+01
 -74.784  0.8264E-84  0.4000E+01
 -74.774  0.8264E-84  0.4000E+01
 -74.764  0.8264E-84  0.4000E+01
 -74.754  0.8264E-84  0.4000E+01
 -74.744  0.8264E-84  0.4000E+01
 -74.734  0.8264E-84  0.4000E+01
 -74.724  0.8264E-84  0.4000E+01
 -74.714  0.8264E-84  0.4000E+01
 -74.704  0.8264E-84  0.4000E+01
 -74.694  0.8264E-84  0.4000E+01
 -74.684  0.8264E-84  0.4000E+01
 -74.674  0.8264E-84  0.4000E+01
 -74.664  0.8264E-84  0.4000E+01
 -74.654  0.8264E-84  0.4000E+01
 -74.644  0.8264E-84  0.4000E+01
 -74.634  0.8264E-84  0.4000E+01
 -74.624  0.8264E-84  0.4000E+01
 -74.614  0.8264E-84  0.4000E+01
 -74.604  0.8264E-84  0.4000E+01
 -74.594  0.8264E-84  0.4000E+01
 -74.584  0.8264E-84  0.4000E+01
 -74.574  0.8264E-84  0.4000E+01
 -74.564  0.8264E-84  0.4000E+01
 -74.554  0.8264E-84  0.4000E+01
 -74.544  0.8264E-84  0.4000E+01
 -74.534  0.8264E-84  0.4000E+01
 -74.524  0.8264E-84  0.4000E+01
 -74.514  0.8264E-84  0.4000E+01
 -74.504  0.8264E-84  0.4000E+01
 -74.494  0.8264E-84  0.4000E+01
 -74.484  0.8264E-84  0.4000E+01
 -74.474  0.8264E-84  0.4000E+01
 -74.464  0.8264E-84  0.4000E+01
 -74.454  0.8264E-84  0.4000E+01
 -74.444  0.8264E-84  0.4000E+01
 -74.434  0.8264E-84  0.4000E+01
 -74.424  0.8264E-84  0.4000E+01
 -74.414  0.8264E-84  0.4000E+01
 -74.404  0.8264E-84  0.4000E+01
 -74.394  0.8264E-84  0.4000E+01
 -74.384  0.8264E-84  0.4000E+01
 -74.374  0.8264E-84  0.4000E+01
 -74.364  0.8264E-84  0.4000E+01
 -74.354  0.8264E-84  0.4000E+01
 -74.344  0.8264E-84  0.4000E+01
 -74.334  0.8264E-84  0.4000E+01
 -74.324  0.8264E-84  0.4000E+01
 -74.314  0.8264E-84  0.4000E+01
 -74.304  0.8264E-84  0.4000E+01
 -74.294  0.8264E-84  0.4000E+01
 -74.284  0.8264E-84  0.4000E+01
 -74.274  0.8264E-84  0.4000E+01
 -74.264  0.8264E-84  0.4000E+01
 -74.254  0.8264E-84  0.4000E+01
 -74.244  0.8264E-84  0.4000E+01
 -74.234  0.8264E-84  0.4000E+01
 -74.224  0.8264E-84  0.4000E+01
 -74.214  0.8264E-84  0.4000E+01
 -74.204  0.8264E-84  0.4000E+01
 -74.194  0.8264E-84  0.4000E+01
 -74.184  0.8264E-84  0.4000E+01
 -74.174  0.8264E-84  0.4000E+01
 -74.164  0.8264E-84  0.4000E+01
 -74.154  0.8264E-84  0.4000E+01
 -74.144  0.8264E-84  0.4000E+01
 -74.134  0.8264E-84  0.4000E+01
 -74.124  0.8264E-84  0.4000E+01
 -74.114  0.8264E-84  0.4000E+01
 -74.104  0.8264E-84  0.4000E+01
 -74.094  0.8264E-84  0.4000E+01
 -74.084  0.8264E-84  0.4000E+01
 -74.074  0.8264E-84  0.4000E+01
 -74.064  0.8264E-84  0.4000E+01
 -74.054  0.8264E-84  0.4000E+01
 -74.044  0.8264E-84  0.4000E+01
 -74.034  0.8264E-84  0.4000E+01
 -74.024  0.8264E-84  0.4000E+01
 -74.014  0.8264E-84  0.4000E+01
 -74.004  0.8264E-84  0.4000E+01
 -73.994  0.8264E-84  0.4000E+01
 -73.984  0.8264E-84  0.4000E+01
 -73.974  0.8264E-84  0.4000E+01
 -73.964  0.8264E-84  0.4000E+01
 -73.954  0.8264E-84  0.4000E+01
 -73.944  0.8264E-84  0.4000E+01
 -73.934  0.8264E-84  0.4000E+01
 -73.924  0.8264E-84  0.4000E+01
 -73.914  0.8264E-84  0.4000E+01
 -73.904  0.8264E-84  0.4000E+01
 -73.894  0.8264E-84  0.4000E+01
 -73.884  0.8264E-84  0.4000E+01
 -73.874  0.8264E-84  0.4000E+01
 -73.864  0.8264E-84  0.4000E+01
 -73.854  0.8264E-84  0.4000E+01
 -73.844  0.8264E-84  0.4000E+01
 -73.834  0.8264E-84  0.4000E+01
 -73.824  0.8264E-84  0.4000E+01
 -73.814  0.8264E-84  0.4000E+01
 -73.804  0.8264E-84  0.4000E+01
 -73.794  0.8264E-84  0.4000E+01
 -73.784  0.8264E-84  0.4000E+01
 -73.774  0.8264E-84  0.4000E+01
 -73.764  0.8264E-84  0.4000E+01
 -73.754  0.8264E-84  0.4000E+01
 -73.744  0.8264E-84  0.4000E+01
 -73.734  0.8264E-84  0.4000E+01
 -73.724  0.8264E-84  0.4000E+01
 -73.714  0.8264E-84  0.4000E+01
 -73.704  0.8264E-84  0.4000E+01
 -73.694  0.8264E-84  0.4000E+01
 -73.684  0.8264E-84  0.4000E+01
 -73.674  0.8264E-84  0.4000E+01
 -73.664  0.8264E-84  0.4000E+01
 -73.654  0.8264E-84  0.4000E+01
 -73.644  0.8264E-84  0.4000E+01
 -73.634  0.8264E-84  0.4000E+01
 -73.624  0.8264E-84  0.4000E+01
 -73.614  0.8264E-84  0.4000E+01
 -73.604  0.8264E-84  0.4000E+01
 -73.594  0.8264E-84  0.4000E+01
 -73.584  0.8264E-84  0.4000E+01
 -73.574  0.8264E-84  0.4000E+01
 -73.564  0.8264E-84  0.4000E+01
 -73.554  0.8264E-84  0.4000E+01
 -73.544  0.8264E-84  0.4000E+01
 -73.534  0.8264E-84  0.4000E+01
 -73.524  0.8264E-84  0.4000E+01
 -73.514  0.8264E-84  0.4000E+01
 -73.504  0.8264E-84  0.4000E+01
 -73.494  0.8264E-84  0.4000E+01
 -73.484  0.8264E-84  0.4000E+01
 -73.474  0.8264E-84  0.4000E+01
 -73.464  0.8264E-84  0.4000E+01
 -73.454  0.8264E-84  0.4000E+01
 -73.444  0.8264E-84  0.4000E+01
 -73.434  0.8264E-84  0.4000E+01
 -73.424  0.8264E-84  0.4000E+01
 -73.414  0.8264E-84  0.4000E+01
 -73.404  0.8264E-84  0.4000E+01
 -73.394  0.8264E-84  0.4000E+01
 -73.384  0.8264E-84  0.4000E+01
 -73.374  0.8264E-84  0.4000E+01
 -73.364  0.8264E-84  0.4000E+01
 -73.354  0.8264E-84  0.4000E+01
 -73.344  0.8264E-84  0.4000E+01
 -73.334  0.8264E-84  0.4000E+01
 -73.324  0.8264E-84  0.4000E+01
 -73.314  0.8264E-84  0.4000E+01
 -73.304  0.8264E-84  0.4000E+01
 -73.294  0.8264E-84  0.4000E+01
 -73.284  0.8264E-84  0.4000E+01
 -73.274  0.8264E-84  0.4000E+01
 -73.264  0.8264E-84  0.4000E+01
 -73.254  0.8264E-84  0.4000E+01
 -73.244  0.8264E-84  0.4000E+01
 -73.234  0.8264E-84  0.4000E+01
 -73.224  0.8264E-84  0.4000E+01
 -73.214  0.8264E-84  0.4000E+01
 -73.204  0.8264E-84  0.4000E+01
 -73.194  0.8264E-84  0.4000E+01
 -73.184  0.8264E-84  0.4000E+01
 -73.174  0.8264E-84  0.4000E+01
 -73.164  0.8264E-84  0.4000E+01
 -73.154  0.8264E-84  0.4000E+01
 -73.144  0.8264E-84  0.4000E+01
 -73.134  0.8264E-84  0.4000E+01
 -73.124  0.8264E-84  0.4000E+01
 -73.114  0.8264E-84  0.4000E+01
 -73.104  0.8264E-84  0.4000E+01
 -73.094  0.8264E-84  0.4000E+01
 -73.084  0.8264E-84  0.4000E+01
 -73.074  0.8264E-84  0.4000E+01
 -73.064  0.8264E-84  0.4000E+01
 -73.054  0.8264E-84  0.4000E+01
 -73.044  0.8264E-84  0.4000E+01
 -73.034  0.8264E-84  0.4000E+01
 -73.024  0.8264E-84  0.4000E+01
 -73.014  0.8264E-84  0.4000E+01
 -73.004  0.8264E-84  0.4000E+01
 -72.994  0.8264E-84  0.4000E+01
 -72.984  0.8264E-84  0.4000E+01
 -72.974  0.8264E-84  0.4000E+01
 -72.964  0.8264E-84  0.4000E+01
 -72.954  0.8264E-84  0.4000E+01
 -72.944  0.8264E-84  0.4000E+01
 -72.934  0.8264E-84  0.4000E+01
 -72.924  0.8264E-84  0.4000E+01
 -72.914  0.8264E-84  0.4000E+01
 -72.904  0.8264E-84  0.4000E+01
 -72.894  0.8264E-84  0.4000E+01
 -72.884  0.8264E-84  0.4000E+01
 -72.874  0.8264E-84  0.4000E+01
 -72.864  0.8264E-84  0.4000E+01
 -72.854  0.8264E-84  0.4000E+01
 -72.844  0.8264E-84  0.4000E+01
 -72.834  0.8264E-84  0.4000E+01
 -72.824  0.8264E-84  0.4000E+01
 -72.814  0.8264E-84  0.4000E+01
 -72.804  0.8264E-84  0.4000E+01
 -72.794  0.8264E-84  0.4000E+01
 -72.784  0.8264E-84  0.4000E+01
 -72.774  0.8264E-84  0.4000E+01
 -72.764  0.8264E-84  0.4000E+01
 -72.754  0.8264E-84  0.4000E+01
 -72.744  0.8264E-84  0.4000E+01
 -72.734  0.8264E-84  0.4000E+01
 -72.724  0.8264E-84  0.4000E+01
 -72.714  0.8264E-84  0.4000E+01
 -72.704  0.8264E-84  0.4000E+01
 -72.694  0.8264E-84  0.4000E+01
 -72.684  0.8264E-84  0.4000E+01
 -72.674  0.8264E-84  0.4000E+01
 -72.664  0.8264E-84  0.4000E+01
 -72.654  0.8264E-84  0.4000E+01
 -72.644  0.8264E-84  0.4000E+01
 -72.634  0.8264E-84  0.4000E+01
 -72.624  0.8264E-84  0.4000E+01
 -72.614  0.8264E-84  0.4000E+01
 -72.604  0.8264E-84  0.4000E+01
 -72.594  0.8264E-84  0.4000E+01
 -72.584  0.8264E-84  0.4000E+01
 -72.574  0.8264E-84  0.4000E+01
 -72.564  0.8264E-84  0.4000E+01
 -72.554  0.8264E-84  0.4000E+01
 -72.544  0.8264E-84  0.4000E+01
 -72.534  0.8264E-84  0.4000E+01
 -72.524  0.8264E-84  0.4000E+01
 -72.514  0.8264E-84  0.4000E+01
 -72.504  0.8264E-84  0.4000E+01
 -72.494  0.8264E-84  0.4000E+01
 -72.484  0.8264E-84  0.4000E+01
 -72.474  0.8264E-84  0.4000E+01
 -72.464  0.8264E-84  0.4000E+01
 -72.454  0.8264E-84  0.4000E+01
 -72.444  0.8264E-84  0.4000E+01
 -72.434  0.8264E-84  0.4000E+01
 -72.424  0.8264E-84  0.4000E+01
 -72.414  0.8264E-84  0.4000E+01
 -72.404  0.8264E-84  0.4000E+01
 -72.394  0.8264E-84  0.4000E+01
 -72.384  0.8264E-84  0.4000E+01
 -72.374  0.8264E-84  0.4000E+01
 -72.364  0.8264E-84  0.4000E+01
 -72.354  0.8264E-84  0.4000E+01
 -72.344  0.8264E-84  0.4000E+01
 -72.334  0.8264E-84  0.4000E+01
 -72.324  0.8264E-84  0.4000E+01
 -72.314  0.8264E-84  0.4000E+01
 -72.304  0.8264E-84  0.4000E+01
 -72.294  0.8264E-84  0.4000E+01
 -72.284  0.8264E-84  0.4000E+01
 -72.274  0.8264E-84  0.4000E+01
 -72.264  0.8264E-84  0.4000E+01
 -72.254  0.8264E-84  0.4000E+01
 -72.244  0.8264E-84  0.4000E+01
 -72.234  0.8264E-84  0.4000E+01
 -72.224  0.8264E-84  0.4000E+01
 -72.214  0.8264E-84  0.4000E+01
 -72.204  0.8264E-84  0.4000E+01
 -72.194  0.8264E-84  0.4000E+01
 -72.184  0.8264E-84  0.4000E+01
 -72.174  0.8264E-84  0.4000E+01
 -72.164  0.8264E-84  0.4000E+01
 -72.154  0.8264E-84  0.4000E+01
 -72.144  0.8264E-84  0.4000E+01
 -72.134  0.8264E-84  0.4000E+01
 -72.124  0.8264E-84  0.4000E+01
 -72.114  0.8264E-84  0.4000E+01
 -72.104  0.8264E-84  0.4000E+01
 -72.094  0.8264E-84  0.4000E+01
 -72.084  0.8264E-84  0.4000E+01
 -72.074  0.8264E-84  0.4000E+01
 -72.064  0.8264E-84  0.4000E+01
 -72.054  0.8264E-84  0.4000E+01
 -72.044  0.8264E-84  0.4000E+01
 -72.034  0.8264E-84  0.4000E+01
 -72.024  0.8264E-84  0.4000E+01
 -72.014  0.8264E-84  0.4000E+01
 -72.004  0.8264E-84  0.4000E+01
 -71.994  0.8264E-84  0.4000E+01
 -71.984  0.8264E-84  0.4000E+01
 -71.974  0.8264E-84  0.4000E+01
 -71.964  0.8264E-84  0.4000E+01
 -71.954  0.8264E-84  0.4000E+01
 -71.944  0.8264E-84  0.4000E+01
 -71.934  0.8264E-84  0.4000E+01
 -71.924  0.8264E-84  0.4000E+01
 -71.914  0.8264E-84  0.4000E+01
 -71.904  0.8264E-84  0.4000E+01
 -71.894  0.8264E-84  0.4000E+01
 -71.884  0.8264E-84  0.4000E+01
 -71.874  0.8264E-84  0.4000E+01
 -71.864  0.8264E-84  0.4000E+01
 -71.854  0.8264E-84  0.4000E+01
 -71.844  0.8264E-84  0.4000E+01
 -71.834  0.8264E-84  0.4000E+01
 -71.824  0.8264E-84  0.4000E+01
 -71.814  0.8264E-84  0.4000E+01
 -71.804  0.8264E-84  0.4000E+01
 -71.794  0.8264E-84  0.4000E+01
 -71.784  0.8264E-84  0.4000E+01
 -71.774  0.8264E-84  0.4000E+01
 -71.764  0.8264E-84  0.4000E+01
 -71.754  0.8264E-84  0.4000E+01
 -71.744  0.8264E-84  0.4000E+01
 -71.734  0.8264E-84  0.4000E+01
 -71.724  0.8264E-84  0.4000E+01
 -71.714  0.8264E-84  0.4000E+01
 -71.704  0.8264E-84  0.4000E+01
 -71.694  0.8264E-84  0.4000E+01
 -71.684  0.8264E-84  0.4000E+01
 -71.674  0.8264E-84  0.4000E+01
 -71.664  0.8264E-84  0.4000E+01
 -71.654  0.8264E-84  0.4000E+01
 -71.644  0.8264E-84  0.4000E+01
 -71.634  0.8264E-84  0.4000E+01
 -71.624  0.8264E-84  0.4000E+01
 -71.614  0.8264E-84  0.4000E+01
 -71.604  0.8264E-84  0.4000E+01
 -71.594  0.8264E-84  0.4000E+01
 -71.584  0.8264E-84  0.4000E+01
 -71.574  0.8264E-84  0.4000E+01
 -71.564  0.8264E-84  0.4000E+01
 -71.554  0.8264E-84  0.4000E+01
 -71.544  0.8264E-84  0.4000E+01
 -71.534  0.8264E-84  0.4000E+01
 -71.524  0.8264E-84  0.4000E+01
 -71.514  0.8264E-84  0.4000E+01
 -71.504  0.8264E-84  0.4000E+01
 -71.494  0.8264E-84  0.4000E+01
 -71.484  0.8264E-84  0.4000E+01
 -71.474  0.8264E-84  0.4000E+01
 -71.464  0.8264E-84  0.4000E+01
 -71.454  0.8264E-84  0.4000E+01
 -71.444  0.8264E-84  0.4000E+01
 -71.434  0.8264E-84  0.4000E+01
 -71.424  0.8264E-84  0.4000E+01
 -71.414  0.8264E-84  0.4000E+01
 -71.404  0.8264E-84  0.4000E+01
 -71.394  0.8264E-84  0.4000E+01
 -71.384  0.8264E-84  0.4000E+01
 -71.374  0.8264E-84  0.4000E+01
 -71.364  0.8264E-84  0.4000E+01
 -71.354  0.8264E-84  0.4000E+01
 -71.344  0.8264E-84  0.4000E+01
 -71.334  0.8264E-84  0.4000E+01
 -71.324  0.8264E-84  0.4000E+01
 -71.314  0.8264E-84  0.4000E+01
 -71.304  0.8264E-84  0.4000E+01
 -71.294  0.8264E-84  0.4000E+01
 -71.284  0.8264E-84  0.4000E+01
 -71.274  0.8264E-84  0.4000E+01
 -71.264  0.8264E-84  0.4000E+01
 -71.254  0.8264E-84  0.4000E+01
 -71.244  0.8264E-84  0.4000E+01
 -71.234  0.8264E-84  0.4000E+01
 -71.224  0.8264E-84  0.4000E+01
 -71.214  0.8264E-84  0.4000E+01
 -71.204  0.8264E-84  0.4000E+01
 -71.194  0.8264E-84  0.4000E+01
 -71.184  0.8264E-84  0.4000E+01
 -71.174  0.8264E-84  0.4000E+01
 -71.164  0.8264E-84  0.4000E+01
 -71.154  0.8264E-84  0.4000E+01
 -71.144  0.8264E-84  0.4000E+01
 -71.134  0.8264E-84  0.4000E+01
 -71.124  0.8264E-84  0.4000E+01
 -71.114  0.8264E-84  0.4000E+01
 -71.104  0.8264E-84  0.4000E+01
 -71.094  0.8264E-84  0.4000E+01
 -71.084  0.8264E-84  0.4000E+01
 -71.074  0.8264E-84  0.4000E+01
 -71.064  0.8264E-84  0.4000E+01
 -71.054  0.8264E-84  0.4000E+01
 -71.044  0.8264E-84  0.4000E+01
 -71.034  0.8264E-84  0.4000E+01
 -71.024  0.8264E-84  0.4000E+01
 -71.014  0.8264E-84  0.4000E+01
 -71.004  0.8264E-84  0.4000E+01
 -70.994  0.8264E-84  0.4000E+01
 -70.984  0.8264E-84  0.4000E+01
 -70.974  0.8264E-84  0.4000E+01
 -70.964  0.8264E-84  0.4000E+01
 -70.954  0.8264E-84  0.4000E+01
 -70.944  0.8264E-84  0.4000E+01
 -70.934  0.8264E-84  0.4000E+01
 -70.924  0.8264E-84  0.4000E+01
 -70.914  0.8264E-84  0.4000E+01
 -70.904  0.8264E-84  0.4000E+01
 -70.894  0.8264E-84  0.4000E+01
 -70.884  0.8264E-84  0.4000E+01
 -70.874  0.8264E-84  0.4000E+01
 -70.864  0.8264E-84  0.4000E+01
 -70.854  0.8264E-84  0.4000E+01
 -70.844  0.8264E-84  0.4000E+01
 -70.834  0.8264E-84  0.4000E+01
 -70.824  0.8264E-84  0.4000E+01
 -70.814  0.8264E-84  0.4000E+01
 -70.804  0.8264E-84  0.4000E+01
 -70.794  0.8264E-84  0.4000E+01
 -70.784  0.8264E-84  0.4000E+01
 -70.774  0.8264E-84  0.4000E+01
 -70.764  0.8264E-84  0.4000E+01
 -70.754  0.8264E-84  0.4000E+01
 -70.744  0.8264E-84  0.4000E+01
 -70.734  0.8264E-84  0.4000E+01
 -70.724  0.8264E-84  0.4000E+01
 -70.714  0.8264E-84  0.4000E+01
 -70.704  0.8264E-84  0.4000E+01
 -70.694  0.8264E-84  0.4000E+01
 -70.684  0.8264E-84  0.4000E+01
 -70.674  0.8264E-84  0.4000E+01
 -70.664  0.8264E-84  0.4000E+01
 -70.654  0.8264E-84  0.4000E+01
 -70.644  0.8264E-84  0.4000E+01
 -70.634  0.8264E-84  0.4000E+01
 -70.624  0.8264E-84  0.4000E+01
 -70.614  0.8264E-84  0.4000E+01
 -70.604  0.8264E-84  0.4000E+01
 -70.594  0.8264E-84  0.4000E+01
 -70.584  0.8264E-84  0.4000E+01
 -70.574  0.8264E-84  0.4000E+01
 -70.564  0.8264E-84  0.4000E+01
 -70.554  0.8264E-84  0.4000E+01
 -70.544  0.8264E-84  0.4000E+01
 -70.534  0.8264E-84  0.4000E+01
 -70.524  0.8264E-84  0.4000E+01
 -70.514  0.8264E-84  0.4000E+01
 -70.504  0.8264E-84  0.4000E+01
 -70.494  0.8264E-84  0.4000E+01
 -70.484  0.8264E-84  0.4000E+01
 -70.474  0.8264E-84  0.4000E+01
 -70.464  0.8264E-84  0.4000E+01
 -70.454  0.8264E-84  0.4000E+01
 -70.444  0.8264E-84  0.4000E+01
 -70.434  0.8264E-84  0.4000E+01
 -70.424  0.8264E-84  0.4000E+01
 -70.414  0.8264E-84  0.4000E+01
 -70.404  0.8264E-84  0.4000E+01
 -70.394  0.8264E-84  0.4000E+01
 -70.384  0.8264E-84  0.4000E+01
 -70.374  0.8264E-84  0.4000E+01
 -70.364  0.8264E-84  0.4000E+01
 -70.354  0.8264E-84  0.4000E+01
 -70.344  0.8264E-84  0.4000E+01
 -70.334  0.8264E-84  0.4000E+01
 -70.324  0.8264E-84  0.4000E+01
 -70.314  0.8264E-84  0.4000E+01
 -70.304  0.8264E-84  0.4000E+01
 -70.294  0.8264E-84  0.4000E+01
 -70.284  0.8264E-84  0.4000E+01
 -70.274  0.8264E-84  0.4000E+01
 -70.264  0.8264E-84  0.4000E+01
 -70.254  0.8264E-84  0.4000E+01
 -70.244  0.8264E-84  0.4000E+01
 -70.234  0.8264E-84  0.4000E+01
 -70.224  0.8264E-84  0.4000E+01
 -70.214  0.8264E-84  0.4000E+01
 -70.204  0.8264E-84  0.4000E+01
 -70.194  0.8264E-84  0.4000E+01
 -70.184  0.8264E-84  0.4000E+01
 -70.174  0.8264E-84  0.4000E+01
 -70.164  0.8264E-84  0.4000E+01
 -70.154  0.8264E-84  0.4000E+01
 -70.144  0.8264E-84  0.4000E+01
 -70.134  0.8264E-84  0.4000E+01
 -70.124  0.8264E-84  0.4000E+01
 -70.114  0.8264E-84  0.4000E+01
 -70.104  0.8264E-84  0.4000E+01
 -70.094  0.8264E-84  0.4000E+01
 -70.084  0.8264E-84  0.4000E+01
 -70.074  0.8264E-84  0.4000E+01
 -70.064  0.8264E-84  0.4000E+01
 -70.054  0.8264E-84  0.4000E+01
 -70.044  0.8264E-84  0.4000E+01
 -70.034  0.8264E-84  0.4000E+01
 -70.024  0.8264E-84  0.4000E+01
 -70.014  0.8264E-84  0.4000E+01
 -70.004  0.8264E-84  0.4000E+01
 -69.994  0.8264E-84  0.4000E+01
 -69.984  0.8264E-84  0.4000E+01
 -69.974  0.8264E-84  0.4000E+01
 -69.964  0.8264E-84  0.4000E+01
 -69.954  0.8264E-84  0.4000E+01
 -69.944  0.8264E-84  0.4000E+01
 -69.934  0.8264E-84  0.4000E+01
 -69.924  0.8264E-84  0.4000E+01
 -69.914  0.8264E-84  0.4000E+01
 -69.904  0.8264E-84  0.4000E+01
 -69.894  0.8264E-84  0.4000E+01
 -69.884  0.8264E-84  0.4000E+01
 -69.874  0.8264E-84  0.4000E+01
 -69.864  0.8264E-84  0.4000E+01
 -69.854  0.8264E-84  0.4000E+01
 -69.844  0.8264E-84  0.4000E+01
 -69.834  0.8264E-84  0.4000E+01
 -69.824  0.8264E-84  0.4000E+01
 -69.814  0.8264E-84  0.4000E+01
 -69.804  0.8264E-84  0.4000E+01
 -69.794  0.8264E-84  0.4000E+01
 -69.784  0.8264E-84  0.4000E+01
 -69.774  0.8264E-84  0.4000E+01
 -69.764  0.8264E-84  0.4000E+01
 -69.754  0.8264E-84  0.4000E+01
 -69.744  0.8264E-84  0.4000E+01
 -69.734  0.8264E-84  0.4000E+01
 -69.724  0.8264E-84  0.4000E+01
 -69.714  0.8264E-84  0.4000E+01
 -69.704  0.8264E-84  0.4000E+01
 -69.694  0.8264E-84  0.4000E+01
 -69.684  0.8264E-84  0.4000E+01
 -69.674  0.8264E-84  0.4000E+01
 -69.664  0.8264E-84  0.4000E+01
 -69.654  0.8264E-84  0.4000E+01
 -69.644  0.8264E-84  0.4000E+01
 -69.634  0.8264E-84  0.4000E+01
 -69.624  0.8264E-84  0.4000E+01
 -69.614  0.8264E-84  0.4000E+01
 -69.604  0.8264E-84  0.4000E+01
 -69.594  0.8264E-84  0.4000E+01
 -69.584  0.8264E-84  0.4000E+01
 -69.574  0.8264E-84  0.4000E+01
 -69.564  0.8264E-84  0.4000E+01
 -69.554  0.8264E-84  0.4000E+01
 -69.544  0.8264E-84  0.4000E+01
 -69.534  0.8264E-84  0.4000E+01
 -69.524  0.8264E-84  0.4000E+01
 -69.514  0.8264E-84  0.4000E+01
 -69.504  0.8264E-84  0.4000E+01
 -69.494  0.8264E-84  0.4000E+01
 -69.484  0.8264E-84  0.4000E+01
 -69.474  0.8264E-84  0.4000E+01
 -69.464  0.8264E-84  0.4000E+01
 -69.454  0.8264E-84  0.4000E+01
 -69.444  0.8264E-84  0.4000E+01
 -69.434  0.9270E-84  0.4000E+01
 -69.424  0.1467E-82  0.4000E+01
 -69.414  0.8321E-81  0.4000E+01
 -69.404  0.4737E-79  0.4000E+01
 -69.394  0.2584E-77  0.4000E+01
 -69.384  0.1350E-75  0.4000E+01
 -69.374  0.6759E-74  0.4000E+01
 -69.364  0.3240E-72  0.4000E+01
 -69.354  0.1487E-70  0.4000E+01
 -69.344  0.6539E-69  0.4000E+01
 -69.334  0.2754E-67  0.4000E+01
 -69.324  0.1111E-65  0.4000E+01
 -69.314  0.4290E-64  0.4000E+01
 -69.304  0.1587E-62  0.4000E+01
 -69.294  0.5623E-61  0.4000E+01
 -69.284  0.1908E-59  0.4000E+01
 -69.274  0.6201E-58  0.4000E+01
 -69.264  0.1930E-56  0.4000E+01
 -69.254  0.5754E-55  0.4000E+01
 -69.244  0.1643E-53  0.4000E+01
 -69.234  0.4493E-52  0.4000E+01
 -69.224  0.1177E-50  0.4000E+01
 -69.214  0.2952E-49  0.4000E+01
 -69.204  0.7091E-48  0.4000E+01
 -69.194  0.1632E-46  0.4000E+01
 -69.184  0.3596E-45  0.4000E+01
 -69.174  0.7589E-44  0.4000E+01
 -69.164  0.1534E-42  0.4000E+01
 -69.154  0.2970E-41  0.4000E+01
 -69.144  0.5506E-40  0.4000E+01
 -69.134  0.9779E-39  0.4000E+01
 -69.124  0.1663E-37  0.4000E+01
 -69.114  0.2709E-36  0.4000E+01
 -69.104  0.4227E-35  0.4000E+01
 -69.094  0.6316E-34  0.4000E+01
 -69.084  0.9038E-33  0.4000E+01
 -69.074  0.1239E-31  0.4000E+01
 -69.064  0.1626E-30  0.4000E+01
 -69.054  0.2044E-29  0.4000E+01
 -69.044  0.2462E-28  0.4000E+01
 -69.034  0.2839E-27  0.4000E+01
 -69.024  0.3136E-26  0.4000E+01
 -69.014  0.3317E-25  0.4000E+01
 -69.004  0.3361E-24  0.4000E+01
 -68.994  0.3261E-23  0.4000E+01
 -68.984  0.3031E-22  0.4000E+01
 -68.974  0.2698E-21  0.4000E+01
 -68.964  0.2300E-20  0.4000E+01
 -68.954  0.1877E-19  0.4000E+01
 -68.944  0.1468E-18  0.4000E+01
 -68.934  0.1099E-17  0.4000E+01
 -68.924  0.7886E-17  0.4000E+01
 -68.914  0.5418E-16  0.4000E+01
 -68.904  0.3565E-15  0.4000E+01
 -68.894  0.2246E-14  0.4000E+01
 -68.884  0.1356E-13  0.4000E+01
 -68.874  0.7836E-13  0.4000E+01
 -68.864  0.4338E-12  0.4000E+01
 -68.854  0.2300E-11  0.4000E+01
 -68.844  0.1168E-10  0.4000E+01
 -68.834  0.5680E-10  0.4000E+01
 -68.824  0.2646E-09  0.4000E+01
 -68.814  0.1180E-08  0.4000E+01
 -68.804  0.5043E-08  0.4000E+01
 -68.794  0.2064E-07  0.4000E+01
 -68.784  0.8089E-07  0.4000E+01
 -68.774  0.3036E-06  0.4000E+01
 -68.764  0.1092E-05  0.4000E+01
 -68.754  0.3758E-05  0.4000E+01
 -68.744  0.1239E-04  0.4000E+01
 -68.734  0.3914E-04  0.4000E+01
 -68.724  0.1184E-03  0.4000E+01
 -68.714  0.3430E-03  0.4000E+01
 -68.704  0.9518E-03  0.4000E+01
 -68.694  0.2529E-02  0.4000E+01
 -68.684  0.6438E-02  0.4000E+01
 -68.674  0.1569E-01  0.4000E+01
 -68.664  0.3664E-01  0.4001E+01
 -68.654  0.8192E-01  0.4001E+01
 -68.644  0.1754E+00  0.4003E+01
 -68.634  0.3598E+00  0.4007E+01
 -68.624  0.7067E+00  0.4014E+01
 -68.614  0.1330E+01  0.4027E+01
 -68.604  0.2396E+01  0.4051E+01
 -68.594  0.4134E+01  0.4092E+01
 -68.584  0.6833E+01  0.4161E+01
 -68.574  0.1082E+02  0.4269E+01
 -68.564  0.1640E+02  0.4433E+01
 -68.554  0.2381E+02  0.4671E+01
 -68.544  0.3311E+02  0.5002E+01
 -68.534  0.4410E+02  0.5443E+01
 -68.524  0.5626E+02  0.6006E+01
 -68.514  0.6873E+02  0.6693E+01
 -68.504  0.8042E+02  0.7497E+01
 -68.494  0.9012E+02  0.8399E+01
 -68.484  0.9673E+02  0.9366E+01
 -68.474  0.9943E+02  0.1036E+02
 -68.464  0.9789E+02  0.1134E+02
 -68.454  0.9230E+02  0.1226E+02
 -68.444  0.8335E+02  0.1310E+02
 -68.434  0.7209E+02  0.1382E+02
 -68.424  0.5972E+02  0.1441E+02
 -68.414  0.4738E+02  0.1489E+02
 -68.404  0.3600E+02  0.1525E+02
 -68.394  0.2620E+02  0.1551E+02
 -68.384  0.1826E+02  0.1569E+02
 -68.374  0.1219E+02  0.1581E+02
 -68.364  0.7791E+01  0.1589E+02
 -68.354  0.4770E+01  0.1594E+02
 -68.344  0.2797E+01  0.1597E+02
 -68.334  0.1571E+01  0.1598E+02
 -68.324  0.8451E+00  0.1599E+02
 -68.314  0.4354E+00  0.1600E+02
 -68.304  0.2148E+00  0.1600E+02
 -68.294  0.1015E+00  0.1600E+02
 -68.284  0.4594E-01  0.1600E+02
 -68.274  0.1991E-01  0.1600E+02
 -68.264  0.8267E-02  0.1600E+02
 -68.254  0.3287E-02  0.1600E+02
 -68.244  0.1252E-02  0.1600E+02
 -68.234  0.4564E-03  0.1600E+02
 -68.224  0.1594E-03  0.1600E+02
 -68.214  0.5333E-04  0.1600E+02
 -68.204  0.1709E-04  0.1600E+02
 -68.194  0.5243E-05  0.1600E+02
 -68.184  0.1541E-05  0.1600E+02
 -68.174  0.4337E-06  0.1600E+02
 -68.164  0.1169E-06  0.1600E+02
 -68.154  0.3018E-07  0.1600E+02
 -68.144  0.7463E-08  0.1600E+02
 -68.134  0.1767E-08  0.1600E+02
 -68.124  0.4008E-09  0.1600E+02
 -68.114  0.8707E-10  0.1600E+02
 -68.104  0.1811E-10  0.1600E+02
 -68.094  0.3609E-11  0.1600E+02
 -68.084  0.6887E-12  0.1600E+02
 -68.074  0.1259E-12  0.1600E+02
 -68.064  0.2203E-13  0.1600E+02
 -68.054  0.3693E-14  0.1600E+02
 -68.044  0.5930E-15  0.1600E+02
 -68.034  0.9118E-16  0.1600E+02
 -68.024  0.1343E-16  0.1600E+02
 -68.014  0.1894E-17  0.1600E+02
 -68.004  0.2558E-18  0.1600E+02
 -67.994  0.3310E-19  0.1600E+02
 -67.984  0.4101E-20  0.1600E+02
 -67.974  0.4867E-21  0.1600E+02
 -67.964  0.5531E-22  0.1600E+02
 -67.954  0.6021E-23  0.1600E+02
 -67.944  0.6277E-24  0.1600E+02
 -67.934  0.6267E-25  0.1600E+02
 -67.924  0.5993E-26  0.1600E+02
 -67.914  0.5488E-27  0.1600E+02
 -67.904  0.4814E-28  0.1600E+02
 -67.894  0.4044E-29  0.1600E+02
 -67.884  0.3253E-30  0.1600E+02
 -67.874  0.2507E-31  0.1600E+02
 -67.864  0.1850E-32  0.1600E+02
 -67.854  0.1308E-33  0.1600E+02
 -67.844  0.8850E-35  0.1600E+02
 -67.834  0.5738E-36  0.1600E+02
 -67.824  0.3562E-37  0.1600E+02
 -67.814  0.2118E-38  0.1600E+02
 -67.804  0.1206E-39  0.1600E+02
 -67.794  0.6580E-41  0.1600E+02
 -67.784  0.3437E-42  0.1600E+02
 -67.774  0.1720E-43  0.1600E+02
 -67.764  0.8240E-45  0.1600E+02
 -67.754  0.3781E-46  0.1600E+02
 -67.744  0.1662E-47  0.1600E+02
 -67.734  0.6995E-49  0.1600E+02
 -67.724  0.2820E-50  0.1600E+02
 -67.714  0.1089E-51  0.1600E+02
 -67.704  0.4026E-53  0.1600E+02
 -67.694  0.1426E-54  0.1600E+02
 -67.684  0.4836E-56  0.1600E+02
 -67.674  0.1571E-57  0.1600E+02
 -67.664  0.4887E-59  0.1600E+02
 -67.654  0.1456E-60  0.1600E+02
 -67.644  0.4155E-62  0.1600E+02
 -67.634  0.1135E-63  0.1600E+02
 -67.624  0.2972E-65  0.1600E+02
 -67.614  0.7450E-67  0.1600E+02
 -67.604  0.1789E-68  0.1600E+02
 -67.594  0.4113E-70  0.1600E+02
 -67.584  0.9057E-72  0.1600E+02
 -67.574  0.1910E-73  0.1600E+02
 -67.564  0.3858E-75  0.1600E+02
 -67.554  0.7463E-77  0.1600E+02
 -67.544  0.1383E-78  0.1600E+02
 -67.534  0.2454E-80  0.1600E+02
 -67.524  0.4238E-82  0.1600E+02
 -67.514  0.1367E-83  0.1600E+02
 -67.504  0.8264E-84  0.1600E+02
 -67.494  0.8264E-84  0.1600E+02
 -67.484  0.8264E-84  0.1600E+02
 -67.474  0.8264E-84  0.1600E+02
 -67.464  0.8264E-84  0.1600E+02
 -67.454  0.8264E-84  0.1600E+02
 -67.444  0.8264E-84  0.1600E+02
 -67.434  0.8264E-84  0.1600E+02
 -67.424  0.8264E-84  0.1600E+02
 -67.414  0.8264E-84  0.1600E+02
 -67.404  0.8264E-84  0.1600E+02
 -67.394  0.8264E-84  0.1600E+02
 -67.384  0.8264E-84  0.1600E+02
 -67.374  0.8264E-84  0.1600E+02
 -67.364  0.8264E-84  0.1600E+02
 -67.354  0.8264E-84  0.1600E+02
 -67.344  0.8264E-84  0.1600E+02
 -67.334  0.8264E-84  0.1600E+02
 -67.324  0.8264E-84  0.1600E+02
 -67.314  0.8264E-84  0.1600E+02
 -67.304  0.8264E-84  0.1600E+02
 -67.294  0.8264E-84  0.1600E+02
 -67.284  0.8264E-84  0.1600E+02
 -67.274  0.8264E-84  0.1600E+02
 -67.264  0.8264E-84  0.1600E+02
 -67.254  0.8264E-84  0.1600E+02
 -67.244  0.8264E-84  0.1600E+02
 -67.234  0.8264E-84  0.1600E+02
 -67.224  0.8264E-84  0.1600E+02
 -67.214  0.8264E-84  0.1600E+02
 -67.204  0.8264E-84  0.1600E+02
 -67.194  0.8264E-84  0.1600E+02
 -67.184  0.8264E-84  0.1600E+02
 -67.174  0.8264E-84  0.1600E+02
 -67.164  0.8264E-84  0.1600E+02
 -67.154  0.8264E-84  0.1600E+02
 -67.144  0.8264E-84  0.1600E+02
 -67.134  0.8264E-84  0.1600E+02
 -67.124  0.8264E-84  0.1600E+02
 -67.114  0.8264E-84  0.1600E+02
 -67.104  0.8264E-84  0.1600E+02
 -67.094  0.8264E-84  0.1600E+02
 -67.084  0.8264E-84  0.1600E+02
 -67.074  0.8264E-84  0.1600E+02
 -67.064  0.8264E-84  0.1600E+02
 -67.054  0.8264E-84  0.1600E+02
 -67.044  0.8264E-84  0.1600E+02
 -67.034  0.8264E-84  0.1600E+02
 -67.024  0.8264E-84  0.1600E+02
 -67.014  0.8264E-84  0.1600E+02
 -67.004  0.8264E-84  0.1600E+02
 -66.994  0.8264E-84  0.1600E+02
 -66.984  0.8264E-84  0.1600E+02
 -66.974  0.8264E-84  0.1600E+02
 -66.964  0.8264E-84  0.1600E+02
 -66.954  0.8264E-84  0.1600E+02
 -66.944  0.8264E-84  0.1600E+02
 -66.934  0.8264E-84  0.1600E+02
 -66.924  0.8264E-84  0.1600E+02
 -66.914  0.8264E-84  0.1600E+02
 -66.904  0.8264E-84  0.1600E+02
 -66.894  0.8264E-84  0.1600E+02
 -66.884  0.8264E-84  0.1600E+02
 -66.874  0.8264E-84  0.1600E+02
 -66.864  0.8264E-84  0.1600E+02
 -66.854  0.8264E-84  0.1600E+02
 -66.844  0.8264E-84  0.1600E+02
 -66.834  0.8264E-84  0.1600E+02
 -66.824  0.8264E-84  0.1600E+02
 -66.814  0.8264E-84  0.1600E+02
 -66.804  0.8264E-84  0.1600E+02
 -66.794  0.8264E-84  0.1600E+02
 -66.784  0.8264E-84  0.1600E+02
 -66.774  0.8264E-84  0.1600E+02
 -66.764  0.8264E-84  0.1600E+02
 -66.754  0.8264E-84  0.1600E+02
 -66.744  0.8264E-84  0.1600E+02
 -66.734  0.8264E-84  0.1600E+02
 -66.724  0.8264E-84  0.1600E+02
 -66.714  0.8264E-84  0.1600E+02
 -66.704  0.8264E-84  0.1600E+02
 -66.694  0.8264E-84  0.1600E+02
 -66.684  0.8264E-84  0.1600E+02
 -66.674  0.8264E-84  0.1600E+02
 -66.664  0.8264E-84  0.1600E+02
 -66.654  0.8264E-84  0.1600E+02
 -66.644  0.8264E-84  0.1600E+02
 -66.634  0.8264E-84  0.1600E+02
 -66.624  0.8264E-84  0.1600E+02
 -66.614  0.8264E-84  0.1600E+02
 -66.604  0.8264E-84  0.1600E+02
 -66.594  0.8264E-84  0.1600E+02
 -66.584  0.8264E-84  0.1600E+02
 -66.574  0.8264E-84  0.1600E+02
 -66.564  0.8264E-84  0.1600E+02
 -66.554  0.8264E-84  0.1600E+02
 -66.544  0.8264E-84  0.1600E+02
 -66.534  0.8264E-84  0.1600E+02
 -66.524  0.8264E-84  0.1600E+02
 -66.514  0.8264E-84  0.1600E+02
 -66.504  0.8264E-84  0.1600E+02
 -66.494  0.8264E-84  0.1600E+02
 -66.484  0.8264E-84  0.1600E+02
 -66.474  0.8264E-84  0.1600E+02
 -66.464  0.8264E-84  0.1600E+02
 -66.454  0.8264E-84  0.1600E+02
 -66.444  0.8264E-84  0.1600E+02
 -66.434  0.8264E-84  0.1600E+02
 -66.424  0.8264E-84  0.1600E+02
 -66.414  0.8264E-84  0.1600E+02
 -66.404  0.8264E-84  0.1600E+02
 -66.394  0.8264E-84  0.1600E+02
 -66.384  0.8264E-84  0.1600E+02
 -66.374  0.8264E-84  0.1600E+02
 -66.364  0.8264E-84  0.1600E+02
 -66.354  0.8264E-84  0.1600E+02
 -66.344  0.8264E-84  0.1600E+02
 -66.334  0.8264E-84  0.1600E+02
 -66.324  0.8264E-84  0.1600E+02
 -66.314  0.8264E-84  0.1600E+02
 -66.304  0.8264E-84  0.1600E+02
 -66.294  0.8264E-84  0.1600E+02
 -66.284  0.8264E-84  0.1600E+02
 -66.274  0.8264E-84  0.1600E+02
 -66.264  0.8264E-84  0.1600E+02
 -66.254  0.8264E-84  0.1600E+02
 -66.244  0.8264E-84  0.1600E+02
 -66.234  0.8264E-84  0.1600E+02
 -66.224  0.8264E-84  0.1600E+02
 -66.214  0.8264E-84  0.1600E+02
 -66.204  0.8264E-84  0.1600E+02
 -66.194  0.8264E-84  0.1600E+02
 -66.184  0.8264E-84  0.1600E+02
 -66.174  0.8264E-84  0.1600E+02
 -66.164  0.8264E-84  0.1600E+02
 -66.154  0.8264E-84  0.1600E+02
 -66.144  0.8264E-84  0.1600E+02
 -66.134  0.8264E-84  0.1600E+02
 -66.124  0.8264E-84  0.1600E+02
 -66.114  0.8264E-84  0.1600E+02
 -66.104  0.8264E-84  0.1600E+02
 -66.094  0.8264E-84  0.1600E+02
 -66.084  0.8264E-84  0.1600E+02
 -66.074  0.8264E-84  0.1600E+02
 -66.064  0.8264E-84  0.1600E+02
 -66.054  0.8264E-84  0.1600E+02
 -66.044  0.8264E-84  0.1600E+02
 -66.034  0.8264E-84  0.1600E+02
 -66.024  0.8264E-84  0.1600E+02
 -66.014  0.8264E-84  0.1600E+02
 -66.004  0.8264E-84  0.1600E+02
 -65.994  0.8264E-84  0.1600E+02
 -65.984  0.8264E-84  0.1600E+02
 -65.974  0.8264E-84  0.1600E+02
 -65.964  0.8264E-84  0.1600E+02
 -65.954  0.8264E-84  0.1600E+02
 -65.944  0.8264E-84  0.1600E+02
 -65.934  0.8264E-84  0.1600E+02
 -65.924  0.8264E-84  0.1600E+02
 -65.914  0.8264E-84  0.1600E+02
 -65.904  0.8264E-84  0.1600E+02
 -65.894  0.8264E-84  0.1600E+02
 -65.884  0.8264E-84  0.1600E+02
 -65.874  0.8264E-84  0.1600E+02
 -65.864  0.8264E-84  0.1600E+02
 -65.854  0.8264E-84  0.1600E+02
 -65.844  0.8264E-84  0.1600E+02
 -65.834  0.8264E-84  0.1600E+02
 -65.824  0.8264E-84  0.1600E+02
 -65.814  0.8264E-84  0.1600E+02
 -65.804  0.8264E-84  0.1600E+02
 -65.794  0.8264E-84  0.1600E+02
 -65.784  0.8264E-84  0.1600E+02
 -65.774  0.8264E-84  0.1600E+02
 -65.764  0.8264E-84  0.1600E+02
 -65.754  0.8264E-84  0.1600E+02
 -65.744  0.8264E-84  0.1600E+02
 -65.734  0.8264E-84  0.1600E+02
 -65.724  0.8264E-84  0.1600E+02
 -65.714  0.8264E-84  0.1600E+02
 -65.704  0.8264E-84  0.1600E+02
 -65.694  0.8264E-84  0.1600E+02
 -65.684  0.8264E-84  0.1600E+02
 -65.674  0.8264E-84  0.1600E+02
 -65.664  0.8264E-84  0.1600E+02
 -65.654  0.8264E-84  0.1600E+02
 -65.644  0.8264E-84  0.1600E+02
 -65.634  0.8264E-84  0.1600E+02
 -65.624  0.8264E-84  0.1600E+02
 -65.614  0.8264E-84  0.1600E+02
 -65.604  0.8264E-84  0.1600E+02
 -65.594  0.8264E-84  0.1600E+02
 -65.584  0.8264E-84  0.1600E+02
 -65.574  0.8264E-84  0.1600E+02
 -65.564  0.8264E-84  0.1600E+02
 -65.554  0.8264E-84  0.1600E+02
 -65.544  0.8264E-84  0.1600E+02
 -65.534  0.8264E-84  0.1600E+02
 -65.524  0.8264E-84  0.1600E+02
 -65.514  0.8264E-84  0.1600E+02
 -65.504  0.8264E-84  0.1600E+02
 -65.494  0.8264E-84  0.1600E+02
 -65.484  0.8264E-84  0.1600E+02
 -65.474  0.8264E-84  0.1600E+02
 -65.464  0.8264E-84  0.1600E+02
 -65.454  0.8264E-84  0.1600E+02
 -65.444  0.8264E-84  0.1600E+02
 -65.434  0.8264E-84  0.1600E+02
 -65.424  0.8264E-84  0.1600E+02
 -65.414  0.8264E-84  0.1600E+02
 -65.404  0.8264E-84  0.1600E+02
 -65.394  0.8264E-84  0.1600E+02
 -65.384  0.8264E-84  0.1600E+02
 -65.374  0.8264E-84  0.1600E+02
 -65.364  0.8264E-84  0.1600E+02
 -65.354  0.8264E-84  0.1600E+02
 -65.344  0.8264E-84  0.1600E+02
 -65.334  0.8264E-84  0.1600E+02
 -65.324  0.8264E-84  0.1600E+02
 -65.314  0.8264E-84  0.1600E+02
 -65.304  0.8264E-84  0.1600E+02
 -65.294  0.8264E-84  0.1600E+02
 -65.284  0.8264E-84  0.1600E+02
 -65.274  0.8264E-84  0.1600E+02
 -65.264  0.8264E-84  0.1600E+02
 -65.254  0.8264E-84  0.1600E+02
 -65.244  0.8264E-84  0.1600E+02
 -65.234  0.8264E-84  0.1600E+02
 -65.224  0.8264E-84  0.1600E+02
 -65.214  0.8264E-84  0.1600E+02
 -65.204  0.8264E-84  0.1600E+02
 -65.194  0.8264E-84  0.1600E+02
 -65.184  0.8264E-84  0.1600E+02
 -65.174  0.8264E-84  0.1600E+02
 -65.164  0.8264E-84  0.1600E+02
 -65.154  0.8264E-84  0.1600E+02
 -65.144  0.8264E-84  0.1600E+02
 -65.134  0.8264E-84  0.1600E+02
 -65.124  0.8264E-84  0.1600E+02
 -65.114  0.8264E-84  0.1600E+02
 -65.104  0.8264E-84  0.1600E+02
 -65.094  0.8264E-84  0.1600E+02
 -65.084  0.8264E-84  0.1600E+02
 -65.074  0.8264E-84  0.1600E+02
 -65.064  0.8264E-84  0.1600E+02
 -65.054  0.8264E-84  0.1600E+02
 -65.044  0.8264E-84  0.1600E+02
 -65.034  0.8264E-84  0.1600E+02
 -65.024  0.8264E-84  0.1600E+02
 -65.014  0.8264E-84  0.1600E+02
 -65.004  0.8264E-84  0.1600E+02
 -64.994  0.8264E-84  0.1600E+02
 -64.984  0.8264E-84  0.1600E+02
 -64.974  0.8264E-84  0.1600E+02
 -64.964  0.8264E-84  0.1600E+02
 -64.954  0.8264E-84  0.1600E+02
 -64.944  0.8264E-84  0.1600E+02
 -64.934  0.8264E-84  0.1600E+02
 -64.924  0.8264E-84  0.1600E+02
 -64.914  0.8264E-84  0.1600E+02
 -64.904  0.8264E-84  0.1600E+02
 -64.894  0.8264E-84  0.1600E+02
 -64.884  0.8264E-84  0.1600E+02
 -64.874  0.8264E-84  0.1600E+02
 -64.864  0.8264E-84  0.1600E+02
 -64.854  0.8264E-84  0.1600E+02
 -64.844  0.8264E-84  0.1600E+02
 -64.834  0.8264E-84  0.1600E+02
 -64.824  0.8264E-84  0.1600E+02
 -64.814  0.8264E-84  0.1600E+02
 -64.804  0.8264E-84  0.1600E+02
 -64.794  0.8264E-84  0.1600E+02
 -64.784  0.8264E-84  0.1600E+02
 -64.774  0.8264E-84  0.1600E+02
 -64.764  0.8264E-84  0.1600E+02
 -64.754  0.8264E-84  0.1600E+02
 -64.744  0.8264E-84  0.1600E+02
 -64.734  0.8264E-84  0.1600E+02
 -64.724  0.8264E-84  0.1600E+02
 -64.714  0.8264E-84  0.1600E+02
 -64.704  0.8264E-84  0.1600E+02
 -64.694  0.8264E-84  0.1600E+02
 -64.684  0.8264E-84  0.1600E+02
 -64.674  0.8264E-84  0.1600E+02
 -64.664  0.8264E-84  0.1600E+02
 -64.654  0.8264E-84  0.1600E+02
 -64.644  0.8264E-84  0.1600E+02
 -64.634  0.8264E-84  0.1600E+02
 -64.624  0.8264E-84  0.1600E+02
 -64.614  0.8264E-84  0.1600E+02
 -64.604  0.8264E-84  0.1600E+02
 -64.594  0.8264E-84  0.1600E+02
 -64.584  0.8264E-84  0.1600E+02
 -64.574  0.8264E-84  0.1600E+02
 -64.564  0.8264E-84  0.1600E+02
 -64.554  0.8264E-84  0.1600E+02
 -64.544  0.8264E-84  0.1600E+02
 -64.534  0.8264E-84  0.1600E+02
 -64.524  0.8264E-84  0.1600E+02
 -64.514  0.8264E-84  0.1600E+02
 -64.504  0.8264E-84  0.1600E+02
 -64.494  0.8264E-84  0.1600E+02
 -64.484  0.8264E-84  0.1600E+02
 -64.474  0.8264E-84  0.1600E+02
 -64.464  0.8264E-84  0.1600E+02
 -64.454  0.8264E-84  0.1600E+02
 -64.444  0.8264E-84  0.1600E+02
 -64.434  0.8264E-84  0.1600E+02
 -64.424  0.8264E-84  0.1600E+02
 -64.414  0.8264E-84  0.1600E+02
 -64.404  0.8264E-84  0.1600E+02
 -64.394  0.8264E-84  0.1600E+02
 -64.384  0.8264E-84  0.1600E+02
 -64.374  0.8264E-84  0.1600E+02
 -64.364  0.8264E-84  0.1600E+02
 -64.354  0.8264E-84  0.1600E+02
 -64.344  0.8264E-84  0.1600E+02
 -64.334  0.8264E-84  0.1600E+02
 -64.324  0.8264E-84  0.1600E+02
 -64.314  0.8264E-84  0.1600E+02
 -64.304  0.8264E-84  0.1600E+02
 -64.294  0.8264E-84  0.1600E+02
 -64.284  0.8264E-84  0.1600E+02
 -64.274  0.8264E-84  0.1600E+02
 -64.264  0.8264E-84  0.1600E+02
 -64.254  0.8264E-84  0.1600E+02
 -64.244  0.8264E-84  0.1600E+02
 -64.234  0.8264E-84  0.1600E+02
 -64.224  0.8264E-84  0.1600E+02
 -64.214  0.8264E-84  0.1600E+02
 -64.204  0.8264E-84  0.1600E+02
 -64.194  0.8264E-84  0.1600E+02
 -64.184  0.8264E-84  0.1600E+02
 -64.174  0.8264E-84  0.1600E+02
 -64.164  0.8264E-84  0.1600E+02
 -64.154  0.8264E-84  0.1600E+02
 -64.144  0.8264E-84  0.1600E+02
 -64.134  0.8264E-84  0.1600E+02
 -64.124  0.8264E-84  0.1600E+02
 -64.114  0.8264E-84  0.1600E+02
 -64.104  0.8264E-84  0.1600E+02
 -64.094  0.8264E-84  0.1600E+02
 -64.084  0.8264E-84  0.1600E+02
 -64.074  0.8264E-84  0.1600E+02
 -64.064  0.8264E-84  0.1600E+02
 -64.054  0.8264E-84  0.1600E+02
 -64.044  0.8264E-84  0.1600E+02
 -64.034  0.8264E-84  0.1600E+02
 -64.024  0.8264E-84  0.1600E+02
 -64.014  0.8264E-84  0.1600E+02
 -64.004  0.8264E-84  0.1600E+02
 -63.994  0.8264E-84  0.1600E+02
 -63.984  0.8264E-84  0.1600E+02
 -63.974  0.8264E-84  0.1600E+02
 -63.964  0.8264E-84  0.1600E+02
 -63.954  0.8264E-84  0.1600E+02
 -63.944  0.8264E-84  0.1600E+02
 -63.934  0.8264E-84  0.1600E+02
 -63.924  0.8264E-84  0.1600E+02
 -63.914  0.8264E-84  0.1600E+02
 -63.904  0.8264E-84  0.1600E+02
 -63.894  0.8264E-84  0.1600E+02
 -63.884  0.8264E-84  0.1600E+02
 -63.874  0.8264E-84  0.1600E+02
 -63.864  0.8264E-84  0.1600E+02
 -63.854  0.8264E-84  0.1600E+02
 -63.844  0.8264E-84  0.1600E+02
 -63.834  0.8264E-84  0.1600E+02
 -63.824  0.8264E-84  0.1600E+02
 -63.814  0.8264E-84  0.1600E+02
 -63.804  0.8264E-84  0.1600E+02
 -63.794  0.8264E-84  0.1600E+02
 -63.784  0.8264E-84  0.1600E+02
 -63.774  0.8264E-84  0.1600E+02
 -63.764  0.8264E-84  0.1600E+02
 -63.754  0.8264E-84  0.1600E+02
 -63.744  0.8264E-84  0.1600E+02
 -63.734  0.8264E-84  0.1600E+02
 -63.724  0.8264E-84  0.1600E+02
 -63.714  0.8264E-84  0.1600E+02
 -63.704  0.8264E-84  0.1600E+02
 -63.694  0.8264E-84  0.1600E+02
 -63.684  0.8264E-84  0.1600E+02
 -63.674  0.8264E-84  0.1600E+02
 -63.664  0.8264E-84  0.1600E+02
 -63.654  0.8264E-84  0.1600E+02
 -63.644  0.8264E-84  0.1600E+02
 -63.634  0.8264E-84  0.1600E+02
 -63.624  0.8264E-84  0.1600E+02
 -63.614  0.8264E-84  0.1600E+02
 -63.604  0.8264E-84  0.1600E+02
 -63.594  0.8264E-84  0.1600E+02
 -63.584  0.8264E-84  0.1600E+02
 -63.574  0.8264E-84  0.1600E+02
 -63.564  0.8264E-84  0.1600E+02
 -63.554  0.8264E-84  0.1600E+02
 -63.544  0.8264E-84  0.1600E+02
 -63.534  0.8264E-84  0.1600E+02
 -63.524  0.8264E-84  0.1600E+02
 -63.514  0.8264E-84  0.1600E+02
 -63.504  0.8264E-84  0.1600E+02
 -63.494  0.8264E-84  0.1600E+02
 -63.484  0.8264E-84  0.1600E+02
 -63.474  0.8264E-84  0.1600E+02
 -63.464  0.8264E-84  0.1600E+02
 -63.454  0.8264E-84  0.1600E+02
 -63.444  0.8264E-84  0.1600E+02
 -63.434  0.8264E-84  0.1600E+02
 -63.424  0.8264E-84  0.1600E+02
 -63.414  0.8264E-84  0.1600E+02
 -63.404  0.8264E-84  0.1600E+02
 -63.394  0.8264E-84  0.1600E+02
 -63.384  0.8264E-84  0.1600E+02
 -63.374  0.8264E-84  0.1600E+02
 -63.364  0.8264E-84  0.1600E+02
 -63.354  0.8264E-84  0.1600E+02
 -63.344  0.8264E-84  0.1600E+02
 -63.334  0.8264E-84  0.1600E+02
 -63.324  0.8264E-84  0.1600E+02
 -63.314  0.8264E-84  0.1600E+02
 -63.304  0.8264E-84  0.1600E+02
 -63.294  0.8264E-84  0.1600E+02
 -63.284  0.8264E-84  0.1600E+02
 -63.274  0.8264E-84  0.1600E+02
 -63.264  0.8264E-84  0.1600E+02
 -63.254  0.8264E-84  0.1600E+02
 -63.244  0.8264E-84  0.1600E+02
 -63.234  0.8264E-84  0.1600E+02
 -63.224  0.8264E-84  0.1600E+02
 -63.214  0.8264E-84  0.1600E+02
 -63.204  0.8264E-84  0.1600E+02
 -63.194  0.8264E-84  0.1600E+02
 -63.184  0.8264E-84  0.1600E+02
 -63.174  0.8264E-84  0.1600E+02
 -63.164  0.8264E-84  0.1600E+02
 -63.154  0.8264E-84  0.1600E+02
 -63.144  0.8264E-84  0.1600E+02
 -63.134  0.8264E-84  0.1600E+02
 -63.124  0.8264E-84  0.1600E+02
 -63.114  0.8264E-84  0.1600E+02
 -63.104  0.8264E-84  0.1600E+02
 -63.094  0.8264E-84  0.1600E+02
 -63.084  0.8264E-84  0.1600E+02
 -63.074  0.8264E-84  0.1600E+02
 -63.064  0.8264E-84  0.1600E+02
 -63.054  0.8264E-84  0.1600E+02
 -63.044  0.8264E-84  0.1600E+02
 -63.034  0.8264E-84  0.1600E+02
 -63.024  0.8264E-84  0.1600E+02
 -63.014  0.8264E-84  0.1600E+02
 -63.004  0.8264E-84  0.1600E+02
 -62.994  0.8264E-84  0.1600E+02
 -62.984  0.8264E-84  0.1600E+02
 -62.974  0.8264E-84  0.1600E+02
 -62.964  0.8264E-84  0.1600E+02
 -62.954  0.8264E-84  0.1600E+02
 -62.944  0.8264E-84  0.1600E+02
 -62.934  0.8264E-84  0.1600E+02
 -62.924  0.8264E-84  0.1600E+02
 -62.914  0.8264E-84  0.1600E+02
 -62.904  0.8264E-84  0.1600E+02
 -62.894  0.8264E-84  0.1600E+02
 -62.884  0.8264E-84  0.1600E+02
 -62.874  0.8264E-84  0.1600E+02
 -62.864  0.8264E-84  0.1600E+02
 -62.854  0.8264E-84  0.1600E+02
 -62.844  0.8264E-84  0.1600E+02
 -62.834  0.8264E-84  0.1600E+02
 -62.824  0.8264E-84  0.1600E+02
 -62.814  0.8264E-84  0.1600E+02
 -62.804  0.8264E-84  0.1600E+02
 -62.794  0.8264E-84  0.1600E+02
 -62.784  0.8264E-84  0.1600E+02
 -62.774  0.8264E-84  0.1600E+02
 -62.764  0.8264E-84  0.1600E+02
 -62.754  0.8264E-84  0.1600E+02
 -62.744  0.8264E-84  0.1600E+02
 -62.734  0.8264E-84  0.1600E+02
 -62.724  0.8264E-84  0.1600E+02
 -62.714  0.8264E-84  0.1600E+02
 -62.704  0.8264E-84  0.1600E+02
 -62.694  0.8264E-84  0.1600E+02
 -62.684  0.8264E-84  0.1600E+02
 -62.674  0.8264E-84  0.1600E+02
 -62.664  0.8264E-84  0.1600E+02
 -62.654  0.8264E-84  0.1600E+02
 -62.644  0.8264E-84  0.1600E+02
 -62.634  0.8264E-84  0.1600E+02
 -62.624  0.8264E-84  0.1600E+02
 -62.614  0.8264E-84  0.1600E+02
 -62.604  0.8264E-84  0.1600E+02
 -62.594  0.8264E-84  0.1600E+02
 -62.584  0.8264E-84  0.1600E+02
 -62.574  0.8264E-84  0.1600E+02
 -62.564  0.8264E-84  0.1600E+02
 -62.554  0.8264E-84  0.1600E+02
 -62.544  0.8264E-84  0.1600E+02
 -62.534  0.8264E-84  0.1600E+02
 -62.524  0.8264E-84  0.1600E+02
 -62.514  0.8264E-84  0.1600E+02
 -62.504  0.8264E-84  0.1600E+02
 -62.494  0.8264E-84  0.1600E+02
 -62.484  0.8264E-84  0.1600E+02
 -62.474  0.8264E-84  0.1600E+02
 -62.464  0.8264E-84  0.1600E+02
 -62.454  0.8264E-84  0.1600E+02
 -62.444  0.8264E-84  0.1600E+02
 -62.434  0.8264E-84  0.1600E+02
 -62.424  0.8264E-84  0.1600E+02
 -62.414  0.8264E-84  0.1600E+02
 -62.404  0.8264E-84  0.1600E+02
 -62.394  0.8264E-84  0.1600E+02
 -62.384  0.8264E-84  0.1600E+02
 -62.374  0.8264E-84  0.1600E+02
 -62.364  0.8264E-84  0.1600E+02
 -62.354  0.8264E-84  0.1600E+02
 -62.344  0.8264E-84  0.1600E+02
 -62.334  0.8264E-84  0.1600E+02
 -62.324  0.8264E-84  0.1600E+02
 -62.314  0.8264E-84  0.1600E+02
 -62.304  0.8264E-84  0.1600E+02
 -62.294  0.8264E-84  0.1600E+02
 -62.284  0.8264E-84  0.1600E+02
 -62.274  0.8264E-84  0.1600E+02
 -62.264  0.8264E-84  0.1600E+02
 -62.254  0.8264E-84  0.1600E+02
 -62.244  0.8264E-84  0.1600E+02
 -62.234  0.8264E-84  0.1600E+02
 -62.224  0.8264E-84  0.1600E+02
 -62.214  0.8264E-84  0.1600E+02
 -62.204  0.8264E-84  0.1600E+02
 -62.194  0.8264E-84  0.1600E+02
 -62.184  0.8264E-84  0.1600E+02
 -62.174  0.8264E-84  0.1600E+02
 -62.164  0.8264E-84  0.1600E+02
 -62.154  0.8264E-84  0.1600E+02
 -62.144  0.8264E-84  0.1600E+02
 -62.134  0.8264E-84  0.1600E+02
 -62.124  0.8264E-84  0.1600E+02
 -62.114  0.8264E-84  0.1600E+02
 -62.104  0.8264E-84  0.1600E+02
 -62.094  0.8264E-84  0.1600E+02
 -62.084  0.8264E-84  0.1600E+02
 -62.074  0.8264E-84  0.1600E+02
 -62.064  0.8264E-84  0.1600E+02
 -62.054  0.8264E-84  0.1600E+02
 -62.044  0.8264E-84  0.1600E+02
 -62.034  0.8264E-84  0.1600E+02
 -62.024  0.8264E-84  0.1600E+02
 -62.014  0.8264E-84  0.1600E+02
 -62.004  0.8264E-84  0.1600E+02
 -61.994  0.8264E-84  0.1600E+02
 -61.984  0.8264E-84  0.1600E+02
 -61.974  0.8264E-84  0.1600E+02
 -61.964  0.8264E-84  0.1600E+02
 -61.954  0.8264E-84  0.1600E+02
 -61.944  0.8264E-84  0.1600E+02
 -61.934  0.8264E-84  0.1600E+02
 -61.924  0.8264E-84  0.1600E+02
 -61.914  0.8264E-84  0.1600E+02
 -61.904  0.8264E-84  0.1600E+02
 -61.894  0.8264E-84  0.1600E+02
 -61.884  0.8264E-84  0.1600E+02
 -61.874  0.8264E-84  0.1600E+02
 -61.864  0.8264E-84  0.1600E+02
 -61.854  0.8264E-84  0.1600E+02
 -61.844  0.8264E-84  0.1600E+02
 -61.834  0.8264E-84  0.1600E+02
 -61.824  0.8264E-84  0.1600E+02
 -61.814  0.8264E-84  0.1600E+02
 -61.804  0.8264E-84  0.1600E+02
 -61.794  0.8264E-84  0.1600E+02
 -61.784  0.8264E-84  0.1600E+02
 -61.774  0.8264E-84  0.1600E+02
 -61.764  0.8264E-84  0.1600E+02
 -61.754  0.8264E-84  0.1600E+02
 -61.744  0.8264E-84  0.1600E+02
 -61.734  0.8264E-84  0.1600E+02
 -61.724  0.8264E-84  0.1600E+02
 -61.714  0.8264E-84  0.1600E+02
 -61.704  0.8264E-84  0.1600E+02
 -61.694  0.8264E-84  0.1600E+02
 -61.684  0.8264E-84  0.1600E+02
 -61.674  0.8264E-84  0.1600E+02
 -61.664  0.8264E-84  0.1600E+02
 -61.654  0.8264E-84  0.1600E+02
 -61.644  0.8264E-84  0.1600E+02
 -61.634  0.8264E-84  0.1600E+02
 -61.624  0.8264E-84  0.1600E+02
 -61.614  0.8264E-84  0.1600E+02
 -61.604  0.8264E-84  0.1600E+02
 -61.594  0.8264E-84  0.1600E+02
 -61.584  0.8264E-84  0.1600E+02
 -61.574  0.8264E-84  0.1600E+02
 -61.564  0.8264E-84  0.1600E+02
 -61.554  0.8264E-84  0.1600E+02
 -61.544  0.8264E-84  0.1600E+02
 -61.534  0.8264E-84  0.1600E+02
 -61.524  0.8264E-84  0.1600E+02
 -61.514  0.8264E-84  0.1600E+02
 -61.504  0.8264E-84  0.1600E+02
 -61.494  0.8264E-84  0.1600E+02
 -61.484  0.8264E-84  0.1600E+02
 -61.474  0.8264E-84  0.1600E+02
 -61.464  0.8264E-84  0.1600E+02
 -61.454  0.8264E-84  0.1600E+02
 -61.444  0.8264E-84  0.1600E+02
 -61.434  0.8264E-84  0.1600E+02
 -61.424  0.8264E-84  0.1600E+02
 -61.414  0.8264E-84  0.1600E+02
 -61.404  0.8264E-84  0.1600E+02
 -61.394  0.8264E-84  0.1600E+02
 -61.384  0.8264E-84  0.1600E+02
 -61.374  0.8264E-84  0.1600E+02
 -61.364  0.8264E-84  0.1600E+02
 -61.354  0.8264E-84  0.1600E+02
 -61.344  0.8264E-84  0.1600E+02
 -61.334  0.8264E-84  0.1600E+02
 -61.324  0.8264E-84  0.1600E+02
 -61.314  0.8264E-84  0.1600E+02
 -61.304  0.8264E-84  0.1600E+02
 -61.294  0.8264E-84  0.1600E+02
 -61.284  0.8264E-84  0.1600E+02
 -61.274  0.8264E-84  0.1600E+02
 -61.264  0.8264E-84  0.1600E+02
 -61.254  0.8264E-84  0.1600E+02
 -61.244  0.8264E-84  0.1600E+02
 -61.234  0.8264E-84  0.1600E+02
 -61.224  0.8264E-84  0.1600E+02
 -61.214  0.8264E-84  0.1600E+02
 -61.204  0.8264E-84  0.1600E+02
 -61.194  0.8264E-84  0.1600E+02
 -61.184  0.8264E-84  0.1600E+02
 -61.174  0.8264E-84  0.1600E+02
 -61.164  0.8264E-84  0.1600E+02
 -61.154  0.8264E-84  0.1600E+02
 -61.144  0.8264E-84  0.1600E+02
 -61.134  0.8264E-84  0.1600E+02
 -61.124  0.8264E-84  0.1600E+02
 -61.114  0.8264E-84  0.1600E+02
 -61.104  0.8264E-84  0.1600E+02
 -61.094  0.8264E-84  0.1600E+02
 -61.084  0.8264E-84  0.1600E+02
 -61.074  0.8264E-84  0.1600E+02
 -61.064  0.8264E-84  0.1600E+02
 -61.054  0.8264E-84  0.1600E+02
 -61.044  0.8264E-84  0.1600E+02
 -61.034  0.8264E-84  0.1600E+02
 -61.024  0.8264E-84  0.1600E+02
 -61.014  0.8264E-84  0.1600E+02
 -61.004  0.8264E-84  0.1600E+02
 -60.994  0.8264E-84  0.1600E+02
 -60.984  0.8264E-84  0.1600E+02
 -60.974  0.8264E-84  0.1600E+02
 -60.964  0.8264E-84  0.1600E+02
 -60.954  0.8264E-84  0.1600E+02
 -60.944  0.8264E-84  0.1600E+02
 -60.934  0.8264E-84  0.1600E+02
 -60.924  0.8264E-84  0.1600E+02
 -60.914  0.8264E-84  0.1600E+02
 -60.904  0.8264E-84  0.1600E+02
 -60.894  0.8264E-84  0.1600E+02
 -60.884  0.8264E-84  0.1600E+02
 -60.874  0.8264E-84  0.1600E+02
 -60.864  0.8264E-84  0.1600E+02
 -60.854  0.8264E-84  0.1600E+02
 -60.844  0.8264E-84  0.1600E+02
 -60.834  0.8264E-84  0.1600E+02
 -60.824  0.8264E-84  0.1600E+02
 -60.814  0.8264E-84  0.1600E+02
 -60.804  0.8264E-84  0.1600E+02
 -60.794  0.8264E-84  0.1600E+02
 -60.784  0.8264E-84  0.1600E+02
 -60.774  0.8264E-84  0.1600E+02
 -60.764  0.8264E-84  0.1600E+02
 -60.754  0.8264E-84  0.1600E+02
 -60.744  0.8264E-84  0.1600E+02
 -60.734  0.8264E-84  0.1600E+02
 -60.724  0.8264E-84  0.1600E+02
 -60.714  0.8264E-84  0.1600E+02
 -60.704  0.8264E-84  0.1600E+02
 -60.694  0.8264E-84  0.1600E+02
 -60.684  0.8264E-84  0.1600E+02
 -60.674  0.8264E-84  0.1600E+02
 -60.664  0.8264E-84  0.1600E+02
 -60.654  0.8264E-84  0.1600E+02
 -60.644  0.8264E-84  0.1600E+02
 -60.634  0.8264E-84  0.1600E+02
 -60.624  0.8264E-84  0.1600E+02
 -60.614  0.8264E-84  0.1600E+02
 -60.604  0.8264E-84  0.1600E+02
 -60.594  0.8264E-84  0.1600E+02
 -60.584  0.8264E-84  0.1600E+02
 -60.574  0.8264E-84  0.1600E+02
 -60.564  0.8264E-84  0.1600E+02
 -60.554  0.8264E-84  0.1600E+02
 -60.544  0.8264E-84  0.1600E+02
 -60.534  0.8264E-84  0.1600E+02
 -60.524  0.8264E-84  0.1600E+02
 -60.514  0.8264E-84  0.1600E+02
 -60.504  0.8264E-84  0.1600E+02
 -60.494  0.8264E-84  0.1600E+02
 -60.484  0.8264E-84  0.1600E+02
 -60.474  0.8264E-84  0.1600E+02
 -60.464  0.8264E-84  0.1600E+02
 -60.454  0.8264E-84  0.1600E+02
 -60.444  0.8264E-84  0.1600E+02
 -60.434  0.8264E-84  0.1600E+02
 -60.424  0.8264E-84  0.1600E+02
 -60.414  0.8264E-84  0.1600E+02
 -60.404  0.8264E-84  0.1600E+02
 -60.394  0.8264E-84  0.1600E+02
 -60.384  0.8264E-84  0.1600E+02
 -60.374  0.8264E-84  0.1600E+02
 -60.364  0.8264E-84  0.1600E+02
 -60.354  0.8264E-84  0.1600E+02
 -60.344  0.8264E-84  0.1600E+02
 -60.334  0.8264E-84  0.1600E+02
 -60.324  0.8264E-84  0.1600E+02
 -60.314  0.8264E-84  0.1600E+02
 -60.304  0.8264E-84  0.1600E+02
 -60.294  0.8264E-84  0.1600E+02
 -60.284  0.8264E-84  0.1600E+02
 -60.274  0.8264E-84  0.1600E+02
 -60.264  0.8264E-84  0.1600E+02
 -60.254  0.8264E-84  0.1600E+02
 -60.244  0.8264E-84  0.1600E+02
 -60.234  0.8264E-84  0.1600E+02
 -60.224  0.8264E-84  0.1600E+02
 -60.214  0.8264E-84  0.1600E+02
 -60.204  0.8264E-84  0.1600E+02
 -60.194  0.8264E-84  0.1600E+02
 -60.184  0.8264E-84  0.1600E+02
 -60.174  0.8264E-84  0.1600E+02
 -60.164  0.8264E-84  0.1600E+02
 -60.154  0.8264E-84  0.1600E+02
 -60.144  0.8264E-84  0.1600E+02
 -60.134  0.8264E-84  0.1600E+02
 -60.124  0.8264E-84  0.1600E+02
 -60.114  0.8264E-84  0.1600E+02
 -60.104  0.8264E-84  0.1600E+02
 -60.094  0.8264E-84  0.1600E+02
 -60.084  0.8264E-84  0.1600E+02
 -60.074  0.8264E-84  0.1600E+02
 -60.064  0.8264E-84  0.1600E+02
 -60.054  0.8264E-84  0.1600E+02
 -60.044  0.8264E-84  0.1600E+02
 -60.034  0.8264E-84  0.1600E+02
 -60.024  0.8264E-84  0.1600E+02
 -60.014  0.8264E-84  0.1600E+02
 -60.004  0.8264E-84  0.1600E+02
 -59.994  0.8264E-84  0.1600E+02
 -59.984  0.8264E-84  0.1600E+02
 -59.974  0.8264E-84  0.1600E+02
 -59.964  0.8264E-84  0.1600E+02
 -59.954  0.8264E-84  0.1600E+02
 -59.944  0.8264E-84  0.1600E+02
 -59.934  0.8264E-84  0.1600E+02
 -59.924  0.8264E-84  0.1600E+02
 -59.914  0.8264E-84  0.1600E+02
 -59.904  0.8264E-84  0.1600E+02
 -59.894  0.8264E-84  0.1600E+02
 -59.884  0.8264E-84  0.1600E+02
 -59.874  0.8264E-84  0.1600E+02
 -59.864  0.8264E-84  0.1600E+02
 -59.854  0.8264E-84  0.1600E+02
 -59.844  0.8264E-84  0.1600E+02
 -59.834  0.8264E-84  0.1600E+02
 -59.824  0.8264E-84  0.1600E+02
 -59.814  0.8264E-84  0.1600E+02
 -59.804  0.8264E-84  0.1600E+02
 -59.794  0.8264E-84  0.1600E+02
 -59.784  0.8264E-84  0.1600E+02
 -59.774  0.8264E-84  0.1600E+02
 -59.764  0.8264E-84  0.1600E+02
 -59.754  0.8264E-84  0.1600E+02
 -59.744  0.8264E-84  0.1600E+02
 -59.734  0.8264E-84  0.1600E+02
 -59.724  0.8264E-84  0.1600E+02
 -59.714  0.8264E-84  0.1600E+02
 -59.704  0.8264E-84  0.1600E+02
 -59.694  0.8264E-84  0.1600E+02
 -59.684  0.8264E-84  0.1600E+02
 -59.674  0.8264E-84  0.1600E+02
 -59.664  0.8264E-84  0.1600E+02
 -59.654  0.8264E-84  0.1600E+02
 -59.644  0.8264E-84  0.1600E+02
 -59.634  0.8264E-84  0.1600E+02
 -59.624  0.8264E-84  0.1600E+02
 -59.614  0.8264E-84  0.1600E+02
 -59.604  0.8264E-84  0.1600E+02
 -59.594  0.8264E-84  0.1600E+02
 -59.584  0.8264E-84  0.1600E+02
 -59.574  0.8264E-84  0.1600E+02
 -59.564  0.8264E-84  0.1600E+02
 -59.554  0.8264E-84  0.1600E+02
 -59.544  0.8264E-84  0.1600E+02
 -59.534  0.8264E-84  0.1600E+02
 -59.524  0.8264E-84  0.1600E+02
 -59.514  0.8264E-84  0.1600E+02
 -59.504  0.8264E-84  0.1600E+02
 -59.494  0.8264E-84  0.1600E+02
 -59.484  0.8264E-84  0.1600E+02
 -59.474  0.8264E-84  0.1600E+02
 -59.464  0.8264E-84  0.1600E+02
 -59.454  0.8264E-84  0.1600E+02
 -59.444  0.8264E-84  0.1600E+02
 -59.434  0.8264E-84  0.1600E+02
 -59.424  0.8264E-84  0.1600E+02
 -59.414  0.8264E-84  0.1600E+02
 -59.404  0.8264E-84  0.1600E+02
 -59.394  0.8264E-84  0.1600E+02
 -59.384  0.8264E-84  0.1600E+02
 -59.374  0.8264E-84  0.1600E+02
 -59.364  0.8264E-84  0.1600E+02
 -59.354  0.8264E-84  0.1600E+02
 -59.344  0.8264E-84  0.1600E+02
 -59.334  0.8264E-84  0.1600E+02
 -59.324  0.8264E-84  0.1600E+02
 -59.314  0.8264E-84  0.1600E+02
 -59.304  0.8264E-84  0.1600E+02
 -59.294  0.8264E-84  0.1600E+02
 -59.284  0.8264E-84  0.1600E+02
 -59.274  0.8264E-84  0.1600E+02
 -59.264  0.8264E-84  0.1600E+02
 -59.254  0.8264E-84  0.1600E+02
 -59.244  0.8264E-84  0.1600E+02
 -59.234  0.8264E-84  0.1600E+02
 -59.224  0.8264E-84  0.1600E+02
 -59.214  0.8264E-84  0.1600E+02
 -59.204  0.8264E-84  0.1600E+02
 -59.194  0.8264E-84  0.1600E+02
 -59.184  0.8264E-84  0.1600E+02
 -59.174  0.8264E-84  0.1600E+02
 -59.164  0.8264E-84  0.1600E+02
 -59.154  0.8264E-84  0.1600E+02
 -59.144  0.8264E-84  0.1600E+02
 -59.134  0.8264E-84  0.1600E+02
 -59.124  0.8264E-84  0.1600E+02
 -59.114  0.8264E-84  0.1600E+02
 -59.104  0.8264E-84  0.1600E+02
 -59.094  0.8264E-84  0.1600E+02
 -59.084  0.8264E-84  0.1600E+02
 -59.074  0.8264E-84  0.1600E+02
 -59.064  0.8264E-84  0.1600E+02
 -59.054  0.8264E-84  0.1600E+02
 -59.044  0.8264E-84  0.1600E+02
 -59.034  0.8264E-84  0.1600E+02
 -59.024  0.8264E-84  0.1600E+02
 -59.014  0.8264E-84  0.1600E+02
 -59.004  0.8264E-84  0.1600E+02
 -58.994  0.8264E-84  0.1600E+02
 -58.984  0.8264E-84  0.1600E+02
 -58.974  0.8264E-84  0.1600E+02
 -58.964  0.8264E-84  0.1600E+02
 -58.954  0.8264E-84  0.1600E+02
 -58.944  0.8264E-84  0.1600E+02
 -58.934  0.8264E-84  0.1600E+02
 -58.924  0.8264E-84  0.1600E+02
 -58.914  0.8264E-84  0.1600E+02
 -58.904  0.8264E-84  0.1600E+02
 -58.894  0.8264E-84  0.1600E+02
 -58.884  0.8264E-84  0.1600E+02
 -58.874  0.8264E-84  0.1600E+02
 -58.864  0.8264E-84  0.1600E+02
 -58.854  0.8264E-84  0.1600E+02
 -58.844  0.8264E-84  0.1600E+02
 -58.834  0.8264E-84  0.1600E+02
 -58.824  0.8264E-84  0.1600E+02
 -58.814  0.8264E-84  0.1600E+02
 -58.804  0.8264E-84  0.1600E+02
 -58.794  0.8264E-84  0.1600E+02
 -58.784  0.8264E-84  0.1600E+02
 -58.774  0.8264E-84  0.1600E+02
 -58.764  0.8264E-84  0.1600E+02
 -58.754  0.8264E-84  0.1600E+02
 -58.744  0.8264E-84  0.1600E+02
 -58.734  0.8264E-84  0.1600E+02
 -58.724  0.8264E-84  0.1600E+02
 -58.714  0.8264E-84  0.1600E+02
 -58.704  0.8264E-84  0.1600E+02
 -58.694  0.8264E-84  0.1600E+02
 -58.684  0.8264E-84  0.1600E+02
 -58.674  0.8264E-84  0.1600E+02
 -58.664  0.8264E-84  0.1600E+02
 -58.654  0.8264E-84  0.1600E+02
 -58.644  0.8264E-84  0.1600E+02
 -58.634  0.8264E-84  0.1600E+02
 -58.624  0.8264E-84  0.1600E+02
 -58.614  0.8264E-84  0.1600E+02
 -58.604  0.8264E-84  0.1600E+02
 -58.594  0.8264E-84  0.1600E+02
 -58.584  0.8264E-84  0.1600E+02
 -58.574  0.8264E-84  0.1600E+02
 -58.564  0.8264E-84  0.1600E+02
 -58.554  0.8264E-84  0.1600E+02
 -58.544  0.8264E-84  0.1600E+02
 -58.534  0.8264E-84  0.1600E+02
 -58.524  0.8264E-84  0.1600E+02
 -58.514  0.8264E-84  0.1600E+02
 -58.504  0.8264E-84  0.1600E+02
 -58.494  0.8264E-84  0.1600E+02
 -58.484  0.8264E-84  0.1600E+02
 -58.474  0.8264E-84  0.1600E+02
 -58.464  0.8264E-84  0.1600E+02
 -58.454  0.8264E-84  0.1600E+02
 -58.444  0.8264E-84  0.1600E+02
 -58.434  0.8264E-84  0.1600E+02
 -58.424  0.8264E-84  0.1600E+02
 -58.414  0.8264E-84  0.1600E+02
 -58.404  0.8264E-84  0.1600E+02
 -58.394  0.8264E-84  0.1600E+02
 -58.384  0.8264E-84  0.1600E+02
 -58.374  0.8264E-84  0.1600E+02
 -58.364  0.8264E-84  0.1600E+02
 -58.354  0.8264E-84  0.1600E+02
 -58.344  0.8264E-84  0.1600E+02
 -58.334  0.8264E-84  0.1600E+02
 -58.324  0.8264E-84  0.1600E+02
 -58.314  0.8264E-84  0.1600E+02
 -58.304  0.8264E-84  0.1600E+02
 -58.294  0.8264E-84  0.1600E+02
 -58.284  0.8264E-84  0.1600E+02
 -58.274  0.8264E-84  0.1600E+02
 -58.264  0.8264E-84  0.1600E+02
 -58.254  0.8264E-84  0.1600E+02
 -58.244  0.8264E-84  0.1600E+02
 -58.234  0.8264E-84  0.1600E+02
 -58.224  0.8264E-84  0.1600E+02
 -58.214  0.8264E-84  0.1600E+02
 -58.204  0.8264E-84  0.1600E+02
 -58.194  0.8264E-84  0.1600E+02
 -58.184  0.8264E-84  0.1600E+02
 -58.174  0.8264E-84  0.1600E+02
 -58.164  0.8264E-84  0.1600E+02
 -58.154  0.8264E-84  0.1600E+02
 -58.144  0.8264E-84  0.1600E+02
 -58.134  0.8264E-84  0.1600E+02
 -58.124  0.8264E-84  0.1600E+02
 -58.114  0.8264E-84  0.1600E+02
 -58.104  0.8264E-84  0.1600E+02
 -58.094  0.8264E-84  0.1600E+02
 -58.084  0.8264E-84  0.1600E+02
 -58.074  0.8264E-84  0.1600E+02
 -58.064  0.8264E-84  0.1600E+02
 -58.054  0.8264E-84  0.1600E+02
 -58.044  0.8264E-84  0.1600E+02
 -58.034  0.8264E-84  0.1600E+02
 -58.024  0.8264E-84  0.1600E+02
 -58.014  0.8264E-84  0.1600E+02
 -58.004  0.8264E-84  0.1600E+02
 -57.994  0.8264E-84  0.1600E+02
 -57.984  0.8264E-84  0.1600E+02
 -57.974  0.8264E-84  0.1600E+02
 -57.964  0.8264E-84  0.1600E+02
 -57.954  0.8264E-84  0.1600E+02
 -57.944  0.8264E-84  0.1600E+02
 -57.934  0.8264E-84  0.1600E+02
 -57.924  0.8264E-84  0.1600E+02
 -57.914  0.8264E-84  0.1600E+02
 -57.904  0.8264E-84  0.1600E+02
 -57.894  0.8264E-84  0.1600E+02
 -57.884  0.8264E-84  0.1600E+02
 -57.874  0.8264E-84  0.1600E+02
 -57.864  0.8264E-84  0.1600E+02
 -57.854  0.8264E-84  0.1600E+02
 -57.844  0.8264E-84  0.1600E+02
 -57.834  0.8264E-84  0.1600E+02
 -57.824  0.8264E-84  0.1600E+02
 -57.814  0.8264E-84  0.1600E+02
 -57.804  0.8264E-84  0.1600E+02
 -57.794  0.8264E-84  0.1600E+02
 -57.784  0.8264E-84  0.1600E+02
 -57.774  0.8264E-84  0.1600E+02
 -57.764  0.8264E-84  0.1600E+02
 -57.754  0.8264E-84  0.1600E+02
 -57.744  0.8264E-84  0.1600E+02
 -57.734  0.8264E-84  0.1600E+02
 -57.724  0.8264E-84  0.1600E+02
 -57.714  0.8264E-84  0.1600E+02
 -57.704  0.8264E-84  0.1600E+02
 -57.694  0.8264E-84  0.1600E+02
 -57.684  0.8264E-84  0.1600E+02
 -57.674  0.8264E-84  0.1600E+02
 -57.664  0.8264E-84  0.1600E+02
 -57.654  0.8264E-84  0.1600E+02
 -57.644  0.8264E-84  0.1600E+02
 -57.634  0.8264E-84  0.1600E+02
 -57.624  0.8264E-84  0.1600E+02
 -57.614  0.8264E-84  0.1600E+02
 -57.604  0.8264E-84  0.1600E+02
 -57.594  0.8264E-84  0.1600E+02
 -57.584  0.8264E-84  0.1600E+02
 -57.574  0.8264E-84  0.1600E+02
 -57.564  0.8264E-84  0.1600E+02
 -57.554  0.8264E-84  0.1600E+02
 -57.544  0.8264E-84  0.1600E+02
 -57.534  0.8264E-84  0.1600E+02
 -57.524  0.8264E-84  0.1600E+02
 -57.514  0.8264E-84  0.1600E+02
 -57.504  0.8264E-84  0.1600E+02
 -57.494  0.8264E-84  0.1600E+02
 -57.484  0.8264E-84  0.1600E+02
 -57.474  0.8264E-84  0.1600E+02
 -57.464  0.8264E-84  0.1600E+02
 -57.454  0.8264E-84  0.1600E+02
 -57.444  0.8264E-84  0.1600E+02
 -57.434  0.8264E-84  0.1600E+02
 -57.424  0.8264E-84  0.1600E+02
 -57.414  0.8264E-84  0.1600E+02
 -57.404  0.8264E-84  0.1600E+02
 -57.394  0.8264E-84  0.1600E+02
 -57.384  0.8264E-84  0.1600E+02
 -57.374  0.8264E-84  0.1600E+02
 -57.364  0.8264E-84  0.1600E+02
 -57.354  0.8264E-84  0.1600E+02
 -57.344  0.8264E-84  0.1600E+02
 -57.334  0.8264E-84  0.1600E+02
 -57.324  0.8264E-84  0.1600E+02
 -57.314  0.8264E-84  0.1600E+02
 -57.304  0.8264E-84  0.1600E+02
 -57.294  0.8264E-84  0.1600E+02
 -57.284  0.8264E-84  0.1600E+02
 -57.274  0.8264E-84  0.1600E+02
 -57.264  0.8264E-84  0.1600E+02
 -57.254  0.8264E-84  0.1600E+02
 -57.244  0.8264E-84  0.1600E+02
 -57.234  0.8264E-84  0.1600E+02
 -57.224  0.8264E-84  0.1600E+02
 -57.214  0.8264E-84  0.1600E+02
 -57.204  0.8264E-84  0.1600E+02
 -57.194  0.8264E-84  0.1600E+02
 -57.184  0.8264E-84  0.1600E+02
 -57.174  0.8264E-84  0.1600E+02
 -57.164  0.8264E-84  0.1600E+02
 -57.154  0.8264E-84  0.1600E+02
 -57.144  0.8264E-84  0.1600E+02
 -57.134  0.8264E-84  0.1600E+02
 -57.124  0.8264E-84  0.1600E+02
 -57.114  0.8264E-84  0.1600E+02
 -57.104  0.8264E-84  0.1600E+02
 -57.094  0.8264E-84  0.1600E+02
 -57.084  0.8264E-84  0.1600E+02
 -57.074  0.8264E-84  0.1600E+02
 -57.064  0.8264E-84  0.1600E+02
 -57.054  0.8264E-84  0.1600E+02
 -57.044  0.8264E-84  0.1600E+02
 -57.034  0.8264E-84  0.1600E+02
 -57.024  0.8264E-84  0.1600E+02
 -57.014  0.8264E-84  0.1600E+02
 -57.004  0.8264E-84  0.1600E+02
 -56.994  0.8264E-84  0.1600E+02
 -56.984  0.8264E-84  0.1600E+02
 -56.974  0.8264E-84  0.1600E+02
 -56.964  0.8264E-84  0.1600E+02
 -56.954  0.8264E-84  0.1600E+02
 -56.944  0.8264E-84  0.1600E+02
 -56.934  0.8264E-84  0.1600E+02
 -56.924  0.8264E-84  0.1600E+02
 -56.914  0.8264E-84  0.1600E+02
 -56.904  0.8264E-84  0.1600E+02
 -56.894  0.8264E-84  0.1600E+02
 -56.884  0.8264E-84  0.1600E+02
 -56.874  0.8264E-84  0.1600E+02
 -56.864  0.8264E-84  0.1600E+02
 -56.854  0.8264E-84  0.1600E+02
 -56.844  0.8264E-84  0.1600E+02
 -56.834  0.8264E-84  0.1600E+02
 -56.824  0.8264E-84  0.1600E+02
 -56.814  0.8264E-84  0.1600E+02
 -56.804  0.8264E-84  0.1600E+02
 -56.794  0.8264E-84  0.1600E+02
 -56.784  0.8264E-84  0.1600E+02
 -56.774  0.8264E-84  0.1600E+02
 -56.764  0.8264E-84  0.1600E+02
 -56.754  0.8264E-84  0.1600E+02
 -56.744  0.8264E-84  0.1600E+02
 -56.734  0.8264E-84  0.1600E+02
 -56.724  0.8264E-84  0.1600E+02
 -56.714  0.8264E-84  0.1600E+02
 -56.704  0.8264E-84  0.1600E+02
 -56.694  0.8264E-84  0.1600E+02
 -56.684  0.8264E-84  0.1600E+02
 -56.674  0.8264E-84  0.1600E+02
 -56.664  0.8264E-84  0.1600E+02
 -56.654  0.8264E-84  0.1600E+02
 -56.644  0.8264E-84  0.1600E+02
 -56.634  0.8264E-84  0.1600E+02
 -56.624  0.8264E-84  0.1600E+02
 -56.614  0.8264E-84  0.1600E+02
 -56.604  0.8264E-84  0.1600E+02
 -56.594  0.8264E-84  0.1600E+02
 -56.584  0.8264E-84  0.1600E+02
 -56.574  0.8264E-84  0.1600E+02
 -56.564  0.8264E-84  0.1600E+02
 -56.554  0.8264E-84  0.1600E+02
 -56.544  0.8264E-84  0.1600E+02
 -56.534  0.8264E-84  0.1600E+02
 -56.524  0.8264E-84  0.1600E+02
 -56.514  0.8264E-84  0.1600E+02
 -56.504  0.8264E-84  0.1600E+02
 -56.494  0.8264E-84  0.1600E+02
 -56.484  0.8264E-84  0.1600E+02
 -56.474  0.8264E-84  0.1600E+02
 -56.464  0.8264E-84  0.1600E+02
 -56.454  0.8264E-84  0.1600E+02
 -56.444  0.8264E-84  0.1600E+02
 -56.434  0.8264E-84  0.1600E+02
 -56.424  0.8264E-84  0.1600E+02
 -56.414  0.8264E-84  0.1600E+02
 -56.404  0.8264E-84  0.1600E+02
 -56.394  0.8264E-84  0.1600E+02
 -56.384  0.8264E-84  0.1600E+02
 -56.374  0.8264E-84  0.1600E+02
 -56.364  0.8264E-84  0.1600E+02
 -56.354  0.8264E-84  0.1600E+02
 -56.344  0.8264E-84  0.1600E+02
 -56.334  0.8264E-84  0.1600E+02
 -56.324  0.8264E-84  0.1600E+02
 -56.314  0.8264E-84  0.1600E+02
 -56.304  0.8264E-84  0.1600E+02
 -56.294  0.8264E-84  0.1600E+02
 -56.284  0.8264E-84  0.1600E+02
 -56.274  0.8264E-84  0.1600E+02
 -56.264  0.8264E-84  0.1600E+02
 -56.254  0.8264E-84  0.1600E+02
 -56.244  0.8264E-84  0.1600E+02
 -56.234  0.8264E-84  0.1600E+02
 -56.224  0.8264E-84  0.1600E+02
 -56.214  0.8264E-84  0.1600E+02
 -56.204  0.8264E-84  0.1600E+02
 -56.194  0.8264E-84  0.1600E+02
 -56.184  0.8264E-84  0.1600E+02
 -56.174  0.8264E-84  0.1600E+02
 -56.164  0.8264E-84  0.1600E+02
 -56.154  0.8264E-84  0.1600E+02
 -56.144  0.8264E-84  0.1600E+02
 -56.134  0.8264E-84  0.1600E+02
 -56.124  0.8264E-84  0.1600E+02
 -56.114  0.8264E-84  0.1600E+02
 -56.104  0.8264E-84  0.1600E+02
 -56.094  0.8264E-84  0.1600E+02
 -56.084  0.8264E-84  0.1600E+02
 -56.074  0.8264E-84  0.1600E+02
 -56.064  0.8264E-84  0.1600E+02
 -56.054  0.8264E-84  0.1600E+02
 -56.044  0.8264E-84  0.1600E+02
 -56.034  0.8264E-84  0.1600E+02
 -56.024  0.8264E-84  0.1600E+02
 -56.014  0.8264E-84  0.1600E+02
 -56.004  0.8264E-84  0.1600E+02
 -55.994  0.8264E-84  0.1600E+02
 -55.984  0.8264E-84  0.1600E+02
 -55.974  0.8264E-84  0.1600E+02
 -55.964  0.8264E-84  0.1600E+02
 -55.954  0.8264E-84  0.1600E+02
 -55.944  0.8264E-84  0.1600E+02
 -55.934  0.8264E-84  0.1600E+02
 -55.924  0.8264E-84  0.1600E+02
 -55.914  0.8264E-84  0.1600E+02
 -55.904  0.8264E-84  0.1600E+02
 -55.894  0.8264E-84  0.1600E+02
 -55.884  0.8264E-84  0.1600E+02
 -55.874  0.8264E-84  0.1600E+02
 -55.864  0.8264E-84  0.1600E+02
 -55.854  0.8264E-84  0.1600E+02
 -55.844  0.8264E-84  0.1600E+02
 -55.834  0.8264E-84  0.1600E+02
 -55.824  0.8264E-84  0.1600E+02
 -55.814  0.8264E-84  0.1600E+02
 -55.804  0.8264E-84  0.1600E+02
 -55.794  0.8264E-84  0.1600E+02
 -55.784  0.8264E-84  0.1600E+02
 -55.774  0.8264E-84  0.1600E+02
 -55.764  0.8264E-84  0.1600E+02
 -55.754  0.8264E-84  0.1600E+02
 -55.744  0.8264E-84  0.1600E+02
 -55.734  0.8264E-84  0.1600E+02
 -55.724  0.8264E-84  0.1600E+02
 -55.714  0.8264E-84  0.1600E+02
 -55.704  0.8264E-84  0.1600E+02
 -55.694  0.8264E-84  0.1600E+02
 -55.684  0.8264E-84  0.1600E+02
 -55.674  0.8264E-84  0.1600E+02
 -55.664  0.8264E-84  0.1600E+02
 -55.654  0.8264E-84  0.1600E+02
 -55.644  0.8264E-84  0.1600E+02
 -55.634  0.8264E-84  0.1600E+02
 -55.624  0.8264E-84  0.1600E+02
 -55.614  0.8264E-84  0.1600E+02
 -55.604  0.8264E-84  0.1600E+02
 -55.594  0.8264E-84  0.1600E+02
 -55.584  0.8264E-84  0.1600E+02
 -55.574  0.8264E-84  0.1600E+02
 -55.564  0.8264E-84  0.1600E+02
 -55.554  0.8264E-84  0.1600E+02
 -55.544  0.8264E-84  0.1600E+02
 -55.534  0.8264E-84  0.1600E+02
 -55.524  0.8264E-84  0.1600E+02
 -55.514  0.8264E-84  0.1600E+02
 -55.504  0.8264E-84  0.1600E+02
 -55.494  0.8264E-84  0.1600E+02
 -55.484  0.8264E-84  0.1600E+02
 -55.474  0.8264E-84  0.1600E+02
 -55.464  0.8264E-84  0.1600E+02
 -55.454  0.8264E-84  0.1600E+02
 -55.444  0.8264E-84  0.1600E+02
 -55.434  0.8264E-84  0.1600E+02
 -55.424  0.8264E-84  0.1600E+02
 -55.414  0.8264E-84  0.1600E+02
 -55.404  0.8264E-84  0.1600E+02
 -55.394  0.8264E-84  0.1600E+02
 -55.384  0.8264E-84  0.1600E+02
 -55.374  0.8264E-84  0.1600E+02
 -55.364  0.8264E-84  0.1600E+02
 -55.354  0.8264E-84  0.1600E+02
 -55.344  0.8264E-84  0.1600E+02
 -55.334  0.8264E-84  0.1600E+02
 -55.324  0.8264E-84  0.1600E+02
 -55.314  0.8264E-84  0.1600E+02
 -55.304  0.8264E-84  0.1600E+02
 -55.294  0.8264E-84  0.1600E+02
 -55.284  0.8264E-84  0.1600E+02
 -55.274  0.8264E-84  0.1600E+02
 -55.264  0.8264E-84  0.1600E+02
 -55.254  0.8264E-84  0.1600E+02
 -55.244  0.8264E-84  0.1600E+02
 -55.234  0.8264E-84  0.1600E+02
 -55.224  0.8264E-84  0.1600E+02
 -55.214  0.8264E-84  0.1600E+02
 -55.204  0.8264E-84  0.1600E+02
 -55.194  0.8264E-84  0.1600E+02
 -55.184  0.8264E-84  0.1600E+02
 -55.174  0.8264E-84  0.1600E+02
 -55.164  0.8264E-84  0.1600E+02
 -55.154  0.8264E-84  0.1600E+02
 -55.144  0.8264E-84  0.1600E+02
 -55.134  0.8264E-84  0.1600E+02
 -55.124  0.8264E-84  0.1600E+02
 -55.114  0.8264E-84  0.1600E+02
 -55.104  0.8264E-84  0.1600E+02
 -55.094  0.8264E-84  0.1600E+02
 -55.084  0.8264E-84  0.1600E+02
 -55.074  0.8264E-84  0.1600E+02
 -55.064  0.8264E-84  0.1600E+02
 -55.054  0.8264E-84  0.1600E+02
 -55.044  0.8264E-84  0.1600E+02
 -55.034  0.8264E-84  0.1600E+02
 -55.024  0.8264E-84  0.1600E+02
 -55.014  0.8264E-84  0.1600E+02
 -55.004  0.8264E-84  0.1600E+02
 -54.994  0.8264E-84  0.1600E+02
 -54.984  0.8264E-84  0.1600E+02
 -54.974  0.8264E-84  0.1600E+02
 -54.964  0.8264E-84  0.1600E+02
 -54.954  0.8264E-84  0.1600E+02
 -54.944  0.8264E-84  0.1600E+02
 -54.934  0.8264E-84  0.1600E+02
 -54.924  0.8264E-84  0.1600E+02
 -54.914  0.8264E-84  0.1600E+02
 -54.904  0.8264E-84  0.1600E+02
 -54.894  0.8264E-84  0.1600E+02
 -54.884  0.8264E-84  0.1600E+02
 -54.874  0.8264E-84  0.1600E+02
 -54.864  0.8264E-84  0.1600E+02
 -54.854  0.8264E-84  0.1600E+02
 -54.844  0.8264E-84  0.1600E+02
 -54.834  0.8264E-84  0.1600E+02
 -54.824  0.8264E-84  0.1600E+02
 -54.814  0.8264E-84  0.1600E+02
 -54.804  0.8264E-84  0.1600E+02
 -54.794  0.8264E-84  0.1600E+02
 -54.784  0.8264E-84  0.1600E+02
 -54.774  0.8264E-84  0.1600E+02
 -54.764  0.8264E-84  0.1600E+02
 -54.754  0.8264E-84  0.1600E+02
 -54.744  0.8264E-84  0.1600E+02
 -54.734  0.8264E-84  0.1600E+02
 -54.724  0.8264E-84  0.1600E+02
 -54.714  0.8264E-84  0.1600E+02
 -54.704  0.8264E-84  0.1600E+02
 -54.694  0.8264E-84  0.1600E+02
 -54.684  0.8264E-84  0.1600E+02
 -54.674  0.8264E-84  0.1600E+02
 -54.664  0.8264E-84  0.1600E+02
 -54.654  0.8264E-84  0.1600E+02
 -54.644  0.8264E-84  0.1600E+02
 -54.634  0.8264E-84  0.1600E+02
 -54.624  0.8264E-84  0.1600E+02
 -54.614  0.8264E-84  0.1600E+02
 -54.604  0.8264E-84  0.1600E+02
 -54.594  0.8264E-84  0.1600E+02
 -54.584  0.8264E-84  0.1600E+02
 -54.574  0.8264E-84  0.1600E+02
 -54.564  0.8264E-84  0.1600E+02
 -54.554  0.8264E-84  0.1600E+02
 -54.544  0.8264E-84  0.1600E+02
 -54.534  0.8264E-84  0.1600E+02
 -54.524  0.8264E-84  0.1600E+02
 -54.514  0.8264E-84  0.1600E+02
 -54.504  0.8264E-84  0.1600E+02
 -54.494  0.8264E-84  0.1600E+02
 -54.484  0.8264E-84  0.1600E+02
 -54.474  0.8264E-84  0.1600E+02
 -54.464  0.8264E-84  0.1600E+02
 -54.454  0.8264E-84  0.1600E+02
 -54.444  0.8264E-84  0.1600E+02
 -54.434  0.8264E-84  0.1600E+02
 -54.424  0.8264E-84  0.1600E+02
 -54.414  0.8264E-84  0.1600E+02
 -54.404  0.8264E-84  0.1600E+02
 -54.394  0.8264E-84  0.1600E+02
 -54.384  0.8264E-84  0.1600E+02
 -54.374  0.8264E-84  0.1600E+02
 -54.364  0.8264E-84  0.1600E+02
 -54.354  0.8264E-84  0.1600E+02
 -54.344  0.8264E-84  0.1600E+02
 -54.334  0.8264E-84  0.1600E+02
 -54.324  0.8264E-84  0.1600E+02
 -54.314  0.8264E-84  0.1600E+02
 -54.304  0.8264E-84  0.1600E+02
 -54.294  0.8264E-84  0.1600E+02
 -54.284  0.8264E-84  0.1600E+02
 -54.274  0.8264E-84  0.1600E+02
 -54.264  0.8264E-84  0.1600E+02
 -54.254  0.8264E-84  0.1600E+02
 -54.244  0.8264E-84  0.1600E+02
 -54.234  0.8264E-84  0.1600E+02
 -54.224  0.8264E-84  0.1600E+02
 -54.214  0.8264E-84  0.1600E+02
 -54.204  0.8264E-84  0.1600E+02
 -54.194  0.8264E-84  0.1600E+02
 -54.184  0.8264E-84  0.1600E+02
 -54.174  0.8264E-84  0.1600E+02
 -54.164  0.8264E-84  0.1600E+02
 -54.154  0.8264E-84  0.1600E+02
 -54.144  0.8264E-84  0.1600E+02
 -54.134  0.8264E-84  0.1600E+02
 -54.124  0.8264E-84  0.1600E+02
 -54.114  0.8264E-84  0.1600E+02
 -54.104  0.8264E-84  0.1600E+02
 -54.094  0.8264E-84  0.1600E+02
 -54.084  0.8264E-84  0.1600E+02
 -54.074  0.8264E-84  0.1600E+02
 -54.064  0.8264E-84  0.1600E+02
 -54.054  0.8264E-84  0.1600E+02
 -54.044  0.8264E-84  0.1600E+02
 -54.034  0.8264E-84  0.1600E+02
 -54.024  0.8264E-84  0.1600E+02
 -54.014  0.8264E-84  0.1600E+02
 -54.004  0.8264E-84  0.1600E+02
 -53.994  0.8264E-84  0.1600E+02
 -53.984  0.8264E-84  0.1600E+02
 -53.974  0.8264E-84  0.1600E+02
 -53.964  0.8264E-84  0.1600E+02
 -53.954  0.8264E-84  0.1600E+02
 -53.944  0.8264E-84  0.1600E+02
 -53.934  0.8264E-84  0.1600E+02
 -53.924  0.8264E-84  0.1600E+02
 -53.914  0.8264E-84  0.1600E+02
 -53.904  0.8264E-84  0.1600E+02
 -53.894  0.8264E-84  0.1600E+02
 -53.884  0.8264E-84  0.1600E+02
 -53.874  0.8264E-84  0.1600E+02
 -53.864  0.8264E-84  0.1600E+02
 -53.854  0.8264E-84  0.1600E+02
 -53.844  0.8264E-84  0.1600E+02
 -53.834  0.8264E-84  0.1600E+02
 -53.824  0.8264E-84  0.1600E+02
 -53.814  0.8264E-84  0.1600E+02
 -53.804  0.8264E-84  0.1600E+02
 -53.794  0.8264E-84  0.1600E+02
 -53.784  0.8264E-84  0.1600E+02
 -53.774  0.8264E-84  0.1600E+02
 -53.764  0.8264E-84  0.1600E+02
 -53.754  0.8264E-84  0.1600E+02
 -53.744  0.8264E-84  0.1600E+02
 -53.734  0.8264E-84  0.1600E+02
 -53.724  0.8264E-84  0.1600E+02
 -53.714  0.8264E-84  0.1600E+02
 -53.704  0.8264E-84  0.1600E+02
 -53.694  0.8264E-84  0.1600E+02
 -53.684  0.8264E-84  0.1600E+02
 -53.674  0.8264E-84  0.1600E+02
 -53.664  0.8264E-84  0.1600E+02
 -53.654  0.8264E-84  0.1600E+02
 -53.644  0.8264E-84  0.1600E+02
 -53.634  0.8264E-84  0.1600E+02
 -53.624  0.8264E-84  0.1600E+02
 -53.614  0.8264E-84  0.1600E+02
 -53.604  0.8264E-84  0.1600E+02
 -53.594  0.8264E-84  0.1600E+02
 -53.584  0.8264E-84  0.1600E+02
 -53.574  0.8264E-84  0.1600E+02
 -53.564  0.8264E-84  0.1600E+02
 -53.554  0.8264E-84  0.1600E+02
 -53.544  0.8264E-84  0.1600E+02
 -53.534  0.8264E-84  0.1600E+02
 -53.524  0.8264E-84  0.1600E+02
 -53.514  0.8264E-84  0.1600E+02
 -53.504  0.8264E-84  0.1600E+02
 -53.494  0.8264E-84  0.1600E+02
 -53.484  0.8264E-84  0.1600E+02
 -53.474  0.8264E-84  0.1600E+02
 -53.464  0.8264E-84  0.1600E+02
 -53.454  0.8264E-84  0.1600E+02
 -53.444  0.8264E-84  0.1600E+02
 -53.434  0.8264E-84  0.1600E+02
 -53.424  0.8264E-84  0.1600E+02
 -53.414  0.8264E-84  0.1600E+02
 -53.404  0.8264E-84  0.1600E+02
 -53.394  0.8264E-84  0.1600E+02
 -53.384  0.8264E-84  0.1600E+02
 -53.374  0.8264E-84  0.1600E+02
 -53.364  0.8264E-84  0.1600E+02
 -53.354  0.8264E-84  0.1600E+02
 -53.344  0.8264E-84  0.1600E+02
 -53.334  0.8264E-84  0.1600E+02
 -53.324  0.8264E-84  0.1600E+02
 -53.314  0.8264E-84  0.1600E+02
 -53.304  0.8264E-84  0.1600E+02
 -53.294  0.8264E-84  0.1600E+02
 -53.284  0.8264E-84  0.1600E+02
 -53.274  0.8264E-84  0.1600E+02
 -53.264  0.8264E-84  0.1600E+02
 -53.254  0.8264E-84  0.1600E+02
 -53.244  0.8264E-84  0.1600E+02
 -53.234  0.8264E-84  0.1600E+02
 -53.224  0.8264E-84  0.1600E+02
 -53.214  0.8264E-84  0.1600E+02
 -53.204  0.8264E-84  0.1600E+02
 -53.194  0.8264E-84  0.1600E+02
 -53.184  0.8264E-84  0.1600E+02
 -53.174  0.8264E-84  0.1600E+02
 -53.164  0.8264E-84  0.1600E+02
 -53.154  0.8264E-84  0.1600E+02
 -53.144  0.8264E-84  0.1600E+02
 -53.134  0.8264E-84  0.1600E+02
 -53.124  0.8264E-84  0.1600E+02
 -53.114  0.8264E-84  0.1600E+02
 -53.104  0.8264E-84  0.1600E+02
 -53.094  0.8264E-84  0.1600E+02
 -53.084  0.8264E-84  0.1600E+02
 -53.074  0.8264E-84  0.1600E+02
 -53.064  0.8264E-84  0.1600E+02
 -53.054  0.8264E-84  0.1600E+02
 -53.044  0.8264E-84  0.1600E+02
 -53.034  0.8264E-84  0.1600E+02
 -53.024  0.8264E-84  0.1600E+02
 -53.014  0.8264E-84  0.1600E+02
 -53.004  0.8264E-84  0.1600E+02
 -52.994  0.8264E-84  0.1600E+02
 -52.984  0.8264E-84  0.1600E+02
 -52.974  0.8264E-84  0.1600E+02
 -52.964  0.8264E-84  0.1600E+02
 -52.954  0.8264E-84  0.1600E+02
 -52.944  0.8264E-84  0.1600E+02
 -52.934  0.8264E-84  0.1600E+02
 -52.924  0.8264E-84  0.1600E+02
 -52.914  0.8264E-84  0.1600E+02
 -52.904  0.8264E-84  0.1600E+02
 -52.894  0.8264E-84  0.1600E+02
 -52.884  0.8264E-84  0.1600E+02
 -52.874  0.8264E-84  0.1600E+02
 -52.864  0.8264E-84  0.1600E+02
 -52.854  0.8264E-84  0.1600E+02
 -52.844  0.8264E-84  0.1600E+02
 -52.834  0.8264E-84  0.1600E+02
 -52.824  0.8264E-84  0.1600E+02
 -52.814  0.8264E-84  0.1600E+02
 -52.804  0.8264E-84  0.1600E+02
 -52.794  0.8264E-84  0.1600E+02
 -52.784  0.8264E-84  0.1600E+02
 -52.774  0.8264E-84  0.1600E+02
 -52.764  0.8264E-84  0.1600E+02
 -52.754  0.8264E-84  0.1600E+02
 -52.744  0.8264E-84  0.1600E+02
 -52.734  0.8264E-84  0.1600E+02
 -52.724  0.8264E-84  0.1600E+02
 -52.714  0.8264E-84  0.1600E+02
 -52.704  0.8264E-84  0.1600E+02
 -52.694  0.8264E-84  0.1600E+02
 -52.684  0.8264E-84  0.1600E+02
 -52.674  0.8264E-84  0.1600E+02
 -52.664  0.8264E-84  0.1600E+02
 -52.654  0.8264E-84  0.1600E+02
 -52.644  0.8264E-84  0.1600E+02
 -52.634  0.8264E-84  0.1600E+02
 -52.624  0.8264E-84  0.1600E+02
 -52.614  0.8264E-84  0.1600E+02
 -52.604  0.8264E-84  0.1600E+02
 -52.594  0.8264E-84  0.1600E+02
 -52.584  0.8264E-84  0.1600E+02
 -52.574  0.8264E-84  0.1600E+02
 -52.564  0.8264E-84  0.1600E+02
 -52.554  0.8264E-84  0.1600E+02
 -52.544  0.8264E-84  0.1600E+02
 -52.534  0.8264E-84  0.1600E+02
 -52.524  0.8264E-84  0.1600E+02
 -52.514  0.8264E-84  0.1600E+02
 -52.504  0.8264E-84  0.1600E+02
 -52.494  0.8264E-84  0.1600E+02
 -52.484  0.8264E-84  0.1600E+02
 -52.474  0.8264E-84  0.1600E+02
 -52.464  0.8264E-84  0.1600E+02
 -52.454  0.8264E-84  0.1600E+02
 -52.444  0.8264E-84  0.1600E+02
 -52.434  0.8264E-84  0.1600E+02
 -52.424  0.8264E-84  0.1600E+02
 -52.414  0.8264E-84  0.1600E+02
 -52.404  0.8264E-84  0.1600E+02
 -52.394  0.8264E-84  0.1600E+02
 -52.384  0.8264E-84  0.1600E+02
 -52.374  0.8264E-84  0.1600E+02
 -52.364  0.8264E-84  0.1600E+02
 -52.354  0.8264E-84  0.1600E+02
 -52.344  0.8264E-84  0.1600E+02
 -52.334  0.8264E-84  0.1600E+02
 -52.324  0.8264E-84  0.1600E+02
 -52.314  0.8264E-84  0.1600E+02
 -52.304  0.8264E-84  0.1600E+02
 -52.294  0.8264E-84  0.1600E+02
 -52.284  0.8264E-84  0.1600E+02
 -52.274  0.8264E-84  0.1600E+02
 -52.264  0.8264E-84  0.1600E+02
 -52.254  0.8264E-84  0.1600E+02
 -52.244  0.8264E-84  0.1600E+02
 -52.234  0.8264E-84  0.1600E+02
 -52.224  0.8264E-84  0.1600E+02
 -52.214  0.8264E-84  0.1600E+02
 -52.204  0.8264E-84  0.1600E+02
 -52.194  0.8264E-84  0.1600E+02
 -52.184  0.8264E-84  0.1600E+02
 -52.174  0.8264E-84  0.1600E+02
 -52.164  0.8264E-84  0.1600E+02
 -52.154  0.8264E-84  0.1600E+02
 -52.144  0.8264E-84  0.1600E+02
 -52.134  0.8264E-84  0.1600E+02
 -52.124  0.8264E-84  0.1600E+02
 -52.114  0.8264E-84  0.1600E+02
 -52.104  0.8264E-84  0.1600E+02
 -52.094  0.8264E-84  0.1600E+02
 -52.084  0.8264E-84  0.1600E+02
 -52.074  0.8264E-84  0.1600E+02
 -52.064  0.8264E-84  0.1600E+02
 -52.054  0.8264E-84  0.1600E+02
 -52.044  0.8264E-84  0.1600E+02
 -52.034  0.8264E-84  0.1600E+02
 -52.024  0.8264E-84  0.1600E+02
 -52.014  0.8264E-84  0.1600E+02
 -52.004  0.8264E-84  0.1600E+02
 -51.994  0.8264E-84  0.1600E+02
 -51.984  0.8264E-84  0.1600E+02
 -51.974  0.8264E-84  0.1600E+02
 -51.964  0.8264E-84  0.1600E+02
 -51.954  0.8264E-84  0.1600E+02
 -51.944  0.8264E-84  0.1600E+02
 -51.934  0.8264E-84  0.1600E+02
 -51.924  0.8264E-84  0.1600E+02
 -51.914  0.8264E-84  0.1600E+02
 -51.904  0.8264E-84  0.1600E+02
 -51.894  0.8264E-84  0.1600E+02
 -51.884  0.8264E-84  0.1600E+02
 -51.874  0.8264E-84  0.1600E+02
 -51.864  0.8264E-84  0.1600E+02
 -51.854  0.8264E-84  0.1600E+02
 -51.844  0.8264E-84  0.1600E+02
 -51.834  0.8264E-84  0.1600E+02
 -51.824  0.8264E-84  0.1600E+02
 -51.814  0.8264E-84  0.1600E+02
 -51.804  0.8264E-84  0.1600E+02
 -51.794  0.8264E-84  0.1600E+02
 -51.784  0.8264E-84  0.1600E+02
 -51.774  0.8264E-84  0.1600E+02
 -51.764  0.8264E-84  0.1600E+02
 -51.754  0.8264E-84  0.1600E+02
 -51.744  0.8264E-84  0.1600E+02
 -51.734  0.8264E-84  0.1600E+02
 -51.724  0.8264E-84  0.1600E+02
 -51.714  0.8264E-84  0.1600E+02
 -51.704  0.8264E-84  0.1600E+02
 -51.694  0.8264E-84  0.1600E+02
 -51.684  0.8264E-84  0.1600E+02
 -51.674  0.8264E-84  0.1600E+02
 -51.664  0.8264E-84  0.1600E+02
 -51.654  0.8264E-84  0.1600E+02
 -51.644  0.8264E-84  0.1600E+02
 -51.634  0.8264E-84  0.1600E+02
 -51.624  0.8264E-84  0.1600E+02
 -51.614  0.8264E-84  0.1600E+02
 -51.604  0.8264E-84  0.1600E+02
 -51.594  0.8264E-84  0.1600E+02
 -51.584  0.8264E-84  0.1600E+02
 -51.574  0.8264E-84  0.1600E+02
 -51.564  0.8264E-84  0.1600E+02
 -51.554  0.8264E-84  0.1600E+02
 -51.544  0.8264E-84  0.1600E+02
 -51.534  0.8264E-84  0.1600E+02
 -51.524  0.8264E-84  0.1600E+02
 -51.514  0.8264E-84  0.1600E+02
 -51.504  0.8264E-84  0.1600E+02
 -51.494  0.8264E-84  0.1600E+02
 -51.484  0.8264E-84  0.1600E+02
 -51.474  0.8264E-84  0.1600E+02
 -51.464  0.8264E-84  0.1600E+02
 -51.454  0.8264E-84  0.1600E+02
 -51.444  0.8264E-84  0.1600E+02
 -51.434  0.8264E-84  0.1600E+02
 -51.424  0.8264E-84  0.1600E+02
 -51.414  0.8264E-84  0.1600E+02
 -51.404  0.8264E-84  0.1600E+02
 -51.394  0.8264E-84  0.1600E+02
 -51.384  0.8264E-84  0.1600E+02
 -51.374  0.8264E-84  0.1600E+02
 -51.364  0.8264E-84  0.1600E+02
 -51.354  0.8264E-84  0.1600E+02
 -51.344  0.8264E-84  0.1600E+02
 -51.334  0.8264E-84  0.1600E+02
 -51.324  0.8264E-84  0.1600E+02
 -51.314  0.8264E-84  0.1600E+02
 -51.304  0.8264E-84  0.1600E+02
 -51.294  0.8264E-84  0.1600E+02
 -51.284  0.8264E-84  0.1600E+02
 -51.274  0.8264E-84  0.1600E+02
 -51.264  0.8264E-84  0.1600E+02
 -51.254  0.8264E-84  0.1600E+02
 -51.244  0.8264E-84  0.1600E+02
 -51.234  0.8264E-84  0.1600E+02
 -51.224  0.8264E-84  0.1600E+02
 -51.214  0.8264E-84  0.1600E+02
 -51.204  0.8264E-84  0.1600E+02
 -51.194  0.8264E-84  0.1600E+02
 -51.184  0.8264E-84  0.1600E+02
 -51.174  0.8264E-84  0.1600E+02
 -51.164  0.8264E-84  0.1600E+02
 -51.154  0.8264E-84  0.1600E+02
 -51.144  0.8264E-84  0.1600E+02
 -51.134  0.8264E-84  0.1600E+02
 -51.124  0.8264E-84  0.1600E+02
 -51.114  0.8264E-84  0.1600E+02
 -51.104  0.8264E-84  0.1600E+02
 -51.094  0.8264E-84  0.1600E+02
 -51.084  0.8264E-84  0.1600E+02
 -51.074  0.8264E-84  0.1600E+02
 -51.064  0.8264E-84  0.1600E+02
 -51.054  0.8264E-84  0.1600E+02
 -51.044  0.8264E-84  0.1600E+02
 -51.034  0.8264E-84  0.1600E+02
 -51.024  0.8264E-84  0.1600E+02
 -51.014  0.8264E-84  0.1600E+02
 -51.004  0.8264E-84  0.1600E+02
 -50.994  0.8264E-84  0.1600E+02
 -50.984  0.8264E-84  0.1600E+02
 -50.974  0.8264E-84  0.1600E+02
 -50.964  0.8264E-84  0.1600E+02
 -50.954  0.8264E-84  0.1600E+02
 -50.944  0.8264E-84  0.1600E+02
 -50.934  0.8264E-84  0.1600E+02
 -50.924  0.8264E-84  0.1600E+02
 -50.914  0.8264E-84  0.1600E+02
 -50.904  0.8264E-84  0.1600E+02
 -50.894  0.8264E-84  0.1600E+02
 -50.884  0.8264E-84  0.1600E+02
 -50.874  0.8264E-84  0.1600E+02
 -50.864  0.8264E-84  0.1600E+02
 -50.854  0.8264E-84  0.1600E+02
 -50.844  0.8264E-84  0.1600E+02
 -50.834  0.8264E-84  0.1600E+02
 -50.824  0.8264E-84  0.1600E+02
 -50.814  0.8264E-84  0.1600E+02
 -50.804  0.8264E-84  0.1600E+02
 -50.794  0.8264E-84  0.1600E+02
 -50.784  0.8264E-84  0.1600E+02
 -50.774  0.8264E-84  0.1600E+02
 -50.764  0.8264E-84  0.1600E+02
 -50.754  0.8264E-84  0.1600E+02
 -50.744  0.8264E-84  0.1600E+02
 -50.734  0.8264E-84  0.1600E+02
 -50.724  0.8264E-84  0.1600E+02
 -50.714  0.8264E-84  0.1600E+02
 -50.704  0.8264E-84  0.1600E+02
 -50.694  0.8264E-84  0.1600E+02
 -50.684  0.8264E-84  0.1600E+02
 -50.674  0.8264E-84  0.1600E+02
 -50.664  0.8264E-84  0.1600E+02
 -50.654  0.8264E-84  0.1600E+02
 -50.644  0.8264E-84  0.1600E+02
 -50.634  0.8264E-84  0.1600E+02
 -50.624  0.8264E-84  0.1600E+02
 -50.614  0.8264E-84  0.1600E+02
 -50.604  0.8264E-84  0.1600E+02
 -50.594  0.8264E-84  0.1600E+02
 -50.584  0.8264E-84  0.1600E+02
 -50.574  0.8264E-84  0.1600E+02
 -50.564  0.8264E-84  0.1600E+02
 -50.554  0.8264E-84  0.1600E+02
 -50.544  0.8264E-84  0.1600E+02
 -50.534  0.8264E-84  0.1600E+02
 -50.524  0.8264E-84  0.1600E+02
 -50.514  0.8264E-84  0.1600E+02
 -50.504  0.8264E-84  0.1600E+02
 -50.494  0.8264E-84  0.1600E+02
 -50.484  0.8264E-84  0.1600E+02
 -50.474  0.8264E-84  0.1600E+02
 -50.464  0.8264E-84  0.1600E+02
 -50.454  0.8264E-84  0.1600E+02
 -50.444  0.8264E-84  0.1600E+02
 -50.434  0.8264E-84  0.1600E+02
 -50.424  0.8264E-84  0.1600E+02
 -50.414  0.8264E-84  0.1600E+02
 -50.404  0.8264E-84  0.1600E+02
 -50.394  0.8264E-84  0.1600E+02
 -50.384  0.8264E-84  0.1600E+02
 -50.374  0.8264E-84  0.1600E+02
 -50.364  0.8264E-84  0.1600E+02
 -50.354  0.8264E-84  0.1600E+02
 -50.344  0.8264E-84  0.1600E+02
 -50.334  0.8264E-84  0.1600E+02
 -50.324  0.8264E-84  0.1600E+02
 -50.314  0.8264E-84  0.1600E+02
 -50.304  0.8264E-84  0.1600E+02
 -50.294  0.8264E-84  0.1600E+02
 -50.284  0.8264E-84  0.1600E+02
 -50.274  0.8264E-84  0.1600E+02
 -50.264  0.8264E-84  0.1600E+02
 -50.254  0.8264E-84  0.1600E+02
 -50.244  0.8264E-84  0.1600E+02
 -50.234  0.8264E-84  0.1600E+02
 -50.224  0.8264E-84  0.1600E+02
 -50.214  0.8264E-84  0.1600E+02
 -50.204  0.8264E-84  0.1600E+02
 -50.194  0.8264E-84  0.1600E+02
 -50.184  0.8264E-84  0.1600E+02
 -50.174  0.8264E-84  0.1600E+02
 -50.164  0.8264E-84  0.1600E+02
 -50.154  0.8264E-84  0.1600E+02
 -50.144  0.8264E-84  0.1600E+02
 -50.134  0.8264E-84  0.1600E+02
 -50.124  0.8264E-84  0.1600E+02
 -50.114  0.8264E-84  0.1600E+02
 -50.104  0.8264E-84  0.1600E+02
 -50.094  0.8264E-84  0.1600E+02
 -50.084  0.8264E-84  0.1600E+02
 -50.074  0.8264E-84  0.1600E+02
 -50.064  0.8264E-84  0.1600E+02
 -50.054  0.8264E-84  0.1600E+02
 -50.044  0.8264E-84  0.1600E+02
 -50.034  0.8264E-84  0.1600E+02
 -50.024  0.8264E-84  0.1600E+02
 -50.014  0.8264E-84  0.1600E+02
 -50.004  0.8264E-84  0.1600E+02
 -49.994  0.8264E-84  0.1600E+02
 -49.984  0.8264E-84  0.1600E+02
 -49.974  0.8264E-84  0.1600E+02
 -49.964  0.8264E-84  0.1600E+02
 -49.954  0.8264E-84  0.1600E+02
 -49.944  0.8264E-84  0.1600E+02
 -49.934  0.8264E-84  0.1600E+02
 -49.924  0.8264E-84  0.1600E+02
 -49.914  0.8264E-84  0.1600E+02
 -49.904  0.8264E-84  0.1600E+02
 -49.894  0.8264E-84  0.1600E+02
 -49.884  0.8264E-84  0.1600E+02
 -49.874  0.8264E-84  0.1600E+02
 -49.864  0.8264E-84  0.1600E+02
 -49.854  0.8264E-84  0.1600E+02
 -49.844  0.8264E-84  0.1600E+02
 -49.834  0.8264E-84  0.1600E+02
 -49.824  0.8264E-84  0.1600E+02
 -49.814  0.8264E-84  0.1600E+02
 -49.804  0.8264E-84  0.1600E+02
 -49.794  0.8264E-84  0.1600E+02
 -49.784  0.8264E-84  0.1600E+02
 -49.774  0.8264E-84  0.1600E+02
 -49.764  0.8264E-84  0.1600E+02
 -49.754  0.8264E-84  0.1600E+02
 -49.744  0.8264E-84  0.1600E+02
 -49.734  0.8264E-84  0.1600E+02
 -49.724  0.8264E-84  0.1600E+02
 -49.714  0.8264E-84  0.1600E+02
 -49.704  0.8264E-84  0.1600E+02
 -49.694  0.8264E-84  0.1600E+02
 -49.684  0.8264E-84  0.1600E+02
 -49.674  0.8264E-84  0.1600E+02
 -49.664  0.8264E-84  0.1600E+02
 -49.654  0.8264E-84  0.1600E+02
 -49.644  0.8264E-84  0.1600E+02
 -49.634  0.8264E-84  0.1600E+02
 -49.624  0.8264E-84  0.1600E+02
 -49.614  0.8264E-84  0.1600E+02
 -49.604  0.8264E-84  0.1600E+02
 -49.594  0.8264E-84  0.1600E+02
 -49.584  0.8264E-84  0.1600E+02
 -49.574  0.8264E-84  0.1600E+02
 -49.564  0.8264E-84  0.1600E+02
 -49.554  0.8264E-84  0.1600E+02
 -49.544  0.8264E-84  0.1600E+02
 -49.534  0.8264E-84  0.1600E+02
 -49.524  0.8264E-84  0.1600E+02
 -49.514  0.8264E-84  0.1600E+02
 -49.504  0.8264E-84  0.1600E+02
 -49.494  0.8264E-84  0.1600E+02
 -49.484  0.8264E-84  0.1600E+02
 -49.474  0.8264E-84  0.1600E+02
 -49.464  0.8264E-84  0.1600E+02
 -49.454  0.8264E-84  0.1600E+02
 -49.444  0.8264E-84  0.1600E+02
 -49.434  0.8264E-84  0.1600E+02
 -49.424  0.8264E-84  0.1600E+02
 -49.414  0.8264E-84  0.1600E+02
 -49.404  0.8264E-84  0.1600E+02
 -49.394  0.8264E-84  0.1600E+02
 -49.384  0.8264E-84  0.1600E+02
 -49.374  0.8264E-84  0.1600E+02
 -49.364  0.8264E-84  0.1600E+02
 -49.354  0.8264E-84  0.1600E+02
 -49.344  0.8264E-84  0.1600E+02
 -49.334  0.8264E-84  0.1600E+02
 -49.324  0.8264E-84  0.1600E+02
 -49.314  0.8264E-84  0.1600E+02
 -49.304  0.8264E-84  0.1600E+02
 -49.294  0.8264E-84  0.1600E+02
 -49.284  0.8264E-84  0.1600E+02
 -49.274  0.8264E-84  0.1600E+02
 -49.264  0.8264E-84  0.1600E+02
 -49.254  0.8264E-84  0.1600E+02
 -49.244  0.8264E-84  0.1600E+02
 -49.234  0.8264E-84  0.1600E+02
 -49.224  0.8264E-84  0.1600E+02
 -49.214  0.8264E-84  0.1600E+02
 -49.204  0.8264E-84  0.1600E+02
 -49.194  0.8264E-84  0.1600E+02
 -49.184  0.8264E-84  0.1600E+02
 -49.174  0.8264E-84  0.1600E+02
 -49.164  0.8264E-84  0.1600E+02
 -49.154  0.8264E-84  0.1600E+02
 -49.144  0.8264E-84  0.1600E+02
 -49.134  0.8264E-84  0.1600E+02
 -49.124  0.8264E-84  0.1600E+02
 -49.114  0.8264E-84  0.1600E+02
 -49.104  0.8264E-84  0.1600E+02
 -49.094  0.8264E-84  0.1600E+02
 -49.084  0.8264E-84  0.1600E+02
 -49.074  0.8264E-84  0.1600E+02
 -49.064  0.8264E-84  0.1600E+02
 -49.054  0.8264E-84  0.1600E+02
 -49.044  0.8264E-84  0.1600E+02
 -49.034  0.8264E-84  0.1600E+02
 -49.024  0.8264E-84  0.1600E+02
 -49.014  0.8264E-84  0.1600E+02
 -49.004  0.8264E-84  0.1600E+02
 -48.994  0.8264E-84  0.1600E+02
 -48.984  0.8264E-84  0.1600E+02
 -48.974  0.8264E-84  0.1600E+02
 -48.964  0.8264E-84  0.1600E+02
 -48.954  0.8264E-84  0.1600E+02
 -48.944  0.8264E-84  0.1600E+02
 -48.934  0.8264E-84  0.1600E+02
 -48.924  0.8264E-84  0.1600E+02
 -48.914  0.8264E-84  0.1600E+02
 -48.904  0.8264E-84  0.1600E+02
 -48.894  0.8264E-84  0.1600E+02
 -48.884  0.8264E-84  0.1600E+02
 -48.874  0.8264E-84  0.1600E+02
 -48.864  0.8264E-84  0.1600E+02
 -48.854  0.8264E-84  0.1600E+02
 -48.844  0.8264E-84  0.1600E+02
 -48.834  0.8264E-84  0.1600E+02
 -48.824  0.8264E-84  0.1600E+02
 -48.814  0.8264E-84  0.1600E+02
 -48.804  0.8264E-84  0.1600E+02
 -48.794  0.8264E-84  0.1600E+02
 -48.784  0.8264E-84  0.1600E+02
 -48.774  0.8264E-84  0.1600E+02
 -48.764  0.8264E-84  0.1600E+02
 -48.754  0.8264E-84  0.1600E+02
 -48.744  0.8264E-84  0.1600E+02
 -48.734  0.8264E-84  0.1600E+02
 -48.724  0.8264E-84  0.1600E+02
 -48.714  0.8264E-84  0.1600E+02
 -48.704  0.8264E-84  0.1600E+02
 -48.694  0.8264E-84  0.1600E+02
 -48.684  0.8264E-84  0.1600E+02
 -48.674  0.8264E-84  0.1600E+02
 -48.664  0.8264E-84  0.1600E+02
 -48.654  0.8264E-84  0.1600E+02
 -48.644  0.8264E-84  0.1600E+02
 -48.634  0.8264E-84  0.1600E+02
 -48.624  0.8264E-84  0.1600E+02
 -48.614  0.8264E-84  0.1600E+02
 -48.604  0.8264E-84  0.1600E+02
 -48.594  0.8264E-84  0.1600E+02
 -48.584  0.8264E-84  0.1600E+02
 -48.574  0.8264E-84  0.1600E+02
 -48.564  0.8264E-84  0.1600E+02
 -48.554  0.8264E-84  0.1600E+02
 -48.544  0.8264E-84  0.1600E+02
 -48.534  0.8264E-84  0.1600E+02
 -48.524  0.8264E-84  0.1600E+02
 -48.514  0.8264E-84  0.1600E+02
 -48.504  0.8264E-84  0.1600E+02
 -48.494  0.8264E-84  0.1600E+02
 -48.484  0.8264E-84  0.1600E+02
 -48.474  0.8264E-84  0.1600E+02
 -48.464  0.8264E-84  0.1600E+02
 -48.454  0.8264E-84  0.1600E+02
 -48.444  0.8264E-84  0.1600E+02
 -48.434  0.8264E-84  0.1600E+02
 -48.424  0.8264E-84  0.1600E+02
 -48.414  0.8264E-84  0.1600E+02
 -48.404  0.8264E-84  0.1600E+02
 -48.394  0.8264E-84  0.1600E+02
 -48.384  0.8264E-84  0.1600E+02
 -48.374  0.8264E-84  0.1600E+02
 -48.364  0.8264E-84  0.1600E+02
 -48.354  0.8264E-84  0.1600E+02
 -48.344  0.8264E-84  0.1600E+02
 -48.334  0.8264E-84  0.1600E+02
 -48.324  0.8264E-84  0.1600E+02
 -48.314  0.8264E-84  0.1600E+02
 -48.304  0.8264E-84  0.1600E+02
 -48.294  0.8264E-84  0.1600E+02
 -48.284  0.8264E-84  0.1600E+02
 -48.274  0.8264E-84  0.1600E+02
 -48.264  0.8264E-84  0.1600E+02
 -48.254  0.8264E-84  0.1600E+02
 -48.244  0.8264E-84  0.1600E+02
 -48.234  0.8264E-84  0.1600E+02
 -48.224  0.8264E-84  0.1600E+02
 -48.214  0.8264E-84  0.1600E+02
 -48.204  0.8264E-84  0.1600E+02
 -48.194  0.8264E-84  0.1600E+02
 -48.184  0.8264E-84  0.1600E+02
 -48.174  0.8264E-84  0.1600E+02
 -48.164  0.8264E-84  0.1600E+02
 -48.154  0.8264E-84  0.1600E+02
 -48.144  0.8264E-84  0.1600E+02
 -48.134  0.8264E-84  0.1600E+02
 -48.124  0.8264E-84  0.1600E+02
 -48.114  0.8264E-84  0.1600E+02
 -48.104  0.8264E-84  0.1600E+02
 -48.094  0.8264E-84  0.1600E+02
 -48.084  0.8264E-84  0.1600E+02
 -48.074  0.8264E-84  0.1600E+02
 -48.064  0.8264E-84  0.1600E+02
 -48.054  0.8264E-84  0.1600E+02
 -48.044  0.8264E-84  0.1600E+02
 -48.034  0.8264E-84  0.1600E+02
 -48.024  0.8264E-84  0.1600E+02
 -48.014  0.8264E-84  0.1600E+02
 -48.004  0.8264E-84  0.1600E+02
 -47.994  0.8264E-84  0.1600E+02
 -47.984  0.8264E-84  0.1600E+02
 -47.974  0.8264E-84  0.1600E+02
 -47.964  0.8264E-84  0.1600E+02
 -47.954  0.8264E-84  0.1600E+02
 -47.944  0.8264E-84  0.1600E+02
 -47.934  0.8264E-84  0.1600E+02
 -47.924  0.8264E-84  0.1600E+02
 -47.914  0.8264E-84  0.1600E+02
 -47.904  0.8264E-84  0.1600E+02
 -47.894  0.8264E-84  0.1600E+02
 -47.884  0.8264E-84  0.1600E+02
 -47.874  0.8264E-84  0.1600E+02
 -47.864  0.8264E-84  0.1600E+02
 -47.854  0.8264E-84  0.1600E+02
 -47.844  0.8264E-84  0.1600E+02
 -47.834  0.8264E-84  0.1600E+02
 -47.824  0.8264E-84  0.1600E+02
 -47.814  0.8264E-84  0.1600E+02
 -47.804  0.8264E-84  0.1600E+02
 -47.794  0.8264E-84  0.1600E+02
 -47.784  0.8264E-84  0.1600E+02
 -47.774  0.8264E-84  0.1600E+02
 -47.764  0.8264E-84  0.1600E+02
 -47.754  0.8264E-84  0.1600E+02
 -47.744  0.8264E-84  0.1600E+02
 -47.734  0.8264E-84  0.1600E+02
 -47.724  0.8264E-84  0.1600E+02
 -47.714  0.8264E-84  0.1600E+02
 -47.704  0.8264E-84  0.1600E+02
 -47.694  0.8264E-84  0.1600E+02
 -47.684  0.8264E-84  0.1600E+02
 -47.674  0.8264E-84  0.1600E+02
 -47.664  0.8264E-84  0.1600E+02
 -47.654  0.8264E-84  0.1600E+02
 -47.644  0.8264E-84  0.1600E+02
 -47.634  0.8264E-84  0.1600E+02
 -47.624  0.8264E-84  0.1600E+02
 -47.614  0.8264E-84  0.1600E+02
 -47.604  0.8264E-84  0.1600E+02
 -47.594  0.8264E-84  0.1600E+02
 -47.584  0.8264E-84  0.1600E+02
 -47.574  0.8264E-84  0.1600E+02
 -47.564  0.8264E-84  0.1600E+02
 -47.554  0.8264E-84  0.1600E+02
 -47.544  0.8264E-84  0.1600E+02
 -47.534  0.8264E-84  0.1600E+02
 -47.524  0.8264E-84  0.1600E+02
 -47.514  0.8264E-84  0.1600E+02
 -47.504  0.8264E-84  0.1600E+02
 -47.494  0.8264E-84  0.1600E+02
 -47.484  0.8264E-84  0.1600E+02
 -47.474  0.8264E-84  0.1600E+02
 -47.464  0.8264E-84  0.1600E+02
 -47.454  0.8264E-84  0.1600E+02
 -47.444  0.8264E-84  0.1600E+02
 -47.434  0.8264E-84  0.1600E+02
 -47.424  0.8264E-84  0.1600E+02
 -47.414  0.8264E-84  0.1600E+02
 -47.404  0.8264E-84  0.1600E+02
 -47.394  0.8264E-84  0.1600E+02
 -47.384  0.8264E-84  0.1600E+02
 -47.374  0.8264E-84  0.1600E+02
 -47.364  0.8264E-84  0.1600E+02
 -47.354  0.8264E-84  0.1600E+02
 -47.344  0.8264E-84  0.1600E+02
 -47.334  0.8264E-84  0.1600E+02
 -47.324  0.8264E-84  0.1600E+02
 -47.314  0.8264E-84  0.1600E+02
 -47.304  0.8264E-84  0.1600E+02
 -47.294  0.8264E-84  0.1600E+02
 -47.284  0.8264E-84  0.1600E+02
 -47.274  0.8264E-84  0.1600E+02
 -47.264  0.8264E-84  0.1600E+02
 -47.254  0.8264E-84  0.1600E+02
 -47.244  0.8264E-84  0.1600E+02
 -47.234  0.8264E-84  0.1600E+02
 -47.224  0.8264E-84  0.1600E+02
 -47.214  0.8264E-84  0.1600E+02
 -47.204  0.8264E-84  0.1600E+02
 -47.194  0.8264E-84  0.1600E+02
 -47.184  0.8264E-84  0.1600E+02
 -47.174  0.8264E-84  0.1600E+02
 -47.164  0.8264E-84  0.1600E+02
 -47.154  0.8264E-84  0.1600E+02
 -47.144  0.8264E-84  0.1600E+02
 -47.134  0.8264E-84  0.1600E+02
 -47.124  0.8264E-84  0.1600E+02
 -47.114  0.8264E-84  0.1600E+02
 -47.104  0.8264E-84  0.1600E+02
 -47.094  0.8264E-84  0.1600E+02
 -47.084  0.8264E-84  0.1600E+02
 -47.074  0.8264E-84  0.1600E+02
 -47.064  0.8264E-84  0.1600E+02
 -47.054  0.8264E-84  0.1600E+02
 -47.044  0.8264E-84  0.1600E+02
 -47.034  0.8264E-84  0.1600E+02
 -47.024  0.8264E-84  0.1600E+02
 -47.014  0.8264E-84  0.1600E+02
 -47.004  0.8264E-84  0.1600E+02
 -46.994  0.8264E-84  0.1600E+02
 -46.984  0.8264E-84  0.1600E+02
 -46.974  0.8264E-84  0.1600E+02
 -46.964  0.8264E-84  0.1600E+02
 -46.954  0.8264E-84  0.1600E+02
 -46.944  0.8264E-84  0.1600E+02
 -46.934  0.8264E-84  0.1600E+02
 -46.924  0.8264E-84  0.1600E+02
 -46.914  0.8264E-84  0.1600E+02
 -46.904  0.8264E-84  0.1600E+02
 -46.894  0.8264E-84  0.1600E+02
 -46.884  0.8264E-84  0.1600E+02
 -46.874  0.8264E-84  0.1600E+02
 -46.864  0.8264E-84  0.1600E+02
 -46.854  0.8264E-84  0.1600E+02
 -46.844  0.8264E-84  0.1600E+02
 -46.834  0.8264E-84  0.1600E+02
 -46.824  0.8264E-84  0.1600E+02
 -46.814  0.8264E-84  0.1600E+02
 -46.804  0.8264E-84  0.1600E+02
 -46.794  0.8264E-84  0.1600E+02
 -46.784  0.8264E-84  0.1600E+02
 -46.774  0.8264E-84  0.1600E+02
 -46.764  0.8264E-84  0.1600E+02
 -46.754  0.8264E-84  0.1600E+02
 -46.744  0.8264E-84  0.1600E+02
 -46.734  0.8264E-84  0.1600E+02
 -46.724  0.8264E-84  0.1600E+02
 -46.714  0.8264E-84  0.1600E+02
 -46.704  0.8264E-84  0.1600E+02
 -46.694  0.8264E-84  0.1600E+02
 -46.684  0.8264E-84  0.1600E+02
 -46.674  0.8264E-84  0.1600E+02
 -46.664  0.8264E-84  0.1600E+02
 -46.654  0.8264E-84  0.1600E+02
 -46.644  0.8264E-84  0.1600E+02
 -46.634  0.8264E-84  0.1600E+02
 -46.624  0.8264E-84  0.1600E+02
 -46.614  0.8264E-84  0.1600E+02
 -46.604  0.8264E-84  0.1600E+02
 -46.594  0.8264E-84  0.1600E+02
 -46.584  0.8264E-84  0.1600E+02
 -46.574  0.8264E-84  0.1600E+02
 -46.564  0.8264E-84  0.1600E+02
 -46.554  0.8264E-84  0.1600E+02
 -46.544  0.8264E-84  0.1600E+02
 -46.534  0.8264E-84  0.1600E+02
 -46.524  0.8264E-84  0.1600E+02
 -46.514  0.8264E-84  0.1600E+02
 -46.504  0.8264E-84  0.1600E+02
 -46.494  0.8264E-84  0.1600E+02
 -46.484  0.8264E-84  0.1600E+02
 -46.474  0.8264E-84  0.1600E+02
 -46.464  0.8264E-84  0.1600E+02
 -46.454  0.8264E-84  0.1600E+02
 -46.444  0.8264E-84  0.1600E+02
 -46.434  0.8264E-84  0.1600E+02
 -46.424  0.8264E-84  0.1600E+02
 -46.414  0.8264E-84  0.1600E+02
 -46.404  0.8264E-84  0.1600E+02
 -46.394  0.8264E-84  0.1600E+02
 -46.384  0.8264E-84  0.1600E+02
 -46.374  0.8264E-84  0.1600E+02
 -46.364  0.8264E-84  0.1600E+02
 -46.354  0.8264E-84  0.1600E+02
 -46.344  0.8264E-84  0.1600E+02
 -46.334  0.8264E-84  0.1600E+02
 -46.324  0.8264E-84  0.1600E+02
 -46.314  0.8264E-84  0.1600E+02
 -46.304  0.8264E-84  0.1600E+02
 -46.294  0.8264E-84  0.1600E+02
 -46.284  0.8264E-84  0.1600E+02
 -46.274  0.8264E-84  0.1600E+02
 -46.264  0.8264E-84  0.1600E+02
 -46.254  0.8264E-84  0.1600E+02
 -46.244  0.8264E-84  0.1600E+02
 -46.234  0.8264E-84  0.1600E+02
 -46.224  0.8264E-84  0.1600E+02
 -46.214  0.8264E-84  0.1600E+02
 -46.204  0.8264E-84  0.1600E+02
 -46.194  0.8264E-84  0.1600E+02
 -46.184  0.8264E-84  0.1600E+02
 -46.174  0.8264E-84  0.1600E+02
 -46.164  0.8264E-84  0.1600E+02
 -46.154  0.8264E-84  0.1600E+02
 -46.144  0.8264E-84  0.1600E+02
 -46.134  0.8264E-84  0.1600E+02
 -46.124  0.8264E-84  0.1600E+02
 -46.114  0.8264E-84  0.1600E+02
 -46.104  0.8264E-84  0.1600E+02
 -46.094  0.8264E-84  0.1600E+02
 -46.084  0.8264E-84  0.1600E+02
 -46.074  0.8264E-84  0.1600E+02
 -46.064  0.8264E-84  0.1600E+02
 -46.054  0.8264E-84  0.1600E+02
 -46.044  0.8264E-84  0.1600E+02
 -46.034  0.8264E-84  0.1600E+02
 -46.024  0.8264E-84  0.1600E+02
 -46.014  0.8264E-84  0.1600E+02
 -46.004  0.8264E-84  0.1600E+02
 -45.994  0.8264E-84  0.1600E+02
 -45.984  0.8264E-84  0.1600E+02
 -45.974  0.8264E-84  0.1600E+02
 -45.964  0.8264E-84  0.1600E+02
 -45.954  0.8264E-84  0.1600E+02
 -45.944  0.8264E-84  0.1600E+02
 -45.934  0.8264E-84  0.1600E+02
 -45.924  0.8264E-84  0.1600E+02
 -45.914  0.8264E-84  0.1600E+02
 -45.904  0.8264E-84  0.1600E+02
 -45.894  0.8264E-84  0.1600E+02
 -45.884  0.8264E-84  0.1600E+02
 -45.874  0.8264E-84  0.1600E+02
 -45.864  0.8264E-84  0.1600E+02
 -45.854  0.8264E-84  0.1600E+02
 -45.844  0.8264E-84  0.1600E+02
 -45.834  0.8264E-84  0.1600E+02
 -45.824  0.8264E-84  0.1600E+02
 -45.814  0.8264E-84  0.1600E+02
 -45.804  0.8264E-84  0.1600E+02
 -45.794  0.8264E-84  0.1600E+02
 -45.784  0.8264E-84  0.1600E+02
 -45.774  0.8264E-84  0.1600E+02
 -45.764  0.8264E-84  0.1600E+02
 -45.754  0.8264E-84  0.1600E+02
 -45.744  0.8264E-84  0.1600E+02
 -45.734  0.8264E-84  0.1600E+02
 -45.724  0.8264E-84  0.1600E+02
 -45.714  0.8264E-84  0.1600E+02
 -45.704  0.8264E-84  0.1600E+02
 -45.694  0.8264E-84  0.1600E+02
 -45.684  0.8264E-84  0.1600E+02
 -45.674  0.8264E-84  0.1600E+02
 -45.664  0.8264E-84  0.1600E+02
 -45.654  0.8264E-84  0.1600E+02
 -45.644  0.8264E-84  0.1600E+02
 -45.634  0.8264E-84  0.1600E+02
 -45.624  0.8264E-84  0.1600E+02
 -45.614  0.8264E-84  0.1600E+02
 -45.604  0.8264E-84  0.1600E+02
 -45.594  0.8264E-84  0.1600E+02
 -45.584  0.8264E-84  0.1600E+02
 -45.574  0.8264E-84  0.1600E+02
 -45.564  0.8264E-84  0.1600E+02
 -45.554  0.8264E-84  0.1600E+02
 -45.544  0.8264E-84  0.1600E+02
 -45.534  0.8264E-84  0.1600E+02
 -45.524  0.8264E-84  0.1600E+02
 -45.514  0.8264E-84  0.1600E+02
 -45.504  0.8264E-84  0.1600E+02
 -45.494  0.8264E-84  0.1600E+02
 -45.484  0.8264E-84  0.1600E+02
 -45.474  0.8264E-84  0.1600E+02
 -45.464  0.8264E-84  0.1600E+02
 -45.454  0.8264E-84  0.1600E+02
 -45.444  0.8264E-84  0.1600E+02
 -45.434  0.8264E-84  0.1600E+02
 -45.424  0.8264E-84  0.1600E+02
 -45.414  0.8264E-84  0.1600E+02
 -45.404  0.8264E-84  0.1600E+02
 -45.394  0.8264E-84  0.1600E+02
 -45.384  0.8264E-84  0.1600E+02
 -45.374  0.8264E-84  0.1600E+02
 -45.364  0.8264E-84  0.1600E+02
 -45.354  0.8264E-84  0.1600E+02
 -45.344  0.8264E-84  0.1600E+02
 -45.334  0.8264E-84  0.1600E+02
 -45.324  0.8264E-84  0.1600E+02
 -45.314  0.8264E-84  0.1600E+02
 -45.304  0.8264E-84  0.1600E+02
 -45.294  0.8264E-84  0.1600E+02
 -45.284  0.8264E-84  0.1600E+02
 -45.274  0.8264E-84  0.1600E+02
 -45.264  0.8264E-84  0.1600E+02
 -45.254  0.8264E-84  0.1600E+02
 -45.244  0.8264E-84  0.1600E+02
 -45.234  0.8264E-84  0.1600E+02
 -45.224  0.8264E-84  0.1600E+02
 -45.214  0.8264E-84  0.1600E+02
 -45.204  0.8264E-84  0.1600E+02
 -45.194  0.8264E-84  0.1600E+02
 -45.184  0.8264E-84  0.1600E+02
 -45.174  0.8264E-84  0.1600E+02
 -45.164  0.8264E-84  0.1600E+02
 -45.154  0.8264E-84  0.1600E+02
 -45.144  0.8264E-84  0.1600E+02
 -45.134  0.8264E-84  0.1600E+02
 -45.124  0.8264E-84  0.1600E+02
 -45.114  0.8264E-84  0.1600E+02
 -45.104  0.8264E-84  0.1600E+02
 -45.094  0.8264E-84  0.1600E+02
 -45.084  0.8264E-84  0.1600E+02
 -45.074  0.8264E-84  0.1600E+02
 -45.064  0.8264E-84  0.1600E+02
 -45.054  0.8264E-84  0.1600E+02
 -45.044  0.8264E-84  0.1600E+02
 -45.034  0.8264E-84  0.1600E+02
 -45.024  0.8264E-84  0.1600E+02
 -45.014  0.8264E-84  0.1600E+02
 -45.004  0.8264E-84  0.1600E+02
 -44.994  0.8264E-84  0.1600E+02
 -44.984  0.8264E-84  0.1600E+02
 -44.974  0.8264E-84  0.1600E+02
 -44.964  0.8264E-84  0.1600E+02
 -44.954  0.8264E-84  0.1600E+02
 -44.944  0.8264E-84  0.1600E+02
 -44.934  0.8264E-84  0.1600E+02
 -44.924  0.8264E-84  0.1600E+02
 -44.914  0.8264E-84  0.1600E+02
 -44.904  0.8264E-84  0.1600E+02
 -44.894  0.8264E-84  0.1600E+02
 -44.884  0.8264E-84  0.1600E+02
 -44.874  0.8264E-84  0.1600E+02
 -44.864  0.8264E-84  0.1600E+02
 -44.854  0.8264E-84  0.1600E+02
 -44.844  0.8264E-84  0.1600E+02
 -44.834  0.8264E-84  0.1600E+02
 -44.824  0.8264E-84  0.1600E+02
 -44.814  0.8264E-84  0.1600E+02
 -44.804  0.8264E-84  0.1600E+02
 -44.794  0.8264E-84  0.1600E+02
 -44.784  0.8264E-84  0.1600E+02
 -44.774  0.8264E-84  0.1600E+02
 -44.764  0.8264E-84  0.1600E+02
 -44.754  0.8264E-84  0.1600E+02
 -44.744  0.8264E-84  0.1600E+02
 -44.734  0.8264E-84  0.1600E+02
 -44.724  0.8264E-84  0.1600E+02
 -44.714  0.8264E-84  0.1600E+02
 -44.704  0.8264E-84  0.1600E+02
 -44.694  0.8264E-84  0.1600E+02
 -44.684  0.8264E-84  0.1600E+02
 -44.674  0.8264E-84  0.1600E+02
 -44.664  0.8264E-84  0.1600E+02
 -44.654  0.8264E-84  0.1600E+02
 -44.644  0.8264E-84  0.1600E+02
 -44.634  0.8264E-84  0.1600E+02
 -44.624  0.8264E-84  0.1600E+02
 -44.614  0.8264E-84  0.1600E+02
 -44.604  0.8264E-84  0.1600E+02
 -44.594  0.8264E-84  0.1600E+02
 -44.584  0.8264E-84  0.1600E+02
 -44.574  0.8264E-84  0.1600E+02
 -44.564  0.8264E-84  0.1600E+02
 -44.554  0.8264E-84  0.1600E+02
 -44.544  0.8264E-84  0.1600E+02
 -44.534  0.8264E-84  0.1600E+02
 -44.524  0.8264E-84  0.1600E+02
 -44.514  0.8264E-84  0.1600E+02
 -44.504  0.8264E-84  0.1600E+02
 -44.494  0.8264E-84  0.1600E+02
 -44.484  0.8264E-84  0.1600E+02
 -44.474  0.8264E-84  0.1600E+02
 -44.464  0.8264E-84  0.1600E+02
 -44.454  0.8264E-84  0.1600E+02
 -44.444  0.8264E-84  0.1600E+02
 -44.434  0.8264E-84  0.1600E+02
 -44.424  0.8264E-84  0.1600E+02
 -44.414  0.8264E-84  0.1600E+02
 -44.404  0.8264E-84  0.1600E+02
 -44.394  0.8264E-84  0.1600E+02
 -44.384  0.8264E-84  0.1600E+02
 -44.374  0.8264E-84  0.1600E+02
 -44.364  0.8264E-84  0.1600E+02
 -44.354  0.8264E-84  0.1600E+02
 -44.344  0.8264E-84  0.1600E+02
 -44.334  0.8264E-84  0.1600E+02
 -44.324  0.8264E-84  0.1600E+02
 -44.314  0.8264E-84  0.1600E+02
 -44.304  0.8264E-84  0.1600E+02
 -44.294  0.8264E-84  0.1600E+02
 -44.284  0.8264E-84  0.1600E+02
 -44.274  0.8264E-84  0.1600E+02
 -44.264  0.8264E-84  0.1600E+02
 -44.254  0.8264E-84  0.1600E+02
 -44.244  0.8264E-84  0.1600E+02
 -44.234  0.8264E-84  0.1600E+02
 -44.224  0.8264E-84  0.1600E+02
 -44.214  0.8264E-84  0.1600E+02
 -44.204  0.8264E-84  0.1600E+02
 -44.194  0.8264E-84  0.1600E+02
 -44.184  0.8264E-84  0.1600E+02
 -44.174  0.8264E-84  0.1600E+02
 -44.164  0.8264E-84  0.1600E+02
 -44.154  0.8264E-84  0.1600E+02
 -44.144  0.8264E-84  0.1600E+02
 -44.134  0.8264E-84  0.1600E+02
 -44.124  0.8264E-84  0.1600E+02
 -44.114  0.8264E-84  0.1600E+02
 -44.104  0.8264E-84  0.1600E+02
 -44.094  0.8264E-84  0.1600E+02
 -44.084  0.8264E-84  0.1600E+02
 -44.074  0.8264E-84  0.1600E+02
 -44.064  0.8264E-84  0.1600E+02
 -44.054  0.8264E-84  0.1600E+02
 -44.044  0.8264E-84  0.1600E+02
 -44.034  0.8264E-84  0.1600E+02
 -44.024  0.8264E-84  0.1600E+02
 -44.014  0.8264E-84  0.1600E+02
 -44.004  0.8264E-84  0.1600E+02
 -43.994  0.8264E-84  0.1600E+02
 -43.984  0.8264E-84  0.1600E+02
 -43.974  0.8264E-84  0.1600E+02
 -43.964  0.8264E-84  0.1600E+02
 -43.954  0.8264E-84  0.1600E+02
 -43.944  0.8264E-84  0.1600E+02
 -43.934  0.8264E-84  0.1600E+02
 -43.924  0.8264E-84  0.1600E+02
 -43.914  0.8264E-84  0.1600E+02
 -43.904  0.8264E-84  0.1600E+02
 -43.894  0.8264E-84  0.1600E+02
 -43.884  0.8264E-84  0.1600E+02
 -43.874  0.8264E-84  0.1600E+02
 -43.864  0.8264E-84  0.1600E+02
 -43.854  0.8264E-84  0.1600E+02
 -43.844  0.8264E-84  0.1600E+02
 -43.834  0.8264E-84  0.1600E+02
 -43.824  0.8264E-84  0.1600E+02
 -43.814  0.8264E-84  0.1600E+02
 -43.804  0.8264E-84  0.1600E+02
 -43.794  0.8264E-84  0.1600E+02
 -43.784  0.8264E-84  0.1600E+02
 -43.774  0.8264E-84  0.1600E+02
 -43.764  0.8264E-84  0.1600E+02
 -43.754  0.8264E-84  0.1600E+02
 -43.744  0.8264E-84  0.1600E+02
 -43.734  0.8264E-84  0.1600E+02
 -43.724  0.8264E-84  0.1600E+02
 -43.714  0.8264E-84  0.1600E+02
 -43.704  0.8264E-84  0.1600E+02
 -43.694  0.8264E-84  0.1600E+02
 -43.684  0.8264E-84  0.1600E+02
 -43.674  0.8264E-84  0.1600E+02
 -43.664  0.8264E-84  0.1600E+02
 -43.654  0.8264E-84  0.1600E+02
 -43.644  0.8264E-84  0.1600E+02
 -43.634  0.8264E-84  0.1600E+02
 -43.624  0.8264E-84  0.1600E+02
 -43.614  0.8264E-84  0.1600E+02
 -43.604  0.8264E-84  0.1600E+02
 -43.594  0.8264E-84  0.1600E+02
 -43.584  0.8264E-84  0.1600E+02
 -43.574  0.8264E-84  0.1600E+02
 -43.564  0.8264E-84  0.1600E+02
 -43.554  0.8264E-84  0.1600E+02
 -43.544  0.8264E-84  0.1600E+02
 -43.534  0.8264E-84  0.1600E+02
 -43.524  0.8264E-84  0.1600E+02
 -43.514  0.8264E-84  0.1600E+02
 -43.504  0.8264E-84  0.1600E+02
 -43.494  0.8264E-84  0.1600E+02
 -43.484  0.8264E-84  0.1600E+02
 -43.474  0.8264E-84  0.1600E+02
 -43.464  0.8264E-84  0.1600E+02
 -43.454  0.8264E-84  0.1600E+02
 -43.444  0.8264E-84  0.1600E+02
 -43.434  0.8264E-84  0.1600E+02
 -43.424  0.8264E-84  0.1600E+02
 -43.414  0.8264E-84  0.1600E+02
 -43.404  0.8264E-84  0.1600E+02
 -43.394  0.8264E-84  0.1600E+02
 -43.384  0.8264E-84  0.1600E+02
 -43.374  0.8264E-84  0.1600E+02
 -43.364  0.8264E-84  0.1600E+02
 -43.354  0.8264E-84  0.1600E+02
 -43.344  0.8264E-84  0.1600E+02
 -43.334  0.8264E-84  0.1600E+02
 -43.324  0.8264E-84  0.1600E+02
 -43.314  0.8264E-84  0.1600E+02
 -43.304  0.8264E-84  0.1600E+02
 -43.294  0.8264E-84  0.1600E+02
 -43.284  0.8264E-84  0.1600E+02
 -43.274  0.8264E-84  0.1600E+02
 -43.264  0.8264E-84  0.1600E+02
 -43.254  0.8264E-84  0.1600E+02
 -43.244  0.8264E-84  0.1600E+02
 -43.234  0.8264E-84  0.1600E+02
 -43.224  0.8264E-84  0.1600E+02
 -43.214  0.8264E-84  0.1600E+02
 -43.204  0.8264E-84  0.1600E+02
 -43.194  0.8264E-84  0.1600E+02
 -43.184  0.8264E-84  0.1600E+02
 -43.174  0.8264E-84  0.1600E+02
 -43.164  0.8264E-84  0.1600E+02
 -43.154  0.8264E-84  0.1600E+02
 -43.144  0.8264E-84  0.1600E+02
 -43.134  0.8264E-84  0.1600E+02
 -43.124  0.8264E-84  0.1600E+02
 -43.114  0.8264E-84  0.1600E+02
 -43.104  0.8264E-84  0.1600E+02
 -43.094  0.8264E-84  0.1600E+02
 -43.084  0.8264E-84  0.1600E+02
 -43.074  0.8264E-84  0.1600E+02
 -43.064  0.8264E-84  0.1600E+02
 -43.054  0.8264E-84  0.1600E+02
 -43.044  0.8264E-84  0.1600E+02
 -43.034  0.8264E-84  0.1600E+02
 -43.024  0.8264E-84  0.1600E+02
 -43.014  0.8264E-84  0.1600E+02
 -43.004  0.8264E-84  0.1600E+02
 -42.994  0.8264E-84  0.1600E+02
 -42.984  0.8264E-84  0.1600E+02
 -42.974  0.8264E-84  0.1600E+02
 -42.964  0.8264E-84  0.1600E+02
 -42.954  0.8264E-84  0.1600E+02
 -42.944  0.8264E-84  0.1600E+02
 -42.934  0.8264E-84  0.1600E+02
 -42.924  0.8264E-84  0.1600E+02
 -42.914  0.8264E-84  0.1600E+02
 -42.904  0.8264E-84  0.1600E+02
 -42.894  0.8264E-84  0.1600E+02
 -42.884  0.8264E-84  0.1600E+02
 -42.874  0.8264E-84  0.1600E+02
 -42.864  0.8264E-84  0.1600E+02
 -42.854  0.8264E-84  0.1600E+02
 -42.844  0.8264E-84  0.1600E+02
 -42.834  0.8264E-84  0.1600E+02
 -42.824  0.8264E-84  0.1600E+02
 -42.814  0.8264E-84  0.1600E+02
 -42.804  0.8264E-84  0.1600E+02
 -42.794  0.8264E-84  0.1600E+02
 -42.784  0.8264E-84  0.1600E+02
 -42.774  0.8264E-84  0.1600E+02
 -42.764  0.8264E-84  0.1600E+02
 -42.754  0.8264E-84  0.1600E+02
 -42.744  0.8264E-84  0.1600E+02
 -42.734  0.8264E-84  0.1600E+02
 -42.724  0.8264E-84  0.1600E+02
 -42.714  0.8264E-84  0.1600E+02
 -42.704  0.8264E-84  0.1600E+02
 -42.694  0.8264E-84  0.1600E+02
 -42.684  0.8264E-84  0.1600E+02
 -42.674  0.8264E-84  0.1600E+02
 -42.664  0.8264E-84  0.1600E+02
 -42.654  0.8264E-84  0.1600E+02
 -42.644  0.8264E-84  0.1600E+02
 -42.634  0.8264E-84  0.1600E+02
 -42.624  0.8264E-84  0.1600E+02
 -42.614  0.8264E-84  0.1600E+02
 -42.604  0.8264E-84  0.1600E+02
 -42.594  0.8264E-84  0.1600E+02
 -42.584  0.8264E-84  0.1600E+02
 -42.574  0.8264E-84  0.1600E+02
 -42.564  0.8264E-84  0.1600E+02
 -42.554  0.8264E-84  0.1600E+02
 -42.544  0.8264E-84  0.1600E+02
 -42.534  0.8264E-84  0.1600E+02
 -42.524  0.8264E-84  0.1600E+02
 -42.514  0.8264E-84  0.1600E+02
 -42.504  0.8264E-84  0.1600E+02
 -42.494  0.8264E-84  0.1600E+02
 -42.484  0.8264E-84  0.1600E+02
 -42.474  0.8264E-84  0.1600E+02
 -42.464  0.8264E-84  0.1600E+02
 -42.454  0.8264E-84  0.1600E+02
 -42.444  0.8264E-84  0.1600E+02
 -42.434  0.8264E-84  0.1600E+02
 -42.424  0.8264E-84  0.1600E+02
 -42.414  0.8264E-84  0.1600E+02
 -42.404  0.8264E-84  0.1600E+02
 -42.394  0.8264E-84  0.1600E+02
 -42.384  0.8264E-84  0.1600E+02
 -42.374  0.8264E-84  0.1600E+02
 -42.364  0.8264E-84  0.1600E+02
 -42.354  0.8264E-84  0.1600E+02
 -42.344  0.8264E-84  0.1600E+02
 -42.334  0.8264E-84  0.1600E+02
 -42.324  0.8264E-84  0.1600E+02
 -42.314  0.8264E-84  0.1600E+02
 -42.304  0.8264E-84  0.1600E+02
 -42.294  0.8264E-84  0.1600E+02
 -42.284  0.8264E-84  0.1600E+02
 -42.274  0.8264E-84  0.1600E+02
 -42.264  0.8264E-84  0.1600E+02
 -42.254  0.8264E-84  0.1600E+02
 -42.244  0.8264E-84  0.1600E+02
 -42.234  0.8264E-84  0.1600E+02
 -42.224  0.8264E-84  0.1600E+02
 -42.214  0.8264E-84  0.1600E+02
 -42.204  0.8264E-84  0.1600E+02
 -42.194  0.8264E-84  0.1600E+02
 -42.184  0.8264E-84  0.1600E+02
 -42.174  0.8264E-84  0.1600E+02
 -42.164  0.8264E-84  0.1600E+02
 -42.154  0.8264E-84  0.1600E+02
 -42.144  0.8264E-84  0.1600E+02
 -42.134  0.8264E-84  0.1600E+02
 -42.124  0.8264E-84  0.1600E+02
 -42.114  0.8264E-84  0.1600E+02
 -42.104  0.8264E-84  0.1600E+02
 -42.094  0.8264E-84  0.1600E+02
 -42.084  0.8264E-84  0.1600E+02
 -42.074  0.8264E-84  0.1600E+02
 -42.064  0.8264E-84  0.1600E+02
 -42.054  0.8264E-84  0.1600E+02
 -42.044  0.8264E-84  0.1600E+02
 -42.034  0.8264E-84  0.1600E+02
 -42.024  0.8264E-84  0.1600E+02
 -42.014  0.8264E-84  0.1600E+02
 -42.004  0.8264E-84  0.1600E+02
 -41.994  0.8264E-84  0.1600E+02
 -41.984  0.8264E-84  0.1600E+02
 -41.974  0.8264E-84  0.1600E+02
 -41.964  0.8264E-84  0.1600E+02
 -41.954  0.8264E-84  0.1600E+02
 -41.944  0.8264E-84  0.1600E+02
 -41.934  0.8264E-84  0.1600E+02
 -41.924  0.8264E-84  0.1600E+02
 -41.914  0.8264E-84  0.1600E+02
 -41.904  0.8264E-84  0.1600E+02
 -41.894  0.8264E-84  0.1600E+02
 -41.884  0.8264E-84  0.1600E+02
 -41.874  0.8264E-84  0.1600E+02
 -41.864  0.8264E-84  0.1600E+02
 -41.854  0.8264E-84  0.1600E+02
 -41.844  0.8264E-84  0.1600E+02
 -41.834  0.8264E-84  0.1600E+02
 -41.824  0.8264E-84  0.1600E+02
 -41.814  0.8264E-84  0.1600E+02
 -41.804  0.8264E-84  0.1600E+02
 -41.794  0.8264E-84  0.1600E+02
 -41.784  0.8264E-84  0.1600E+02
 -41.774  0.8264E-84  0.1600E+02
 -41.764  0.8264E-84  0.1600E+02
 -41.754  0.8264E-84  0.1600E+02
 -41.744  0.8264E-84  0.1600E+02
 -41.734  0.8264E-84  0.1600E+02
 -41.724  0.8264E-84  0.1600E+02
 -41.714  0.8264E-84  0.1600E+02
 -41.704  0.8264E-84  0.1600E+02
 -41.694  0.8264E-84  0.1600E+02
 -41.684  0.8264E-84  0.1600E+02
 -41.674  0.8264E-84  0.1600E+02
 -41.664  0.8264E-84  0.1600E+02
 -41.654  0.8264E-84  0.1600E+02
 -41.644  0.8264E-84  0.1600E+02
 -41.634  0.8264E-84  0.1600E+02
 -41.624  0.8264E-84  0.1600E+02
 -41.614  0.8264E-84  0.1600E+02
 -41.604  0.8264E-84  0.1600E+02
 -41.594  0.8264E-84  0.1600E+02
 -41.584  0.8264E-84  0.1600E+02
 -41.574  0.8264E-84  0.1600E+02
 -41.564  0.8264E-84  0.1600E+02
 -41.554  0.8264E-84  0.1600E+02
 -41.544  0.8264E-84  0.1600E+02
 -41.534  0.8264E-84  0.1600E+02
 -41.524  0.8264E-84  0.1600E+02
 -41.514  0.8264E-84  0.1600E+02
 -41.504  0.8264E-84  0.1600E+02
 -41.494  0.8264E-84  0.1600E+02
 -41.484  0.8264E-84  0.1600E+02
 -41.474  0.8264E-84  0.1600E+02
 -41.464  0.8264E-84  0.1600E+02
 -41.454  0.8264E-84  0.1600E+02
 -41.444  0.8264E-84  0.1600E+02
 -41.434  0.8264E-84  0.1600E+02
 -41.424  0.8264E-84  0.1600E+02
 -41.414  0.8264E-84  0.1600E+02
 -41.404  0.8264E-84  0.1600E+02
 -41.394  0.8264E-84  0.1600E+02
 -41.384  0.8264E-84  0.1600E+02
 -41.374  0.8264E-84  0.1600E+02
 -41.364  0.8264E-84  0.1600E+02
 -41.354  0.8264E-84  0.1600E+02
 -41.344  0.8264E-84  0.1600E+02
 -41.334  0.8264E-84  0.1600E+02
 -41.324  0.8264E-84  0.1600E+02
 -41.314  0.8264E-84  0.1600E+02
 -41.304  0.8264E-84  0.1600E+02
 -41.294  0.8264E-84  0.1600E+02
 -41.284  0.8264E-84  0.1600E+02
 -41.274  0.8264E-84  0.1600E+02
 -41.264  0.8264E-84  0.1600E+02
 -41.254  0.8264E-84  0.1600E+02
 -41.244  0.8264E-84  0.1600E+02
 -41.234  0.8264E-84  0.1600E+02
 -41.224  0.8264E-84  0.1600E+02
 -41.214  0.8264E-84  0.1600E+02
 -41.204  0.8264E-84  0.1600E+02
 -41.194  0.8264E-84  0.1600E+02
 -41.184  0.8264E-84  0.1600E+02
 -41.174  0.8264E-84  0.1600E+02
 -41.164  0.8264E-84  0.1600E+02
 -41.154  0.8264E-84  0.1600E+02
 -41.144  0.8264E-84  0.1600E+02
 -41.134  0.8264E-84  0.1600E+02
 -41.124  0.8264E-84  0.1600E+02
 -41.114  0.8264E-84  0.1600E+02
 -41.104  0.8264E-84  0.1600E+02
 -41.094  0.8264E-84  0.1600E+02
 -41.084  0.8264E-84  0.1600E+02
 -41.074  0.8264E-84  0.1600E+02
 -41.064  0.8264E-84  0.1600E+02
 -41.054  0.8264E-84  0.1600E+02
 -41.044  0.8264E-84  0.1600E+02
 -41.034  0.8264E-84  0.1600E+02
 -41.024  0.8264E-84  0.1600E+02
 -41.014  0.8264E-84  0.1600E+02
 -41.004  0.8264E-84  0.1600E+02
 -40.994  0.8264E-84  0.1600E+02
 -40.984  0.8264E-84  0.1600E+02
 -40.974  0.8264E-84  0.1600E+02
 -40.964  0.8264E-84  0.1600E+02
 -40.954  0.8264E-84  0.1600E+02
 -40.944  0.8264E-84  0.1600E+02
 -40.934  0.8264E-84  0.1600E+02
 -40.924  0.8264E-84  0.1600E+02
 -40.914  0.8264E-84  0.1600E+02
 -40.904  0.8264E-84  0.1600E+02
 -40.894  0.8264E-84  0.1600E+02
 -40.884  0.8264E-84  0.1600E+02
 -40.874  0.8264E-84  0.1600E+02
 -40.864  0.8264E-84  0.1600E+02
 -40.854  0.8264E-84  0.1600E+02
 -40.844  0.8264E-84  0.1600E+02
 -40.834  0.8264E-84  0.1600E+02
 -40.824  0.8264E-84  0.1600E+02
 -40.814  0.8264E-84  0.1600E+02
 -40.804  0.8264E-84  0.1600E+02
 -40.794  0.8264E-84  0.1600E+02
 -40.784  0.8264E-84  0.1600E+02
 -40.774  0.8264E-84  0.1600E+02
 -40.764  0.8264E-84  0.1600E+02
 -40.754  0.8264E-84  0.1600E+02
 -40.744  0.8264E-84  0.1600E+02
 -40.734  0.8264E-84  0.1600E+02
 -40.724  0.8264E-84  0.1600E+02
 -40.714  0.8264E-84  0.1600E+02
 -40.704  0.8264E-84  0.1600E+02
 -40.694  0.8264E-84  0.1600E+02
 -40.684  0.8264E-84  0.1600E+02
 -40.674  0.8264E-84  0.1600E+02
 -40.664  0.8264E-84  0.1600E+02
 -40.654  0.8264E-84  0.1600E+02
 -40.644  0.8264E-84  0.1600E+02
 -40.634  0.8264E-84  0.1600E+02
 -40.624  0.8264E-84  0.1600E+02
 -40.614  0.8264E-84  0.1600E+02
 -40.604  0.8264E-84  0.1600E+02
 -40.594  0.8264E-84  0.1600E+02
 -40.584  0.8264E-84  0.1600E+02
 -40.574  0.8264E-84  0.1600E+02
 -40.564  0.8264E-84  0.1600E+02
 -40.554  0.8264E-84  0.1600E+02
 -40.544  0.8264E-84  0.1600E+02
 -40.534  0.8264E-84  0.1600E+02
 -40.524  0.8264E-84  0.1600E+02
 -40.514  0.8264E-84  0.1600E+02
 -40.504  0.8264E-84  0.1600E+02
 -40.494  0.8264E-84  0.1600E+02
 -40.484  0.8264E-84  0.1600E+02
 -40.474  0.8264E-84  0.1600E+02
 -40.464  0.8264E-84  0.1600E+02
 -40.454  0.8264E-84  0.1600E+02
 -40.444  0.8264E-84  0.1600E+02
 -40.434  0.8264E-84  0.1600E+02
 -40.424  0.8264E-84  0.1600E+02
 -40.414  0.8264E-84  0.1600E+02
 -40.404  0.8264E-84  0.1600E+02
 -40.394  0.8264E-84  0.1600E+02
 -40.384  0.8264E-84  0.1600E+02
 -40.374  0.8264E-84  0.1600E+02
 -40.364  0.8264E-84  0.1600E+02
 -40.354  0.8264E-84  0.1600E+02
 -40.344  0.8264E-84  0.1600E+02
 -40.334  0.8264E-84  0.1600E+02
 -40.324  0.8264E-84  0.1600E+02
 -40.314  0.8264E-84  0.1600E+02
 -40.304  0.8264E-84  0.1600E+02
 -40.294  0.8264E-84  0.1600E+02
 -40.284  0.8264E-84  0.1600E+02
 -40.274  0.8264E-84  0.1600E+02
 -40.264  0.8264E-84  0.1600E+02
 -40.254  0.8264E-84  0.1600E+02
 -40.244  0.8264E-84  0.1600E+02
 -40.234  0.8264E-84  0.1600E+02
 -40.224  0.8264E-84  0.1600E+02
 -40.214  0.8264E-84  0.1600E+02
 -40.204  0.8264E-84  0.1600E+02
 -40.194  0.8264E-84  0.1600E+02
 -40.184  0.8264E-84  0.1600E+02
 -40.174  0.8264E-84  0.1600E+02
 -40.164  0.8264E-84  0.1600E+02
 -40.154  0.8264E-84  0.1600E+02
 -40.144  0.8264E-84  0.1600E+02
 -40.134  0.8264E-84  0.1600E+02
 -40.124  0.8264E-84  0.1600E+02
 -40.114  0.8264E-84  0.1600E+02
 -40.104  0.8264E-84  0.1600E+02
 -40.094  0.8264E-84  0.1600E+02
 -40.084  0.8264E-84  0.1600E+02
 -40.074  0.8264E-84  0.1600E+02
 -40.064  0.8264E-84  0.1600E+02
 -40.054  0.8264E-84  0.1600E+02
 -40.044  0.8264E-84  0.1600E+02
 -40.034  0.8264E-84  0.1600E+02
 -40.024  0.8264E-84  0.1600E+02
 -40.014  0.8264E-84  0.1600E+02
 -40.004  0.8264E-84  0.1600E+02
 -39.994  0.8264E-84  0.1600E+02
 -39.984  0.8264E-84  0.1600E+02
 -39.974  0.8264E-84  0.1600E+02
 -39.964  0.8264E-84  0.1600E+02
 -39.954  0.8264E-84  0.1600E+02
 -39.944  0.8264E-84  0.1600E+02
 -39.934  0.8264E-84  0.1600E+02
 -39.924  0.8264E-84  0.1600E+02
 -39.914  0.8264E-84  0.1600E+02
 -39.904  0.8264E-84  0.1600E+02
 -39.894  0.8264E-84  0.1600E+02
 -39.884  0.8264E-84  0.1600E+02
 -39.874  0.8264E-84  0.1600E+02
 -39.864  0.8264E-84  0.1600E+02
 -39.854  0.8264E-84  0.1600E+02
 -39.844  0.8264E-84  0.1600E+02
 -39.834  0.8264E-84  0.1600E+02
 -39.824  0.8264E-84  0.1600E+02
 -39.814  0.8264E-84  0.1600E+02
 -39.804  0.8264E-84  0.1600E+02
 -39.794  0.8264E-84  0.1600E+02
 -39.784  0.8264E-84  0.1600E+02
 -39.774  0.8264E-84  0.1600E+02
 -39.764  0.8264E-84  0.1600E+02
 -39.754  0.8264E-84  0.1600E+02
 -39.744  0.8264E-84  0.1600E+02
 -39.734  0.8264E-84  0.1600E+02
 -39.724  0.8264E-84  0.1600E+02
 -39.714  0.8264E-84  0.1600E+02
 -39.704  0.8264E-84  0.1600E+02
 -39.694  0.8264E-84  0.1600E+02
 -39.684  0.8264E-84  0.1600E+02
 -39.674  0.8264E-84  0.1600E+02
 -39.664  0.8264E-84  0.1600E+02
 -39.654  0.8264E-84  0.1600E+02
 -39.644  0.8264E-84  0.1600E+02
 -39.634  0.8264E-84  0.1600E+02
 -39.624  0.8264E-84  0.1600E+02
 -39.614  0.8264E-84  0.1600E+02
 -39.604  0.8264E-84  0.1600E+02
 -39.594  0.8264E-84  0.1600E+02
 -39.584  0.8264E-84  0.1600E+02
 -39.574  0.8264E-84  0.1600E+02
 -39.564  0.8264E-84  0.1600E+02
 -39.554  0.8264E-84  0.1600E+02
 -39.544  0.8264E-84  0.1600E+02
 -39.534  0.8264E-84  0.1600E+02
 -39.524  0.8264E-84  0.1600E+02
 -39.514  0.8264E-84  0.1600E+02
 -39.504  0.8264E-84  0.1600E+02
 -39.494  0.8264E-84  0.1600E+02
 -39.484  0.8264E-84  0.1600E+02
 -39.474  0.8264E-84  0.1600E+02
 -39.464  0.8264E-84  0.1600E+02
 -39.454  0.8264E-84  0.1600E+02
 -39.444  0.8264E-84  0.1600E+02
 -39.434  0.8264E-84  0.1600E+02
 -39.424  0.8264E-84  0.1600E+02
 -39.414  0.8264E-84  0.1600E+02
 -39.404  0.8264E-84  0.1600E+02
 -39.394  0.8264E-84  0.1600E+02
 -39.384  0.8264E-84  0.1600E+02
 -39.374  0.8264E-84  0.1600E+02
 -39.364  0.8264E-84  0.1600E+02
 -39.354  0.8264E-84  0.1600E+02
 -39.344  0.8264E-84  0.1600E+02
 -39.334  0.8264E-84  0.1600E+02
 -39.324  0.8264E-84  0.1600E+02
 -39.314  0.8264E-84  0.1600E+02
 -39.304  0.8264E-84  0.1600E+02
 -39.294  0.8264E-84  0.1600E+02
 -39.284  0.8264E-84  0.1600E+02
 -39.274  0.8264E-84  0.1600E+02
 -39.264  0.8264E-84  0.1600E+02
 -39.254  0.8264E-84  0.1600E+02
 -39.244  0.8264E-84  0.1600E+02
 -39.234  0.8264E-84  0.1600E+02
 -39.224  0.8264E-84  0.1600E+02
 -39.214  0.8264E-84  0.1600E+02
 -39.204  0.8264E-84  0.1600E+02
 -39.194  0.8264E-84  0.1600E+02
 -39.184  0.8264E-84  0.1600E+02
 -39.174  0.8264E-84  0.1600E+02
 -39.164  0.8264E-84  0.1600E+02
 -39.154  0.8264E-84  0.1600E+02
 -39.144  0.8264E-84  0.1600E+02
 -39.134  0.8264E-84  0.1600E+02
 -39.124  0.8264E-84  0.1600E+02
 -39.114  0.8264E-84  0.1600E+02
 -39.104  0.8264E-84  0.1600E+02
 -39.094  0.8264E-84  0.1600E+02
 -39.084  0.8264E-84  0.1600E+02
 -39.074  0.8264E-84  0.1600E+02
 -39.064  0.8264E-84  0.1600E+02
 -39.054  0.8264E-84  0.1600E+02
 -39.044  0.8264E-84  0.1600E+02
 -39.034  0.8264E-84  0.1600E+02
 -39.024  0.8264E-84  0.1600E+02
 -39.014  0.8264E-84  0.1600E+02
 -39.004  0.8264E-84  0.1600E+02
 -38.994  0.8264E-84  0.1600E+02
 -38.984  0.8264E-84  0.1600E+02
 -38.974  0.8264E-84  0.1600E+02
 -38.964  0.8264E-84  0.1600E+02
 -38.954  0.8264E-84  0.1600E+02
 -38.944  0.8264E-84  0.1600E+02
 -38.934  0.8264E-84  0.1600E+02
 -38.924  0.8264E-84  0.1600E+02
 -38.914  0.8264E-84  0.1600E+02
 -38.904  0.8264E-84  0.1600E+02
 -38.894  0.8264E-84  0.1600E+02
 -38.884  0.8264E-84  0.1600E+02
 -38.874  0.8264E-84  0.1600E+02
 -38.864  0.8264E-84  0.1600E+02
 -38.854  0.8264E-84  0.1600E+02
 -38.844  0.8264E-84  0.1600E+02
 -38.834  0.8264E-84  0.1600E+02
 -38.824  0.8264E-84  0.1600E+02
 -38.814  0.8264E-84  0.1600E+02
 -38.804  0.8264E-84  0.1600E+02
 -38.794  0.8264E-84  0.1600E+02
 -38.784  0.8264E-84  0.1600E+02
 -38.774  0.8264E-84  0.1600E+02
 -38.764  0.8264E-84  0.1600E+02
 -38.754  0.8264E-84  0.1600E+02
 -38.744  0.8264E-84  0.1600E+02
 -38.734  0.8264E-84  0.1600E+02
 -38.724  0.8264E-84  0.1600E+02
 -38.714  0.8264E-84  0.1600E+02
 -38.704  0.8264E-84  0.1600E+02
 -38.694  0.8264E-84  0.1600E+02
 -38.684  0.8264E-84  0.1600E+02
 -38.674  0.8264E-84  0.1600E+02
 -38.664  0.8264E-84  0.1600E+02
 -38.654  0.8264E-84  0.1600E+02
 -38.644  0.8264E-84  0.1600E+02
 -38.634  0.8264E-84  0.1600E+02
 -38.624  0.8264E-84  0.1600E+02
 -38.614  0.8264E-84  0.1600E+02
 -38.604  0.8264E-84  0.1600E+02
 -38.594  0.8264E-84  0.1600E+02
 -38.584  0.8264E-84  0.1600E+02
 -38.574  0.8264E-84  0.1600E+02
 -38.564  0.8264E-84  0.1600E+02
 -38.554  0.8264E-84  0.1600E+02
 -38.544  0.8264E-84  0.1600E+02
 -38.534  0.8264E-84  0.1600E+02
 -38.524  0.8264E-84  0.1600E+02
 -38.514  0.8264E-84  0.1600E+02
 -38.504  0.8264E-84  0.1600E+02
 -38.494  0.8264E-84  0.1600E+02
 -38.484  0.8264E-84  0.1600E+02
 -38.474  0.8264E-84  0.1600E+02
 -38.464  0.8264E-84  0.1600E+02
 -38.454  0.8264E-84  0.1600E+02
 -38.444  0.8264E-84  0.1600E+02
 -38.434  0.8264E-84  0.1600E+02
 -38.424  0.8264E-84  0.1600E+02
 -38.414  0.8264E-84  0.1600E+02
 -38.404  0.8264E-84  0.1600E+02
 -38.394  0.8264E-84  0.1600E+02
 -38.384  0.8264E-84  0.1600E+02
 -38.374  0.8264E-84  0.1600E+02
 -38.364  0.8264E-84  0.1600E+02
 -38.354  0.8264E-84  0.1600E+02
 -38.344  0.8264E-84  0.1600E+02
 -38.334  0.8264E-84  0.1600E+02
 -38.324  0.8264E-84  0.1600E+02
 -38.314  0.8264E-84  0.1600E+02
 -38.304  0.8264E-84  0.1600E+02
 -38.294  0.8264E-84  0.1600E+02
 -38.284  0.8264E-84  0.1600E+02
 -38.274  0.8264E-84  0.1600E+02
 -38.264  0.8264E-84  0.1600E+02
 -38.254  0.8264E-84  0.1600E+02
 -38.244  0.8264E-84  0.1600E+02
 -38.234  0.8264E-84  0.1600E+02
 -38.224  0.8264E-84  0.1600E+02
 -38.214  0.8264E-84  0.1600E+02
 -38.204  0.8264E-84  0.1600E+02
 -38.194  0.8264E-84  0.1600E+02
 -38.184  0.8264E-84  0.1600E+02
 -38.174  0.8264E-84  0.1600E+02
 -38.164  0.8264E-84  0.1600E+02
 -38.154  0.8264E-84  0.1600E+02
 -38.144  0.8264E-84  0.1600E+02
 -38.134  0.8264E-84  0.1600E+02
 -38.124  0.8264E-84  0.1600E+02
 -38.114  0.8264E-84  0.1600E+02
 -38.104  0.8264E-84  0.1600E+02
 -38.094  0.8264E-84  0.1600E+02
 -38.084  0.8264E-84  0.1600E+02
 -38.074  0.8264E-84  0.1600E+02
 -38.064  0.8264E-84  0.1600E+02
 -38.054  0.8264E-84  0.1600E+02
 -38.044  0.8264E-84  0.1600E+02
 -38.034  0.8264E-84  0.1600E+02
 -38.024  0.8264E-84  0.1600E+02
 -38.014  0.8264E-84  0.1600E+02
 -38.004  0.8264E-84  0.1600E+02
 -37.994  0.8264E-84  0.1600E+02
 -37.984  0.8264E-84  0.1600E+02
 -37.974  0.8264E-84  0.1600E+02
 -37.964  0.8264E-84  0.1600E+02
 -37.954  0.8264E-84  0.1600E+02
 -37.944  0.8264E-84  0.1600E+02
 -37.934  0.8264E-84  0.1600E+02
 -37.924  0.8264E-84  0.1600E+02
 -37.914  0.8264E-84  0.1600E+02
 -37.904  0.8264E-84  0.1600E+02
 -37.894  0.8264E-84  0.1600E+02
 -37.884  0.8264E-84  0.1600E+02
 -37.874  0.8264E-84  0.1600E+02
 -37.864  0.8264E-84  0.1600E+02
 -37.854  0.8264E-84  0.1600E+02
 -37.844  0.8264E-84  0.1600E+02
 -37.834  0.8264E-84  0.1600E+02
 -37.824  0.8264E-84  0.1600E+02
 -37.814  0.8264E-84  0.1600E+02
 -37.804  0.8264E-84  0.1600E+02
 -37.794  0.8264E-84  0.1600E+02
 -37.784  0.8264E-84  0.1600E+02
 -37.774  0.8264E-84  0.1600E+02
 -37.764  0.8264E-84  0.1600E+02
 -37.754  0.8264E-84  0.1600E+02
 -37.744  0.8264E-84  0.1600E+02
 -37.734  0.8264E-84  0.1600E+02
 -37.724  0.8264E-84  0.1600E+02
 -37.714  0.8264E-84  0.1600E+02
 -37.704  0.8264E-84  0.1600E+02
 -37.694  0.8264E-84  0.1600E+02
 -37.684  0.8264E-84  0.1600E+02
 -37.674  0.8264E-84  0.1600E+02
 -37.664  0.8264E-84  0.1600E+02
 -37.654  0.8264E-84  0.1600E+02
 -37.644  0.8264E-84  0.1600E+02
 -37.634  0.8264E-84  0.1600E+02
 -37.624  0.8264E-84  0.1600E+02
 -37.614  0.8264E-84  0.1600E+02
 -37.604  0.8264E-84  0.1600E+02
 -37.594  0.8264E-84  0.1600E+02
 -37.584  0.8264E-84  0.1600E+02
 -37.574  0.8264E-84  0.1600E+02
 -37.564  0.8264E-84  0.1600E+02
 -37.554  0.8264E-84  0.1600E+02
 -37.544  0.8264E-84  0.1600E+02
 -37.534  0.8264E-84  0.1600E+02
 -37.524  0.8264E-84  0.1600E+02
 -37.514  0.8264E-84  0.1600E+02
 -37.504  0.8264E-84  0.1600E+02
 -37.494  0.8264E-84  0.1600E+02
 -37.484  0.8264E-84  0.1600E+02
 -37.474  0.8264E-84  0.1600E+02
 -37.464  0.8264E-84  0.1600E+02
 -37.454  0.8264E-84  0.1600E+02
 -37.444  0.8264E-84  0.1600E+02
 -37.434  0.8264E-84  0.1600E+02
 -37.424  0.8264E-84  0.1600E+02
 -37.414  0.8264E-84  0.1600E+02
 -37.404  0.8264E-84  0.1600E+02
 -37.394  0.8264E-84  0.1600E+02
 -37.384  0.8264E-84  0.1600E+02
 -37.374  0.8264E-84  0.1600E+02
 -37.364  0.8264E-84  0.1600E+02
 -37.354  0.8264E-84  0.1600E+02
 -37.344  0.8264E-84  0.1600E+02
 -37.334  0.8264E-84  0.1600E+02
 -37.324  0.8264E-84  0.1600E+02
 -37.314  0.8264E-84  0.1600E+02
 -37.304  0.8264E-84  0.1600E+02
 -37.294  0.8264E-84  0.1600E+02
 -37.284  0.8264E-84  0.1600E+02
 -37.274  0.8264E-84  0.1600E+02
 -37.264  0.8264E-84  0.1600E+02
 -37.254  0.8264E-84  0.1600E+02
 -37.244  0.8264E-84  0.1600E+02
 -37.234  0.8264E-84  0.1600E+02
 -37.224  0.8264E-84  0.1600E+02
 -37.214  0.8264E-84  0.1600E+02
 -37.204  0.8264E-84  0.1600E+02
 -37.194  0.8264E-84  0.1600E+02
 -37.184  0.8264E-84  0.1600E+02
 -37.174  0.8264E-84  0.1600E+02
 -37.164  0.8264E-84  0.1600E+02
 -37.154  0.8264E-84  0.1600E+02
 -37.144  0.8264E-84  0.1600E+02
 -37.134  0.8264E-84  0.1600E+02
 -37.124  0.8264E-84  0.1600E+02
 -37.114  0.8264E-84  0.1600E+02
 -37.104  0.8264E-84  0.1600E+02
 -37.094  0.8264E-84  0.1600E+02
 -37.084  0.8264E-84  0.1600E+02
 -37.074  0.8264E-84  0.1600E+02
 -37.064  0.8264E-84  0.1600E+02
 -37.054  0.8264E-84  0.1600E+02
 -37.044  0.8264E-84  0.1600E+02
 -37.034  0.8264E-84  0.1600E+02
 -37.024  0.8264E-84  0.1600E+02
 -37.014  0.8264E-84  0.1600E+02
 -37.004  0.8264E-84  0.1600E+02
 -36.994  0.8264E-84  0.1600E+02
 -36.984  0.8264E-84  0.1600E+02
 -36.974  0.8264E-84  0.1600E+02
 -36.964  0.8264E-84  0.1600E+02
 -36.954  0.8264E-84  0.1600E+02
 -36.944  0.8264E-84  0.1600E+02
 -36.934  0.8264E-84  0.1600E+02
 -36.924  0.8264E-84  0.1600E+02
 -36.914  0.8264E-84  0.1600E+02
 -36.904  0.8264E-84  0.1600E+02
 -36.894  0.8264E-84  0.1600E+02
 -36.884  0.8264E-84  0.1600E+02
 -36.874  0.8264E-84  0.1600E+02
 -36.864  0.8264E-84  0.1600E+02
 -36.854  0.8264E-84  0.1600E+02
 -36.844  0.8264E-84  0.1600E+02
 -36.834  0.8264E-84  0.1600E+02
 -36.824  0.8264E-84  0.1600E+02
 -36.814  0.8264E-84  0.1600E+02
 -36.804  0.8264E-84  0.1600E+02
 -36.794  0.8264E-84  0.1600E+02
 -36.784  0.8264E-84  0.1600E+02
 -36.774  0.8264E-84  0.1600E+02
 -36.764  0.8264E-84  0.1600E+02
 -36.754  0.8264E-84  0.1600E+02
 -36.744  0.8264E-84  0.1600E+02
 -36.734  0.8264E-84  0.1600E+02
 -36.724  0.8264E-84  0.1600E+02
 -36.714  0.8264E-84  0.1600E+02
 -36.704  0.8264E-84  0.1600E+02
 -36.694  0.8264E-84  0.1600E+02
 -36.684  0.8264E-84  0.1600E+02
 -36.674  0.8264E-84  0.1600E+02
 -36.664  0.8264E-84  0.1600E+02
 -36.654  0.8264E-84  0.1600E+02
 -36.644  0.8264E-84  0.1600E+02
 -36.634  0.8264E-84  0.1600E+02
 -36.624  0.8264E-84  0.1600E+02
 -36.614  0.8264E-84  0.1600E+02
 -36.604  0.8264E-84  0.1600E+02
 -36.594  0.8264E-84  0.1600E+02
 -36.584  0.8264E-84  0.1600E+02
 -36.574  0.8264E-84  0.1600E+02
 -36.564  0.8264E-84  0.1600E+02
 -36.554  0.8264E-84  0.1600E+02
 -36.544  0.8264E-84  0.1600E+02
 -36.534  0.8264E-84  0.1600E+02
 -36.524  0.8264E-84  0.1600E+02
 -36.514  0.8264E-84  0.1600E+02
 -36.504  0.8264E-84  0.1600E+02
 -36.494  0.8264E-84  0.1600E+02
 -36.484  0.8264E-84  0.1600E+02
 -36.474  0.8264E-84  0.1600E+02
 -36.464  0.8264E-84  0.1600E+02
 -36.454  0.8264E-84  0.1600E+02
 -36.444  0.8264E-84  0.1600E+02
 -36.434  0.8264E-84  0.1600E+02
 -36.424  0.8264E-84  0.1600E+02
 -36.414  0.8264E-84  0.1600E+02
 -36.404  0.8264E-84  0.1600E+02
 -36.394  0.8264E-84  0.1600E+02
 -36.384  0.8264E-84  0.1600E+02
 -36.374  0.8264E-84  0.1600E+02
 -36.364  0.8264E-84  0.1600E+02
 -36.354  0.8264E-84  0.1600E+02
 -36.344  0.8264E-84  0.1600E+02
 -36.334  0.8264E-84  0.1600E+02
 -36.324  0.8264E-84  0.1600E+02
 -36.314  0.8264E-84  0.1600E+02
 -36.304  0.8264E-84  0.1600E+02
 -36.294  0.8264E-84  0.1600E+02
 -36.284  0.8264E-84  0.1600E+02
 -36.274  0.8264E-84  0.1600E+02
 -36.264  0.8264E-84  0.1600E+02
 -36.254  0.8264E-84  0.1600E+02
 -36.244  0.8264E-84  0.1600E+02
 -36.234  0.8264E-84  0.1600E+02
 -36.224  0.8264E-84  0.1600E+02
 -36.214  0.8264E-84  0.1600E+02
 -36.204  0.8264E-84  0.1600E+02
 -36.194  0.8264E-84  0.1600E+02
 -36.184  0.8264E-84  0.1600E+02
 -36.174  0.8264E-84  0.1600E+02
 -36.164  0.8264E-84  0.1600E+02
 -36.154  0.8264E-84  0.1600E+02
 -36.144  0.8264E-84  0.1600E+02
 -36.134  0.8264E-84  0.1600E+02
 -36.124  0.8264E-84  0.1600E+02
 -36.114  0.8264E-84  0.1600E+02
 -36.104  0.8264E-84  0.1600E+02
 -36.094  0.8264E-84  0.1600E+02
 -36.084  0.8264E-84  0.1600E+02
 -36.074  0.8264E-84  0.1600E+02
 -36.064  0.8264E-84  0.1600E+02
 -36.054  0.8264E-84  0.1600E+02
 -36.044  0.8264E-84  0.1600E+02
 -36.034  0.8264E-84  0.1600E+02
 -36.024  0.8264E-84  0.1600E+02
 -36.014  0.8264E-84  0.1600E+02
 -36.004  0.8264E-84  0.1600E+02
 -35.994  0.8264E-84  0.1600E+02
 -35.984  0.8264E-84  0.1600E+02
 -35.974  0.8264E-84  0.1600E+02
 -35.964  0.8264E-84  0.1600E+02
 -35.954  0.8264E-84  0.1600E+02
 -35.944  0.8264E-84  0.1600E+02
 -35.934  0.8264E-84  0.1600E+02
 -35.924  0.8264E-84  0.1600E+02
 -35.914  0.8264E-84  0.1600E+02
 -35.904  0.8264E-84  0.1600E+02
 -35.894  0.8264E-84  0.1600E+02
 -35.884  0.8264E-84  0.1600E+02
 -35.874  0.8264E-84  0.1600E+02
 -35.864  0.8264E-84  0.1600E+02
 -35.854  0.8264E-84  0.1600E+02
 -35.844  0.8264E-84  0.1600E+02
 -35.834  0.8264E-84  0.1600E+02
 -35.824  0.8264E-84  0.1600E+02
 -35.814  0.8264E-84  0.1600E+02
 -35.804  0.8264E-84  0.1600E+02
 -35.794  0.8264E-84  0.1600E+02
 -35.784  0.8264E-84  0.1600E+02
 -35.774  0.8264E-84  0.1600E+02
 -35.764  0.8264E-84  0.1600E+02
 -35.754  0.8264E-84  0.1600E+02
 -35.744  0.8264E-84  0.1600E+02
 -35.734  0.8264E-84  0.1600E+02
 -35.724  0.8264E-84  0.1600E+02
 -35.714  0.8264E-84  0.1600E+02
 -35.704  0.8264E-84  0.1600E+02
 -35.694  0.8264E-84  0.1600E+02
 -35.684  0.8264E-84  0.1600E+02
 -35.674  0.8264E-84  0.1600E+02
 -35.664  0.8264E-84  0.1600E+02
 -35.654  0.8264E-84  0.1600E+02
 -35.644  0.8264E-84  0.1600E+02
 -35.634  0.8264E-84  0.1600E+02
 -35.624  0.8264E-84  0.1600E+02
 -35.614  0.8264E-84  0.1600E+02
 -35.604  0.8264E-84  0.1600E+02
 -35.594  0.8264E-84  0.1600E+02
 -35.584  0.8264E-84  0.1600E+02
 -35.574  0.8264E-84  0.1600E+02
 -35.564  0.8264E-84  0.1600E+02
 -35.554  0.8264E-84  0.1600E+02
 -35.544  0.8264E-84  0.1600E+02
 -35.534  0.8264E-84  0.1600E+02
 -35.524  0.8264E-84  0.1600E+02
 -35.514  0.8264E-84  0.1600E+02
 -35.504  0.8264E-84  0.1600E+02
 -35.494  0.8264E-84  0.1600E+02
 -35.484  0.8264E-84  0.1600E+02
 -35.474  0.8264E-84  0.1600E+02
 -35.464  0.8264E-84  0.1600E+02
 -35.454  0.8264E-84  0.1600E+02
 -35.444  0.8264E-84  0.1600E+02
 -35.434  0.8264E-84  0.1600E+02
 -35.424  0.8264E-84  0.1600E+02
 -35.414  0.8264E-84  0.1600E+02
 -35.404  0.8264E-84  0.1600E+02
 -35.394  0.8264E-84  0.1600E+02
 -35.384  0.8264E-84  0.1600E+02
 -35.374  0.8264E-84  0.1600E+02
 -35.364  0.8264E-84  0.1600E+02
 -35.354  0.8264E-84  0.1600E+02
 -35.344  0.8264E-84  0.1600E+02
 -35.334  0.8264E-84  0.1600E+02
 -35.324  0.8264E-84  0.1600E+02
 -35.314  0.8264E-84  0.1600E+02
 -35.304  0.8264E-84  0.1600E+02
 -35.294  0.8264E-84  0.1600E+02
 -35.284  0.8264E-84  0.1600E+02
 -35.274  0.8264E-84  0.1600E+02
 -35.264  0.8264E-84  0.1600E+02
 -35.254  0.8264E-84  0.1600E+02
 -35.244  0.8264E-84  0.1600E+02
 -35.234  0.8264E-84  0.1600E+02
 -35.224  0.8264E-84  0.1600E+02
 -35.214  0.8264E-84  0.1600E+02
 -35.204  0.8264E-84  0.1600E+02
 -35.194  0.8264E-84  0.1600E+02
 -35.184  0.8264E-84  0.1600E+02
 -35.174  0.8264E-84  0.1600E+02
 -35.164  0.8264E-84  0.1600E+02
 -35.154  0.8264E-84  0.1600E+02
 -35.144  0.8264E-84  0.1600E+02
 -35.134  0.8264E-84  0.1600E+02
 -35.124  0.8264E-84  0.1600E+02
 -35.114  0.8264E-84  0.1600E+02
 -35.104  0.8264E-84  0.1600E+02
 -35.094  0.8264E-84  0.1600E+02
 -35.084  0.8264E-84  0.1600E+02
 -35.074  0.8264E-84  0.1600E+02
 -35.064  0.8264E-84  0.1600E+02
 -35.054  0.8264E-84  0.1600E+02
 -35.044  0.8264E-84  0.1600E+02
 -35.034  0.8264E-84  0.1600E+02
 -35.024  0.8264E-84  0.1600E+02
 -35.014  0.8264E-84  0.1600E+02
 -35.004  0.8264E-84  0.1600E+02
 -34.994  0.8264E-84  0.1600E+02
 -34.984  0.8264E-84  0.1600E+02
 -34.974  0.8264E-84  0.1600E+02
 -34.964  0.8264E-84  0.1600E+02
 -34.954  0.8264E-84  0.1600E+02
 -34.944  0.8264E-84  0.1600E+02
 -34.934  0.8264E-84  0.1600E+02
 -34.924  0.8264E-84  0.1600E+02
 -34.914  0.8264E-84  0.1600E+02
 -34.904  0.8264E-84  0.1600E+02
 -34.894  0.8264E-84  0.1600E+02
 -34.884  0.8264E-84  0.1600E+02
 -34.874  0.8264E-84  0.1600E+02
 -34.864  0.8264E-84  0.1600E+02
 -34.854  0.8264E-84  0.1600E+02
 -34.844  0.8264E-84  0.1600E+02
 -34.834  0.8264E-84  0.1600E+02
 -34.824  0.8264E-84  0.1600E+02
 -34.814  0.8264E-84  0.1600E+02
 -34.804  0.8264E-84  0.1600E+02
 -34.794  0.8264E-84  0.1600E+02
 -34.784  0.8264E-84  0.1600E+02
 -34.774  0.8264E-84  0.1600E+02
 -34.764  0.8264E-84  0.1600E+02
 -34.754  0.8264E-84  0.1600E+02
 -34.744  0.8264E-84  0.1600E+02
 -34.734  0.8264E-84  0.1600E+02
 -34.724  0.8264E-84  0.1600E+02
 -34.714  0.8264E-84  0.1600E+02
 -34.704  0.8264E-84  0.1600E+02
 -34.694  0.8264E-84  0.1600E+02
 -34.684  0.8264E-84  0.1600E+02
 -34.674  0.8264E-84  0.1600E+02
 -34.664  0.8264E-84  0.1600E+02
 -34.654  0.8264E-84  0.1600E+02
 -34.644  0.8264E-84  0.1600E+02
 -34.634  0.8264E-84  0.1600E+02
 -34.624  0.8264E-84  0.1600E+02
 -34.614  0.8264E-84  0.1600E+02
 -34.604  0.8264E-84  0.1600E+02
 -34.594  0.8264E-84  0.1600E+02
 -34.584  0.8264E-84  0.1600E+02
 -34.574  0.8264E-84  0.1600E+02
 -34.564  0.8264E-84  0.1600E+02
 -34.554  0.8264E-84  0.1600E+02
 -34.544  0.8264E-84  0.1600E+02
 -34.534  0.8264E-84  0.1600E+02
 -34.524  0.8264E-84  0.1600E+02
 -34.514  0.8264E-84  0.1600E+02
 -34.504  0.8264E-84  0.1600E+02
 -34.494  0.8264E-84  0.1600E+02
 -34.484  0.8264E-84  0.1600E+02
 -34.474  0.8264E-84  0.1600E+02
 -34.464  0.8264E-84  0.1600E+02
 -34.454  0.8264E-84  0.1600E+02
 -34.444  0.8264E-84  0.1600E+02
 -34.434  0.8264E-84  0.1600E+02
 -34.424  0.8264E-84  0.1600E+02
 -34.414  0.8264E-84  0.1600E+02
 -34.404  0.8264E-84  0.1600E+02
 -34.394  0.8264E-84  0.1600E+02
 -34.384  0.8264E-84  0.1600E+02
 -34.374  0.8264E-84  0.1600E+02
 -34.364  0.8264E-84  0.1600E+02
 -34.354  0.8264E-84  0.1600E+02
 -34.344  0.8264E-84  0.1600E+02
 -34.334  0.8264E-84  0.1600E+02
 -34.324  0.8264E-84  0.1600E+02
 -34.314  0.8264E-84  0.1600E+02
 -34.304  0.8264E-84  0.1600E+02
 -34.294  0.8264E-84  0.1600E+02
 -34.284  0.8264E-84  0.1600E+02
 -34.274  0.8264E-84  0.1600E+02
 -34.264  0.8264E-84  0.1600E+02
 -34.254  0.8264E-84  0.1600E+02
 -34.244  0.8264E-84  0.1600E+02
 -34.234  0.8264E-84  0.1600E+02
 -34.224  0.8264E-84  0.1600E+02
 -34.214  0.8264E-84  0.1600E+02
 -34.204  0.8264E-84  0.1600E+02
 -34.194  0.8264E-84  0.1600E+02
 -34.184  0.8264E-84  0.1600E+02
 -34.174  0.8264E-84  0.1600E+02
 -34.164  0.8264E-84  0.1600E+02
 -34.154  0.8264E-84  0.1600E+02
 -34.144  0.8264E-84  0.1600E+02
 -34.134  0.8264E-84  0.1600E+02
 -34.124  0.8264E-84  0.1600E+02
 -34.114  0.8264E-84  0.1600E+02
 -34.104  0.8264E-84  0.1600E+02
 -34.094  0.8264E-84  0.1600E+02
 -34.084  0.8264E-84  0.1600E+02
 -34.074  0.8264E-84  0.1600E+02
 -34.064  0.8264E-84  0.1600E+02
 -34.054  0.8264E-84  0.1600E+02
 -34.044  0.8264E-84  0.1600E+02
 -34.034  0.8264E-84  0.1600E+02
 -34.024  0.8264E-84  0.1600E+02
 -34.014  0.8264E-84  0.1600E+02
 -34.004  0.8264E-84  0.1600E+02
 -33.994  0.8264E-84  0.1600E+02
 -33.984  0.8264E-84  0.1600E+02
 -33.974  0.8264E-84  0.1600E+02
 -33.964  0.8264E-84  0.1600E+02
 -33.954  0.8264E-84  0.1600E+02
 -33.944  0.8264E-84  0.1600E+02
 -33.934  0.8264E-84  0.1600E+02
 -33.924  0.8264E-84  0.1600E+02
 -33.914  0.8264E-84  0.1600E+02
 -33.904  0.8264E-84  0.1600E+02
 -33.894  0.8264E-84  0.1600E+02
 -33.884  0.8264E-84  0.1600E+02
 -33.874  0.8264E-84  0.1600E+02
 -33.864  0.8264E-84  0.1600E+02
 -33.854  0.8264E-84  0.1600E+02
 -33.844  0.8264E-84  0.1600E+02
 -33.834  0.8264E-84  0.1600E+02
 -33.824  0.8264E-84  0.1600E+02
 -33.814  0.8264E-84  0.1600E+02
 -33.804  0.8264E-84  0.1600E+02
 -33.794  0.8264E-84  0.1600E+02
 -33.784  0.8264E-84  0.1600E+02
 -33.774  0.8264E-84  0.1600E+02
 -33.764  0.8264E-84  0.1600E+02
 -33.754  0.8264E-84  0.1600E+02
 -33.744  0.8264E-84  0.1600E+02
 -33.734  0.8264E-84  0.1600E+02
 -33.724  0.8264E-84  0.1600E+02
 -33.714  0.8264E-84  0.1600E+02
 -33.704  0.8264E-84  0.1600E+02
 -33.694  0.8264E-84  0.1600E+02
 -33.684  0.8264E-84  0.1600E+02
 -33.674  0.8264E-84  0.1600E+02
 -33.664  0.8264E-84  0.1600E+02
 -33.654  0.8264E-84  0.1600E+02
 -33.644  0.8264E-84  0.1600E+02
 -33.634  0.8264E-84  0.1600E+02
 -33.624  0.8264E-84  0.1600E+02
 -33.614  0.8264E-84  0.1600E+02
 -33.604  0.8264E-84  0.1600E+02
 -33.594  0.8264E-84  0.1600E+02
 -33.584  0.8264E-84  0.1600E+02
 -33.574  0.8264E-84  0.1600E+02
 -33.564  0.8264E-84  0.1600E+02
 -33.554  0.8264E-84  0.1600E+02
 -33.544  0.8264E-84  0.1600E+02
 -33.534  0.8264E-84  0.1600E+02
 -33.524  0.8264E-84  0.1600E+02
 -33.514  0.8264E-84  0.1600E+02
 -33.504  0.8264E-84  0.1600E+02
 -33.494  0.8264E-84  0.1600E+02
 -33.484  0.8264E-84  0.1600E+02
 -33.474  0.8264E-84  0.1600E+02
 -33.464  0.8264E-84  0.1600E+02
 -33.454  0.8264E-84  0.1600E+02
 -33.444  0.8264E-84  0.1600E+02
 -33.434  0.8264E-84  0.1600E+02
 -33.424  0.8264E-84  0.1600E+02
 -33.414  0.8264E-84  0.1600E+02
 -33.404  0.8264E-84  0.1600E+02
 -33.394  0.8264E-84  0.1600E+02
 -33.384  0.8264E-84  0.1600E+02
 -33.374  0.8264E-84  0.1600E+02
 -33.364  0.8264E-84  0.1600E+02
 -33.354  0.8264E-84  0.1600E+02
 -33.344  0.8264E-84  0.1600E+02
 -33.334  0.8264E-84  0.1600E+02
 -33.324  0.8264E-84  0.1600E+02
 -33.314  0.8264E-84  0.1600E+02
 -33.304  0.8264E-84  0.1600E+02
 -33.294  0.8264E-84  0.1600E+02
 -33.284  0.8264E-84  0.1600E+02
 -33.274  0.8264E-84  0.1600E+02
 -33.264  0.8264E-84  0.1600E+02
 -33.254  0.8264E-84  0.1600E+02
 -33.244  0.8264E-84  0.1600E+02
 -33.234  0.8264E-84  0.1600E+02
 -33.224  0.8264E-84  0.1600E+02
 -33.214  0.8264E-84  0.1600E+02
 -33.204  0.8264E-84  0.1600E+02
 -33.194  0.8264E-84  0.1600E+02
 -33.184  0.8264E-84  0.1600E+02
 -33.174  0.8264E-84  0.1600E+02
 -33.164  0.8264E-84  0.1600E+02
 -33.154  0.8264E-84  0.1600E+02
 -33.144  0.8264E-84  0.1600E+02
 -33.134  0.8264E-84  0.1600E+02
 -33.124  0.8264E-84  0.1600E+02
 -33.114  0.8264E-84  0.1600E+02
 -33.104  0.8264E-84  0.1600E+02
 -33.094  0.8264E-84  0.1600E+02
 -33.084  0.8264E-84  0.1600E+02
 -33.074  0.8264E-84  0.1600E+02
 -33.064  0.8264E-84  0.1600E+02
 -33.054  0.8264E-84  0.1600E+02
 -33.044  0.8264E-84  0.1600E+02
 -33.034  0.8264E-84  0.1600E+02
 -33.024  0.8264E-84  0.1600E+02
 -33.014  0.8264E-84  0.1600E+02
 -33.004  0.8264E-84  0.1600E+02
 -32.994  0.8264E-84  0.1600E+02
 -32.984  0.8264E-84  0.1600E+02
 -32.974  0.8264E-84  0.1600E+02
 -32.964  0.8264E-84  0.1600E+02
 -32.954  0.8264E-84  0.1600E+02
 -32.944  0.8264E-84  0.1600E+02
 -32.934  0.8264E-84  0.1600E+02
 -32.924  0.8264E-84  0.1600E+02
 -32.914  0.8264E-84  0.1600E+02
 -32.904  0.8264E-84  0.1600E+02
 -32.894  0.8264E-84  0.1600E+02
 -32.884  0.8264E-84  0.1600E+02
 -32.874  0.8264E-84  0.1600E+02
 -32.864  0.8264E-84  0.1600E+02
 -32.854  0.8264E-84  0.1600E+02
 -32.844  0.8264E-84  0.1600E+02
 -32.834  0.8264E-84  0.1600E+02
 -32.824  0.8264E-84  0.1600E+02
 -32.814  0.8264E-84  0.1600E+02
 -32.804  0.8264E-84  0.1600E+02
 -32.794  0.8264E-84  0.1600E+02
 -32.784  0.8264E-84  0.1600E+02
 -32.774  0.8264E-84  0.1600E+02
 -32.764  0.8264E-84  0.1600E+02
 -32.754  0.8264E-84  0.1600E+02
 -32.744  0.8264E-84  0.1600E+02
 -32.734  0.8264E-84  0.1600E+02
 -32.724  0.8264E-84  0.1600E+02
 -32.714  0.8264E-84  0.1600E+02
 -32.704  0.8264E-84  0.1600E+02
 -32.694  0.8264E-84  0.1600E+02
 -32.684  0.8264E-84  0.1600E+02
 -32.674  0.8264E-84  0.1600E+02
 -32.664  0.8264E-84  0.1600E+02
 -32.654  0.8264E-84  0.1600E+02
 -32.644  0.8264E-84  0.1600E+02
 -32.634  0.8264E-84  0.1600E+02
 -32.624  0.8264E-84  0.1600E+02
 -32.614  0.8264E-84  0.1600E+02
 -32.604  0.8264E-84  0.1600E+02
 -32.594  0.8264E-84  0.1600E+02
 -32.584  0.8264E-84  0.1600E+02
 -32.574  0.8264E-84  0.1600E+02
 -32.564  0.8264E-84  0.1600E+02
 -32.554  0.8264E-84  0.1600E+02
 -32.544  0.8264E-84  0.1600E+02
 -32.534  0.8264E-84  0.1600E+02
 -32.524  0.8264E-84  0.1600E+02
 -32.514  0.8264E-84  0.1600E+02
 -32.504  0.8264E-84  0.1600E+02
 -32.494  0.8264E-84  0.1600E+02
 -32.484  0.8264E-84  0.1600E+02
 -32.474  0.8264E-84  0.1600E+02
 -32.464  0.8264E-84  0.1600E+02
 -32.454  0.8264E-84  0.1600E+02
 -32.444  0.8264E-84  0.1600E+02
 -32.434  0.8264E-84  0.1600E+02
 -32.424  0.8264E-84  0.1600E+02
 -32.414  0.8264E-84  0.1600E+02
 -32.404  0.8264E-84  0.1600E+02
 -32.394  0.8264E-84  0.1600E+02
 -32.384  0.8264E-84  0.1600E+02
 -32.374  0.8264E-84  0.1600E+02
 -32.364  0.8264E-84  0.1600E+02
 -32.354  0.8264E-84  0.1600E+02
 -32.344  0.8264E-84  0.1600E+02
 -32.334  0.8264E-84  0.1600E+02
 -32.324  0.8264E-84  0.1600E+02
 -32.314  0.8264E-84  0.1600E+02
 -32.304  0.8264E-84  0.1600E+02
 -32.294  0.8264E-84  0.1600E+02
 -32.284  0.8264E-84  0.1600E+02
 -32.274  0.8264E-84  0.1600E+02
 -32.264  0.8264E-84  0.1600E+02
 -32.254  0.8264E-84  0.1600E+02
 -32.244  0.8264E-84  0.1600E+02
 -32.234  0.8264E-84  0.1600E+02
 -32.224  0.8264E-84  0.1600E+02
 -32.214  0.8264E-84  0.1600E+02
 -32.204  0.8264E-84  0.1600E+02
 -32.194  0.8264E-84  0.1600E+02
 -32.184  0.8264E-84  0.1600E+02
 -32.174  0.8264E-84  0.1600E+02
 -32.164  0.8264E-84  0.1600E+02
 -32.154  0.8264E-84  0.1600E+02
 -32.144  0.8264E-84  0.1600E+02
 -32.134  0.8264E-84  0.1600E+02
 -32.124  0.8264E-84  0.1600E+02
 -32.114  0.8264E-84  0.1600E+02
 -32.104  0.8264E-84  0.1600E+02
 -32.094  0.8264E-84  0.1600E+02
 -32.084  0.8264E-84  0.1600E+02
 -32.074  0.8264E-84  0.1600E+02
 -32.064  0.8264E-84  0.1600E+02
 -32.054  0.8264E-84  0.1600E+02
 -32.044  0.8264E-84  0.1600E+02
 -32.034  0.8264E-84  0.1600E+02
 -32.024  0.8264E-84  0.1600E+02
 -32.014  0.8264E-84  0.1600E+02
 -32.004  0.8264E-84  0.1600E+02
 -31.994  0.8264E-84  0.1600E+02
 -31.984  0.8264E-84  0.1600E+02
 -31.974  0.8264E-84  0.1600E+02
 -31.964  0.8264E-84  0.1600E+02
 -31.954  0.8264E-84  0.1600E+02
 -31.944  0.8264E-84  0.1600E+02
 -31.934  0.8264E-84  0.1600E+02
 -31.924  0.8264E-84  0.1600E+02
 -31.914  0.8264E-84  0.1600E+02
 -31.904  0.8264E-84  0.1600E+02
 -31.894  0.8264E-84  0.1600E+02
 -31.884  0.8264E-84  0.1600E+02
 -31.874  0.8264E-84  0.1600E+02
 -31.864  0.8264E-84  0.1600E+02
 -31.854  0.8264E-84  0.1600E+02
 -31.844  0.8264E-84  0.1600E+02
 -31.834  0.8264E-84  0.1600E+02
 -31.824  0.8264E-84  0.1600E+02
 -31.814  0.8264E-84  0.1600E+02
 -31.804  0.8264E-84  0.1600E+02
 -31.794  0.8264E-84  0.1600E+02
 -31.784  0.8264E-84  0.1600E+02
 -31.774  0.8264E-84  0.1600E+02
 -31.764  0.8264E-84  0.1600E+02
 -31.754  0.8264E-84  0.1600E+02
 -31.744  0.8264E-84  0.1600E+02
 -31.734  0.8264E-84  0.1600E+02
 -31.724  0.8264E-84  0.1600E+02
 -31.714  0.8264E-84  0.1600E+02
 -31.704  0.8264E-84  0.1600E+02
 -31.694  0.8264E-84  0.1600E+02
 -31.684  0.8264E-84  0.1600E+02
 -31.674  0.8264E-84  0.1600E+02
 -31.664  0.8264E-84  0.1600E+02
 -31.654  0.8264E-84  0.1600E+02
 -31.644  0.8264E-84  0.1600E+02
 -31.634  0.8264E-84  0.1600E+02
 -31.624  0.8264E-84  0.1600E+02
 -31.614  0.8264E-84  0.1600E+02
 -31.604  0.8264E-84  0.1600E+02
 -31.594  0.8264E-84  0.1600E+02
 -31.584  0.8264E-84  0.1600E+02
 -31.574  0.8264E-84  0.1600E+02
 -31.564  0.8264E-84  0.1600E+02
 -31.554  0.8264E-84  0.1600E+02
 -31.544  0.8264E-84  0.1600E+02
 -31.534  0.8264E-84  0.1600E+02
 -31.524  0.8264E-84  0.1600E+02
 -31.514  0.8264E-84  0.1600E+02
 -31.504  0.8264E-84  0.1600E+02
 -31.494  0.8264E-84  0.1600E+02
 -31.484  0.8264E-84  0.1600E+02
 -31.474  0.8264E-84  0.1600E+02
 -31.464  0.8264E-84  0.1600E+02
 -31.454  0.8264E-84  0.1600E+02
 -31.444  0.8264E-84  0.1600E+02
 -31.434  0.8264E-84  0.1600E+02
 -31.424  0.8264E-84  0.1600E+02
 -31.414  0.8264E-84  0.1600E+02
 -31.404  0.8264E-84  0.1600E+02
 -31.394  0.8264E-84  0.1600E+02
 -31.384  0.8264E-84  0.1600E+02
 -31.374  0.8264E-84  0.1600E+02
 -31.364  0.8264E-84  0.1600E+02
 -31.354  0.8264E-84  0.1600E+02
 -31.344  0.8264E-84  0.1600E+02
 -31.334  0.8264E-84  0.1600E+02
 -31.324  0.8264E-84  0.1600E+02
 -31.314  0.8264E-84  0.1600E+02
 -31.304  0.8264E-84  0.1600E+02
 -31.294  0.8264E-84  0.1600E+02
 -31.284  0.8264E-84  0.1600E+02
 -31.274  0.8264E-84  0.1600E+02
 -31.264  0.8264E-84  0.1600E+02
 -31.254  0.8264E-84  0.1600E+02
 -31.244  0.8264E-84  0.1600E+02
 -31.234  0.8264E-84  0.1600E+02
 -31.224  0.8264E-84  0.1600E+02
 -31.214  0.8264E-84  0.1600E+02
 -31.204  0.8264E-84  0.1600E+02
 -31.194  0.8264E-84  0.1600E+02
 -31.184  0.8264E-84  0.1600E+02
 -31.174  0.8264E-84  0.1600E+02
 -31.164  0.8264E-84  0.1600E+02
 -31.154  0.8264E-84  0.1600E+02
 -31.144  0.8264E-84  0.1600E+02
 -31.134  0.8264E-84  0.1600E+02
 -31.124  0.8264E-84  0.1600E+02
 -31.114  0.8264E-84  0.1600E+02
 -31.104  0.8264E-84  0.1600E+02
 -31.094  0.8264E-84  0.1600E+02
 -31.084  0.8264E-84  0.1600E+02
 -31.074  0.8264E-84  0.1600E+02
 -31.064  0.8264E-84  0.1600E+02
 -31.054  0.8264E-84  0.1600E+02
 -31.044  0.8264E-84  0.1600E+02
 -31.034  0.8264E-84  0.1600E+02
 -31.024  0.8264E-84  0.1600E+02
 -31.014  0.8264E-84  0.1600E+02
 -31.004  0.8264E-84  0.1600E+02
 -30.994  0.8264E-84  0.1600E+02
 -30.984  0.8264E-84  0.1600E+02
 -30.974  0.8264E-84  0.1600E+02
 -30.964  0.8264E-84  0.1600E+02
 -30.954  0.8264E-84  0.1600E+02
 -30.944  0.8264E-84  0.1600E+02
 -30.934  0.8264E-84  0.1600E+02
 -30.924  0.8264E-84  0.1600E+02
 -30.914  0.8264E-84  0.1600E+02
 -30.904  0.8264E-84  0.1600E+02
 -30.894  0.8264E-84  0.1600E+02
 -30.884  0.8264E-84  0.1600E+02
 -30.874  0.8264E-84  0.1600E+02
 -30.864  0.8264E-84  0.1600E+02
 -30.854  0.8264E-84  0.1600E+02
 -30.844  0.8264E-84  0.1600E+02
 -30.834  0.8264E-84  0.1600E+02
 -30.824  0.8264E-84  0.1600E+02
 -30.814  0.8264E-84  0.1600E+02
 -30.804  0.8264E-84  0.1600E+02
 -30.794  0.8264E-84  0.1600E+02
 -30.784  0.8264E-84  0.1600E+02
 -30.774  0.8264E-84  0.1600E+02
 -30.764  0.8264E-84  0.1600E+02
 -30.754  0.8264E-84  0.1600E+02
 -30.744  0.8264E-84  0.1600E+02
 -30.734  0.8264E-84  0.1600E+02
 -30.724  0.8264E-84  0.1600E+02
 -30.714  0.8264E-84  0.1600E+02
 -30.704  0.8264E-84  0.1600E+02
 -30.694  0.8264E-84  0.1600E+02
 -30.684  0.8264E-84  0.1600E+02
 -30.674  0.8264E-84  0.1600E+02
 -30.664  0.8264E-84  0.1600E+02
 -30.654  0.8264E-84  0.1600E+02
 -30.644  0.8264E-84  0.1600E+02
 -30.634  0.8264E-84  0.1600E+02
 -30.624  0.8264E-84  0.1600E+02
 -30.614  0.8264E-84  0.1600E+02
 -30.604  0.8264E-84  0.1600E+02
 -30.594  0.8264E-84  0.1600E+02
 -30.584  0.8264E-84  0.1600E+02
 -30.574  0.8264E-84  0.1600E+02
 -30.564  0.8264E-84  0.1600E+02
 -30.554  0.8264E-84  0.1600E+02
 -30.544  0.8264E-84  0.1600E+02
 -30.534  0.8264E-84  0.1600E+02
 -30.524  0.8264E-84  0.1600E+02
 -30.514  0.8264E-84  0.1600E+02
 -30.504  0.8264E-84  0.1600E+02
 -30.494  0.8264E-84  0.1600E+02
 -30.484  0.8264E-84  0.1600E+02
 -30.474  0.8264E-84  0.1600E+02
 -30.464  0.8264E-84  0.1600E+02
 -30.454  0.8264E-84  0.1600E+02
 -30.444  0.8264E-84  0.1600E+02
 -30.434  0.8264E-84  0.1600E+02
 -30.424  0.8264E-84  0.1600E+02
 -30.414  0.8264E-84  0.1600E+02
 -30.404  0.8264E-84  0.1600E+02
 -30.394  0.8264E-84  0.1600E+02
 -30.384  0.8264E-84  0.1600E+02
 -30.374  0.8264E-84  0.1600E+02
 -30.364  0.8264E-84  0.1600E+02
 -30.354  0.8264E-84  0.1600E+02
 -30.344  0.8264E-84  0.1600E+02
 -30.334  0.8264E-84  0.1600E+02
 -30.324  0.8264E-84  0.1600E+02
 -30.314  0.8264E-84  0.1600E+02
 -30.304  0.8264E-84  0.1600E+02
 -30.294  0.8264E-84  0.1600E+02
 -30.284  0.8264E-84  0.1600E+02
 -30.274  0.8264E-84  0.1600E+02
 -30.264  0.8264E-84  0.1600E+02
 -30.254  0.8264E-84  0.1600E+02
 -30.244  0.8264E-84  0.1600E+02
 -30.234  0.8264E-84  0.1600E+02
 -30.224  0.8264E-84  0.1600E+02
 -30.214  0.8264E-84  0.1600E+02
 -30.204  0.8264E-84  0.1600E+02
 -30.194  0.8264E-84  0.1600E+02
 -30.184  0.8264E-84  0.1600E+02
 -30.174  0.8264E-84  0.1600E+02
 -30.164  0.8264E-84  0.1600E+02
 -30.154  0.8264E-84  0.1600E+02
 -30.144  0.8264E-84  0.1600E+02
 -30.134  0.8264E-84  0.1600E+02
 -30.124  0.8264E-84  0.1600E+02
 -30.114  0.8264E-84  0.1600E+02
 -30.104  0.8264E-84  0.1600E+02
 -30.094  0.8264E-84  0.1600E+02
 -30.084  0.8264E-84  0.1600E+02
 -30.074  0.8264E-84  0.1600E+02
 -30.064  0.8264E-84  0.1600E+02
 -30.054  0.8264E-84  0.1600E+02
 -30.044  0.8264E-84  0.1600E+02
 -30.034  0.8264E-84  0.1600E+02
 -30.024  0.8264E-84  0.1600E+02
 -30.014  0.8264E-84  0.1600E+02
 -30.004  0.8264E-84  0.1600E+02
 -29.994  0.8264E-84  0.1600E+02
 -29.984  0.8264E-84  0.1600E+02
 -29.974  0.8264E-84  0.1600E+02
 -29.964  0.8264E-84  0.1600E+02
 -29.954  0.8264E-84  0.1600E+02
 -29.944  0.8264E-84  0.1600E+02
 -29.934  0.8264E-84  0.1600E+02
 -29.924  0.8264E-84  0.1600E+02
 -29.914  0.8264E-84  0.1600E+02
 -29.904  0.8264E-84  0.1600E+02
 -29.894  0.8264E-84  0.1600E+02
 -29.884  0.8264E-84  0.1600E+02
 -29.874  0.8264E-84  0.1600E+02
 -29.864  0.8264E-84  0.1600E+02
 -29.854  0.8264E-84  0.1600E+02
 -29.844  0.8264E-84  0.1600E+02
 -29.834  0.8264E-84  0.1600E+02
 -29.824  0.8264E-84  0.1600E+02
 -29.814  0.8264E-84  0.1600E+02
 -29.804  0.8264E-84  0.1600E+02
 -29.794  0.8264E-84  0.1600E+02
 -29.784  0.8264E-84  0.1600E+02
 -29.774  0.8264E-84  0.1600E+02
 -29.764  0.8264E-84  0.1600E+02
 -29.754  0.8264E-84  0.1600E+02
 -29.744  0.8264E-84  0.1600E+02
 -29.734  0.8264E-84  0.1600E+02
 -29.724  0.8264E-84  0.1600E+02
 -29.714  0.8264E-84  0.1600E+02
 -29.704  0.8264E-84  0.1600E+02
 -29.694  0.8264E-84  0.1600E+02
 -29.684  0.8264E-84  0.1600E+02
 -29.674  0.8264E-84  0.1600E+02
 -29.664  0.8264E-84  0.1600E+02
 -29.654  0.8264E-84  0.1600E+02
 -29.644  0.8264E-84  0.1600E+02
 -29.634  0.8264E-84  0.1600E+02
 -29.624  0.8264E-84  0.1600E+02
 -29.614  0.8264E-84  0.1600E+02
 -29.604  0.8264E-84  0.1600E+02
 -29.594  0.8264E-84  0.1600E+02
 -29.584  0.8264E-84  0.1600E+02
 -29.574  0.8264E-84  0.1600E+02
 -29.564  0.8264E-84  0.1600E+02
 -29.554  0.8264E-84  0.1600E+02
 -29.544  0.8264E-84  0.1600E+02
 -29.534  0.8264E-84  0.1600E+02
 -29.524  0.8264E-84  0.1600E+02
 -29.514  0.8264E-84  0.1600E+02
 -29.504  0.8264E-84  0.1600E+02
 -29.494  0.8264E-84  0.1600E+02
 -29.484  0.8264E-84  0.1600E+02
 -29.474  0.8264E-84  0.1600E+02
 -29.464  0.8264E-84  0.1600E+02
 -29.454  0.8264E-84  0.1600E+02
 -29.444  0.8264E-84  0.1600E+02
 -29.434  0.8264E-84  0.1600E+02
 -29.424  0.8264E-84  0.1600E+02
 -29.414  0.8264E-84  0.1600E+02
 -29.404  0.8264E-84  0.1600E+02
 -29.394  0.8264E-84  0.1600E+02
 -29.384  0.8264E-84  0.1600E+02
 -29.374  0.8264E-84  0.1600E+02
 -29.364  0.8264E-84  0.1600E+02
 -29.354  0.8264E-84  0.1600E+02
 -29.344  0.8264E-84  0.1600E+02
 -29.334  0.8264E-84  0.1600E+02
 -29.324  0.8264E-84  0.1600E+02
 -29.314  0.8264E-84  0.1600E+02
 -29.304  0.8264E-84  0.1600E+02
 -29.294  0.8264E-84  0.1600E+02
 -29.284  0.8264E-84  0.1600E+02
 -29.274  0.8264E-84  0.1600E+02
 -29.264  0.8264E-84  0.1600E+02
 -29.254  0.8264E-84  0.1600E+02
 -29.244  0.8264E-84  0.1600E+02
 -29.234  0.8264E-84  0.1600E+02
 -29.224  0.8264E-84  0.1600E+02
 -29.214  0.8264E-84  0.1600E+02
 -29.204  0.8264E-84  0.1600E+02
 -29.194  0.8264E-84  0.1600E+02
 -29.184  0.8264E-84  0.1600E+02
 -29.174  0.8264E-84  0.1600E+02
 -29.164  0.8264E-84  0.1600E+02
 -29.154  0.8264E-84  0.1600E+02
 -29.144  0.8264E-84  0.1600E+02
 -29.134  0.8264E-84  0.1600E+02
 -29.124  0.8264E-84  0.1600E+02
 -29.114  0.8264E-84  0.1600E+02
 -29.104  0.8264E-84  0.1600E+02
 -29.094  0.8264E-84  0.1600E+02
 -29.084  0.8264E-84  0.1600E+02
 -29.074  0.8264E-84  0.1600E+02
 -29.064  0.8264E-84  0.1600E+02
 -29.054  0.8264E-84  0.1600E+02
 -29.044  0.8264E-84  0.1600E+02
 -29.034  0.8264E-84  0.1600E+02
 -29.024  0.8264E-84  0.1600E+02
 -29.014  0.8264E-84  0.1600E+02
 -29.004  0.8264E-84  0.1600E+02
 -28.994  0.8264E-84  0.1600E+02
 -28.984  0.8264E-84  0.1600E+02
 -28.974  0.8264E-84  0.1600E+02
 -28.964  0.8264E-84  0.1600E+02
 -28.954  0.8264E-84  0.1600E+02
 -28.944  0.8264E-84  0.1600E+02
 -28.934  0.8264E-84  0.1600E+02
 -28.924  0.8264E-84  0.1600E+02
 -28.914  0.8264E-84  0.1600E+02
 -28.904  0.8264E-84  0.1600E+02
 -28.894  0.8264E-84  0.1600E+02
 -28.884  0.8264E-84  0.1600E+02
 -28.874  0.8264E-84  0.1600E+02
 -28.864  0.8264E-84  0.1600E+02
 -28.854  0.8264E-84  0.1600E+02
 -28.844  0.8264E-84  0.1600E+02
 -28.834  0.8264E-84  0.1600E+02
 -28.824  0.8264E-84  0.1600E+02
 -28.814  0.8264E-84  0.1600E+02
 -28.804  0.8264E-84  0.1600E+02
 -28.794  0.8264E-84  0.1600E+02
 -28.784  0.8264E-84  0.1600E+02
 -28.774  0.8264E-84  0.1600E+02
 -28.764  0.8264E-84  0.1600E+02
 -28.754  0.8264E-84  0.1600E+02
 -28.744  0.8264E-84  0.1600E+02
 -28.734  0.8264E-84  0.1600E+02
 -28.724  0.8264E-84  0.1600E+02
 -28.714  0.8264E-84  0.1600E+02
 -28.704  0.8264E-84  0.1600E+02
 -28.694  0.8264E-84  0.1600E+02
 -28.684  0.8264E-84  0.1600E+02
 -28.674  0.8264E-84  0.1600E+02
 -28.664  0.8264E-84  0.1600E+02
 -28.654  0.8264E-84  0.1600E+02
 -28.644  0.8264E-84  0.1600E+02
 -28.634  0.8264E-84  0.1600E+02
 -28.624  0.8264E-84  0.1600E+02
 -28.614  0.8264E-84  0.1600E+02
 -28.604  0.8264E-84  0.1600E+02
 -28.594  0.8264E-84  0.1600E+02
 -28.584  0.8264E-84  0.1600E+02
 -28.574  0.8264E-84  0.1600E+02
 -28.564  0.8264E-84  0.1600E+02
 -28.554  0.8264E-84  0.1600E+02
 -28.544  0.8264E-84  0.1600E+02
 -28.534  0.8264E-84  0.1600E+02
 -28.524  0.8264E-84  0.1600E+02
 -28.514  0.8264E-84  0.1600E+02
 -28.504  0.8264E-84  0.1600E+02
 -28.494  0.8264E-84  0.1600E+02
 -28.484  0.8264E-84  0.1600E+02
 -28.474  0.8264E-84  0.1600E+02
 -28.464  0.8264E-84  0.1600E+02
 -28.454  0.8264E-84  0.1600E+02
 -28.444  0.8264E-84  0.1600E+02
 -28.434  0.8264E-84  0.1600E+02
 -28.424  0.8264E-84  0.1600E+02
 -28.414  0.8264E-84  0.1600E+02
 -28.404  0.8264E-84  0.1600E+02
 -28.394  0.8264E-84  0.1600E+02
 -28.384  0.8264E-84  0.1600E+02
 -28.374  0.8264E-84  0.1600E+02
 -28.364  0.8264E-84  0.1600E+02
 -28.354  0.8264E-84  0.1600E+02
 -28.344  0.8264E-84  0.1600E+02
 -28.334  0.8264E-84  0.1600E+02
 -28.324  0.8264E-84  0.1600E+02
 -28.314  0.8264E-84  0.1600E+02
 -28.304  0.8264E-84  0.1600E+02
 -28.294  0.8264E-84  0.1600E+02
 -28.284  0.8264E-84  0.1600E+02
 -28.274  0.8264E-84  0.1600E+02
 -28.264  0.8264E-84  0.1600E+02
 -28.254  0.8264E-84  0.1600E+02
 -28.244  0.8264E-84  0.1600E+02
 -28.234  0.8264E-84  0.1600E+02
 -28.224  0.8264E-84  0.1600E+02
 -28.214  0.8264E-84  0.1600E+02
 -28.204  0.8264E-84  0.1600E+02
 -28.194  0.8264E-84  0.1600E+02
 -28.184  0.8264E-84  0.1600E+02
 -28.174  0.8264E-84  0.1600E+02
 -28.164  0.8264E-84  0.1600E+02
 -28.154  0.8264E-84  0.1600E+02
 -28.144  0.8264E-84  0.1600E+02
 -28.134  0.8264E-84  0.1600E+02
 -28.124  0.8264E-84  0.1600E+02
 -28.114  0.8264E-84  0.1600E+02
 -28.104  0.8264E-84  0.1600E+02
 -28.094  0.8264E-84  0.1600E+02
 -28.084  0.8264E-84  0.1600E+02
 -28.074  0.8264E-84  0.1600E+02
 -28.064  0.8264E-84  0.1600E+02
 -28.054  0.8264E-84  0.1600E+02
 -28.044  0.8264E-84  0.1600E+02
 -28.034  0.8264E-84  0.1600E+02
 -28.024  0.8264E-84  0.1600E+02
 -28.014  0.8264E-84  0.1600E+02
 -28.004  0.8264E-84  0.1600E+02
 -27.994  0.8264E-84  0.1600E+02
 -27.984  0.8264E-84  0.1600E+02
 -27.974  0.8264E-84  0.1600E+02
 -27.964  0.8264E-84  0.1600E+02
 -27.954  0.8264E-84  0.1600E+02
 -27.944  0.8264E-84  0.1600E+02
 -27.934  0.8264E-84  0.1600E+02
 -27.924  0.8264E-84  0.1600E+02
 -27.914  0.8264E-84  0.1600E+02
 -27.904  0.8264E-84  0.1600E+02
 -27.894  0.8264E-84  0.1600E+02
 -27.884  0.8264E-84  0.1600E+02
 -27.874  0.8264E-84  0.1600E+02
 -27.864  0.8264E-84  0.1600E+02
 -27.854  0.8264E-84  0.1600E+02
 -27.844  0.8264E-84  0.1600E+02
 -27.834  0.8264E-84  0.1600E+02
 -27.824  0.8264E-84  0.1600E+02
 -27.814  0.8264E-84  0.1600E+02
 -27.804  0.8264E-84  0.1600E+02
 -27.794  0.8264E-84  0.1600E+02
 -27.784  0.8264E-84  0.1600E+02
 -27.774  0.8264E-84  0.1600E+02
 -27.764  0.8264E-84  0.1600E+02
 -27.754  0.8264E-84  0.1600E+02
 -27.744  0.8264E-84  0.1600E+02
 -27.734  0.8264E-84  0.1600E+02
 -27.724  0.8264E-84  0.1600E+02
 -27.714  0.8264E-84  0.1600E+02
 -27.704  0.8264E-84  0.1600E+02
 -27.694  0.8264E-84  0.1600E+02
 -27.684  0.8264E-84  0.1600E+02
 -27.674  0.8264E-84  0.1600E+02
 -27.664  0.8264E-84  0.1600E+02
 -27.654  0.8264E-84  0.1600E+02
 -27.644  0.8264E-84  0.1600E+02
 -27.634  0.8264E-84  0.1600E+02
 -27.624  0.8264E-84  0.1600E+02
 -27.614  0.8264E-84  0.1600E+02
 -27.604  0.8264E-84  0.1600E+02
 -27.594  0.8264E-84  0.1600E+02
 -27.584  0.8264E-84  0.1600E+02
 -27.574  0.8264E-84  0.1600E+02
 -27.564  0.8264E-84  0.1600E+02
 -27.554  0.8264E-84  0.1600E+02
 -27.544  0.8264E-84  0.1600E+02
 -27.534  0.8264E-84  0.1600E+02
 -27.524  0.8264E-84  0.1600E+02
 -27.514  0.8264E-84  0.1600E+02
 -27.504  0.8264E-84  0.1600E+02
 -27.494  0.8264E-84  0.1600E+02
 -27.484  0.8264E-84  0.1600E+02
 -27.474  0.8264E-84  0.1600E+02
 -27.464  0.8264E-84  0.1600E+02
 -27.454  0.8264E-84  0.1600E+02
 -27.444  0.8264E-84  0.1600E+02
 -27.434  0.8264E-84  0.1600E+02
 -27.424  0.8264E-84  0.1600E+02
 -27.414  0.8264E-84  0.1600E+02
 -27.404  0.8264E-84  0.1600E+02
 -27.394  0.8264E-84  0.1600E+02
 -27.384  0.8264E-84  0.1600E+02
 -27.374  0.8264E-84  0.1600E+02
 -27.364  0.8264E-84  0.1600E+02
 -27.354  0.8264E-84  0.1600E+02
 -27.344  0.8264E-84  0.1600E+02
 -27.334  0.8264E-84  0.1600E+02
 -27.324  0.8264E-84  0.1600E+02
 -27.314  0.8264E-84  0.1600E+02
 -27.304  0.8264E-84  0.1600E+02
 -27.294  0.8264E-84  0.1600E+02
 -27.284  0.8264E-84  0.1600E+02
 -27.274  0.8264E-84  0.1600E+02
 -27.264  0.8264E-84  0.1600E+02
 -27.254  0.8264E-84  0.1600E+02
 -27.244  0.8264E-84  0.1600E+02
 -27.234  0.8264E-84  0.1600E+02
 -27.224  0.8264E-84  0.1600E+02
 -27.214  0.8264E-84  0.1600E+02
 -27.204  0.8264E-84  0.1600E+02
 -27.194  0.8264E-84  0.1600E+02
 -27.184  0.8264E-84  0.1600E+02
 -27.174  0.8264E-84  0.1600E+02
 -27.164  0.8264E-84  0.1600E+02
 -27.154  0.8264E-84  0.1600E+02
 -27.144  0.8264E-84  0.1600E+02
 -27.134  0.8264E-84  0.1600E+02
 -27.124  0.8264E-84  0.1600E+02
 -27.114  0.8264E-84  0.1600E+02
 -27.104  0.8264E-84  0.1600E+02
 -27.094  0.8264E-84  0.1600E+02
 -27.084  0.8264E-84  0.1600E+02
 -27.074  0.8264E-84  0.1600E+02
 -27.064  0.8264E-84  0.1600E+02
 -27.054  0.8264E-84  0.1600E+02
 -27.044  0.8264E-84  0.1600E+02
 -27.034  0.8264E-84  0.1600E+02
 -27.024  0.8264E-84  0.1600E+02
 -27.014  0.8264E-84  0.1600E+02
 -27.004  0.8264E-84  0.1600E+02
 -26.994  0.8264E-84  0.1600E+02
 -26.984  0.8264E-84  0.1600E+02
 -26.974  0.8264E-84  0.1600E+02
 -26.964  0.8264E-84  0.1600E+02
 -26.954  0.8264E-84  0.1600E+02
 -26.944  0.8264E-84  0.1600E+02
 -26.934  0.8264E-84  0.1600E+02
 -26.924  0.8264E-84  0.1600E+02
 -26.914  0.8264E-84  0.1600E+02
 -26.904  0.8264E-84  0.1600E+02
 -26.894  0.8264E-84  0.1600E+02
 -26.884  0.8264E-84  0.1600E+02
 -26.874  0.8264E-84  0.1600E+02
 -26.864  0.8264E-84  0.1600E+02
 -26.854  0.8264E-84  0.1600E+02
 -26.844  0.8264E-84  0.1600E+02
 -26.834  0.8264E-84  0.1600E+02
 -26.824  0.8264E-84  0.1600E+02
 -26.814  0.8264E-84  0.1600E+02
 -26.804  0.8264E-84  0.1600E+02
 -26.794  0.8264E-84  0.1600E+02
 -26.784  0.8264E-84  0.1600E+02
 -26.774  0.8264E-84  0.1600E+02
 -26.764  0.8264E-84  0.1600E+02
 -26.754  0.8264E-84  0.1600E+02
 -26.744  0.8264E-84  0.1600E+02
 -26.734  0.8264E-84  0.1600E+02
 -26.724  0.8264E-84  0.1600E+02
 -26.714  0.8264E-84  0.1600E+02
 -26.704  0.8264E-84  0.1600E+02
 -26.694  0.8264E-84  0.1600E+02
 -26.684  0.8264E-84  0.1600E+02
 -26.674  0.8264E-84  0.1600E+02
 -26.664  0.8264E-84  0.1600E+02
 -26.654  0.8264E-84  0.1600E+02
 -26.644  0.8264E-84  0.1600E+02
 -26.634  0.8264E-84  0.1600E+02
 -26.624  0.8264E-84  0.1600E+02
 -26.614  0.8264E-84  0.1600E+02
 -26.604  0.8264E-84  0.1600E+02
 -26.594  0.8264E-84  0.1600E+02
 -26.584  0.8264E-84  0.1600E+02
 -26.574  0.8264E-84  0.1600E+02
 -26.564  0.8264E-84  0.1600E+02
 -26.554  0.8264E-84  0.1600E+02
 -26.544  0.8264E-84  0.1600E+02
 -26.534  0.8264E-84  0.1600E+02
 -26.524  0.8264E-84  0.1600E+02
 -26.514  0.8264E-84  0.1600E+02
 -26.504  0.8264E-84  0.1600E+02
 -26.494  0.8264E-84  0.1600E+02
 -26.484  0.8264E-84  0.1600E+02
 -26.474  0.8264E-84  0.1600E+02
 -26.464  0.8264E-84  0.1600E+02
 -26.454  0.8264E-84  0.1600E+02
 -26.444  0.8264E-84  0.1600E+02
 -26.434  0.8264E-84  0.1600E+02
 -26.424  0.8264E-84  0.1600E+02
 -26.414  0.8264E-84  0.1600E+02
 -26.404  0.8264E-84  0.1600E+02
 -26.394  0.8264E-84  0.1600E+02
 -26.384  0.8264E-84  0.1600E+02
 -26.374  0.8264E-84  0.1600E+02
 -26.364  0.8264E-84  0.1600E+02
 -26.354  0.8264E-84  0.1600E+02
 -26.344  0.8264E-84  0.1600E+02
 -26.334  0.8264E-84  0.1600E+02
 -26.324  0.8264E-84  0.1600E+02
 -26.314  0.8264E-84  0.1600E+02
 -26.304  0.8264E-84  0.1600E+02
 -26.294  0.8264E-84  0.1600E+02
 -26.284  0.8264E-84  0.1600E+02
 -26.274  0.8264E-84  0.1600E+02
 -26.264  0.8264E-84  0.1600E+02
 -26.254  0.8264E-84  0.1600E+02
 -26.244  0.8264E-84  0.1600E+02
 -26.234  0.8264E-84  0.1600E+02
 -26.224  0.8264E-84  0.1600E+02
 -26.214  0.8264E-84  0.1600E+02
 -26.204  0.8264E-84  0.1600E+02
 -26.194  0.8264E-84  0.1600E+02
 -26.184  0.8264E-84  0.1600E+02
 -26.174  0.8264E-84  0.1600E+02
 -26.164  0.8264E-84  0.1600E+02
 -26.154  0.8264E-84  0.1600E+02
 -26.144  0.8264E-84  0.1600E+02
 -26.134  0.8264E-84  0.1600E+02
 -26.124  0.8264E-84  0.1600E+02
 -26.114  0.8264E-84  0.1600E+02
 -26.104  0.8264E-84  0.1600E+02
 -26.094  0.8264E-84  0.1600E+02
 -26.084  0.8264E-84  0.1600E+02
 -26.074  0.8264E-84  0.1600E+02
 -26.064  0.8264E-84  0.1600E+02
 -26.054  0.8264E-84  0.1600E+02
 -26.044  0.8264E-84  0.1600E+02
 -26.034  0.8264E-84  0.1600E+02
 -26.024  0.8264E-84  0.1600E+02
 -26.014  0.8264E-84  0.1600E+02
 -26.004  0.8264E-84  0.1600E+02
 -25.994  0.8264E-84  0.1600E+02
 -25.984  0.8264E-84  0.1600E+02
 -25.974  0.8264E-84  0.1600E+02
 -25.964  0.8264E-84  0.1600E+02
 -25.954  0.8264E-84  0.1600E+02
 -25.944  0.8264E-84  0.1600E+02
 -25.934  0.8264E-84  0.1600E+02
 -25.924  0.8264E-84  0.1600E+02
 -25.914  0.8264E-84  0.1600E+02
 -25.904  0.8264E-84  0.1600E+02
 -25.894  0.8264E-84  0.1600E+02
 -25.884  0.8264E-84  0.1600E+02
 -25.874  0.8264E-84  0.1600E+02
 -25.864  0.8264E-84  0.1600E+02
 -25.854  0.8264E-84  0.1600E+02
 -25.844  0.8264E-84  0.1600E+02
 -25.834  0.8264E-84  0.1600E+02
 -25.824  0.8264E-84  0.1600E+02
 -25.814  0.8264E-84  0.1600E+02
 -25.804  0.8264E-84  0.1600E+02
 -25.794  0.8264E-84  0.1600E+02
 -25.784  0.8264E-84  0.1600E+02
 -25.774  0.8264E-84  0.1600E+02
 -25.764  0.8264E-84  0.1600E+02
 -25.754  0.8264E-84  0.1600E+02
 -25.744  0.8264E-84  0.1600E+02
 -25.734  0.8264E-84  0.1600E+02
 -25.724  0.8264E-84  0.1600E+02
 -25.714  0.8264E-84  0.1600E+02
 -25.704  0.8264E-84  0.1600E+02
 -25.694  0.8264E-84  0.1600E+02
 -25.684  0.8264E-84  0.1600E+02
 -25.674  0.8264E-84  0.1600E+02
 -25.664  0.8264E-84  0.1600E+02
 -25.654  0.8264E-84  0.1600E+02
 -25.644  0.8264E-84  0.1600E+02
 -25.634  0.8264E-84  0.1600E+02
 -25.624  0.8264E-84  0.1600E+02
 -25.614  0.8264E-84  0.1600E+02
 -25.604  0.8264E-84  0.1600E+02
 -25.594  0.8264E-84  0.1600E+02
 -25.584  0.8264E-84  0.1600E+02
 -25.574  0.8264E-84  0.1600E+02
 -25.564  0.8264E-84  0.1600E+02
 -25.554  0.8264E-84  0.1600E+02
 -25.544  0.8264E-84  0.1600E+02
 -25.534  0.8264E-84  0.1600E+02
 -25.524  0.8264E-84  0.1600E+02
 -25.514  0.8264E-84  0.1600E+02
 -25.504  0.8264E-84  0.1600E+02
 -25.494  0.8264E-84  0.1600E+02
 -25.484  0.8264E-84  0.1600E+02
 -25.474  0.8264E-84  0.1600E+02
 -25.464  0.8264E-84  0.1600E+02
 -25.454  0.8264E-84  0.1600E+02
 -25.444  0.8264E-84  0.1600E+02
 -25.434  0.8264E-84  0.1600E+02
 -25.424  0.8264E-84  0.1600E+02
 -25.414  0.8264E-84  0.1600E+02
 -25.404  0.8264E-84  0.1600E+02
 -25.394  0.8264E-84  0.1600E+02
 -25.384  0.8264E-84  0.1600E+02
 -25.374  0.8264E-84  0.1600E+02
 -25.364  0.8264E-84  0.1600E+02
 -25.354  0.8264E-84  0.1600E+02
 -25.344  0.8264E-84  0.1600E+02
 -25.334  0.8264E-84  0.1600E+02
 -25.324  0.8264E-84  0.1600E+02
 -25.314  0.8264E-84  0.1600E+02
 -25.304  0.8264E-84  0.1600E+02
 -25.294  0.8264E-84  0.1600E+02
 -25.284  0.8264E-84  0.1600E+02
 -25.274  0.8264E-84  0.1600E+02
 -25.264  0.8264E-84  0.1600E+02
 -25.254  0.8264E-84  0.1600E+02
 -25.244  0.8264E-84  0.1600E+02
 -25.234  0.8264E-84  0.1600E+02
 -25.224  0.8264E-84  0.1600E+02
 -25.214  0.8264E-84  0.1600E+02
 -25.204  0.8264E-84  0.1600E+02
 -25.194  0.8264E-84  0.1600E+02
 -25.184  0.8264E-84  0.1600E+02
 -25.174  0.8264E-84  0.1600E+02
 -25.164  0.8264E-84  0.1600E+02
 -25.154  0.8264E-84  0.1600E+02
 -25.144  0.8264E-84  0.1600E+02
 -25.134  0.8264E-84  0.1600E+02
 -25.124  0.8264E-84  0.1600E+02
 -25.114  0.8264E-84  0.1600E+02
 -25.104  0.8264E-84  0.1600E+02
 -25.094  0.8264E-84  0.1600E+02
 -25.084  0.8264E-84  0.1600E+02
 -25.074  0.8264E-84  0.1600E+02
 -25.064  0.8264E-84  0.1600E+02
 -25.054  0.8264E-84  0.1600E+02
 -25.044  0.8264E-84  0.1600E+02
 -25.034  0.8264E-84  0.1600E+02
 -25.024  0.8264E-84  0.1600E+02
 -25.014  0.8264E-84  0.1600E+02
 -25.004  0.8264E-84  0.1600E+02
 -24.994  0.8264E-84  0.1600E+02
 -24.984  0.8264E-84  0.1600E+02
 -24.974  0.8264E-84  0.1600E+02
 -24.964  0.8264E-84  0.1600E+02
 -24.954  0.8264E-84  0.1600E+02
 -24.944  0.8264E-84  0.1600E+02
 -24.934  0.8264E-84  0.1600E+02
 -24.924  0.8264E-84  0.1600E+02
 -24.914  0.8264E-84  0.1600E+02
 -24.904  0.8264E-84  0.1600E+02
 -24.894  0.8264E-84  0.1600E+02
 -24.884  0.8264E-84  0.1600E+02
 -24.874  0.8264E-84  0.1600E+02
 -24.864  0.8264E-84  0.1600E+02
 -24.854  0.8264E-84  0.1600E+02
 -24.844  0.8264E-84  0.1600E+02
 -24.834  0.8264E-84  0.1600E+02
 -24.824  0.8264E-84  0.1600E+02
 -24.814  0.8264E-84  0.1600E+02
 -24.804  0.8264E-84  0.1600E+02
 -24.794  0.8264E-84  0.1600E+02
 -24.784  0.8264E-84  0.1600E+02
 -24.774  0.8264E-84  0.1600E+02
 -24.764  0.8264E-84  0.1600E+02
 -24.754  0.8264E-84  0.1600E+02
 -24.744  0.8264E-84  0.1600E+02
 -24.734  0.8264E-84  0.1600E+02
 -24.724  0.8264E-84  0.1600E+02
 -24.714  0.8264E-84  0.1600E+02
 -24.704  0.8264E-84  0.1600E+02
 -24.694  0.8264E-84  0.1600E+02
 -24.684  0.8264E-84  0.1600E+02
 -24.674  0.8264E-84  0.1600E+02
 -24.664  0.8264E-84  0.1600E+02
 -24.654  0.8264E-84  0.1600E+02
 -24.644  0.8264E-84  0.1600E+02
 -24.634  0.8264E-84  0.1600E+02
 -24.624  0.8264E-84  0.1600E+02
 -24.614  0.8264E-84  0.1600E+02
 -24.604  0.8264E-84  0.1600E+02
 -24.594  0.8264E-84  0.1600E+02
 -24.584  0.8264E-84  0.1600E+02
 -24.574  0.8264E-84  0.1600E+02
 -24.564  0.8264E-84  0.1600E+02
 -24.554  0.8264E-84  0.1600E+02
 -24.544  0.8264E-84  0.1600E+02
 -24.534  0.8264E-84  0.1600E+02
 -24.524  0.8264E-84  0.1600E+02
 -24.514  0.8264E-84  0.1600E+02
 -24.504  0.8264E-84  0.1600E+02
 -24.494  0.8264E-84  0.1600E+02
 -24.484  0.8264E-84  0.1600E+02
 -24.474  0.8264E-84  0.1600E+02
 -24.464  0.8264E-84  0.1600E+02
 -24.454  0.8264E-84  0.1600E+02
 -24.444  0.8264E-84  0.1600E+02
 -24.434  0.8264E-84  0.1600E+02
 -24.424  0.8264E-84  0.1600E+02
 -24.414  0.8264E-84  0.1600E+02
 -24.404  0.8264E-84  0.1600E+02
 -24.394  0.8264E-84  0.1600E+02
 -24.384  0.8264E-84  0.1600E+02
 -24.374  0.8264E-84  0.1600E+02
 -24.364  0.8264E-84  0.1600E+02
 -24.354  0.8264E-84  0.1600E+02
 -24.344  0.8264E-84  0.1600E+02
 -24.334  0.8264E-84  0.1600E+02
 -24.324  0.8264E-84  0.1600E+02
 -24.314  0.8264E-84  0.1600E+02
 -24.304  0.8264E-84  0.1600E+02
 -24.294  0.8264E-84  0.1600E+02
 -24.284  0.8264E-84  0.1600E+02
 -24.274  0.8264E-84  0.1600E+02
 -24.264  0.8264E-84  0.1600E+02
 -24.254  0.8264E-84  0.1600E+02
 -24.244  0.8264E-84  0.1600E+02
 -24.234  0.8264E-84  0.1600E+02
 -24.224  0.8264E-84  0.1600E+02
 -24.214  0.8264E-84  0.1600E+02
 -24.204  0.8264E-84  0.1600E+02
 -24.194  0.8264E-84  0.1600E+02
 -24.184  0.8264E-84  0.1600E+02
 -24.174  0.8264E-84  0.1600E+02
 -24.164  0.8264E-84  0.1600E+02
 -24.154  0.8264E-84  0.1600E+02
 -24.144  0.8264E-84  0.1600E+02
 -24.134  0.8264E-84  0.1600E+02
 -24.124  0.8264E-84  0.1600E+02
 -24.114  0.8264E-84  0.1600E+02
 -24.104  0.8264E-84  0.1600E+02
 -24.094  0.8264E-84  0.1600E+02
 -24.084  0.8264E-84  0.1600E+02
 -24.074  0.8264E-84  0.1600E+02
 -24.064  0.8264E-84  0.1600E+02
 -24.054  0.8264E-84  0.1600E+02
 -24.044  0.8264E-84  0.1600E+02
 -24.034  0.8264E-84  0.1600E+02
 -24.024  0.8264E-84  0.1600E+02
 -24.014  0.8264E-84  0.1600E+02
 -24.004  0.8264E-84  0.1600E+02
 -23.994  0.8264E-84  0.1600E+02
 -23.984  0.8264E-84  0.1600E+02
 -23.974  0.8264E-84  0.1600E+02
 -23.964  0.8264E-84  0.1600E+02
 -23.954  0.8264E-84  0.1600E+02
 -23.944  0.8264E-84  0.1600E+02
 -23.934  0.8264E-84  0.1600E+02
 -23.924  0.8264E-84  0.1600E+02
 -23.914  0.8264E-84  0.1600E+02
 -23.904  0.8264E-84  0.1600E+02
 -23.894  0.8264E-84  0.1600E+02
 -23.884  0.8264E-84  0.1600E+02
 -23.874  0.8264E-84  0.1600E+02
 -23.864  0.8264E-84  0.1600E+02
 -23.854  0.8264E-84  0.1600E+02
 -23.844  0.8264E-84  0.1600E+02
 -23.834  0.8264E-84  0.1600E+02
 -23.824  0.8264E-84  0.1600E+02
 -23.814  0.8264E-84  0.1600E+02
 -23.804  0.8264E-84  0.1600E+02
 -23.794  0.8264E-84  0.1600E+02
 -23.784  0.8264E-84  0.1600E+02
 -23.774  0.8264E-84  0.1600E+02
 -23.764  0.8264E-84  0.1600E+02
 -23.754  0.8264E-84  0.1600E+02
 -23.744  0.8264E-84  0.1600E+02
 -23.734  0.8264E-84  0.1600E+02
 -23.724  0.8264E-84  0.1600E+02
 -23.714  0.8264E-84  0.1600E+02
 -23.704  0.8264E-84  0.1600E+02
 -23.694  0.8264E-84  0.1600E+02
 -23.684  0.8264E-84  0.1600E+02
 -23.674  0.8264E-84  0.1600E+02
 -23.664  0.8264E-84  0.1600E+02
 -23.654  0.8264E-84  0.1600E+02
 -23.644  0.8264E-84  0.1600E+02
 -23.634  0.8264E-84  0.1600E+02
 -23.624  0.8264E-84  0.1600E+02
 -23.614  0.8264E-84  0.1600E+02
 -23.604  0.8264E-84  0.1600E+02
 -23.594  0.8264E-84  0.1600E+02
 -23.584  0.8264E-84  0.1600E+02
 -23.574  0.8264E-84  0.1600E+02
 -23.564  0.8264E-84  0.1600E+02
 -23.554  0.8264E-84  0.1600E+02
 -23.544  0.8264E-84  0.1600E+02
 -23.534  0.8264E-84  0.1600E+02
 -23.524  0.8264E-84  0.1600E+02
 -23.514  0.8264E-84  0.1600E+02
 -23.504  0.8264E-84  0.1600E+02
 -23.494  0.8264E-84  0.1600E+02
 -23.484  0.8264E-84  0.1600E+02
 -23.474  0.8264E-84  0.1600E+02
 -23.464  0.8264E-84  0.1600E+02
 -23.454  0.8264E-84  0.1600E+02
 -23.444  0.8264E-84  0.1600E+02
 -23.434  0.8264E-84  0.1600E+02
 -23.424  0.8264E-84  0.1600E+02
 -23.414  0.8264E-84  0.1600E+02
 -23.404  0.8264E-84  0.1600E+02
 -23.394  0.8264E-84  0.1600E+02
 -23.384  0.8264E-84  0.1600E+02
 -23.374  0.8264E-84  0.1600E+02
 -23.364  0.8264E-84  0.1600E+02
 -23.354  0.8264E-84  0.1600E+02
 -23.344  0.8264E-84  0.1600E+02
 -23.334  0.8264E-84  0.1600E+02
 -23.324  0.8264E-84  0.1600E+02
 -23.314  0.8264E-84  0.1600E+02
 -23.304  0.8264E-84  0.1600E+02
 -23.294  0.8264E-84  0.1600E+02
 -23.284  0.8264E-84  0.1600E+02
 -23.274  0.8264E-84  0.1600E+02
 -23.264  0.8264E-84  0.1600E+02
 -23.254  0.8264E-84  0.1600E+02
 -23.244  0.8264E-84  0.1600E+02
 -23.234  0.8264E-84  0.1600E+02
 -23.224  0.8264E-84  0.1600E+02
 -23.214  0.8264E-84  0.1600E+02
 -23.204  0.8264E-84  0.1600E+02
 -23.194  0.8264E-84  0.1600E+02
 -23.184  0.8264E-84  0.1600E+02
 -23.174  0.8264E-84  0.1600E+02
 -23.164  0.8264E-84  0.1600E+02
 -23.154  0.8264E-84  0.1600E+02
 -23.144  0.8264E-84  0.1600E+02
 -23.134  0.8264E-84  0.1600E+02
 -23.124  0.8264E-84  0.1600E+02
 -23.114  0.8264E-84  0.1600E+02
 -23.104  0.8264E-84  0.1600E+02
 -23.094  0.8264E-84  0.1600E+02
 -23.084  0.8264E-84  0.1600E+02
 -23.074  0.8264E-84  0.1600E+02
 -23.064  0.8264E-84  0.1600E+02
 -23.054  0.8264E-84  0.1600E+02
 -23.044  0.8264E-84  0.1600E+02
 -23.034  0.8264E-84  0.1600E+02
 -23.024  0.8264E-84  0.1600E+02
 -23.014  0.8264E-84  0.1600E+02
 -23.004  0.8264E-84  0.1600E+02
 -22.994  0.8264E-84  0.1600E+02
 -22.984  0.8264E-84  0.1600E+02
 -22.974  0.8264E-84  0.1600E+02
 -22.964  0.8264E-84  0.1600E+02
 -22.954  0.8264E-84  0.1600E+02
 -22.944  0.8264E-84  0.1600E+02
 -22.934  0.8264E-84  0.1600E+02
 -22.924  0.8264E-84  0.1600E+02
 -22.914  0.8264E-84  0.1600E+02
 -22.904  0.8264E-84  0.1600E+02
 -22.894  0.8264E-84  0.1600E+02
 -22.884  0.8264E-84  0.1600E+02
 -22.874  0.8264E-84  0.1600E+02
 -22.864  0.8264E-84  0.1600E+02
 -22.854  0.8264E-84  0.1600E+02
 -22.844  0.8264E-84  0.1600E+02
 -22.834  0.8264E-84  0.1600E+02
 -22.824  0.8264E-84  0.1600E+02
 -22.814  0.8264E-84  0.1600E+02
 -22.804  0.8264E-84  0.1600E+02
 -22.794  0.8264E-84  0.1600E+02
 -22.784  0.8264E-84  0.1600E+02
 -22.774  0.8264E-84  0.1600E+02
 -22.764  0.8264E-84  0.1600E+02
 -22.754  0.8264E-84  0.1600E+02
 -22.744  0.8264E-84  0.1600E+02
 -22.734  0.8264E-84  0.1600E+02
 -22.724  0.8264E-84  0.1600E+02
 -22.714  0.8264E-84  0.1600E+02
 -22.704  0.8264E-84  0.1600E+02
 -22.694  0.8264E-84  0.1600E+02
 -22.684  0.8264E-84  0.1600E+02
 -22.674  0.8264E-84  0.1600E+02
 -22.664  0.8264E-84  0.1600E+02
 -22.654  0.8264E-84  0.1600E+02
 -22.644  0.8264E-84  0.1600E+02
 -22.634  0.8264E-84  0.1600E+02
 -22.624  0.8264E-84  0.1600E+02
 -22.614  0.8264E-84  0.1600E+02
 -22.604  0.8264E-84  0.1600E+02
 -22.594  0.8264E-84  0.1600E+02
 -22.584  0.8264E-84  0.1600E+02
 -22.574  0.8264E-84  0.1600E+02
 -22.564  0.8264E-84  0.1600E+02
 -22.554  0.8264E-84  0.1600E+02
 -22.544  0.8264E-84  0.1600E+02
 -22.534  0.8264E-84  0.1600E+02
 -22.524  0.8264E-84  0.1600E+02
 -22.514  0.8264E-84  0.1600E+02
 -22.504  0.8264E-84  0.1600E+02
 -22.494  0.8264E-84  0.1600E+02
 -22.484  0.8264E-84  0.1600E+02
 -22.474  0.8264E-84  0.1600E+02
 -22.464  0.8264E-84  0.1600E+02
 -22.454  0.8264E-84  0.1600E+02
 -22.444  0.8264E-84  0.1600E+02
 -22.434  0.8264E-84  0.1600E+02
 -22.424  0.8264E-84  0.1600E+02
 -22.414  0.8264E-84  0.1600E+02
 -22.404  0.8264E-84  0.1600E+02
 -22.394  0.8264E-84  0.1600E+02
 -22.384  0.8264E-84  0.1600E+02
 -22.374  0.8264E-84  0.1600E+02
 -22.364  0.8264E-84  0.1600E+02
 -22.354  0.8264E-84  0.1600E+02
 -22.344  0.8264E-84  0.1600E+02
 -22.334  0.8264E-84  0.1600E+02
 -22.324  0.8264E-84  0.1600E+02
 -22.314  0.8264E-84  0.1600E+02
 -22.304  0.8264E-84  0.1600E+02
 -22.294  0.8264E-84  0.1600E+02
 -22.284  0.8264E-84  0.1600E+02
 -22.274  0.8264E-84  0.1600E+02
 -22.264  0.8264E-84  0.1600E+02
 -22.254  0.8264E-84  0.1600E+02
 -22.244  0.8264E-84  0.1600E+02
 -22.234  0.8264E-84  0.1600E+02
 -22.224  0.8264E-84  0.1600E+02
 -22.214  0.8264E-84  0.1600E+02
 -22.204  0.8264E-84  0.1600E+02
 -22.194  0.8264E-84  0.1600E+02
 -22.184  0.8264E-84  0.1600E+02
 -22.174  0.8264E-84  0.1600E+02
 -22.164  0.8264E-84  0.1600E+02
 -22.154  0.8264E-84  0.1600E+02
 -22.144  0.8264E-84  0.1600E+02
 -22.134  0.8264E-84  0.1600E+02
 -22.124  0.8264E-84  0.1600E+02
 -22.114  0.8264E-84  0.1600E+02
 -22.104  0.8264E-84  0.1600E+02
 -22.094  0.8264E-84  0.1600E+02
 -22.084  0.8264E-84  0.1600E+02
 -22.074  0.8264E-84  0.1600E+02
 -22.064  0.8264E-84  0.1600E+02
 -22.054  0.8264E-84  0.1600E+02
 -22.044  0.8264E-84  0.1600E+02
 -22.034  0.8264E-84  0.1600E+02
 -22.024  0.8264E-84  0.1600E+02
 -22.014  0.8264E-84  0.1600E+02
 -22.004  0.8264E-84  0.1600E+02
 -21.994  0.8264E-84  0.1600E+02
 -21.984  0.8264E-84  0.1600E+02
 -21.974  0.8264E-84  0.1600E+02
 -21.964  0.8264E-84  0.1600E+02
 -21.954  0.8264E-84  0.1600E+02
 -21.944  0.8264E-84  0.1600E+02
 -21.934  0.8264E-84  0.1600E+02
 -21.924  0.8264E-84  0.1600E+02
 -21.914  0.8264E-84  0.1600E+02
 -21.904  0.8264E-84  0.1600E+02
 -21.894  0.8264E-84  0.1600E+02
 -21.884  0.8264E-84  0.1600E+02
 -21.874  0.8264E-84  0.1600E+02
 -21.864  0.8264E-84  0.1600E+02
 -21.854  0.8264E-84  0.1600E+02
 -21.844  0.8264E-84  0.1600E+02
 -21.834  0.8264E-84  0.1600E+02
 -21.824  0.8264E-84  0.1600E+02
 -21.814  0.8264E-84  0.1600E+02
 -21.804  0.8264E-84  0.1600E+02
 -21.794  0.8264E-84  0.1600E+02
 -21.784  0.8264E-84  0.1600E+02
 -21.774  0.8264E-84  0.1600E+02
 -21.764  0.8264E-84  0.1600E+02
 -21.754  0.8264E-84  0.1600E+02
 -21.744  0.8264E-84  0.1600E+02
 -21.734  0.8264E-84  0.1600E+02
 -21.724  0.8264E-84  0.1600E+02
 -21.714  0.8264E-84  0.1600E+02
 -21.704  0.8264E-84  0.1600E+02
 -21.694  0.8264E-84  0.1600E+02
 -21.684  0.8264E-84  0.1600E+02
 -21.674  0.8264E-84  0.1600E+02
 -21.664  0.8264E-84  0.1600E+02
 -21.654  0.8264E-84  0.1600E+02
 -21.644  0.8264E-84  0.1600E+02
 -21.634  0.8264E-84  0.1600E+02
 -21.624  0.8264E-84  0.1600E+02
 -21.614  0.8264E-84  0.1600E+02
 -21.604  0.8264E-84  0.1600E+02
 -21.594  0.8264E-84  0.1600E+02
 -21.584  0.8264E-84  0.1600E+02
 -21.574  0.8264E-84  0.1600E+02
 -21.564  0.8264E-84  0.1600E+02
 -21.554  0.8264E-84  0.1600E+02
 -21.544  0.8264E-84  0.1600E+02
 -21.534  0.8264E-84  0.1600E+02
 -21.524  0.8264E-84  0.1600E+02
 -21.514  0.8264E-84  0.1600E+02
 -21.504  0.8264E-84  0.1600E+02
 -21.494  0.8264E-84  0.1600E+02
 -21.484  0.8264E-84  0.1600E+02
 -21.474  0.8264E-84  0.1600E+02
 -21.464  0.8264E-84  0.1600E+02
 -21.454  0.8264E-84  0.1600E+02
 -21.444  0.8264E-84  0.1600E+02
 -21.434  0.8264E-84  0.1600E+02
 -21.424  0.8264E-84  0.1600E+02
 -21.414  0.8264E-84  0.1600E+02
 -21.404  0.8264E-84  0.1600E+02
 -21.394  0.8264E-84  0.1600E+02
 -21.384  0.8264E-84  0.1600E+02
 -21.374  0.8264E-84  0.1600E+02
 -21.364  0.8264E-84  0.1600E+02
 -21.354  0.8264E-84  0.1600E+02
 -21.344  0.8264E-84  0.1600E+02
 -21.334  0.8264E-84  0.1600E+02
 -21.324  0.8264E-84  0.1600E+02
 -21.314  0.8264E-84  0.1600E+02
 -21.304  0.8264E-84  0.1600E+02
 -21.294  0.8264E-84  0.1600E+02
 -21.284  0.8264E-84  0.1600E+02
 -21.274  0.8264E-84  0.1600E+02
 -21.264  0.8264E-84  0.1600E+02
 -21.254  0.8264E-84  0.1600E+02
 -21.244  0.8264E-84  0.1600E+02
 -21.234  0.8264E-84  0.1600E+02
 -21.224  0.8264E-84  0.1600E+02
 -21.214  0.8264E-84  0.1600E+02
 -21.204  0.8264E-84  0.1600E+02
 -21.194  0.8264E-84  0.1600E+02
 -21.184  0.8264E-84  0.1600E+02
 -21.174  0.8264E-84  0.1600E+02
 -21.164  0.8264E-84  0.1600E+02
 -21.154  0.8264E-84  0.1600E+02
 -21.144  0.8264E-84  0.1600E+02
 -21.134  0.8264E-84  0.1600E+02
 -21.124  0.8264E-84  0.1600E+02
 -21.114  0.8264E-84  0.1600E+02
 -21.104  0.8264E-84  0.1600E+02
 -21.094  0.8264E-84  0.1600E+02
 -21.084  0.8264E-84  0.1600E+02
 -21.074  0.8264E-84  0.1600E+02
 -21.064  0.8264E-84  0.1600E+02
 -21.054  0.8264E-84  0.1600E+02
 -21.044  0.8264E-84  0.1600E+02
 -21.034  0.8264E-84  0.1600E+02
 -21.024  0.8264E-84  0.1600E+02
 -21.014  0.8264E-84  0.1600E+02
 -21.004  0.8264E-84  0.1600E+02
 -20.994  0.8264E-84  0.1600E+02
 -20.984  0.8264E-84  0.1600E+02
 -20.974  0.8264E-84  0.1600E+02
 -20.964  0.8264E-84  0.1600E+02
 -20.954  0.8264E-84  0.1600E+02
 -20.944  0.8264E-84  0.1600E+02
 -20.934  0.8264E-84  0.1600E+02
 -20.924  0.8264E-84  0.1600E+02
 -20.914  0.8264E-84  0.1600E+02
 -20.904  0.8264E-84  0.1600E+02
 -20.894  0.8264E-84  0.1600E+02
 -20.884  0.8264E-84  0.1600E+02
 -20.874  0.8264E-84  0.1600E+02
 -20.864  0.8264E-84  0.1600E+02
 -20.854  0.8264E-84  0.1600E+02
 -20.844  0.8264E-84  0.1600E+02
 -20.834  0.8264E-84  0.1600E+02
 -20.824  0.8264E-84  0.1600E+02
 -20.814  0.8264E-84  0.1600E+02
 -20.804  0.8264E-84  0.1600E+02
 -20.794  0.8264E-84  0.1600E+02
 -20.784  0.8264E-84  0.1600E+02
 -20.774  0.8264E-84  0.1600E+02
 -20.764  0.8264E-84  0.1600E+02
 -20.754  0.8264E-84  0.1600E+02
 -20.744  0.8264E-84  0.1600E+02
 -20.734  0.8264E-84  0.1600E+02
 -20.724  0.8264E-84  0.1600E+02
 -20.714  0.8264E-84  0.1600E+02
 -20.704  0.8264E-84  0.1600E+02
 -20.694  0.8264E-84  0.1600E+02
 -20.684  0.8264E-84  0.1600E+02
 -20.674  0.8264E-84  0.1600E+02
 -20.664  0.8264E-84  0.1600E+02
 -20.654  0.8264E-84  0.1600E+02
 -20.644  0.8264E-84  0.1600E+02
 -20.634  0.8264E-84  0.1600E+02
 -20.624  0.8264E-84  0.1600E+02
 -20.614  0.8264E-84  0.1600E+02
 -20.604  0.8264E-84  0.1600E+02
 -20.594  0.8264E-84  0.1600E+02
 -20.584  0.8264E-84  0.1600E+02
 -20.574  0.8264E-84  0.1600E+02
 -20.564  0.8264E-84  0.1600E+02
 -20.554  0.8264E-84  0.1600E+02
 -20.544  0.8264E-84  0.1600E+02
 -20.534  0.8264E-84  0.1600E+02
 -20.524  0.8264E-84  0.1600E+02
 -20.514  0.8264E-84  0.1600E+02
 -20.504  0.8264E-84  0.1600E+02
 -20.494  0.8264E-84  0.1600E+02
 -20.484  0.8264E-84  0.1600E+02
 -20.474  0.8264E-84  0.1600E+02
 -20.464  0.8264E-84  0.1600E+02
 -20.454  0.8264E-84  0.1600E+02
 -20.444  0.8264E-84  0.1600E+02
 -20.434  0.8264E-84  0.1600E+02
 -20.424  0.8264E-84  0.1600E+02
 -20.414  0.8264E-84  0.1600E+02
 -20.404  0.8264E-84  0.1600E+02
 -20.394  0.8264E-84  0.1600E+02
 -20.384  0.8264E-84  0.1600E+02
 -20.374  0.8264E-84  0.1600E+02
 -20.364  0.8264E-84  0.1600E+02
 -20.354  0.8264E-84  0.1600E+02
 -20.344  0.8264E-84  0.1600E+02
 -20.334  0.8264E-84  0.1600E+02
 -20.324  0.8264E-84  0.1600E+02
 -20.314  0.8264E-84  0.1600E+02
 -20.304  0.8264E-84  0.1600E+02
 -20.294  0.8264E-84  0.1600E+02
 -20.284  0.8264E-84  0.1600E+02
 -20.274  0.8264E-84  0.1600E+02
 -20.264  0.8264E-84  0.1600E+02
 -20.254  0.8264E-84  0.1600E+02
 -20.244  0.8264E-84  0.1600E+02
 -20.234  0.8264E-84  0.1600E+02
 -20.224  0.8264E-84  0.1600E+02
 -20.214  0.8264E-84  0.1600E+02
 -20.204  0.8264E-84  0.1600E+02
 -20.194  0.8264E-84  0.1600E+02
 -20.184  0.8264E-84  0.1600E+02
 -20.174  0.8264E-84  0.1600E+02
 -20.164  0.8264E-84  0.1600E+02
 -20.154  0.8264E-84  0.1600E+02
 -20.144  0.8264E-84  0.1600E+02
 -20.134  0.8264E-84  0.1600E+02
 -20.124  0.8264E-84  0.1600E+02
 -20.114  0.8264E-84  0.1600E+02
 -20.104  0.8264E-84  0.1600E+02
 -20.094  0.8264E-84  0.1600E+02
 -20.084  0.8264E-84  0.1600E+02
 -20.074  0.8264E-84  0.1600E+02
 -20.064  0.8264E-84  0.1600E+02
 -20.054  0.8264E-84  0.1600E+02
 -20.044  0.8264E-84  0.1600E+02
 -20.034  0.8264E-84  0.1600E+02
 -20.024  0.8264E-84  0.1600E+02
 -20.014  0.8264E-84  0.1600E+02
 -20.004  0.8264E-84  0.1600E+02
 -19.994  0.8264E-84  0.1600E+02
 -19.984  0.8264E-84  0.1600E+02
 -19.974  0.8264E-84  0.1600E+02
 -19.964  0.8264E-84  0.1600E+02
 -19.954  0.8264E-84  0.1600E+02
 -19.944  0.8264E-84  0.1600E+02
 -19.934  0.8264E-84  0.1600E+02
 -19.924  0.8264E-84  0.1600E+02
 -19.914  0.8264E-84  0.1600E+02
 -19.904  0.8264E-84  0.1600E+02
 -19.894  0.8264E-84  0.1600E+02
 -19.884  0.8264E-84  0.1600E+02
 -19.874  0.8264E-84  0.1600E+02
 -19.864  0.8264E-84  0.1600E+02
 -19.854  0.8264E-84  0.1600E+02
 -19.844  0.8264E-84  0.1600E+02
 -19.834  0.8264E-84  0.1600E+02
 -19.824  0.8264E-84  0.1600E+02
 -19.814  0.8264E-84  0.1600E+02
 -19.804  0.8264E-84  0.1600E+02
 -19.794  0.8264E-84  0.1600E+02
 -19.784  0.8264E-84  0.1600E+02
 -19.774  0.8264E-84  0.1600E+02
 -19.764  0.8264E-84  0.1600E+02
 -19.754  0.8264E-84  0.1600E+02
 -19.744  0.8264E-84  0.1600E+02
 -19.734  0.8264E-84  0.1600E+02
 -19.724  0.8264E-84  0.1600E+02
 -19.714  0.8264E-84  0.1600E+02
 -19.704  0.8264E-84  0.1600E+02
 -19.694  0.8264E-84  0.1600E+02
 -19.684  0.8264E-84  0.1600E+02
 -19.674  0.8264E-84  0.1600E+02
 -19.664  0.8264E-84  0.1600E+02
 -19.654  0.8264E-84  0.1600E+02
 -19.644  0.8264E-84  0.1600E+02
 -19.634  0.8264E-84  0.1600E+02
 -19.624  0.8264E-84  0.1600E+02
 -19.614  0.8264E-84  0.1600E+02
 -19.604  0.8264E-84  0.1600E+02
 -19.594  0.8264E-84  0.1600E+02
 -19.584  0.8264E-84  0.1600E+02
 -19.574  0.8264E-84  0.1600E+02
 -19.564  0.8264E-84  0.1600E+02
 -19.554  0.8264E-84  0.1600E+02
 -19.544  0.8264E-84  0.1600E+02
 -19.534  0.8264E-84  0.1600E+02
 -19.524  0.8264E-84  0.1600E+02
 -19.514  0.8264E-84  0.1600E+02
 -19.504  0.8264E-84  0.1600E+02
 -19.494  0.8264E-84  0.1600E+02
 -19.484  0.8264E-84  0.1600E+02
 -19.474  0.8264E-84  0.1600E+02
 -19.464  0.8264E-84  0.1600E+02
 -19.454  0.8264E-84  0.1600E+02
 -19.444  0.8264E-84  0.1600E+02
 -19.434  0.8264E-84  0.1600E+02
 -19.424  0.8264E-84  0.1600E+02
 -19.414  0.8264E-84  0.1600E+02
 -19.404  0.8264E-84  0.1600E+02
 -19.394  0.8264E-84  0.1600E+02
 -19.384  0.8264E-84  0.1600E+02
 -19.374  0.8264E-84  0.1600E+02
 -19.364  0.8264E-84  0.1600E+02
 -19.354  0.8264E-84  0.1600E+02
 -19.344  0.8264E-84  0.1600E+02
 -19.334  0.8264E-84  0.1600E+02
 -19.324  0.8264E-84  0.1600E+02
 -19.314  0.8264E-84  0.1600E+02
 -19.304  0.8264E-84  0.1600E+02
 -19.294  0.8264E-84  0.1600E+02
 -19.284  0.8264E-84  0.1600E+02
 -19.274  0.8264E-84  0.1600E+02
 -19.264  0.8264E-84  0.1600E+02
 -19.254  0.8264E-84  0.1600E+02
 -19.244  0.8264E-84  0.1600E+02
 -19.234  0.8264E-84  0.1600E+02
 -19.224  0.8264E-84  0.1600E+02
 -19.214  0.8264E-84  0.1600E+02
 -19.204  0.8264E-84  0.1600E+02
 -19.194  0.8264E-84  0.1600E+02
 -19.184  0.8264E-84  0.1600E+02
 -19.174  0.8264E-84  0.1600E+02
 -19.164  0.8264E-84  0.1600E+02
 -19.154  0.8264E-84  0.1600E+02
 -19.144  0.8264E-84  0.1600E+02
 -19.134  0.8264E-84  0.1600E+02
 -19.124  0.8264E-84  0.1600E+02
 -19.114  0.8264E-84  0.1600E+02
 -19.104  0.8264E-84  0.1600E+02
 -19.094  0.8264E-84  0.1600E+02
 -19.084  0.8264E-84  0.1600E+02
 -19.074  0.8264E-84  0.1600E+02
 -19.064  0.8264E-84  0.1600E+02
 -19.054  0.8264E-84  0.1600E+02
 -19.044  0.8264E-84  0.1600E+02
 -19.034  0.8264E-84  0.1600E+02
 -19.024  0.8264E-84  0.1600E+02
 -19.014  0.8264E-84  0.1600E+02
 -19.004  0.8264E-84  0.1600E+02
 -18.994  0.8264E-84  0.1600E+02
 -18.984  0.8264E-84  0.1600E+02
 -18.974  0.8264E-84  0.1600E+02
 -18.964  0.8264E-84  0.1600E+02
 -18.954  0.8264E-84  0.1600E+02
 -18.944  0.8264E-84  0.1600E+02
 -18.934  0.8264E-84  0.1600E+02
 -18.924  0.8264E-84  0.1600E+02
 -18.914  0.8264E-84  0.1600E+02
 -18.904  0.8264E-84  0.1600E+02
 -18.894  0.8264E-84  0.1600E+02
 -18.884  0.8264E-84  0.1600E+02
 -18.874  0.8264E-84  0.1600E+02
 -18.864  0.8264E-84  0.1600E+02
 -18.854  0.8264E-84  0.1600E+02
 -18.844  0.8264E-84  0.1600E+02
 -18.834  0.8264E-84  0.1600E+02
 -18.824  0.8264E-84  0.1600E+02
 -18.814  0.8264E-84  0.1600E+02
 -18.804  0.8264E-84  0.1600E+02
 -18.794  0.8264E-84  0.1600E+02
 -18.784  0.8264E-84  0.1600E+02
 -18.774  0.8264E-84  0.1600E+02
 -18.764  0.8264E-84  0.1600E+02
 -18.754  0.8264E-84  0.1600E+02
 -18.744  0.8264E-84  0.1600E+02
 -18.734  0.8264E-84  0.1600E+02
 -18.724  0.8264E-84  0.1600E+02
 -18.714  0.8264E-84  0.1600E+02
 -18.704  0.8264E-84  0.1600E+02
 -18.694  0.8264E-84  0.1600E+02
 -18.684  0.8264E-84  0.1600E+02
 -18.674  0.8264E-84  0.1600E+02
 -18.664  0.8264E-84  0.1600E+02
 -18.654  0.8264E-84  0.1600E+02
 -18.644  0.8264E-84  0.1600E+02
 -18.634  0.8264E-84  0.1600E+02
 -18.624  0.8264E-84  0.1600E+02
 -18.614  0.8264E-84  0.1600E+02
 -18.604  0.8264E-84  0.1600E+02
 -18.594  0.8264E-84  0.1600E+02
 -18.584  0.8264E-84  0.1600E+02
 -18.574  0.8264E-84  0.1600E+02
 -18.564  0.8264E-84  0.1600E+02
 -18.554  0.8264E-84  0.1600E+02
 -18.544  0.8264E-84  0.1600E+02
 -18.534  0.8264E-84  0.1600E+02
 -18.524  0.8264E-84  0.1600E+02
 -18.514  0.8264E-84  0.1600E+02
 -18.504  0.8264E-84  0.1600E+02
 -18.494  0.8264E-84  0.1600E+02
 -18.484  0.8264E-84  0.1600E+02
 -18.474  0.8264E-84  0.1600E+02
 -18.464  0.8264E-84  0.1600E+02
 -18.454  0.8264E-84  0.1600E+02
 -18.444  0.8264E-84  0.1600E+02
 -18.434  0.8264E-84  0.1600E+02
 -18.424  0.8264E-84  0.1600E+02
 -18.414  0.8264E-84  0.1600E+02
 -18.404  0.8264E-84  0.1600E+02
 -18.394  0.8264E-84  0.1600E+02
 -18.384  0.8264E-84  0.1600E+02
 -18.374  0.8264E-84  0.1600E+02
 -18.364  0.8264E-84  0.1600E+02
 -18.354  0.8264E-84  0.1600E+02
 -18.344  0.8264E-84  0.1600E+02
 -18.334  0.8264E-84  0.1600E+02
 -18.324  0.8264E-84  0.1600E+02
 -18.314  0.8264E-84  0.1600E+02
 -18.304  0.8264E-84  0.1600E+02
 -18.294  0.8264E-84  0.1600E+02
 -18.284  0.8264E-84  0.1600E+02
 -18.274  0.8264E-84  0.1600E+02
 -18.264  0.8264E-84  0.1600E+02
 -18.254  0.8264E-84  0.1600E+02
 -18.244  0.8264E-84  0.1600E+02
 -18.234  0.8264E-84  0.1600E+02
 -18.224  0.8264E-84  0.1600E+02
 -18.214  0.8264E-84  0.1600E+02
 -18.204  0.8264E-84  0.1600E+02
 -18.194  0.8264E-84  0.1600E+02
 -18.184  0.8264E-84  0.1600E+02
 -18.174  0.8264E-84  0.1600E+02
 -18.164  0.8264E-84  0.1600E+02
 -18.154  0.8264E-84  0.1600E+02
 -18.144  0.8264E-84  0.1600E+02
 -18.134  0.8264E-84  0.1600E+02
 -18.124  0.8264E-84  0.1600E+02
 -18.114  0.8264E-84  0.1600E+02
 -18.104  0.8264E-84  0.1600E+02
 -18.094  0.8264E-84  0.1600E+02
 -18.084  0.8264E-84  0.1600E+02
 -18.074  0.8264E-84  0.1600E+02
 -18.064  0.8264E-84  0.1600E+02
 -18.054  0.8264E-84  0.1600E+02
 -18.044  0.8264E-84  0.1600E+02
 -18.034  0.8264E-84  0.1600E+02
 -18.024  0.8264E-84  0.1600E+02
 -18.014  0.8264E-84  0.1600E+02
 -18.004  0.8264E-84  0.1600E+02
 -17.994  0.8264E-84  0.1600E+02
 -17.984  0.8264E-84  0.1600E+02
 -17.974  0.8264E-84  0.1600E+02
 -17.964  0.8264E-84  0.1600E+02
 -17.954  0.8264E-84  0.1600E+02
 -17.944  0.8264E-84  0.1600E+02
 -17.934  0.8264E-84  0.1600E+02
 -17.924  0.8264E-84  0.1600E+02
 -17.914  0.8264E-84  0.1600E+02
 -17.904  0.8264E-84  0.1600E+02
 -17.894  0.8264E-84  0.1600E+02
 -17.884  0.8264E-84  0.1600E+02
 -17.874  0.8264E-84  0.1600E+02
 -17.864  0.8264E-84  0.1600E+02
 -17.854  0.8264E-84  0.1600E+02
 -17.844  0.8264E-84  0.1600E+02
 -17.834  0.8264E-84  0.1600E+02
 -17.824  0.8264E-84  0.1600E+02
 -17.814  0.8264E-84  0.1600E+02
 -17.804  0.8264E-84  0.1600E+02
 -17.794  0.8264E-84  0.1600E+02
 -17.784  0.8264E-84  0.1600E+02
 -17.774  0.8264E-84  0.1600E+02
 -17.764  0.8264E-84  0.1600E+02
 -17.754  0.8264E-84  0.1600E+02
 -17.744  0.8264E-84  0.1600E+02
 -17.734  0.8264E-84  0.1600E+02
 -17.724  0.8264E-84  0.1600E+02
 -17.714  0.8264E-84  0.1600E+02
 -17.704  0.8264E-84  0.1600E+02
 -17.694  0.8264E-84  0.1600E+02
 -17.684  0.8264E-84  0.1600E+02
 -17.674  0.8264E-84  0.1600E+02
 -17.664  0.8264E-84  0.1600E+02
 -17.654  0.8264E-84  0.1600E+02
 -17.644  0.8264E-84  0.1600E+02
 -17.634  0.8264E-84  0.1600E+02
 -17.624  0.8264E-84  0.1600E+02
 -17.614  0.8264E-84  0.1600E+02
 -17.604  0.8264E-84  0.1600E+02
 -17.594  0.8264E-84  0.1600E+02
 -17.584  0.8264E-84  0.1600E+02
 -17.574  0.8264E-84  0.1600E+02
 -17.564  0.8264E-84  0.1600E+02
 -17.554  0.8264E-84  0.1600E+02
 -17.544  0.8264E-84  0.1600E+02
 -17.534  0.8264E-84  0.1600E+02
 -17.524  0.8264E-84  0.1600E+02
 -17.514  0.8264E-84  0.1600E+02
 -17.504  0.8264E-84  0.1600E+02
 -17.494  0.8264E-84  0.1600E+02
 -17.484  0.8264E-84  0.1600E+02
 -17.474  0.8264E-84  0.1600E+02
 -17.464  0.8264E-84  0.1600E+02
 -17.454  0.8264E-84  0.1600E+02
 -17.444  0.8264E-84  0.1600E+02
 -17.434  0.8264E-84  0.1600E+02
 -17.424  0.8264E-84  0.1600E+02
 -17.414  0.8264E-84  0.1600E+02
 -17.404  0.8264E-84  0.1600E+02
 -17.394  0.8264E-84  0.1600E+02
 -17.384  0.8264E-84  0.1600E+02
 -17.374  0.8264E-84  0.1600E+02
 -17.364  0.8264E-84  0.1600E+02
 -17.354  0.8264E-84  0.1600E+02
 -17.344  0.8264E-84  0.1600E+02
 -17.334  0.8264E-84  0.1600E+02
 -17.324  0.8264E-84  0.1600E+02
 -17.314  0.8264E-84  0.1600E+02
 -17.304  0.8264E-84  0.1600E+02
 -17.294  0.8264E-84  0.1600E+02
 -17.284  0.8264E-84  0.1600E+02
 -17.274  0.8264E-84  0.1600E+02
 -17.264  0.8264E-84  0.1600E+02
 -17.254  0.8264E-84  0.1600E+02
 -17.244  0.8264E-84  0.1600E+02
 -17.234  0.8264E-84  0.1600E+02
 -17.224  0.8264E-84  0.1600E+02
 -17.214  0.8264E-84  0.1600E+02
 -17.204  0.8264E-84  0.1600E+02
 -17.194  0.8264E-84  0.1600E+02
 -17.184  0.8264E-84  0.1600E+02
 -17.174  0.8264E-84  0.1600E+02
 -17.164  0.8264E-84  0.1600E+02
 -17.154  0.8264E-84  0.1600E+02
 -17.144  0.8264E-84  0.1600E+02
 -17.134  0.8264E-84  0.1600E+02
 -17.124  0.8264E-84  0.1600E+02
 -17.114  0.8264E-84  0.1600E+02
 -17.104  0.8264E-84  0.1600E+02
 -17.094  0.8264E-84  0.1600E+02
 -17.084  0.8264E-84  0.1600E+02
 -17.074  0.8264E-84  0.1600E+02
 -17.064  0.8264E-84  0.1600E+02
 -17.054  0.8264E-84  0.1600E+02
 -17.044  0.8264E-84  0.1600E+02
 -17.034  0.8264E-84  0.1600E+02
 -17.024  0.8264E-84  0.1600E+02
 -17.014  0.8264E-84  0.1600E+02
 -17.004  0.8264E-84  0.1600E+02
 -16.994  0.8264E-84  0.1600E+02
 -16.984  0.8264E-84  0.1600E+02
 -16.974  0.8264E-84  0.1600E+02
 -16.964  0.8264E-84  0.1600E+02
 -16.954  0.8264E-84  0.1600E+02
 -16.944  0.8264E-84  0.1600E+02
 -16.934  0.8264E-84  0.1600E+02
 -16.924  0.8264E-84  0.1600E+02
 -16.914  0.8264E-84  0.1600E+02
 -16.904  0.8264E-84  0.1600E+02
 -16.894  0.8264E-84  0.1600E+02
 -16.884  0.8264E-84  0.1600E+02
 -16.874  0.8264E-84  0.1600E+02
 -16.864  0.8264E-84  0.1600E+02
 -16.854  0.8264E-84  0.1600E+02
 -16.844  0.8264E-84  0.1600E+02
 -16.834  0.8264E-84  0.1600E+02
 -16.824  0.8264E-84  0.1600E+02
 -16.814  0.8264E-84  0.1600E+02
 -16.804  0.8264E-84  0.1600E+02
 -16.794  0.8264E-84  0.1600E+02
 -16.784  0.8264E-84  0.1600E+02
 -16.774  0.8264E-84  0.1600E+02
 -16.764  0.8264E-84  0.1600E+02
 -16.754  0.8264E-84  0.1600E+02
 -16.744  0.8264E-84  0.1600E+02
 -16.734  0.8264E-84  0.1600E+02
 -16.724  0.8264E-84  0.1600E+02
 -16.714  0.8264E-84  0.1600E+02
 -16.704  0.8264E-84  0.1600E+02
 -16.694  0.8264E-84  0.1600E+02
 -16.684  0.8264E-84  0.1600E+02
 -16.674  0.8264E-84  0.1600E+02
 -16.664  0.8264E-84  0.1600E+02
 -16.654  0.8264E-84  0.1600E+02
 -16.644  0.8264E-84  0.1600E+02
 -16.634  0.8264E-84  0.1600E+02
 -16.624  0.8264E-84  0.1600E+02
 -16.614  0.8264E-84  0.1600E+02
 -16.604  0.8264E-84  0.1600E+02
 -16.594  0.8264E-84  0.1600E+02
 -16.584  0.8264E-84  0.1600E+02
 -16.574  0.8264E-84  0.1600E+02
 -16.564  0.8264E-84  0.1600E+02
 -16.554  0.8264E-84  0.1600E+02
 -16.544  0.8264E-84  0.1600E+02
 -16.534  0.8264E-84  0.1600E+02
 -16.524  0.8264E-84  0.1600E+02
 -16.514  0.8264E-84  0.1600E+02
 -16.504  0.8264E-84  0.1600E+02
 -16.494  0.8264E-84  0.1600E+02
 -16.484  0.8264E-84  0.1600E+02
 -16.474  0.8264E-84  0.1600E+02
 -16.464  0.8264E-84  0.1600E+02
 -16.454  0.8264E-84  0.1600E+02
 -16.444  0.8264E-84  0.1600E+02
 -16.434  0.8264E-84  0.1600E+02
 -16.424  0.8264E-84  0.1600E+02
 -16.414  0.8264E-84  0.1600E+02
 -16.404  0.8264E-84  0.1600E+02
 -16.394  0.8264E-84  0.1600E+02
 -16.384  0.8264E-84  0.1600E+02
 -16.374  0.8264E-84  0.1600E+02
 -16.364  0.8264E-84  0.1600E+02
 -16.354  0.8264E-84  0.1600E+02
 -16.344  0.8264E-84  0.1600E+02
 -16.334  0.8264E-84  0.1600E+02
 -16.324  0.8264E-84  0.1600E+02
 -16.314  0.8264E-84  0.1600E+02
 -16.304  0.8264E-84  0.1600E+02
 -16.294  0.8264E-84  0.1600E+02
 -16.284  0.8264E-84  0.1600E+02
 -16.274  0.8264E-84  0.1600E+02
 -16.264  0.8264E-84  0.1600E+02
 -16.254  0.8264E-84  0.1600E+02
 -16.244  0.8264E-84  0.1600E+02
 -16.234  0.8264E-84  0.1600E+02
 -16.224  0.8264E-84  0.1600E+02
 -16.214  0.8264E-84  0.1600E+02
 -16.204  0.8264E-84  0.1600E+02
 -16.194  0.8264E-84  0.1600E+02
 -16.184  0.8264E-84  0.1600E+02
 -16.174  0.8264E-84  0.1600E+02
 -16.164  0.8264E-84  0.1600E+02
 -16.154  0.8264E-84  0.1600E+02
 -16.144  0.8264E-84  0.1600E+02
 -16.134  0.8264E-84  0.1600E+02
 -16.124  0.8264E-84  0.1600E+02
 -16.114  0.8264E-84  0.1600E+02
 -16.104  0.8264E-84  0.1600E+02
 -16.094  0.8264E-84  0.1600E+02
 -16.084  0.8264E-84  0.1600E+02
 -16.074  0.8264E-84  0.1600E+02
 -16.064  0.8264E-84  0.1600E+02
 -16.054  0.8264E-84  0.1600E+02
 -16.044  0.8264E-84  0.1600E+02
 -16.034  0.8264E-84  0.1600E+02
 -16.024  0.8264E-84  0.1600E+02
 -16.014  0.8264E-84  0.1600E+02
 -16.004  0.8264E-84  0.1600E+02
 -15.994  0.8264E-84  0.1600E+02
 -15.984  0.8264E-84  0.1600E+02
 -15.974  0.8264E-84  0.1600E+02
 -15.964  0.8264E-84  0.1600E+02
 -15.954  0.8264E-84  0.1600E+02
 -15.944  0.8264E-84  0.1600E+02
 -15.934  0.8264E-84  0.1600E+02
 -15.924  0.8264E-84  0.1600E+02
 -15.914  0.8264E-84  0.1600E+02
 -15.904  0.8264E-84  0.1600E+02
 -15.894  0.8264E-84  0.1600E+02
 -15.884  0.8264E-84  0.1600E+02
 -15.874  0.8264E-84  0.1600E+02
 -15.864  0.8264E-84  0.1600E+02
 -15.854  0.8264E-84  0.1600E+02
 -15.844  0.8264E-84  0.1600E+02
 -15.834  0.8264E-84  0.1600E+02
 -15.824  0.8264E-84  0.1600E+02
 -15.814  0.8264E-84  0.1600E+02
 -15.804  0.8264E-84  0.1600E+02
 -15.794  0.8264E-84  0.1600E+02
 -15.784  0.8264E-84  0.1600E+02
 -15.774  0.8264E-84  0.1600E+02
 -15.764  0.8264E-84  0.1600E+02
 -15.754  0.8264E-84  0.1600E+02
 -15.744  0.8264E-84  0.1600E+02
 -15.734  0.8264E-84  0.1600E+02
 -15.724  0.8264E-84  0.1600E+02
 -15.714  0.8264E-84  0.1600E+02
 -15.704  0.8264E-84  0.1600E+02
 -15.694  0.8264E-84  0.1600E+02
 -15.684  0.8264E-84  0.1600E+02
 -15.674  0.8264E-84  0.1600E+02
 -15.664  0.8264E-84  0.1600E+02
 -15.654  0.8264E-84  0.1600E+02
 -15.644  0.8264E-84  0.1600E+02
 -15.634  0.8264E-84  0.1600E+02
 -15.624  0.8264E-84  0.1600E+02
 -15.614  0.8264E-84  0.1600E+02
 -15.604  0.8264E-84  0.1600E+02
 -15.594  0.8264E-84  0.1600E+02
 -15.584  0.8264E-84  0.1600E+02
 -15.574  0.8264E-84  0.1600E+02
 -15.564  0.8264E-84  0.1600E+02
 -15.554  0.8264E-84  0.1600E+02
 -15.544  0.8264E-84  0.1600E+02
 -15.534  0.8264E-84  0.1600E+02
 -15.524  0.8264E-84  0.1600E+02
 -15.514  0.8264E-84  0.1600E+02
 -15.504  0.8264E-84  0.1600E+02
 -15.494  0.8264E-84  0.1600E+02
 -15.484  0.8264E-84  0.1600E+02
 -15.474  0.8264E-84  0.1600E+02
 -15.464  0.8264E-84  0.1600E+02
 -15.454  0.8264E-84  0.1600E+02
 -15.444  0.8264E-84  0.1600E+02
 -15.434  0.8264E-84  0.1600E+02
 -15.424  0.8264E-84  0.1600E+02
 -15.414  0.8264E-84  0.1600E+02
 -15.404  0.8264E-84  0.1600E+02
 -15.394  0.8264E-84  0.1600E+02
 -15.384  0.8264E-84  0.1600E+02
 -15.374  0.8264E-84  0.1600E+02
 -15.364  0.8264E-84  0.1600E+02
 -15.354  0.8264E-84  0.1600E+02
 -15.344  0.8264E-84  0.1600E+02
 -15.334  0.8264E-84  0.1600E+02
 -15.324  0.8264E-84  0.1600E+02
 -15.314  0.8264E-84  0.1600E+02
 -15.304  0.8264E-84  0.1600E+02
 -15.294  0.8264E-84  0.1600E+02
 -15.284  0.8264E-84  0.1600E+02
 -15.274  0.8264E-84  0.1600E+02
 -15.264  0.8264E-84  0.1600E+02
 -15.254  0.8264E-84  0.1600E+02
 -15.244  0.8264E-84  0.1600E+02
 -15.234  0.8264E-84  0.1600E+02
 -15.224  0.8264E-84  0.1600E+02
 -15.214  0.8264E-84  0.1600E+02
 -15.204  0.8264E-84  0.1600E+02
 -15.194  0.8264E-84  0.1600E+02
 -15.184  0.8264E-84  0.1600E+02
 -15.174  0.8264E-84  0.1600E+02
 -15.164  0.8264E-84  0.1600E+02
 -15.154  0.8264E-84  0.1600E+02
 -15.144  0.8264E-84  0.1600E+02
 -15.134  0.8264E-84  0.1600E+02
 -15.124  0.8264E-84  0.1600E+02
 -15.114  0.8264E-84  0.1600E+02
 -15.104  0.8264E-84  0.1600E+02
 -15.094  0.8264E-84  0.1600E+02
 -15.084  0.8264E-84  0.1600E+02
 -15.074  0.8264E-84  0.1600E+02
 -15.064  0.8264E-84  0.1600E+02
 -15.054  0.8264E-84  0.1600E+02
 -15.044  0.8264E-84  0.1600E+02
 -15.034  0.8264E-84  0.1600E+02
 -15.024  0.8264E-84  0.1600E+02
 -15.014  0.8264E-84  0.1600E+02
 -15.004  0.8264E-84  0.1600E+02
 -14.994  0.8264E-84  0.1600E+02
 -14.984  0.8264E-84  0.1600E+02
 -14.974  0.8264E-84  0.1600E+02
 -14.964  0.8264E-84  0.1600E+02
 -14.954  0.8264E-84  0.1600E+02
 -14.944  0.8264E-84  0.1600E+02
 -14.934  0.8264E-84  0.1600E+02
 -14.924  0.8264E-84  0.1600E+02
 -14.914  0.8264E-84  0.1600E+02
 -14.904  0.8264E-84  0.1600E+02
 -14.894  0.8264E-84  0.1600E+02
 -14.884  0.8264E-84  0.1600E+02
 -14.874  0.8264E-84  0.1600E+02
 -14.864  0.8264E-84  0.1600E+02
 -14.854  0.8264E-84  0.1600E+02
 -14.844  0.8264E-84  0.1600E+02
 -14.834  0.8264E-84  0.1600E+02
 -14.824  0.8264E-84  0.1600E+02
 -14.814  0.8264E-84  0.1600E+02
 -14.804  0.8264E-84  0.1600E+02
 -14.794  0.8264E-84  0.1600E+02
 -14.784  0.8264E-84  0.1600E+02
 -14.774  0.8264E-84  0.1600E+02
 -14.764  0.8264E-84  0.1600E+02
 -14.754  0.8264E-84  0.1600E+02
 -14.744  0.8264E-84  0.1600E+02
 -14.734  0.8264E-84  0.1600E+02
 -14.724  0.8264E-84  0.1600E+02
 -14.714  0.8264E-84  0.1600E+02
 -14.704  0.8264E-84  0.1600E+02
 -14.694  0.8264E-84  0.1600E+02
 -14.684  0.8264E-84  0.1600E+02
 -14.674  0.8264E-84  0.1600E+02
 -14.664  0.8264E-84  0.1600E+02
 -14.654  0.8264E-84  0.1600E+02
 -14.644  0.8264E-84  0.1600E+02
 -14.634  0.8264E-84  0.1600E+02
 -14.624  0.8264E-84  0.1600E+02
 -14.614  0.8264E-84  0.1600E+02
 -14.604  0.8264E-84  0.1600E+02
 -14.594  0.8264E-84  0.1600E+02
 -14.584  0.8264E-84  0.1600E+02
 -14.574  0.8264E-84  0.1600E+02
 -14.564  0.8264E-84  0.1600E+02
 -14.554  0.8264E-84  0.1600E+02
 -14.544  0.8264E-84  0.1600E+02
 -14.534  0.8264E-84  0.1600E+02
 -14.524  0.8264E-84  0.1600E+02
 -14.514  0.8264E-84  0.1600E+02
 -14.504  0.8264E-84  0.1600E+02
 -14.494  0.8264E-84  0.1600E+02
 -14.484  0.8264E-84  0.1600E+02
 -14.474  0.8264E-84  0.1600E+02
 -14.464  0.8264E-84  0.1600E+02
 -14.454  0.8264E-84  0.1600E+02
 -14.444  0.8264E-84  0.1600E+02
 -14.434  0.8264E-84  0.1600E+02
 -14.424  0.8264E-84  0.1600E+02
 -14.414  0.8264E-84  0.1600E+02
 -14.404  0.8264E-84  0.1600E+02
 -14.394  0.8264E-84  0.1600E+02
 -14.384  0.8264E-84  0.1600E+02
 -14.374  0.8264E-84  0.1600E+02
 -14.364  0.8264E-84  0.1600E+02
 -14.354  0.8264E-84  0.1600E+02
 -14.344  0.8264E-84  0.1600E+02
 -14.334  0.8264E-84  0.1600E+02
 -14.324  0.8264E-84  0.1600E+02
 -14.314  0.8264E-84  0.1600E+02
 -14.304  0.8264E-84  0.1600E+02
 -14.294  0.8264E-84  0.1600E+02
 -14.284  0.8264E-84  0.1600E+02
 -14.274  0.8264E-84  0.1600E+02
 -14.264  0.8264E-84  0.1600E+02
 -14.254  0.8264E-84  0.1600E+02
 -14.244  0.8264E-84  0.1600E+02
 -14.234  0.8264E-84  0.1600E+02
 -14.224  0.8264E-84  0.1600E+02
 -14.214  0.8264E-84  0.1600E+02
 -14.204  0.8264E-84  0.1600E+02
 -14.194  0.8264E-84  0.1600E+02
 -14.184  0.8264E-84  0.1600E+02
 -14.174  0.8264E-84  0.1600E+02
 -14.164  0.8264E-84  0.1600E+02
 -14.154  0.8264E-84  0.1600E+02
 -14.144  0.8264E-84  0.1600E+02
 -14.134  0.8264E-84  0.1600E+02
 -14.124  0.8264E-84  0.1600E+02
 -14.114  0.8264E-84  0.1600E+02
 -14.104  0.8264E-84  0.1600E+02
 -14.094  0.8264E-84  0.1600E+02
 -14.084  0.8264E-84  0.1600E+02
 -14.074  0.8264E-84  0.1600E+02
 -14.064  0.8264E-84  0.1600E+02
 -14.054  0.8264E-84  0.1600E+02
 -14.044  0.8264E-84  0.1600E+02
 -14.034  0.8264E-84  0.1600E+02
 -14.024  0.8264E-84  0.1600E+02
 -14.014  0.8264E-84  0.1600E+02
 -14.004  0.8264E-84  0.1600E+02
 -13.994  0.8264E-84  0.1600E+02
 -13.984  0.8264E-84  0.1600E+02
 -13.974  0.8264E-84  0.1600E+02
 -13.964  0.8264E-84  0.1600E+02
 -13.954  0.8264E-84  0.1600E+02
 -13.944  0.8264E-84  0.1600E+02
 -13.934  0.8264E-84  0.1600E+02
 -13.924  0.8264E-84  0.1600E+02
 -13.914  0.8264E-84  0.1600E+02
 -13.904  0.8264E-84  0.1600E+02
 -13.894  0.8264E-84  0.1600E+02
 -13.884  0.8264E-84  0.1600E+02
 -13.874  0.8264E-84  0.1600E+02
 -13.864  0.8264E-84  0.1600E+02
 -13.854  0.8264E-84  0.1600E+02
 -13.844  0.8264E-84  0.1600E+02
 -13.834  0.8264E-84  0.1600E+02
 -13.824  0.8264E-84  0.1600E+02
 -13.814  0.8264E-84  0.1600E+02
 -13.804  0.8264E-84  0.1600E+02
 -13.794  0.8264E-84  0.1600E+02
 -13.784  0.8264E-84  0.1600E+02
 -13.774  0.8264E-84  0.1600E+02
 -13.764  0.8264E-84  0.1600E+02
 -13.754  0.8264E-84  0.1600E+02
 -13.744  0.8264E-84  0.1600E+02
 -13.734  0.8264E-84  0.1600E+02
 -13.724  0.8264E-84  0.1600E+02
 -13.714  0.8264E-84  0.1600E+02
 -13.704  0.8264E-84  0.1600E+02
 -13.694  0.8264E-84  0.1600E+02
 -13.684  0.8264E-84  0.1600E+02
 -13.674  0.8264E-84  0.1600E+02
 -13.664  0.8264E-84  0.1600E+02
 -13.654  0.8264E-84  0.1600E+02
 -13.644  0.8264E-84  0.1600E+02
 -13.634  0.8264E-84  0.1600E+02
 -13.624  0.8264E-84  0.1600E+02
 -13.614  0.8264E-84  0.1600E+02
 -13.604  0.8264E-84  0.1600E+02
 -13.594  0.8264E-84  0.1600E+02
 -13.584  0.8264E-84  0.1600E+02
 -13.574  0.8264E-84  0.1600E+02
 -13.564  0.8264E-84  0.1600E+02
 -13.554  0.8264E-84  0.1600E+02
 -13.544  0.8264E-84  0.1600E+02
 -13.534  0.8264E-84  0.1600E+02
 -13.524  0.8264E-84  0.1600E+02
 -13.514  0.8264E-84  0.1600E+02
 -13.504  0.8264E-84  0.1600E+02
 -13.494  0.8264E-84  0.1600E+02
 -13.484  0.8264E-84  0.1600E+02
 -13.474  0.8264E-84  0.1600E+02
 -13.464  0.8264E-84  0.1600E+02
 -13.454  0.8264E-84  0.1600E+02
 -13.444  0.8264E-84  0.1600E+02
 -13.434  0.8264E-84  0.1600E+02
 -13.424  0.8264E-84  0.1600E+02
 -13.414  0.8264E-84  0.1600E+02
 -13.404  0.8264E-84  0.1600E+02
 -13.394  0.8264E-84  0.1600E+02
 -13.384  0.8264E-84  0.1600E+02
 -13.374  0.8264E-84  0.1600E+02
 -13.364  0.8264E-84  0.1600E+02
 -13.354  0.8264E-84  0.1600E+02
 -13.344  0.8264E-84  0.1600E+02
 -13.334  0.8264E-84  0.1600E+02
 -13.324  0.8264E-84  0.1600E+02
 -13.314  0.8264E-84  0.1600E+02
 -13.304  0.8264E-84  0.1600E+02
 -13.294  0.8264E-84  0.1600E+02
 -13.284  0.8264E-84  0.1600E+02
 -13.274  0.8264E-84  0.1600E+02
 -13.264  0.8264E-84  0.1600E+02
 -13.254  0.8264E-84  0.1600E+02
 -13.244  0.8264E-84  0.1600E+02
 -13.234  0.8264E-84  0.1600E+02
 -13.224  0.8264E-84  0.1600E+02
 -13.214  0.8264E-84  0.1600E+02
 -13.204  0.8264E-84  0.1600E+02
 -13.194  0.8264E-84  0.1600E+02
 -13.184  0.8264E-84  0.1600E+02
 -13.174  0.8264E-84  0.1600E+02
 -13.164  0.8264E-84  0.1600E+02
 -13.154  0.8264E-84  0.1600E+02
 -13.144  0.8264E-84  0.1600E+02
 -13.134  0.8264E-84  0.1600E+02
 -13.124  0.8264E-84  0.1600E+02
 -13.114  0.8264E-84  0.1600E+02
 -13.104  0.8264E-84  0.1600E+02
 -13.094  0.8264E-84  0.1600E+02
 -13.084  0.8264E-84  0.1600E+02
 -13.074  0.8264E-84  0.1600E+02
 -13.064  0.8264E-84  0.1600E+02
 -13.054  0.8264E-84  0.1600E+02
 -13.044  0.8264E-84  0.1600E+02
 -13.034  0.8264E-84  0.1600E+02
 -13.024  0.8264E-84  0.1600E+02
 -13.014  0.8264E-84  0.1600E+02
 -13.004  0.8264E-84  0.1600E+02
 -12.994  0.8264E-84  0.1600E+02
 -12.984  0.8264E-84  0.1600E+02
 -12.974  0.8264E-84  0.1600E+02
 -12.964  0.8264E-84  0.1600E+02
 -12.954  0.8264E-84  0.1600E+02
 -12.944  0.8264E-84  0.1600E+02
 -12.934  0.8264E-84  0.1600E+02
 -12.924  0.8264E-84  0.1600E+02
 -12.914  0.8264E-84  0.1600E+02
 -12.904  0.8264E-84  0.1600E+02
 -12.894  0.8264E-84  0.1600E+02
 -12.884  0.8264E-84  0.1600E+02
 -12.874  0.8264E-84  0.1600E+02
 -12.864  0.8264E-84  0.1600E+02
 -12.854  0.8264E-84  0.1600E+02
 -12.844  0.8264E-84  0.1600E+02
 -12.834  0.8264E-84  0.1600E+02
 -12.824  0.8264E-84  0.1600E+02
 -12.814  0.8264E-84  0.1600E+02
 -12.804  0.8264E-84  0.1600E+02
 -12.794  0.8264E-84  0.1600E+02
 -12.784  0.8264E-84  0.1600E+02
 -12.774  0.8264E-84  0.1600E+02
 -12.764  0.8264E-84  0.1600E+02
 -12.754  0.8264E-84  0.1600E+02
 -12.744  0.8264E-84  0.1600E+02
 -12.734  0.8264E-84  0.1600E+02
 -12.724  0.8264E-84  0.1600E+02
 -12.714  0.8264E-84  0.1600E+02
 -12.704  0.8264E-84  0.1600E+02
 -12.694  0.8264E-84  0.1600E+02
 -12.684  0.8264E-84  0.1600E+02
 -12.674  0.8264E-84  0.1600E+02
 -12.664  0.8264E-84  0.1600E+02
 -12.654  0.8264E-84  0.1600E+02
 -12.644  0.8264E-84  0.1600E+02
 -12.634  0.8264E-84  0.1600E+02
 -12.624  0.8264E-84  0.1600E+02
 -12.614  0.8264E-84  0.1600E+02
 -12.604  0.8264E-84  0.1600E+02
 -12.594  0.8264E-84  0.1600E+02
 -12.584  0.8264E-84  0.1600E+02
 -12.574  0.8264E-84  0.1600E+02
 -12.564  0.8264E-84  0.1600E+02
 -12.554  0.8264E-84  0.1600E+02
 -12.544  0.8264E-84  0.1600E+02
 -12.534  0.8264E-84  0.1600E+02
 -12.524  0.8264E-84  0.1600E+02
 -12.514  0.8264E-84  0.1600E+02
 -12.504  0.8264E-84  0.1600E+02
 -12.494  0.8264E-84  0.1600E+02
 -12.484  0.8264E-84  0.1600E+02
 -12.474  0.8264E-84  0.1600E+02
 -12.464  0.8264E-84  0.1600E+02
 -12.454  0.8264E-84  0.1600E+02
 -12.444  0.8264E-84  0.1600E+02
 -12.434  0.8264E-84  0.1600E+02
 -12.424  0.8264E-84  0.1600E+02
 -12.414  0.8264E-84  0.1600E+02
 -12.404  0.8264E-84  0.1600E+02
 -12.394  0.8264E-84  0.1600E+02
 -12.384  0.8264E-84  0.1600E+02
 -12.374  0.8264E-84  0.1600E+02
 -12.364  0.8264E-84  0.1600E+02
 -12.354  0.8264E-84  0.1600E+02
 -12.344  0.8264E-84  0.1600E+02
 -12.334  0.8264E-84  0.1600E+02
 -12.324  0.8264E-84  0.1600E+02
 -12.314  0.8264E-84  0.1600E+02
 -12.304  0.8264E-84  0.1600E+02
 -12.294  0.8264E-84  0.1600E+02
 -12.284  0.8264E-84  0.1600E+02
 -12.274  0.8264E-84  0.1600E+02
 -12.264  0.8264E-84  0.1600E+02
 -12.254  0.8264E-84  0.1600E+02
 -12.244  0.8264E-84  0.1600E+02
 -12.234  0.8264E-84  0.1600E+02
 -12.224  0.8264E-84  0.1600E+02
 -12.214  0.8264E-84  0.1600E+02
 -12.204  0.8264E-84  0.1600E+02
 -12.194  0.8264E-84  0.1600E+02
 -12.184  0.8264E-84  0.1600E+02
 -12.174  0.8264E-84  0.1600E+02
 -12.164  0.8264E-84  0.1600E+02
 -12.154  0.8264E-84  0.1600E+02
 -12.144  0.8264E-84  0.1600E+02
 -12.134  0.8264E-84  0.1600E+02
 -12.124  0.8264E-84  0.1600E+02
 -12.114  0.8264E-84  0.1600E+02
 -12.104  0.8264E-84  0.1600E+02
 -12.094  0.8264E-84  0.1600E+02
 -12.084  0.8264E-84  0.1600E+02
 -12.074  0.8264E-84  0.1600E+02
 -12.064  0.8264E-84  0.1600E+02
 -12.054  0.8264E-84  0.1600E+02
 -12.044  0.8264E-84  0.1600E+02
 -12.034  0.8264E-84  0.1600E+02
 -12.024  0.8264E-84  0.1600E+02
 -12.014  0.8264E-84  0.1600E+02
 -12.004  0.8264E-84  0.1600E+02
 -11.994  0.8264E-84  0.1600E+02
 -11.984  0.8264E-84  0.1600E+02
 -11.974  0.8264E-84  0.1600E+02
 -11.964  0.8264E-84  0.1600E+02
 -11.954  0.8264E-84  0.1600E+02
 -11.944  0.8264E-84  0.1600E+02
 -11.934  0.8264E-84  0.1600E+02
 -11.924  0.8264E-84  0.1600E+02
 -11.914  0.8264E-84  0.1600E+02
 -11.904  0.8264E-84  0.1600E+02
 -11.894  0.8264E-84  0.1600E+02
 -11.884  0.8264E-84  0.1600E+02
 -11.874  0.8264E-84  0.1600E+02
 -11.864  0.8264E-84  0.1600E+02
 -11.854  0.8264E-84  0.1600E+02
 -11.844  0.8264E-84  0.1600E+02
 -11.834  0.8264E-84  0.1600E+02
 -11.824  0.8264E-84  0.1600E+02
 -11.814  0.8264E-84  0.1600E+02
 -11.804  0.8264E-84  0.1600E+02
 -11.794  0.8264E-84  0.1600E+02
 -11.784  0.8264E-84  0.1600E+02
 -11.774  0.8264E-84  0.1600E+02
 -11.764  0.8264E-84  0.1600E+02
 -11.754  0.8264E-84  0.1600E+02
 -11.744  0.8264E-84  0.1600E+02
 -11.734  0.8264E-84  0.1600E+02
 -11.724  0.8264E-84  0.1600E+02
 -11.714  0.8264E-84  0.1600E+02
 -11.704  0.8264E-84  0.1600E+02
 -11.694  0.8264E-84  0.1600E+02
 -11.684  0.8264E-84  0.1600E+02
 -11.674  0.8264E-84  0.1600E+02
 -11.664  0.8264E-84  0.1600E+02
 -11.654  0.8264E-84  0.1600E+02
 -11.644  0.8264E-84  0.1600E+02
 -11.634  0.8264E-84  0.1600E+02
 -11.624  0.8264E-84  0.1600E+02
 -11.614  0.8264E-84  0.1600E+02
 -11.604  0.8264E-84  0.1600E+02
 -11.594  0.8264E-84  0.1600E+02
 -11.584  0.8264E-84  0.1600E+02
 -11.574  0.8264E-84  0.1600E+02
 -11.564  0.8264E-84  0.1600E+02
 -11.554  0.8264E-84  0.1600E+02
 -11.544  0.8264E-84  0.1600E+02
 -11.534  0.8264E-84  0.1600E+02
 -11.524  0.8264E-84  0.1600E+02
 -11.514  0.8264E-84  0.1600E+02
 -11.504  0.8264E-84  0.1600E+02
 -11.494  0.8264E-84  0.1600E+02
 -11.484  0.8264E-84  0.1600E+02
 -11.474  0.8264E-84  0.1600E+02
 -11.464  0.8264E-84  0.1600E+02
 -11.454  0.8264E-84  0.1600E+02
 -11.444  0.8264E-84  0.1600E+02
 -11.434  0.8264E-84  0.1600E+02
 -11.424  0.8264E-84  0.1600E+02
 -11.414  0.8264E-84  0.1600E+02
 -11.404  0.8264E-84  0.1600E+02
 -11.394  0.8264E-84  0.1600E+02
 -11.384  0.8264E-84  0.1600E+02
 -11.374  0.8264E-84  0.1600E+02
 -11.364  0.8264E-84  0.1600E+02
 -11.354  0.8264E-84  0.1600E+02
 -11.344  0.8264E-84  0.1600E+02
 -11.334  0.8264E-84  0.1600E+02
 -11.324  0.8264E-84  0.1600E+02
 -11.314  0.8264E-84  0.1600E+02
 -11.304  0.8264E-84  0.1600E+02
 -11.294  0.8264E-84  0.1600E+02
 -11.284  0.8264E-84  0.1600E+02
 -11.274  0.8264E-84  0.1600E+02
 -11.264  0.8264E-84  0.1600E+02
 -11.254  0.8264E-84  0.1600E+02
 -11.244  0.8264E-84  0.1600E+02
 -11.234  0.8264E-84  0.1600E+02
 -11.224  0.8264E-84  0.1600E+02
 -11.214  0.8264E-84  0.1600E+02
 -11.204  0.8264E-84  0.1600E+02
 -11.194  0.8264E-84  0.1600E+02
 -11.184  0.8264E-84  0.1600E+02
 -11.174  0.8264E-84  0.1600E+02
 -11.164  0.8264E-84  0.1600E+02
 -11.154  0.8264E-84  0.1600E+02
 -11.144  0.8264E-84  0.1600E+02
 -11.134  0.8264E-84  0.1600E+02
 -11.124  0.8264E-84  0.1600E+02
 -11.114  0.8264E-84  0.1600E+02
 -11.104  0.8264E-84  0.1600E+02
 -11.094  0.8264E-84  0.1600E+02
 -11.084  0.8264E-84  0.1600E+02
 -11.074  0.8264E-84  0.1600E+02
 -11.064  0.8264E-84  0.1600E+02
 -11.054  0.8264E-84  0.1600E+02
 -11.044  0.8264E-84  0.1600E+02
 -11.034  0.8264E-84  0.1600E+02
 -11.024  0.8264E-84  0.1600E+02
 -11.014  0.8264E-84  0.1600E+02
 -11.004  0.8264E-84  0.1600E+02
 -10.994  0.8264E-84  0.1600E+02
 -10.984  0.8264E-84  0.1600E+02
 -10.974  0.8264E-84  0.1600E+02
 -10.964  0.8264E-84  0.1600E+02
 -10.954  0.8264E-84  0.1600E+02
 -10.944  0.8264E-84  0.1600E+02
 -10.934  0.8264E-84  0.1600E+02
 -10.924  0.8264E-84  0.1600E+02
 -10.914  0.8264E-84  0.1600E+02
 -10.904  0.8264E-84  0.1600E+02
 -10.894  0.8264E-84  0.1600E+02
 -10.884  0.8264E-84  0.1600E+02
 -10.874  0.8264E-84  0.1600E+02
 -10.864  0.8264E-84  0.1600E+02
 -10.854  0.8264E-84  0.1600E+02
 -10.844  0.8264E-84  0.1600E+02
 -10.834  0.8264E-84  0.1600E+02
 -10.824  0.8264E-84  0.1600E+02
 -10.814  0.8264E-84  0.1600E+02
 -10.804  0.8264E-84  0.1600E+02
 -10.794  0.8264E-84  0.1600E+02
 -10.784  0.8264E-84  0.1600E+02
 -10.774  0.8264E-84  0.1600E+02
 -10.764  0.8264E-84  0.1600E+02
 -10.754  0.8264E-84  0.1600E+02
 -10.744  0.8264E-84  0.1600E+02
 -10.734  0.8264E-84  0.1600E+02
 -10.724  0.8264E-84  0.1600E+02
 -10.714  0.8264E-84  0.1600E+02
 -10.704  0.8264E-84  0.1600E+02
 -10.694  0.8264E-84  0.1600E+02
 -10.684  0.8264E-84  0.1600E+02
 -10.674  0.8264E-84  0.1600E+02
 -10.664  0.8264E-84  0.1600E+02
 -10.654  0.8264E-84  0.1600E+02
 -10.644  0.8264E-84  0.1600E+02
 -10.634  0.8264E-84  0.1600E+02
 -10.624  0.8264E-84  0.1600E+02
 -10.614  0.8264E-84  0.1600E+02
 -10.604  0.8264E-84  0.1600E+02
 -10.594  0.8264E-84  0.1600E+02
 -10.584  0.8264E-84  0.1600E+02
 -10.574  0.8264E-84  0.1600E+02
 -10.564  0.8264E-84  0.1600E+02
 -10.554  0.8264E-84  0.1600E+02
 -10.544  0.8264E-84  0.1600E+02
 -10.534  0.8264E-84  0.1600E+02
 -10.524  0.8264E-84  0.1600E+02
 -10.514  0.8264E-84  0.1600E+02
 -10.504  0.8264E-84  0.1600E+02
 -10.494  0.8264E-84  0.1600E+02
 -10.484  0.8264E-84  0.1600E+02
 -10.474  0.8264E-84  0.1600E+02
 -10.464  0.8264E-84  0.1600E+02
 -10.454  0.8264E-84  0.1600E+02
 -10.444  0.8264E-84  0.1600E+02
 -10.434  0.8264E-84  0.1600E+02
 -10.424  0.8264E-84  0.1600E+02
 -10.414  0.8264E-84  0.1600E+02
 -10.404  0.8264E-84  0.1600E+02
 -10.394  0.8264E-84  0.1600E+02
 -10.384  0.8264E-84  0.1600E+02
 -10.374  0.8264E-84  0.1600E+02
 -10.364  0.8264E-84  0.1600E+02
 -10.354  0.8264E-84  0.1600E+02
 -10.344  0.8264E-84  0.1600E+02
 -10.334  0.8264E-84  0.1600E+02
 -10.324  0.8264E-84  0.1600E+02
 -10.314  0.8264E-84  0.1600E+02
 -10.304  0.8264E-84  0.1600E+02
 -10.294  0.8264E-84  0.1600E+02
 -10.284  0.8264E-84  0.1600E+02
 -10.274  0.8264E-84  0.1600E+02
 -10.264  0.8264E-84  0.1600E+02
 -10.254  0.8264E-84  0.1600E+02
 -10.244  0.8264E-84  0.1600E+02
 -10.234  0.8264E-84  0.1600E+02
 -10.224  0.8264E-84  0.1600E+02
 -10.214  0.8264E-84  0.1600E+02
 -10.204  0.8264E-84  0.1600E+02
 -10.194  0.8264E-84  0.1600E+02
 -10.184  0.8264E-84  0.1600E+02
 -10.174  0.8264E-84  0.1600E+02
 -10.164  0.8264E-84  0.1600E+02
 -10.154  0.8264E-84  0.1600E+02
 -10.144  0.8264E-84  0.1600E+02
 -10.134  0.8264E-84  0.1600E+02
 -10.124  0.8264E-84  0.1600E+02
 -10.114  0.8264E-84  0.1600E+02
 -10.104  0.8264E-84  0.1600E+02
 -10.094  0.8264E-84  0.1600E+02
 -10.084  0.8264E-84  0.1600E+02
 -10.074  0.8264E-84  0.1600E+02
 -10.064  0.8264E-84  0.1600E+02
 -10.054  0.8264E-84  0.1600E+02
 -10.044  0.8264E-84  0.1600E+02
 -10.034  0.8264E-84  0.1600E+02
 -10.024  0.8264E-84  0.1600E+02
 -10.014  0.8264E-84  0.1600E+02
 -10.004  0.8264E-84  0.1600E+02
  -9.994  0.8264E-84  0.1600E+02
  -9.984  0.8264E-84  0.1600E+02
  -9.974  0.8264E-84  0.1600E+02
  -9.964  0.8264E-84  0.1600E+02
  -9.954  0.8264E-84  0.1600E+02
  -9.944  0.8264E-84  0.1600E+02
  -9.934  0.8264E-84  0.1600E+02
  -9.924  0.8264E-84  0.1600E+02
  -9.914  0.8264E-84  0.1600E+02
  -9.904  0.8264E-84  0.1600E+02
  -9.894  0.8264E-84  0.1600E+02
  -9.884  0.8264E-84  0.1600E+02
  -9.874  0.8264E-84  0.1600E+02
  -9.864  0.8264E-84  0.1600E+02
  -9.854  0.8264E-84  0.1600E+02
  -9.844  0.8264E-84  0.1600E+02
  -9.834  0.8264E-84  0.1600E+02
  -9.824  0.8264E-84  0.1600E+02
  -9.814  0.8264E-84  0.1600E+02
  -9.804  0.8264E-84  0.1600E+02
  -9.794  0.8264E-84  0.1600E+02
  -9.784  0.8264E-84  0.1600E+02
  -9.774  0.8264E-84  0.1600E+02
  -9.764  0.8264E-84  0.1600E+02
  -9.754  0.8264E-84  0.1600E+02
  -9.744  0.8264E-84  0.1600E+02
  -9.734  0.8264E-84  0.1600E+02
  -9.724  0.8264E-84  0.1600E+02
  -9.714  0.8264E-84  0.1600E+02
  -9.704  0.8264E-84  0.1600E+02
  -9.694  0.8264E-84  0.1600E+02
  -9.684  0.8264E-84  0.1600E+02
  -9.674  0.8264E-84  0.1600E+02
  -9.664  0.8264E-84  0.1600E+02
  -9.654  0.8264E-84  0.1600E+02
  -9.644  0.8264E-84  0.1600E+02
  -9.634  0.8264E-84  0.1600E+02
  -9.624  0.8264E-84  0.1600E+02
  -9.614  0.8264E-84  0.1600E+02
  -9.604  0.8264E-84  0.1600E+02
  -9.594  0.8264E-84  0.1600E+02
  -9.584  0.8264E-84  0.1600E+02
  -9.574  0.8264E-84  0.1600E+02
  -9.564  0.8264E-84  0.1600E+02
  -9.554  0.8292E-84  0.1600E+02
  -9.544  0.9968E-84  0.1600E+02
  -9.534  0.1050E-82  0.1600E+02
  -9.524  0.5268E-81  0.1600E+02
  -9.514  0.2738E-79  0.1600E+02
  -9.504  0.1365E-77  0.1600E+02
  -9.494  0.6519E-76  0.1600E+02
  -9.484  0.2981E-74  0.1600E+02
  -9.474  0.1306E-72  0.1600E+02
  -9.464  0.5477E-71  0.1600E+02
  -9.454  0.2200E-69  0.1600E+02
  -9.444  0.8466E-68  0.1600E+02
  -9.434  0.3120E-66  0.1600E+02
  -9.424  0.1101E-64  0.1600E+02
  -9.414  0.3721E-63  0.1600E+02
  -9.404  0.1205E-61  0.1600E+02
  -9.394  0.3735E-60  0.1600E+02
  -9.384  0.1109E-58  0.1600E+02
  -9.374  0.3154E-57  0.1600E+02
  -9.364  0.8590E-56  0.1600E+02
  -9.354  0.2241E-54  0.1600E+02
  -9.344  0.5599E-53  0.1600E+02
  -9.334  0.1340E-51  0.1600E+02
  -9.324  0.3070E-50  0.1600E+02
  -9.314  0.6740E-49  0.1600E+02
  -9.304  0.1417E-47  0.1600E+02
  -9.294  0.2853E-46  0.1600E+02
  -9.284  0.5502E-45  0.1600E+02
  -9.274  0.1016E-43  0.1600E+02
  -9.264  0.1798E-42  0.1600E+02
  -9.254  0.3047E-41  0.1600E+02
  -9.244  0.4945E-40  0.1600E+02
  -9.234  0.7687E-39  0.1600E+02
  -9.224  0.1145E-37  0.1600E+02
  -9.214  0.1632E-36  0.1600E+02
  -9.204  0.2230E-35  0.1600E+02
  -9.194  0.2918E-34  0.1600E+02
  -9.184  0.3657E-33  0.1600E+02
  -9.174  0.4390E-32  0.1600E+02
  -9.164  0.5049E-31  0.1600E+02
  -9.154  0.5561E-30  0.1600E+02
  -9.144  0.5868E-29  0.1600E+02
  -9.134  0.5931E-28  0.1600E+02
  -9.124  0.5743E-27  0.1600E+02
  -9.114  0.5327E-26  0.1600E+02
  -9.104  0.4733E-25  0.1600E+02
  -9.094  0.4029E-24  0.1600E+02
  -9.084  0.3286E-23  0.1600E+02
  -9.074  0.2567E-22  0.1600E+02
  -9.064  0.1921E-21  0.1600E+02
  -9.054  0.1378E-20  0.1600E+02
  -9.044  0.9468E-20  0.1600E+02
  -9.034  0.6234E-19  0.1600E+02
  -9.024  0.3933E-18  0.1600E+02
  -9.014  0.2377E-17  0.1600E+02
  -9.004  0.1377E-16  0.1600E+02
  -8.994  0.7646E-16  0.1600E+02
  -8.984  0.4068E-15  0.1600E+02
  -8.974  0.2075E-14  0.1600E+02
  -8.964  0.1014E-13  0.1600E+02
  -8.954  0.4753E-13  0.1600E+02
  -8.944  0.2135E-12  0.1600E+02
  -8.934  0.9196E-12  0.1600E+02
  -8.924  0.3798E-11  0.1600E+02
  -8.914  0.1504E-10  0.1600E+02
  -8.904  0.5715E-10  0.1600E+02
  -8.894  0.2083E-09  0.1600E+02
  -8.884  0.7283E-09  0.1600E+02
  -8.874  0.2444E-08  0.1600E+02
  -8.864  0.7869E-08  0.1600E+02
  -8.854  0.2433E-07  0.1600E+02
  -8.844  0.7224E-07  0.1600E+02
  -8.834  0.2060E-06  0.1600E+02
  -8.824  0.5645E-06  0.1600E+02
  -8.814  0.1487E-05  0.1600E+02
  -8.804  0.3764E-05  0.1600E+02
  -8.794  0.9166E-05  0.1600E+02
  -8.784  0.2148E-04  0.1600E+02
  -8.774  0.4844E-04  0.1600E+02
  -8.764  0.1052E-03  0.1600E+02
  -8.754  0.2201E-03  0.1600E+02
  -8.744  0.4438E-03  0.1600E+02
  -8.734  0.8627E-03  0.1600E+02
  -8.724  0.1617E-02  0.1600E+02
  -8.714  0.2925E-02  0.1600E+02
  -8.704  0.5107E-02  0.1600E+02
  -8.694  0.8608E-02  0.1600E+02
  -8.684  0.1401E-01  0.1600E+02
  -8.674  0.2204E-01  0.1600E+02
  -8.664  0.3351E-01  0.1600E+02
  -8.654  0.4928E-01  0.1600E+02
  -8.644  0.7011E-01  0.1600E+02
  -8.634  0.9661E-01  0.1600E+02
  -8.624  0.1291E+00  0.1600E+02
  -8.614  0.1674E+00  0.1601E+02
  -8.604  0.2110E+00  0.1601E+02
  -8.594  0.2593E+00  0.1601E+02
  -8.584  0.3110E+00  0.1601E+02
  -8.574  0.3653E+00  0.1602E+02
  -8.564  0.4213E+00  0.1602E+02
  -8.554  0.4783E+00  0.1603E+02
  -8.544  0.5361E+00  0.1603E+02
  -8.534  0.5943E+00  0.1604E+02
  -8.524  0.6525E+00  0.1604E+02
  -8.514  0.7104E+00  0.1605E+02
  -8.504  0.7669E+00  0.1606E+02
  -8.494  0.8210E+00  0.1607E+02
  -8.484  0.8716E+00  0.1608E+02
  -8.474  0.9181E+00  0.1609E+02
  -8.464  0.9606E+00  0.1609E+02
  -8.454  0.1000E+01  0.1610E+02
  -8.444  0.1039E+01  0.1612E+02
  -8.434  0.1079E+01  0.1613E+02
  -8.424  0.1123E+01  0.1614E+02
  -8.414  0.1173E+01  0.1615E+02
  -8.404  0.1230E+01  0.1616E+02
  -8.394  0.1292E+01  0.1617E+02
  -8.384  0.1358E+01  0.1619E+02
  -8.374  0.1424E+01  0.1620E+02
  -8.364  0.1486E+01  0.1622E+02
  -8.354  0.1542E+01  0.1623E+02
  -8.344  0.1591E+01  0.1625E+02
  -8.334  0.1633E+01  0.1626E+02
  -8.324  0.1671E+01  0.1628E+02
  -8.314  0.1708E+01  0.1630E+02
  -8.304  0.1749E+01  0.1632E+02
  -8.294  0.1798E+01  0.1633E+02
  -8.284  0.1857E+01  0.1635E+02
  -8.274  0.1927E+01  0.1637E+02
  -8.264  0.2007E+01  0.1639E+02
  -8.254  0.2096E+01  0.1641E+02
  -8.244  0.2191E+01  0.1643E+02
  -8.234  0.2288E+01  0.1646E+02
  -8.224  0.2383E+01  0.1648E+02
  -8.214  0.2473E+01  0.1651E+02
  -8.204  0.2556E+01  0.1653E+02
  -8.194  0.2632E+01  0.1656E+02
  -8.184  0.2703E+01  0.1658E+02
  -8.174  0.2774E+01  0.1661E+02
  -8.164  0.2848E+01  0.1664E+02
  -8.154  0.2934E+01  0.1667E+02
  -8.144  0.3035E+01  0.1670E+02
  -8.134  0.3155E+01  0.1673E+02
  -8.124  0.3296E+01  0.1677E+02
  -8.114  0.3456E+01  0.1680E+02
  -8.104  0.3631E+01  0.1684E+02
  -8.094  0.3817E+01  0.1687E+02
  -8.084  0.4010E+01  0.1691E+02
  -8.074  0.4207E+01  0.1696E+02
  -8.064  0.4409E+01  0.1700E+02
  -8.054  0.4621E+01  0.1705E+02
  -8.044  0.4848E+01  0.1710E+02
  -8.034  0.5097E+01  0.1715E+02
  -8.024  0.5374E+01  0.1720E+02
  -8.014  0.5684E+01  0.1726E+02
  -8.004  0.6026E+01  0.1732E+02
  -7.994  0.6395E+01  0.1738E+02
  -7.984  0.6783E+01  0.1745E+02
  -7.974  0.7181E+01  0.1752E+02
  -7.964  0.7576E+01  0.1760E+02
  -7.954  0.7959E+01  0.1768E+02
  -7.944  0.8323E+01  0.1776E+02
  -7.934  0.8665E+01  0.1785E+02
  -7.924  0.8986E+01  0.1794E+02
  -7.914  0.9289E+01  0.1803E+02
  -7.904  0.9581E+01  0.1812E+02
  -7.894  0.9865E+01  0.1822E+02
  -7.884  0.1015E+02  0.1832E+02
  -7.874  0.1043E+02  0.1843E+02
  -7.864  0.1071E+02  0.1854E+02
  -7.854  0.1098E+02  0.1865E+02
  -7.844  0.1122E+02  0.1876E+02
  -7.834  0.1142E+02  0.1887E+02
  -7.824  0.1154E+02  0.1899E+02
  -7.814  0.1155E+02  0.1910E+02
  -7.804  0.1142E+02  0.1922E+02
  -7.794  0.1111E+02  0.1933E+02
  -7.784  0.1060E+02  0.1943E+02
  -7.774  0.9904E+01  0.1953E+02
  -7.764  0.9027E+01  0.1962E+02
  -7.754  0.8009E+01  0.1970E+02
  -7.744  0.6902E+01  0.1977E+02
  -7.734  0.5767E+01  0.1983E+02
  -7.724  0.4664E+01  0.1988E+02
  -7.714  0.3646E+01  0.1991E+02
  -7.704  0.2752E+01  0.1994E+02
  -7.694  0.2004E+01  0.1996E+02
  -7.684  0.1407E+01  0.1998E+02
  -7.674  0.9506E+00  0.1998E+02
  -7.664  0.6184E+00  0.1999E+02
  -7.654  0.3870E+00  0.1999E+02
  -7.644  0.2328E+00  0.2000E+02
  -7.634  0.1347E+00  0.2000E+02
  -7.624  0.7482E-01  0.2000E+02
  -7.614  0.3993E-01  0.2000E+02
  -7.604  0.2047E-01  0.2000E+02
  -7.594  0.1007E-01  0.2000E+02
  -7.584  0.4756E-02  0.2000E+02
  -7.574  0.2156E-02  0.2000E+02
  -7.564  0.9374E-03  0.2000E+02
  -7.554  0.3911E-03  0.2000E+02
  -7.544  0.1565E-03  0.2000E+02
  -7.534  0.6009E-04  0.2000E+02
  -7.524  0.2212E-04  0.2000E+02
  -7.514  0.7811E-05  0.2000E+02
  -7.504  0.2644E-05  0.2000E+02
  -7.494  0.8583E-06  0.2000E+02
  -7.484  0.2671E-06  0.2000E+02
  -7.474  0.7969E-07  0.2000E+02
  -7.464  0.2279E-07  0.2000E+02
  -7.454  0.6249E-08  0.2000E+02
  -7.444  0.1642E-08  0.2000E+02
  -7.434  0.4136E-09  0.2000E+02
  -7.424  0.9986E-10  0.2000E+02
  -7.414  0.2311E-10  0.2000E+02
  -7.404  0.5124E-11  0.2000E+02
  -7.394  0.1089E-11  0.2000E+02
  -7.384  0.2218E-12  0.2000E+02
  -7.374  0.4328E-13  0.2000E+02
  -7.364  0.8095E-14  0.2000E+02
  -7.354  0.1451E-14  0.2000E+02
  -7.344  0.2492E-15  0.2000E+02
  -7.334  0.4100E-16  0.2000E+02
  -7.324  0.6465E-17  0.2000E+02
  -7.314  0.9767E-18  0.2000E+02
  -7.304  0.1414E-18  0.2000E+02
  -7.294  0.1961E-19  0.2000E+02
  -7.284  0.2606E-20  0.2000E+02
  -7.274  0.3318E-21  0.2000E+02
  -7.264  0.4048E-22  0.2000E+02
  -7.254  0.4731E-23  0.2000E+02
  -7.244  0.5297E-24  0.2000E+02
  -7.234  0.5683E-25  0.2000E+02
  -7.224  0.5841E-26  0.2000E+02
  -7.214  0.5752E-27  0.2000E+02
  -7.204  0.5426E-28  0.2000E+02
  -7.194  0.4903E-29  0.2000E+02
  -7.184  0.4245E-30  0.2000E+02
  -7.174  0.3521E-31  0.2000E+02
  -7.164  0.2798E-32  0.2000E+02
  -7.154  0.2130E-33  0.2000E+02
  -7.144  0.1553E-34  0.2000E+02
  -7.134  0.1085E-35  0.2000E+02
  -7.124  0.7262E-37  0.2000E+02
  -7.114  0.4656E-38  0.2000E+02
  -7.104  0.2859E-39  0.2000E+02
  -7.094  0.1682E-40  0.2000E+02
  -7.084  0.9480E-42  0.2000E+02
  -7.074  0.5118E-43  0.2000E+02
  -7.064  0.2647E-44  0.2000E+02
  -7.054  0.1311E-45  0.2000E+02
  -7.044  0.6223E-47  0.2000E+02
  -7.034  0.2829E-48  0.2000E+02
  -7.024  0.1232E-49  0.2000E+02
  -7.014  0.5138E-51  0.2000E+02
  -7.004  0.2053E-52  0.2000E+02
  -6.994  0.7859E-54  0.2000E+02
  -6.984  0.2881E-55  0.2000E+02
  -6.974  0.1012E-56  0.2000E+02
  -6.964  0.3404E-58  0.2000E+02
  -6.954  0.1097E-59  0.2000E+02
  -6.944  0.3386E-61  0.2000E+02
  -6.934  0.1001E-62  0.2000E+02
  -6.924  0.2836E-64  0.2000E+02
  -6.914  0.7694E-66  0.2000E+02
  -6.904  0.1999E-67  0.2000E+02
  -6.894  0.4977E-69  0.2000E+02
  -6.884  0.1187E-70  0.2000E+02
  -6.874  0.2710E-72  0.2000E+02
  -6.864  0.5929E-74  0.2000E+02
  -6.854  0.1242E-75  0.2000E+02
  -6.844  0.2493E-77  0.2000E+02
  -6.834  0.4794E-79  0.2000E+02
  -6.824  0.8836E-81  0.2000E+02
  -6.814  0.1639E-82  0.2000E+02
  -6.804  0.1086E-83  0.2000E+02
  -6.794  0.8289E-84  0.2000E+02
  -6.784  0.8264E-84  0.2000E+02
  -6.774  0.8264E-84  0.2000E+02
  -6.764  0.8264E-84  0.2000E+02
  -6.754  0.8264E-84  0.2000E+02
  -6.744  0.8264E-84  0.2000E+02
  -6.734  0.8264E-84  0.2000E+02
  -6.724  0.8264E-84  0.2000E+02
  -6.714  0.8264E-84  0.2000E+02
  -6.704  0.8264E-84  0.2000E+02
  -6.694  0.8264E-84  0.2000E+02
  -6.684  0.8264E-84  0.2000E+02
  -6.674  0.8264E-84  0.2000E+02
  -6.664  0.8264E-84  0.2000E+02
  -6.654  0.8264E-84  0.2000E+02
  -6.644  0.8264E-84  0.2000E+02
  -6.634  0.8264E-84  0.2000E+02
  -6.624  0.8264E-84  0.2000E+02
  -6.614  0.8264E-84  0.2000E+02
  -6.604  0.8264E-84  0.2000E+02
  -6.594  0.8264E-84  0.2000E+02
  -6.584  0.8264E-84  0.2000E+02
  -6.574  0.8264E-84  0.2000E+02
  -6.564  0.8264E-84  0.2000E+02
  -6.554  0.8264E-84  0.2000E+02
  -6.544  0.8264E-84  0.2000E+02
  -6.534  0.8264E-84  0.2000E+02
  -6.524  0.8264E-84  0.2000E+02
  -6.514  0.8264E-84  0.2000E+02
  -6.504  0.8264E-84  0.2000E+02
  -6.494  0.8264E-84  0.2000E+02
  -6.484  0.8264E-84  0.2000E+02
  -6.474  0.8264E-84  0.2000E+02
  -6.464  0.8264E-84  0.2000E+02
  -6.454  0.8264E-84  0.2000E+02
  -6.444  0.8264E-84  0.2000E+02
  -6.434  0.8264E-84  0.2000E+02
  -6.424  0.8264E-84  0.2000E+02
  -6.414  0.8264E-84  0.2000E+02
  -6.404  0.8264E-84  0.2000E+02
  -6.394  0.8264E-84  0.2000E+02
  -6.384  0.8264E-84  0.2000E+02
  -6.374  0.8264E-84  0.2000E+02
  -6.364  0.8264E-84  0.2000E+02
  -6.354  0.8264E-84  0.2000E+02
  -6.344  0.8264E-84  0.2000E+02
  -6.334  0.8264E-84  0.2000E+02
  -6.324  0.8264E-84  0.2000E+02
  -6.314  0.8264E-84  0.2000E+02
  -6.304  0.8264E-84  0.2000E+02
  -6.294  0.8264E-84  0.2000E+02
  -6.284  0.8264E-84  0.2000E+02
  -6.274  0.8264E-84  0.2000E+02
  -6.264  0.8264E-84  0.2000E+02
  -6.254  0.8264E-84  0.2000E+02
  -6.244  0.8264E-84  0.2000E+02
  -6.234  0.8264E-84  0.2000E+02
  -6.224  0.8264E-84  0.2000E+02
  -6.214  0.8264E-84  0.2000E+02
  -6.204  0.8264E-84  0.2000E+02
  -6.194  0.8264E-84  0.2000E+02
  -6.184  0.8264E-84  0.2000E+02
  -6.174  0.8264E-84  0.2000E+02
  -6.164  0.8264E-84  0.2000E+02
  -6.154  0.8264E-84  0.2000E+02
  -6.144  0.8264E-84  0.2000E+02
  -6.134  0.8264E-84  0.2000E+02
  -6.124  0.8264E-84  0.2000E+02
  -6.114  0.8264E-84  0.2000E+02
  -6.104  0.8264E-84  0.2000E+02
  -6.094  0.8264E-84  0.2000E+02
  -6.084  0.8264E-84  0.2000E+02
  -6.074  0.8264E-84  0.2000E+02
  -6.064  0.8264E-84  0.2000E+02
  -6.054  0.8264E-84  0.2000E+02
  -6.044  0.8264E-84  0.2000E+02
  -6.034  0.8264E-84  0.2000E+02
  -6.024  0.8264E-84  0.2000E+02
  -6.014  0.8264E-84  0.2000E+02
  -6.004  0.8264E-84  0.2000E+02
  -5.994  0.8264E-84  0.2000E+02
  -5.984  0.8264E-84  0.2000E+02
  -5.974  0.8264E-84  0.2000E+02
  -5.964  0.8264E-84  0.2000E+02
  -5.954  0.8264E-84  0.2000E+02
  -5.944  0.8264E-84  0.2000E+02
  -5.934  0.8264E-84  0.2000E+02
  -5.924  0.8264E-84  0.2000E+02
  -5.914  0.8264E-84  0.2000E+02
  -5.904  0.8264E-84  0.2000E+02
  -5.894  0.8264E-84  0.2000E+02
  -5.884  0.8264E-84  0.2000E+02
  -5.874  0.8264E-84  0.2000E+02
  -5.864  0.8264E-84  0.2000E+02
  -5.854  0.8264E-84  0.2000E+02
  -5.844  0.8264E-84  0.2000E+02
  -5.834  0.8264E-84  0.2000E+02
  -5.824  0.8264E-84  0.2000E+02
  -5.814  0.8264E-84  0.2000E+02
  -5.804  0.8264E-84  0.2000E+02
  -5.794  0.8264E-84  0.2000E+02
  -5.784  0.8264E-84  0.2000E+02
  -5.774  0.8264E-84  0.2000E+02
  -5.764  0.8264E-84  0.2000E+02
  -5.754  0.8264E-84  0.2000E+02
  -5.744  0.8264E-84  0.2000E+02
  -5.734  0.8264E-84  0.2000E+02
  -5.724  0.8264E-84  0.2000E+02
  -5.714  0.8264E-84  0.2000E+02
  -5.704  0.8264E-84  0.2000E+02
  -5.694  0.8264E-84  0.2000E+02
  -5.684  0.8264E-84  0.2000E+02
  -5.674  0.8264E-84  0.2000E+02
  -5.664  0.8264E-84  0.2000E+02
  -5.654  0.8264E-84  0.2000E+02
  -5.644  0.8264E-84  0.2000E+02
  -5.634  0.8264E-84  0.2000E+02
  -5.624  0.8264E-84  0.2000E+02
  -5.614  0.8264E-84  0.2000E+02
  -5.604  0.8264E-84  0.2000E+02
  -5.594  0.8264E-84  0.2000E+02
  -5.584  0.8264E-84  0.2000E+02
  -5.574  0.8264E-84  0.2000E+02
  -5.564  0.8264E-84  0.2000E+02
  -5.554  0.8264E-84  0.2000E+02
  -5.544  0.8264E-84  0.2000E+02
  -5.534  0.8264E-84  0.2000E+02
  -5.524  0.8264E-84  0.2000E+02
  -5.514  0.8264E-84  0.2000E+02
  -5.504  0.8264E-84  0.2000E+02
  -5.494  0.8264E-84  0.2000E+02
  -5.484  0.8264E-84  0.2000E+02
  -5.474  0.8264E-84  0.2000E+02
  -5.464  0.8264E-84  0.2000E+02
  -5.454  0.8264E-84  0.2000E+02
  -5.444  0.8264E-84  0.2000E+02
  -5.434  0.8264E-84  0.2000E+02
  -5.424  0.8264E-84  0.2000E+02
  -5.414  0.8264E-84  0.2000E+02
  -5.404  0.8264E-84  0.2000E+02
  -5.394  0.8264E-84  0.2000E+02
  -5.384  0.8264E-84  0.2000E+02
  -5.374  0.8264E-84  0.2000E+02
  -5.364  0.8264E-84  0.2000E+02
  -5.354  0.8264E-84  0.2000E+02
  -5.344  0.8264E-84  0.2000E+02
  -5.334  0.8264E-84  0.2000E+02
  -5.324  0.8264E-84  0.2000E+02
  -5.314  0.8264E-84  0.2000E+02
  -5.304  0.8264E-84  0.2000E+02
  -5.294  0.8264E-84  0.2000E+02
  -5.284  0.8264E-84  0.2000E+02
  -5.274  0.8264E-84  0.2000E+02
  -5.264  0.8264E-84  0.2000E+02
  -5.254  0.8264E-84  0.2000E+02
  -5.244  0.8264E-84  0.2000E+02
  -5.234  0.8264E-84  0.2000E+02
  -5.224  0.8264E-84  0.2000E+02
  -5.214  0.8264E-84  0.2000E+02
  -5.204  0.8264E-84  0.2000E+02
  -5.194  0.8264E-84  0.2000E+02
  -5.184  0.8264E-84  0.2000E+02
  -5.174  0.8264E-84  0.2000E+02
  -5.164  0.8264E-84  0.2000E+02
  -5.154  0.8264E-84  0.2000E+02
  -5.144  0.8264E-84  0.2000E+02
  -5.134  0.8264E-84  0.2000E+02
  -5.124  0.8264E-84  0.2000E+02
  -5.114  0.8264E-84  0.2000E+02
  -5.104  0.8264E-84  0.2000E+02
  -5.094  0.8264E-84  0.2000E+02
  -5.084  0.8264E-84  0.2000E+02
  -5.074  0.8264E-84  0.2000E+02
  -5.064  0.8264E-84  0.2000E+02
  -5.054  0.8264E-84  0.2000E+02
  -5.044  0.8264E-84  0.2000E+02
  -5.034  0.8264E-84  0.2000E+02
  -5.024  0.8264E-84  0.2000E+02
  -5.014  0.8264E-84  0.2000E+02
  -5.004  0.8264E-84  0.2000E+02
  -4.994  0.8264E-84  0.2000E+02
  -4.984  0.8264E-84  0.2000E+02
  -4.974  0.8264E-84  0.2000E+02
  -4.964  0.8264E-84  0.2000E+02
  -4.954  0.8264E-84  0.2000E+02
  -4.944  0.8264E-84  0.2000E+02
  -4.934  0.8264E-84  0.2000E+02
  -4.924  0.8264E-84  0.2000E+02
  -4.914  0.8264E-84  0.2000E+02
  -4.904  0.8264E-84  0.2000E+02
  -4.894  0.8264E-84  0.2000E+02
  -4.884  0.8264E-84  0.2000E+02
  -4.874  0.8264E-84  0.2000E+02
  -4.864  0.8264E-84  0.2000E+02
  -4.854  0.8264E-84  0.2000E+02
  -4.844  0.8264E-84  0.2000E+02
  -4.834  0.8264E-84  0.2000E+02
  -4.824  0.8264E-84  0.2000E+02
  -4.814  0.8264E-84  0.2000E+02
  -4.804  0.8264E-84  0.2000E+02
  -4.794  0.8264E-84  0.2000E+02
  -4.784  0.8264E-84  0.2000E+02
  -4.774  0.8264E-84  0.2000E+02
  -4.764  0.8264E-84  0.2000E+02
  -4.754  0.8264E-84  0.2000E+02
  -4.744  0.8264E-84  0.2000E+02
  -4.734  0.8264E-84  0.2000E+02
  -4.724  0.8264E-84  0.2000E+02
  -4.714  0.8264E-84  0.2000E+02
  -4.704  0.8264E-84  0.2000E+02
  -4.694  0.8264E-84  0.2000E+02
  -4.684  0.8264E-84  0.2000E+02
  -4.674  0.8264E-84  0.2000E+02
  -4.664  0.8264E-84  0.2000E+02
  -4.654  0.8264E-84  0.2000E+02
  -4.644  0.8264E-84  0.2000E+02
  -4.634  0.8264E-84  0.2000E+02
  -4.624  0.8264E-84  0.2000E+02
  -4.614  0.8264E-84  0.2000E+02
  -4.604  0.8264E-84  0.2000E+02
  -4.594  0.8264E-84  0.2000E+02
  -4.584  0.8264E-84  0.2000E+02
  -4.574  0.8264E-84  0.2000E+02
  -4.564  0.8264E-84  0.2000E+02
  -4.554  0.8264E-84  0.2000E+02
  -4.544  0.8264E-84  0.2000E+02
  -4.534  0.8264E-84  0.2000E+02
  -4.524  0.8264E-84  0.2000E+02
  -4.514  0.8264E-84  0.2000E+02
  -4.504  0.8264E-84  0.2000E+02
  -4.494  0.8264E-84  0.2000E+02
  -4.484  0.8264E-84  0.2000E+02
  -4.474  0.8264E-84  0.2000E+02
  -4.464  0.8264E-84  0.2000E+02
  -4.454  0.8264E-84  0.2000E+02
  -4.444  0.8264E-84  0.2000E+02
  -4.434  0.8264E-84  0.2000E+02
  -4.424  0.8264E-84  0.2000E+02
  -4.414  0.8264E-84  0.2000E+02
  -4.404  0.8264E-84  0.2000E+02
  -4.394  0.8264E-84  0.2000E+02
  -4.384  0.8264E-84  0.2000E+02
  -4.374  0.8264E-84  0.2000E+02
  -4.364  0.8264E-84  0.2000E+02
  -4.354  0.8264E-84  0.2000E+02
  -4.344  0.8264E-84  0.2000E+02
  -4.334  0.8264E-84  0.2000E+02
  -4.324  0.8264E-84  0.2000E+02
  -4.314  0.8264E-84  0.2000E+02
  -4.304  0.8264E-84  0.2000E+02
  -4.294  0.8264E-84  0.2000E+02
  -4.284  0.8264E-84  0.2000E+02
  -4.274  0.8264E-84  0.2000E+02
  -4.264  0.8264E-84  0.2000E+02
  -4.254  0.8264E-84  0.2000E+02
  -4.244  0.8264E-84  0.2000E+02
  -4.234  0.8264E-84  0.2000E+02
  -4.224  0.8264E-84  0.2000E+02
  -4.214  0.8264E-84  0.2000E+02
  -4.204  0.8264E-84  0.2000E+02
  -4.194  0.8264E-84  0.2000E+02
  -4.184  0.8264E-84  0.2000E+02
  -4.174  0.8264E-84  0.2000E+02
  -4.164  0.8264E-84  0.2000E+02
  -4.154  0.8264E-84  0.2000E+02
  -4.144  0.8264E-84  0.2000E+02
  -4.134  0.8264E-84  0.2000E+02
  -4.124  0.8264E-84  0.2000E+02
  -4.114  0.8264E-84  0.2000E+02
  -4.104  0.8264E-84  0.2000E+02
  -4.094  0.8264E-84  0.2000E+02
  -4.084  0.8264E-84  0.2000E+02
  -4.074  0.8264E-84  0.2000E+02
  -4.064  0.8264E-84  0.2000E+02
  -4.054  0.8264E-84  0.2000E+02
  -4.044  0.8264E-84  0.2000E+02
  -4.034  0.8264E-84  0.2000E+02
  -4.024  0.8264E-84  0.2000E+02
  -4.014  0.8264E-84  0.2000E+02
  -4.004  0.8264E-84  0.2000E+02
  -3.994  0.8264E-84  0.2000E+02
  -3.984  0.8264E-84  0.2000E+02
  -3.974  0.8264E-84  0.2000E+02
  -3.964  0.8264E-84  0.2000E+02
  -3.954  0.8264E-84  0.2000E+02
  -3.944  0.8264E-84  0.2000E+02
  -3.934  0.8264E-84  0.2000E+02
  -3.924  0.8264E-84  0.2000E+02
  -3.914  0.8264E-84  0.2000E+02
  -3.904  0.8264E-84  0.2000E+02
  -3.894  0.8264E-84  0.2000E+02
  -3.884  0.8264E-84  0.2000E+02
  -3.874  0.8264E-84  0.2000E+02
  -3.864  0.8264E-84  0.2000E+02
  -3.854  0.8264E-84  0.2000E+02
  -3.844  0.8264E-84  0.2000E+02
  -3.834  0.8264E-84  0.2000E+02
  -3.824  0.8264E-84  0.2000E+02
  -3.814  0.8264E-84  0.2000E+02
  -3.804  0.8264E-84  0.2000E+02
  -3.794  0.8264E-84  0.2000E+02
  -3.784  0.8264E-84  0.2000E+02
  -3.774  0.8264E-84  0.2000E+02
  -3.764  0.8264E-84  0.2000E+02
  -3.754  0.8264E-84  0.2000E+02
  -3.744  0.8264E-84  0.2000E+02
  -3.734  0.8264E-84  0.2000E+02
  -3.724  0.8264E-84  0.2000E+02
  -3.714  0.8264E-84  0.2000E+02
  -3.704  0.8264E-84  0.2000E+02
  -3.694  0.8264E-84  0.2000E+02
  -3.684  0.8264E-84  0.2000E+02
  -3.674  0.8264E-84  0.2000E+02
  -3.664  0.8264E-84  0.2000E+02
  -3.654  0.8264E-84  0.2000E+02
  -3.644  0.8264E-84  0.2000E+02
  -3.634  0.8264E-84  0.2000E+02
  -3.624  0.8264E-84  0.2000E+02
  -3.614  0.8264E-84  0.2000E+02
  -3.604  0.8264E-84  0.2000E+02
  -3.594  0.8264E-84  0.2000E+02
  -3.584  0.8264E-84  0.2000E+02
  -3.574  0.8264E-84  0.2000E+02
  -3.564  0.8264E-84  0.2000E+02
  -3.554  0.8264E-84  0.2000E+02
  -3.544  0.8264E-84  0.2000E+02
  -3.534  0.8264E-84  0.2000E+02
  -3.524  0.8264E-84  0.2000E+02
  -3.514  0.8264E-84  0.2000E+02
  -3.504  0.8264E-84  0.2000E+02
  -3.494  0.8264E-84  0.2000E+02
  -3.484  0.8264E-84  0.2000E+02
  -3.474  0.8264E-84  0.2000E+02
  -3.464  0.8264E-84  0.2000E+02
  -3.454  0.8264E-84  0.2000E+02
  -3.444  0.8264E-84  0.2000E+02
  -3.434  0.8264E-84  0.2000E+02
  -3.424  0.8264E-84  0.2000E+02
  -3.414  0.8264E-84  0.2000E+02
  -3.404  0.8264E-84  0.2000E+02
  -3.394  0.8264E-84  0.2000E+02
  -3.384  0.8264E-84  0.2000E+02
  -3.374  0.8264E-84  0.2000E+02
  -3.364  0.8264E-84  0.2000E+02
  -3.354  0.8264E-84  0.2000E+02
  -3.344  0.8264E-84  0.2000E+02
  -3.334  0.8264E-84  0.2000E+02
  -3.324  0.8264E-84  0.2000E+02
  -3.314  0.8264E-84  0.2000E+02
  -3.304  0.8264E-84  0.2000E+02
  -3.294  0.8264E-84  0.2000E+02
  -3.284  0.8264E-84  0.2000E+02
  -3.274  0.8264E-84  0.2000E+02
  -3.264  0.8264E-84  0.2000E+02
  -3.254  0.8264E-84  0.2000E+02
  -3.244  0.8264E-84  0.2000E+02
  -3.234  0.8264E-84  0.2000E+02
  -3.224  0.8264E-84  0.2000E+02
  -3.214  0.8264E-84  0.2000E+02
  -3.204  0.8264E-84  0.2000E+02
  -3.194  0.8264E-84  0.2000E+02
  -3.184  0.8264E-84  0.2000E+02
  -3.174  0.8264E-84  0.2000E+02
  -3.164  0.8264E-84  0.2000E+02
  -3.154  0.8264E-84  0.2000E+02
  -3.144  0.8264E-84  0.2000E+02
  -3.134  0.8264E-84  0.2000E+02
  -3.124  0.8264E-84  0.2000E+02
  -3.114  0.8264E-84  0.2000E+02
  -3.104  0.8264E-84  0.2000E+02
  -3.094  0.8264E-84  0.2000E+02
  -3.084  0.8264E-84  0.2000E+02
  -3.074  0.8264E-84  0.2000E+02
  -3.064  0.8264E-84  0.2000E+02
  -3.054  0.8264E-84  0.2000E+02
  -3.044  0.8264E-84  0.2000E+02
  -3.034  0.8264E-84  0.2000E+02
  -3.024  0.8264E-84  0.2000E+02
  -3.014  0.8264E-84  0.2000E+02
  -3.004  0.8264E-84  0.2000E+02
  -2.994  0.8264E-84  0.2000E+02
  -2.984  0.8264E-84  0.2000E+02
  -2.974  0.8264E-84  0.2000E+02
  -2.964  0.8264E-84  0.2000E+02
  -2.954  0.8264E-84  0.2000E+02
  -2.944  0.8264E-84  0.2000E+02
  -2.934  0.8264E-84  0.2000E+02
  -2.924  0.8264E-84  0.2000E+02
  -2.914  0.8264E-84  0.2000E+02
  -2.904  0.8264E-84  0.2000E+02
  -2.894  0.8264E-84  0.2000E+02
  -2.884  0.8264E-84  0.2000E+02
  -2.874  0.8264E-84  0.2000E+02
  -2.864  0.8264E-84  0.2000E+02
  -2.854  0.8264E-84  0.2000E+02
  -2.844  0.8264E-84  0.2000E+02
  -2.834  0.8264E-84  0.2000E+02
  -2.824  0.8264E-84  0.2000E+02
  -2.814  0.8264E-84  0.2000E+02
  -2.804  0.8264E-84  0.2000E+02
  -2.794  0.8264E-84  0.2000E+02
  -2.784  0.8264E-84  0.2000E+02
  -2.774  0.8264E-84  0.2000E+02
  -2.764  0.8264E-84  0.2000E+02
  -2.754  0.8264E-84  0.2000E+02
  -2.744  0.8264E-84  0.2000E+02
  -2.734  0.8264E-84  0.2000E+02
  -2.724  0.8264E-84  0.2000E+02
  -2.714  0.8264E-84  0.2000E+02
  -2.704  0.8264E-84  0.2000E+02
  -2.694  0.8264E-84  0.2000E+02
  -2.684  0.8264E-84  0.2000E+02
  -2.674  0.8264E-84  0.2000E+02
  -2.664  0.8264E-84  0.2000E+02
  -2.654  0.8264E-84  0.2000E+02
  -2.644  0.8264E-84  0.2000E+02
  -2.634  0.8264E-84  0.2000E+02
  -2.624  0.8264E-84  0.2000E+02
  -2.614  0.8264E-84  0.2000E+02
  -2.604  0.8264E-84  0.2000E+02
  -2.594  0.8264E-84  0.2000E+02
  -2.584  0.8264E-84  0.2000E+02
  -2.574  0.8264E-84  0.2000E+02
  -2.564  0.8264E-84  0.2000E+02
  -2.554  0.8264E-84  0.2000E+02
  -2.544  0.8264E-84  0.2000E+02
  -2.534  0.8264E-84  0.2000E+02
  -2.524  0.8264E-84  0.2000E+02
  -2.514  0.8264E-84  0.2000E+02
  -2.504  0.8264E-84  0.2000E+02
  -2.494  0.8264E-84  0.2000E+02
  -2.484  0.8264E-84  0.2000E+02
  -2.474  0.8264E-84  0.2000E+02
  -2.464  0.8264E-84  0.2000E+02
  -2.454  0.8264E-84  0.2000E+02
  -2.444  0.8264E-84  0.2000E+02
  -2.434  0.8264E-84  0.2000E+02
  -2.424  0.8264E-84  0.2000E+02
  -2.414  0.8264E-84  0.2000E+02
  -2.404  0.8264E-84  0.2000E+02
  -2.394  0.8264E-84  0.2000E+02
  -2.384  0.8264E-84  0.2000E+02
  -2.374  0.8264E-84  0.2000E+02
  -2.364  0.8264E-84  0.2000E+02
  -2.354  0.8264E-84  0.2000E+02
  -2.344  0.8264E-84  0.2000E+02
  -2.334  0.8264E-84  0.2000E+02
  -2.324  0.8264E-84  0.2000E+02
  -2.314  0.8264E-84  0.2000E+02
  -2.304  0.8264E-84  0.2000E+02
  -2.294  0.8264E-84  0.2000E+02
  -2.284  0.8264E-84  0.2000E+02
  -2.274  0.8264E-84  0.2000E+02
  -2.264  0.8264E-84  0.2000E+02
  -2.254  0.8264E-84  0.2000E+02
  -2.244  0.8264E-84  0.2000E+02
  -2.234  0.8264E-84  0.2000E+02
  -2.224  0.8264E-84  0.2000E+02
  -2.214  0.8264E-84  0.2000E+02
  -2.204  0.8264E-84  0.2000E+02
  -2.194  0.8264E-84  0.2000E+02
  -2.184  0.8264E-84  0.2000E+02
  -2.174  0.8264E-84  0.2000E+02
  -2.164  0.8264E-84  0.2000E+02
  -2.154  0.8264E-84  0.2000E+02
  -2.144  0.8264E-84  0.2000E+02
  -2.134  0.8264E-84  0.2000E+02
  -2.124  0.8264E-84  0.2000E+02
  -2.114  0.8264E-84  0.2000E+02
  -2.104  0.8264E-84  0.2000E+02
  -2.094  0.8264E-84  0.2000E+02
  -2.084  0.8264E-84  0.2000E+02
  -2.074  0.8264E-84  0.2000E+02
  -2.064  0.8264E-84  0.2000E+02
  -2.054  0.8264E-84  0.2000E+02
  -2.044  0.8264E-84  0.2000E+02
  -2.034  0.8264E-84  0.2000E+02
  -2.024  0.8264E-84  0.2000E+02
  -2.014  0.8264E-84  0.2000E+02
  -2.004  0.8264E-84  0.2000E+02
  -1.994  0.8264E-84  0.2000E+02
  -1.984  0.8264E-84  0.2000E+02
  -1.974  0.8264E-84  0.2000E+02
  -1.964  0.8264E-84  0.2000E+02
  -1.954  0.8264E-84  0.2000E+02
  -1.944  0.8264E-84  0.2000E+02
  -1.934  0.8264E-84  0.2000E+02
  -1.924  0.8264E-84  0.2000E+02
  -1.914  0.8264E-84  0.2000E+02
  -1.904  0.8264E-84  0.2000E+02
  -1.894  0.8264E-84  0.2000E+02
  -1.884  0.8264E-84  0.2000E+02
  -1.874  0.8264E-84  0.2000E+02
  -1.864  0.8264E-84  0.2000E+02
  -1.854  0.8264E-84  0.2000E+02
  -1.844  0.8264E-84  0.2000E+02
  -1.834  0.8264E-84  0.2000E+02
  -1.824  0.8264E-84  0.2000E+02
  -1.814  0.8264E-84  0.2000E+02
  -1.804  0.8264E-84  0.2000E+02
  -1.794  0.8264E-84  0.2000E+02
  -1.784  0.8264E-84  0.2000E+02
  -1.774  0.8264E-84  0.2000E+02
  -1.764  0.8264E-84  0.2000E+02
  -1.754  0.8264E-84  0.2000E+02
  -1.744  0.8264E-84  0.2000E+02
  -1.734  0.8264E-84  0.2000E+02
  -1.724  0.8264E-84  0.2000E+02
  -1.714  0.8264E-84  0.2000E+02
  -1.704  0.8264E-84  0.2000E+02
  -1.694  0.8264E-84  0.2000E+02
  -1.684  0.8264E-84  0.2000E+02
  -1.674  0.8264E-84  0.2000E+02
  -1.664  0.8264E-84  0.2000E+02
  -1.654  0.8264E-84  0.2000E+02
  -1.644  0.8264E-84  0.2000E+02
  -1.634  0.8264E-84  0.2000E+02
  -1.624  0.8264E-84  0.2000E+02
  -1.614  0.8264E-84  0.2000E+02
  -1.604  0.8264E-84  0.2000E+02
  -1.594  0.8264E-84  0.2000E+02
  -1.584  0.8264E-84  0.2000E+02
  -1.574  0.8264E-84  0.2000E+02
  -1.564  0.8264E-84  0.2000E+02
  -1.554  0.8264E-84  0.2000E+02
  -1.544  0.8264E-84  0.2000E+02
  -1.534  0.8264E-84  0.2000E+02
  -1.524  0.8264E-84  0.2000E+02
  -1.514  0.8264E-84  0.2000E+02
  -1.504  0.8264E-84  0.2000E+02
  -1.494  0.8264E-84  0.2000E+02
  -1.484  0.8264E-84  0.2000E+02
  -1.474  0.8264E-84  0.2000E+02
  -1.464  0.8264E-84  0.2000E+02
  -1.454  0.8264E-84  0.2000E+02
  -1.444  0.8264E-84  0.2000E+02
  -1.434  0.8264E-84  0.2000E+02
  -1.424  0.8264E-84  0.2000E+02
  -1.414  0.8264E-84  0.2000E+02
  -1.404  0.8264E-84  0.2000E+02
  -1.394  0.8264E-84  0.2000E+02
  -1.384  0.8264E-84  0.2000E+02
  -1.374  0.8264E-84  0.2000E+02
  -1.364  0.8264E-84  0.2000E+02
  -1.354  0.8264E-84  0.2000E+02
  -1.344  0.8264E-84  0.2000E+02
  -1.334  0.8264E-84  0.2000E+02
  -1.324  0.8264E-84  0.2000E+02
  -1.314  0.8264E-84  0.2000E+02
  -1.304  0.8264E-84  0.2000E+02
  -1.294  0.8264E-84  0.2000E+02
  -1.284  0.8264E-84  0.2000E+02
  -1.274  0.8264E-84  0.2000E+02
  -1.264  0.8264E-84  0.2000E+02
  -1.254  0.8264E-84  0.2000E+02
  -1.244  0.8264E-84  0.2000E+02
  -1.234  0.8264E-84  0.2000E+02
  -1.224  0.8264E-84  0.2000E+02
  -1.214  0.8264E-84  0.2000E+02
  -1.204  0.8264E-84  0.2000E+02
  -1.194  0.8264E-84  0.2000E+02
  -1.184  0.8264E-84  0.2000E+02
  -1.174  0.8264E-84  0.2000E+02
  -1.164  0.8264E-84  0.2000E+02
  -1.154  0.8264E-84  0.2000E+02
  -1.144  0.8264E-84  0.2000E+02
  -1.134  0.8264E-84  0.2000E+02
  -1.124  0.8264E-84  0.2000E+02
  -1.114  0.8264E-84  0.2000E+02
  -1.104  0.8264E-84  0.2000E+02
  -1.094  0.8264E-84  0.2000E+02
  -1.084  0.8264E-84  0.2000E+02
  -1.074  0.8264E-84  0.2000E+02
  -1.064  0.8264E-84  0.2000E+02
  -1.054  0.8264E-84  0.2000E+02
  -1.044  0.8264E-84  0.2000E+02
  -1.034  0.8264E-84  0.2000E+02
  -1.024  0.8264E-84  0.2000E+02
  -1.014  0.8264E-84  0.2000E+02
  -1.004  0.8264E-84  0.2000E+02
  -0.994  0.8264E-84  0.2000E+02
  -0.984  0.8264E-84  0.2000E+02
  -0.974  0.8264E-84  0.2000E+02
  -0.964  0.8264E-84  0.2000E+02
  -0.954  0.8264E-84  0.2000E+02
  -0.944  0.8264E-84  0.2000E+02
  -0.934  0.8264E-84  0.2000E+02
  -0.924  0.8264E-84  0.2000E+02
  -0.914  0.8264E-84  0.2000E+02
  -0.904  0.8264E-84  0.2000E+02
  -0.894  0.8264E-84  0.2000E+02
  -0.884  0.8264E-84  0.2000E+02
  -0.874  0.8264E-84  0.2000E+02
  -0.864  0.8264E-84  0.2000E+02
  -0.854  0.8264E-84  0.2000E+02
  -0.844  0.8264E-84  0.2000E+02
  -0.834  0.8264E-84  0.2000E+02
  -0.824  0.8264E-84  0.2000E+02
  -0.814  0.8264E-84  0.2000E+02
  -0.804  0.8264E-84  0.2000E+02
  -0.794  0.8264E-84  0.2000E+02
  -0.784  0.8264E-84  0.2000E+02
  -0.774  0.8264E-84  0.2000E+02
  -0.764  0.8264E-84  0.2000E+02
  -0.754  0.8264E-84  0.2000E+02
  -0.744  0.8264E-84  0.2000E+02
  -0.734  0.8264E-84  0.2000E+02
  -0.724  0.8264E-84  0.2000E+02
  -0.714  0.8264E-84  0.2000E+02
  -0.704  0.8264E-84  0.2000E+02
  -0.694  0.8264E-84  0.2000E+02
  -0.684  0.8264E-84  0.2000E+02
  -0.674  0.8264E-84  0.2000E+02
  -0.664  0.8264E-84  0.2000E+02
  -0.654  0.8264E-84  0.2000E+02
  -0.644  0.8264E-84  0.2000E+02
  -0.634  0.8264E-84  0.2000E+02
  -0.624  0.8264E-84  0.2000E+02
  -0.614  0.8264E-84  0.2000E+02
  -0.604  0.8264E-84  0.2000E+02
  -0.594  0.8264E-84  0.2000E+02
  -0.584  0.8264E-84  0.2000E+02
  -0.574  0.8264E-84  0.2000E+02
  -0.564  0.8264E-84  0.2000E+02
  -0.554  0.8264E-84  0.2000E+02
  -0.544  0.8264E-84  0.2000E+02
  -0.534  0.8264E-84  0.2000E+02
  -0.524  0.8264E-84  0.2000E+02
  -0.514  0.8264E-84  0.2000E+02
  -0.504  0.8264E-84  0.2000E+02
  -0.494  0.8264E-84  0.2000E+02
  -0.484  0.8264E-84  0.2000E+02
  -0.474  0.8264E-84  0.2000E+02
  -0.464  0.8264E-84  0.2000E+02
  -0.454  0.8264E-84  0.2000E+02
  -0.444  0.8264E-84  0.2000E+02
  -0.434  0.8264E-84  0.2000E+02
  -0.424  0.8264E-84  0.2000E+02
  -0.414  0.8264E-84  0.2000E+02
  -0.404  0.8264E-84  0.2000E+02
  -0.394  0.8264E-84  0.2000E+02
  -0.384  0.8264E-84  0.2000E+02
  -0.374  0.8264E-84  0.2000E+02
  -0.364  0.8264E-84  0.2000E+02
  -0.354  0.8264E-84  0.2000E+02
  -0.344  0.8264E-84  0.2000E+02
  -0.334  0.8264E-84  0.2000E+02
  -0.324  0.8264E-84  0.2000E+02
  -0.314  0.8264E-84  0.2000E+02
  -0.304  0.8264E-84  0.2000E+02
  -0.294  0.8264E-84  0.2000E+02
  -0.284  0.8264E-84  0.2000E+02
  -0.274  0.8264E-84  0.2000E+02
  -0.264  0.8264E-84  0.2000E+02
  -0.254  0.8264E-84  0.2000E+02
  -0.244  0.8264E-84  0.2000E+02
  -0.234  0.8264E-84  0.2000E+02
  -0.224  0.8264E-84  0.2000E+02
  -0.214  0.8264E-84  0.2000E+02
  -0.204  0.8264E-84  0.2000E+02
  -0.194  0.8264E-84  0.2000E+02
  -0.184  0.8264E-84  0.2000E+02
  -0.174  0.8264E-84  0.2000E+02
  -0.164  0.8264E-84  0.2000E+02
  -0.154  0.8264E-84  0.2000E+02
  -0.144  0.8264E-84  0.2000E+02
  -0.134  0.8264E-84  0.2000E+02
  -0.124  0.8264E-84  0.2000E+02
  -0.114  0.8264E-84  0.2000E+02
  -0.104  0.8264E-84  0.2000E+02
  -0.094  0.8264E-84  0.2000E+02
  -0.084  0.8264E-84  0.2000E+02
  -0.074  0.8264E-84  0.2000E+02
  -0.064  0.8264E-84  0.2000E+02
  -0.054  0.8264E-84  0.2000E+02
  -0.044  0.8264E-84  0.2000E+02
  -0.034  0.8264E-84  0.2000E+02
  -0.024  0.8264E-84  0.2000E+02
  -0.014  0.8264E-84  0.2000E+02
  -0.004  0.8264E-84  0.2000E+02
   0.006  0.8264E-84  0.2000E+02
   0.016  0.8264E-84  0.2000E+02
   0.026  0.8264E-84  0.2000E+02
   0.036  0.8264E-84  0.2000E+02
   0.046  0.8264E-84  0.2000E+02
   0.056  0.8264E-84  0.2000E+02
   0.066  0.8264E-84  0.2000E+02
   0.076  0.8264E-84  0.2000E+02
   0.086  0.8264E-84  0.2000E+02
   0.096  0.8264E-84  0.2000E+02
   0.106  0.8264E-84  0.2000E+02
   0.116  0.8264E-84  0.2000E+02
   0.126  0.8264E-84  0.2000E+02
   0.136  0.8264E-84  0.2000E+02
   0.146  0.8264E-84  0.2000E+02
   0.156  0.8264E-84  0.2000E+02
   0.166  0.8264E-84  0.2000E+02
   0.176  0.8264E-84  0.2000E+02
   0.186  0.8264E-84  0.2000E+02
   0.196  0.8264E-84  0.2000E+02
   0.206  0.8264E-84  0.2000E+02
   0.216  0.8264E-84  0.2000E+02
   0.226  0.8264E-84  0.2000E+02
   0.236  0.8264E-84  0.2000E+02
   0.246  0.8264E-84  0.2000E+02
   0.256  0.8264E-84  0.2000E+02
   0.266  0.8264E-84  0.2000E+02
   0.276  0.8264E-84  0.2000E+02
   0.286  0.8264E-84  0.2000E+02
   0.296  0.8264E-84  0.2000E+02
   0.306  0.8264E-84  0.2000E+02
   0.316  0.8264E-84  0.2000E+02
   0.326  0.8264E-84  0.2000E+02
   0.336  0.8264E-84  0.2000E+02
   0.346  0.8264E-84  0.2000E+02
   0.356  0.8264E-84  0.2000E+02
   0.366  0.8264E-84  0.2000E+02
   0.376  0.8264E-84  0.2000E+02
   0.386  0.8264E-84  0.2000E+02
   0.396  0.8264E-84  0.2000E+02
   0.406  0.8264E-84  0.2000E+02
   0.416  0.8264E-84  0.2000E+02
   0.426  0.8264E-84  0.2000E+02
   0.436  0.8264E-84  0.2000E+02
   0.446  0.8264E-84  0.2000E+02
   0.456  0.8264E-84  0.2000E+02
   0.466  0.8264E-84  0.2000E+02
   0.476  0.8264E-84  0.2000E+02
   0.486  0.8264E-84  0.2000E+02
   0.496  0.8264E-84  0.2000E+02
   0.506  0.8264E-84  0.2000E+02
   0.516  0.8264E-84  0.2000E+02
   0.526  0.8264E-84  0.2000E+02
   0.536  0.8264E-84  0.2000E+02
   0.546  0.8264E-84  0.2000E+02
   0.556  0.8264E-84  0.2000E+02
   0.566  0.8264E-84  0.2000E+02
   0.576  0.8264E-84  0.2000E+02
   0.586  0.8264E-84  0.2000E+02
   0.596  0.8264E-84  0.2000E+02
   0.606  0.8264E-84  0.2000E+02
   0.616  0.8264E-84  0.2000E+02
   0.626  0.8264E-84  0.2000E+02
   0.636  0.8264E-84  0.2000E+02
   0.646  0.8264E-84  0.2000E+02
   0.656  0.8264E-84  0.2000E+02
   0.666  0.8264E-84  0.2000E+02
   0.676  0.8264E-84  0.2000E+02
   0.686  0.8264E-84  0.2000E+02
   0.696  0.8264E-84  0.2000E+02
   0.706  0.8264E-84  0.2000E+02
   0.716  0.8264E-84  0.2000E+02
   0.726  0.8264E-84  0.2000E+02
   0.736  0.8264E-84  0.2000E+02
   0.746  0.8264E-84  0.2000E+02
   0.756  0.8264E-84  0.2000E+02
   0.766  0.8264E-84  0.2000E+02
   0.776  0.8264E-84  0.2000E+02
   0.786  0.8264E-84  0.2000E+02
   0.796  0.8264E-84  0.2000E+02
   0.806  0.8264E-84  0.2000E+02
   0.816  0.8264E-84  0.2000E+02
   0.826  0.8264E-84  0.2000E+02
   0.836  0.8264E-84  0.2000E+02
   0.846  0.8264E-84  0.2000E+02
   0.856  0.8264E-84  0.2000E+02
   0.866  0.8264E-84  0.2000E+02
   0.876  0.8264E-84  0.2000E+02
   0.886  0.8264E-84  0.2000E+02
   0.896  0.8264E-84  0.2000E+02
   0.906  0.8264E-84  0.2000E+02
   0.916  0.8264E-84  0.2000E+02
   0.926  0.8264E-84  0.2000E+02
   0.936  0.8264E-84  0.2000E+02
   0.946  0.8264E-84  0.2000E+02
   0.956  0.8264E-84  0.2000E+02
   0.966  0.8264E-84  0.2000E+02
   0.976  0.8264E-84  0.2000E+02
   0.986  0.8264E-84  0.2000E+02
   0.996  0.8264E-84  0.2000E+02
   1.006  0.8264E-84  0.2000E+02
   1.016  0.8264E-84  0.2000E+02
   1.026  0.8264E-84  0.2000E+02
   1.036  0.8264E-84  0.2000E+02
   1.046  0.8264E-84  0.2000E+02
   1.056  0.8264E-84  0.2000E+02
   1.066  0.8264E-84  0.2000E+02
   1.076  0.8264E-84  0.2000E+02
   1.086  0.8264E-84  0.2000E+02
   1.096  0.8264E-84  0.2000E+02
   1.106  0.8264E-84  0.2000E+02
   1.116  0.8264E-84  0.2000E+02
   1.126  0.8264E-84  0.2000E+02
   1.136  0.8264E-84  0.2000E+02
   1.146  0.8264E-84  0.2000E+02
   1.156  0.8264E-84  0.2000E+02
   1.166  0.8264E-84  0.2000E+02
   1.176  0.8264E-84  0.2000E+02
   1.186  0.8264E-84  0.2000E+02
   1.196  0.8264E-84  0.2000E+02
   1.206  0.8264E-84  0.2000E+02
   1.216  0.8264E-84  0.2000E+02
   1.226  0.8264E-84  0.2000E+02
   1.236  0.8264E-84  0.2000E+02
   1.246  0.8264E-84  0.2000E+02
   1.256  0.8264E-84  0.2000E+02
   1.266  0.8264E-84  0.2000E+02
   1.276  0.8264E-84  0.2000E+02
   1.286  0.8264E-84  0.2000E+02
   1.296  0.8264E-84  0.2000E+02
   1.306  0.8264E-84  0.2000E+02
   1.316  0.8264E-84  0.2000E+02
   1.326  0.8264E-84  0.2000E+02
   1.336  0.8264E-84  0.2000E+02
   1.346  0.8264E-84  0.2000E+02
   1.356  0.8264E-84  0.2000E+02
   1.366  0.8264E-84  0.2000E+02
   1.376  0.8264E-84  0.2000E+02
   1.386  0.8264E-84  0.2000E+02
   1.396  0.8264E-84  0.2000E+02
   1.406  0.8264E-84  0.2000E+02
   1.416  0.8264E-84  0.2000E+02
   1.426  0.8264E-84  0.2000E+02
   1.436  0.8264E-84  0.2000E+02
   1.446  0.8264E-84  0.2000E+02
   1.456  0.8264E-84  0.2000E+02
   1.466  0.8264E-84  0.2000E+02
   1.476  0.8264E-84  0.2000E+02
   1.486  0.8264E-84  0.2000E+02
   1.496  0.8264E-84  0.2000E+02
   1.506  0.8264E-84  0.2000E+02
   1.516  0.8264E-84  0.2000E+02
   1.526  0.8264E-84  0.2000E+02
   1.536  0.8264E-84  0.2000E+02
   1.546  0.8264E-84  0.2000E+02
   1.556  0.8264E-84  0.2000E+02
   1.566  0.8264E-84  0.2000E+02
   1.576  0.8264E-84  0.2000E+02
   1.586  0.8264E-84  0.2000E+02
   1.596  0.8264E-84  0.2000E+02
   1.606  0.8264E-84  0.2000E+02
   1.616  0.8264E-84  0.2000E+02
   1.626  0.8264E-84  0.2000E+02
   1.636  0.8264E-84  0.2000E+02
   1.646  0.8264E-84  0.2000E+02
   1.656  0.8264E-84  0.2000E+02
   1.666  0.8264E-84  0.2000E+02
   1.676  0.8264E-84  0.2000E+02
   1.686  0.8264E-84  0.2000E+02
   1.696  0.8264E-84  0.2000E+02
   1.706  0.8264E-84  0.2000E+02
   1.716  0.8264E-84  0.2000E+02
   1.726  0.8264E-84  0.2000E+02
   1.736  0.8264E-84  0.2000E+02
   1.746  0.8264E-84  0.2000E+02
   1.756  0.8264E-84  0.2000E+02
   1.766  0.8264E-84  0.2000E+02
   1.776  0.8264E-84  0.2000E+02
   1.786  0.8264E-84  0.2000E+02
   1.796  0.8264E-84  0.2000E+02
   1.806  0.8264E-84  0.2000E+02
   1.816  0.8264E-84  0.2000E+02
   1.826  0.8264E-84  0.2000E+02
   1.836  0.8264E-84  0.2000E+02
   1.846  0.8264E-84  0.2000E+02
   1.856  0.8264E-84  0.2000E+02
   1.866  0.8264E-84  0.2000E+02
   1.876  0.8264E-84  0.2000E+02
   1.886  0.8264E-84  0.2000E+02
   1.896  0.8264E-84  0.2000E+02
   1.906  0.8264E-84  0.2000E+02
   1.916  0.8264E-84  0.2000E+02
   1.926  0.8264E-84  0.2000E+02
   1.936  0.8264E-84  0.2000E+02
   1.946  0.8264E-84  0.2000E+02
   1.956  0.8264E-84  0.2000E+02
   1.966  0.8264E-84  0.2000E+02
   1.976  0.8264E-84  0.2000E+02
   1.986  0.8264E-84  0.2000E+02
   1.996  0.8264E-84  0.2000E+02
   2.006  0.8264E-84  0.2000E+02
   2.016  0.8264E-84  0.2000E+02
   2.026  0.8264E-84  0.2000E+02
   2.036  0.8264E-84  0.2000E+02
   2.046  0.8264E-84  0.2000E+02
   2.056  0.8264E-84  0.2000E+02
   2.066  0.8264E-84  0.2000E+02
   2.076  0.8264E-84  0.2000E+02
   2.086  0.8264E-84  0.2000E+02
   2.096  0.8264E-84  0.2000E+02
   2.106  0.8264E-84  0.2000E+02
   2.116  0.8264E-84  0.2000E+02
   2.126  0.8264E-84  0.2000E+02
   2.136  0.8264E-84  0.2000E+02
   2.146  0.8264E-84  0.2000E+02
   2.156  0.8264E-84  0.2000E+02
   2.166  0.8264E-84  0.2000E+02
   2.176  0.8264E-84  0.2000E+02
   2.186  0.8264E-84  0.2000E+02
   2.196  0.8264E-84  0.2000E+02
   2.206  0.8264E-84  0.2000E+02
   2.216  0.8264E-84  0.2000E+02
   2.226  0.8264E-84  0.2000E+02
   2.236  0.8264E-84  0.2000E+02
   2.246  0.8264E-84  0.2000E+02
   2.256  0.8264E-84  0.2000E+02
   2.266  0.8264E-84  0.2000E+02
   2.276  0.8264E-84  0.2000E+02
   2.286  0.8289E-84  0.2000E+02
   2.296  0.1009E-83  0.2000E+02
   2.306  0.1157E-82  0.2000E+02
   2.316  0.6040E-81  0.2000E+02
   2.326  0.3242E-79  0.2000E+02
   2.336  0.1669E-77  0.2000E+02
   2.346  0.8228E-76  0.2000E+02
   2.356  0.3885E-74  0.2000E+02
   2.366  0.1757E-72  0.2000E+02
   2.376  0.7611E-71  0.2000E+02
   2.386  0.3158E-69  0.2000E+02
   2.396  0.1255E-67  0.2000E+02
   2.406  0.4775E-66  0.2000E+02
   2.416  0.1741E-64  0.2000E+02
   2.426  0.6077E-63  0.2000E+02
   2.436  0.2032E-61  0.2000E+02
   2.446  0.6508E-60  0.2000E+02
   2.456  0.1996E-58  0.2000E+02
   2.466  0.5866E-57  0.2000E+02
   2.476  0.1651E-55  0.2000E+02
   2.486  0.4450E-54  0.2000E+02
   2.496  0.1149E-52  0.2000E+02
   2.506  0.2841E-51  0.2000E+02
   2.516  0.6728E-50  0.2000E+02
   2.526  0.1526E-48  0.2000E+02
   2.536  0.3317E-47  0.2000E+02
   2.546  0.6903E-46  0.2000E+02
   2.556  0.1376E-44  0.2000E+02
   2.566  0.2628E-43  0.2000E+02
   2.576  0.4807E-42  0.2000E+02
   2.586  0.8422E-41  0.2000E+02
   2.596  0.1413E-39  0.2000E+02
   2.606  0.2272E-38  0.2000E+02
   2.616  0.3498E-37  0.2000E+02
   2.626  0.5160E-36  0.2000E+02
   2.636  0.7290E-35  0.2000E+02
   2.646  0.9867E-34  0.2000E+02
   2.656  0.1279E-32  0.2000E+02
   2.666  0.1589E-31  0.2000E+02
   2.676  0.1890E-30  0.2000E+02
   2.686  0.2154E-29  0.2000E+02
   2.696  0.2352E-28  0.2000E+02
   2.706  0.2460E-27  0.2000E+02
   2.716  0.2465E-26  0.2000E+02
   2.726  0.2366E-25  0.2000E+02
   2.736  0.2176E-24  0.2000E+02
   2.746  0.1917E-23  0.2000E+02
   2.756  0.1618E-22  0.2000E+02
   2.766  0.1308E-21  0.2000E+02
   2.776  0.1014E-20  0.2000E+02
   2.786  0.7527E-20  0.2000E+02
   2.796  0.5354E-19  0.2000E+02
   2.806  0.3649E-18  0.2000E+02
   2.816  0.2383E-17  0.2000E+02
   2.826  0.1492E-16  0.2000E+02
   2.836  0.8945E-16  0.2000E+02
   2.846  0.5141E-15  0.2000E+02
   2.856  0.2831E-14  0.2000E+02
   2.866  0.1495E-13  0.2000E+02
   2.876  0.7561E-13  0.2000E+02
   2.886  0.3667E-12  0.2000E+02
   2.896  0.1704E-11  0.2000E+02
   2.906  0.7594E-11  0.2000E+02
   2.916  0.3244E-10  0.2000E+02
   2.926  0.1328E-09  0.2000E+02
   2.936  0.5216E-09  0.2000E+02
   2.946  0.1964E-08  0.2000E+02
   2.956  0.7092E-08  0.2000E+02
   2.966  0.2456E-07  0.2000E+02
   2.976  0.8160E-07  0.2000E+02
   2.986  0.2601E-06  0.2000E+02
   2.996  0.7954E-06  0.2000E+02
   3.006  0.2334E-05  0.2000E+02
   3.016  0.6575E-05  0.2000E+02
   3.026  0.1778E-04  0.2000E+02
   3.036  0.4618E-04  0.2000E+02
   3.046  0.1152E-03  0.2000E+02
   3.056  0.2761E-03  0.2000E+02
   3.066  0.6359E-03  0.2000E+02
   3.076  0.1408E-02  0.2000E+02
   3.086  0.2998E-02  0.2000E+02
   3.096  0.6143E-02  0.2000E+02
   3.106  0.1212E-01  0.2000E+02
   3.116  0.2301E-01  0.2000E+02
   3.126  0.4210E-01  0.2000E+02
   3.136  0.7426E-01  0.2000E+02
   3.146  0.1263E+00  0.2000E+02
   3.156  0.2074E+00  0.2000E+02
   3.166  0.3290E+00  0.2001E+02
   3.176  0.5042E+00  0.2001E+02
   3.186  0.7474E+00  0.2002E+02
   3.196  0.1073E+01  0.2003E+02
   3.206  0.1492E+01  0.2005E+02
   3.216  0.2012E+01  0.2007E+02
   3.226  0.2635E+01  0.2009E+02
   3.236  0.3356E+01  0.2013E+02
   3.246  0.4160E+01  0.2017E+02
   3.256  0.5028E+01  0.2022E+02
   3.266  0.5933E+01  0.2028E+02
   3.276  0.6846E+01  0.2035E+02
   3.286  0.7736E+01  0.2042E+02
   3.296  0.8576E+01  0.2051E+02
   3.306  0.9339E+01  0.2060E+02
   3.316  0.1001E+02  0.2070E+02
   3.326  0.1056E+02  0.2081E+02
   3.336  0.1100E+02  0.2092E+02
   3.346  0.1130E+02  0.2103E+02
   3.356  0.1149E+02  0.2115E+02
   3.366  0.1156E+02  0.2126E+02
   3.376  0.1153E+02  0.2138E+02
   3.386  0.1141E+02  0.2149E+02
   3.396  0.1122E+02  0.2160E+02
   3.406  0.1096E+02  0.2171E+02
   3.416  0.1065E+02  0.2182E+02
   3.426  0.1031E+02  0.2192E+02
   3.436  0.9945E+01  0.2202E+02
   3.446  0.9568E+01  0.2212E+02
   3.456  0.9197E+01  0.2221E+02
   3.466  0.8852E+01  0.2230E+02
   3.476  0.8553E+01  0.2238E+02
   3.486  0.8317E+01  0.2247E+02
   3.496  0.8155E+01  0.2255E+02
   3.506  0.8072E+01  0.2263E+02
   3.516  0.8061E+01  0.2271E+02
   3.526  0.8110E+01  0.2279E+02
   3.536  0.8201E+01  0.2287E+02
   3.546  0.8317E+01  0.2296E+02
   3.556  0.8445E+01  0.2304E+02
   3.566  0.8577E+01  0.2313E+02
   3.576  0.8713E+01  0.2321E+02
   3.586  0.8856E+01  0.2330E+02
   3.596  0.9011E+01  0.2339E+02
   3.606  0.9180E+01  0.2348E+02
   3.616  0.9366E+01  0.2358E+02
   3.626  0.9564E+01  0.2367E+02
   3.636  0.9773E+01  0.2377E+02
   3.646  0.9992E+01  0.2387E+02
   3.656  0.1022E+02  0.2397E+02
   3.666  0.1047E+02  0.2408E+02
   3.676  0.1074E+02  0.2419E+02
   3.686  0.1104E+02  0.2430E+02
   3.696  0.1139E+02  0.2441E+02
   3.706  0.1178E+02  0.2453E+02
   3.716  0.1222E+02  0.2465E+02
   3.726  0.1271E+02  0.2478E+02
   3.736  0.1323E+02  0.2491E+02
   3.746  0.1379E+02  0.2505E+02
   3.756  0.1437E+02  0.2519E+02
   3.766  0.1493E+02  0.2534E+02
   3.776  0.1547E+02  0.2549E+02
   3.786  0.1593E+02  0.2565E+02
   3.796  0.1630E+02  0.2582E+02
   3.806  0.1653E+02  0.2598E+02
   3.816  0.1662E+02  0.2615E+02
   3.826  0.1656E+02  0.2631E+02
   3.836  0.1634E+02  0.2648E+02
   3.846  0.1601E+02  0.2664E+02
   3.856  0.1558E+02  0.2679E+02
   3.866  0.1512E+02  0.2694E+02
   3.876  0.1464E+02  0.2709E+02
   3.886  0.1419E+02  0.2723E+02
   3.896  0.1379E+02  0.2737E+02
   3.906  0.1343E+02  0.2750E+02
   3.916  0.1312E+02  0.2764E+02
   3.926  0.1284E+02  0.2776E+02
   3.936  0.1258E+02  0.2789E+02
   3.946  0.1234E+02  0.2801E+02
   3.956  0.1211E+02  0.2813E+02
   3.966  0.1189E+02  0.2825E+02
   3.976  0.1170E+02  0.2837E+02
   3.986  0.1155E+02  0.2849E+02
   3.996  0.1143E+02  0.2860E+02
   4.006  0.1135E+02  0.2871E+02
   4.016  0.1132E+02  0.2883E+02
   4.026  0.1133E+02  0.2894E+02
   4.036  0.1138E+02  0.2905E+02
   4.046  0.1146E+02  0.2917E+02
   4.056  0.1155E+02  0.2928E+02
   4.066  0.1165E+02  0.2940E+02
   4.076  0.1174E+02  0.2952E+02
   4.086  0.1181E+02  0.2964E+02
   4.096  0.1182E+02  0.2975E+02
   4.106  0.1178E+02  0.2987E+02
   4.116  0.1168E+02  0.2999E+02
   4.126  0.1152E+02  0.3010E+02
   4.136  0.1131E+02  0.3022E+02
   4.146  0.1106E+02  0.3033E+02
   4.156  0.1079E+02  0.3044E+02
   4.166  0.1052E+02  0.3054E+02
   4.176  0.1024E+02  0.3064E+02
   4.186  0.9970E+01  0.3074E+02
   4.196  0.9694E+01  0.3084E+02
   4.206  0.9405E+01  0.3093E+02
   4.216  0.9094E+01  0.3103E+02
   4.226  0.8753E+01  0.3111E+02
   4.236  0.8378E+01  0.3120E+02
   4.246  0.7968E+01  0.3128E+02
   4.256  0.7527E+01  0.3135E+02
   4.266  0.7063E+01  0.3142E+02
   4.276  0.6581E+01  0.3149E+02
   4.286  0.6090E+01  0.3155E+02
   4.296  0.5597E+01  0.3161E+02
   4.306  0.5105E+01  0.3166E+02
   4.316  0.4620E+01  0.3170E+02
   4.326  0.4145E+01  0.3174E+02
   4.336  0.3686E+01  0.3178E+02
   4.346  0.3247E+01  0.3181E+02
   4.356  0.2835E+01  0.3184E+02
   4.366  0.2457E+01  0.3187E+02
   4.376  0.2117E+01  0.3189E+02
   4.386  0.1822E+01  0.3191E+02
   4.396  0.1575E+01  0.3192E+02
   4.406  0.1378E+01  0.3193E+02
   4.416  0.1235E+01  0.3195E+02
   4.426  0.1146E+01  0.3196E+02
   4.436  0.1117E+01  0.3197E+02
   4.446  0.1150E+01  0.3198E+02
   4.456  0.1253E+01  0.3199E+02
   4.466  0.1430E+01  0.3201E+02
   4.476  0.1686E+01  0.3203E+02
   4.486  0.2027E+01  0.3205E+02
   4.496  0.2453E+01  0.3207E+02
   4.506  0.2964E+01  0.3210E+02
   4.516  0.3558E+01  0.3214E+02
   4.526  0.4233E+01  0.3218E+02
   4.536  0.4985E+01  0.3223E+02
   4.546  0.5811E+01  0.3229E+02
   4.556  0.6708E+01  0.3235E+02
   4.566  0.7671E+01  0.3243E+02
   4.576  0.8693E+01  0.3252E+02
   4.586  0.9766E+01  0.3261E+02
   4.596  0.1088E+02  0.3272E+02
   4.606  0.1202E+02  0.3284E+02
   4.616  0.1318E+02  0.3297E+02
   4.626  0.1433E+02  0.3312E+02
   4.636  0.1547E+02  0.3327E+02
   4.646  0.1658E+02  0.3344E+02
   4.656  0.1765E+02  0.3361E+02
   4.666  0.1867E+02  0.3380E+02
   4.676  0.1961E+02  0.3400E+02
   4.686  0.2046E+02  0.3420E+02
   4.696  0.2121E+02  0.3441E+02
   4.706  0.2182E+02  0.3463E+02
   4.716  0.2229E+02  0.3486E+02
   4.726  0.2261E+02  0.3508E+02
   4.736  0.2277E+02  0.3531E+02
   4.746  0.2279E+02  0.3554E+02
   4.756  0.2267E+02  0.3576E+02
   4.766  0.2245E+02  0.3599E+02
   4.776  0.2214E+02  0.3621E+02
   4.786  0.2176E+02  0.3643E+02
   4.796  0.2132E+02  0.3664E+02
   4.806  0.2082E+02  0.3685E+02
   4.816  0.2025E+02  0.3705E+02
   4.826  0.1960E+02  0.3725E+02
   4.836  0.1888E+02  0.3744E+02
   4.846  0.1807E+02  0.3762E+02
   4.856  0.1720E+02  0.3779E+02
   4.866  0.1628E+02  0.3795E+02
   4.876  0.1534E+02  0.3810E+02
   4.886  0.1441E+02  0.3825E+02
   4.896  0.1352E+02  0.3838E+02
   4.906  0.1270E+02  0.3851E+02
   4.916  0.1195E+02  0.3863E+02
   4.926  0.1127E+02  0.3874E+02
   4.936  0.1066E+02  0.3885E+02
   4.946  0.1010E+02  0.3895E+02
   4.956  0.9596E+01  0.3905E+02
   4.966  0.9124E+01  0.3914E+02
   4.976  0.8680E+01  0.3922E+02
   4.986  0.8256E+01  0.3931E+02
   4.996  0.7850E+01  0.3939E+02
   5.006  0.7456E+01  0.3946E+02
   5.016  0.7068E+01  0.3953E+02
   5.026  0.6678E+01  0.3960E+02
   5.036  0.6273E+01  0.3966E+02
   5.046  0.5845E+01  0.3972E+02
   5.056  0.5385E+01  0.3977E+02
   5.066  0.4890E+01  0.3982E+02
   5.076  0.4365E+01  0.3987E+02
   5.086  0.3819E+01  0.3990E+02
   5.096  0.3270E+01  0.3994E+02
   5.106  0.2737E+01  0.3996E+02
   5.116  0.2238E+01  0.3999E+02
   5.126  0.1790E+01  0.4000E+02
   5.136  0.1406E+01  0.4002E+02
   5.146  0.1092E+01  0.4003E+02
   5.156  0.8501E+00  0.4004E+02
   5.166  0.6775E+00  0.4004E+02
   5.176  0.5686E+00  0.4005E+02
   5.186  0.5153E+00  0.4006E+02
   5.196  0.5092E+00  0.4006E+02
   5.206  0.5417E+00  0.4007E+02
   5.216  0.6052E+00  0.4007E+02
   5.226  0.6936E+00  0.4008E+02
   5.236  0.8033E+00  0.4009E+02
   5.246  0.9329E+00  0.4010E+02
   5.256  0.1084E+01  0.4011E+02
   5.266  0.1260E+01  0.4012E+02
   5.276  0.1465E+01  0.4013E+02
   5.286  0.1703E+01  0.4015E+02
   5.296  0.1976E+01  0.4017E+02
   5.306  0.2282E+01  0.4019E+02
   5.316  0.2616E+01  0.4022E+02
   5.326  0.2967E+01  0.4025E+02
   5.336  0.3325E+01  0.4028E+02
   5.346  0.3677E+01  0.4032E+02
   5.356  0.4011E+01  0.4036E+02
   5.366  0.4316E+01  0.4040E+02
   5.376  0.4585E+01  0.4045E+02
   5.386  0.4811E+01  0.4050E+02
   5.396  0.4991E+01  0.4055E+02
   5.406  0.5119E+01  0.4060E+02
   5.416  0.5192E+01  0.4065E+02
   5.426  0.5206E+01  0.4070E+02
   5.436  0.5158E+01  0.4075E+02
   5.446  0.5049E+01  0.4080E+02
   5.456  0.4885E+01  0.4085E+02
   5.466  0.4676E+01  0.4090E+02
   5.476  0.4435E+01  0.4094E+02
   5.486  0.4180E+01  0.4099E+02
   5.496  0.3929E+01  0.4103E+02
   5.506  0.3696E+01  0.4106E+02
   5.516  0.3494E+01  0.4110E+02
   5.526  0.3329E+01  0.4113E+02
   5.536  0.3204E+01  0.4116E+02
   5.546  0.3119E+01  0.4119E+02
   5.556  0.3072E+01  0.4122E+02
   5.566  0.3058E+01  0.4125E+02
   5.576  0.3073E+01  0.4129E+02
   5.586  0.3114E+01  0.4132E+02
   5.596  0.3176E+01  0.4135E+02
   5.606  0.3251E+01  0.4138E+02
   5.616  0.3334E+01  0.4141E+02
   5.626  0.3417E+01  0.4145E+02
   5.636  0.3493E+01  0.4148E+02
   5.646  0.3558E+01  0.4152E+02
   5.656  0.3611E+01  0.4156E+02
   5.666  0.3653E+01  0.4159E+02
   5.676  0.3687E+01  0.4163E+02
   5.686  0.3716E+01  0.4167E+02
   5.696  0.3744E+01  0.4170E+02
   5.706  0.3768E+01  0.4174E+02
   5.716  0.3783E+01  0.4178E+02
   5.726  0.3781E+01  0.4182E+02
   5.736  0.3752E+01  0.4185E+02
   5.746  0.3687E+01  0.4189E+02
   5.756  0.3580E+01  0.4193E+02
   5.766  0.3432E+01  0.4196E+02
   5.776  0.3251E+01  0.4199E+02
   5.786  0.3049E+01  0.4202E+02
   5.796  0.2843E+01  0.4205E+02
   5.806  0.2649E+01  0.4208E+02
   5.816  0.2483E+01  0.4210E+02
   5.826  0.2355E+01  0.4213E+02
   5.836  0.2270E+01  0.4215E+02
   5.846  0.2228E+01  0.4217E+02
   5.856  0.2226E+01  0.4219E+02
   5.866  0.2259E+01  0.4222E+02
   5.876  0.2319E+01  0.4224E+02
   5.886  0.2400E+01  0.4226E+02
   5.896  0.2495E+01  0.4229E+02
   5.906  0.2599E+01  0.4232E+02
   5.916  0.2706E+01  0.4234E+02
   5.926  0.2811E+01  0.4237E+02
   5.936  0.2907E+01  0.4240E+02
   5.946  0.2992E+01  0.4243E+02
   5.956  0.3061E+01  0.4246E+02
   5.966  0.3113E+01  0.4249E+02
   5.976  0.3146E+01  0.4252E+02
   5.986  0.3159E+01  0.4255E+02
   5.996  0.3153E+01  0.4259E+02
   6.006  0.3126E+01  0.4262E+02
   6.016  0.3079E+01  0.4265E+02
   6.026  0.3009E+01  0.4268E+02
   6.036  0.2917E+01  0.4271E+02
   6.046  0.2800E+01  0.4273E+02
   6.056  0.2660E+01  0.4276E+02
   6.066  0.2497E+01  0.4279E+02
   6.076  0.2319E+01  0.4281E+02
   6.086  0.2131E+01  0.4283E+02
   6.096  0.1944E+01  0.4285E+02
   6.106  0.1769E+01  0.4287E+02
   6.116  0.1616E+01  0.4288E+02
   6.126  0.1494E+01  0.4290E+02
   6.136  0.1408E+01  0.4291E+02
   6.146  0.1360E+01  0.4293E+02
   6.156  0.1347E+01  0.4294E+02
   6.166  0.1365E+01  0.4295E+02
   6.176  0.1407E+01  0.4297E+02
   6.186  0.1464E+01  0.4298E+02
   6.196  0.1528E+01  0.4300E+02
   6.206  0.1592E+01  0.4301E+02
   6.216  0.1650E+01  0.4303E+02
   6.226  0.1699E+01  0.4305E+02
   6.236  0.1736E+01  0.4306E+02
   6.246  0.1760E+01  0.4308E+02
   6.256  0.1773E+01  0.4310E+02
   6.266  0.1775E+01  0.4312E+02
   6.276  0.1771E+01  0.4314E+02
   6.286  0.1764E+01  0.4315E+02
   6.296  0.1758E+01  0.4317E+02
   6.306  0.1758E+01  0.4319E+02
   6.316  0.1768E+01  0.4321E+02
   6.326  0.1792E+01  0.4322E+02
   6.336  0.1832E+01  0.4324E+02
   6.346  0.1890E+01  0.4326E+02
   6.356  0.1965E+01  0.4328E+02
   6.366  0.2055E+01  0.4330E+02
   6.376  0.2156E+01  0.4332E+02
   6.386  0.2261E+01  0.4335E+02
   6.396  0.2364E+01  0.4337E+02
   6.406  0.2456E+01  0.4339E+02
   6.416  0.2531E+01  0.4342E+02
   6.426  0.2582E+01  0.4344E+02
   6.436  0.2607E+01  0.4347E+02
   6.446  0.2605E+01  0.4350E+02
   6.456  0.2579E+01  0.4352E+02
   6.466  0.2536E+01  0.4355E+02
   6.476  0.2482E+01  0.4357E+02
   6.486  0.2426E+01  0.4360E+02
   6.496  0.2372E+01  0.4362E+02
   6.506  0.2327E+01  0.4364E+02
   6.516  0.2292E+01  0.4367E+02
   6.526  0.2267E+01  0.4369E+02
   6.536  0.2250E+01  0.4371E+02
   6.546  0.2234E+01  0.4373E+02
   6.556  0.2216E+01  0.4376E+02
   6.566  0.2190E+01  0.4378E+02
   6.576  0.2154E+01  0.4380E+02
   6.586  0.2105E+01  0.4382E+02
   6.596  0.2045E+01  0.4384E+02
   6.606  0.1979E+01  0.4386E+02
   6.616  0.1911E+01  0.4388E+02
   6.626  0.1852E+01  0.4390E+02
   6.636  0.1807E+01  0.4392E+02
   6.646  0.1787E+01  0.4394E+02
   6.656  0.1798E+01  0.4395E+02
   6.666  0.1845E+01  0.4397E+02
   6.676  0.1930E+01  0.4399E+02
   6.686  0.2051E+01  0.4401E+02
   6.696  0.2201E+01  0.4403E+02
   6.706  0.2370E+01  0.4406E+02
   6.716  0.2543E+01  0.4408E+02
   6.726  0.2703E+01  0.4411E+02
   6.736  0.2834E+01  0.4414E+02
   6.746  0.2923E+01  0.4417E+02
   6.756  0.2962E+01  0.4420E+02
   6.766  0.2949E+01  0.4423E+02
   6.776  0.2891E+01  0.4426E+02
   6.786  0.2799E+01  0.4428E+02
   6.796  0.2689E+01  0.4431E+02
   6.806  0.2578E+01  0.4434E+02
   6.816  0.2482E+01  0.4436E+02
   6.826  0.2412E+01  0.4438E+02
   6.836  0.2376E+01  0.4441E+02
   6.846  0.2374E+01  0.4443E+02
   6.856  0.2405E+01  0.4446E+02
   6.866  0.2461E+01  0.4448E+02
   6.876  0.2538E+01  0.4451E+02
   6.886  0.2626E+01  0.4453E+02
   6.896  0.2723E+01  0.4456E+02
   6.906  0.2823E+01  0.4459E+02
   6.916  0.2925E+01  0.4462E+02
   6.926  0.3029E+01  0.4465E+02
   6.936  0.3133E+01  0.4468E+02
   6.946  0.3238E+01  0.4471E+02
   6.956  0.3342E+01  0.4474E+02
   6.966  0.3443E+01  0.4478E+02
   6.976  0.3536E+01  0.4481E+02
   6.986  0.3617E+01  0.4485E+02
   6.996  0.3682E+01  0.4489E+02
   7.006  0.3725E+01  0.4492E+02
   7.016  0.3745E+01  0.4496E+02
   7.026  0.3742E+01  0.4500E+02
   7.036  0.3719E+01  0.4504E+02
   7.046  0.3681E+01  0.4507E+02
   7.056  0.3635E+01  0.4511E+02
   7.066  0.3586E+01  0.4515E+02
   7.076  0.3540E+01  0.4518E+02
   7.086  0.3500E+01  0.4522E+02
   7.096  0.3469E+01  0.4525E+02
   7.106  0.3446E+01  0.4529E+02
   7.116  0.3430E+01  0.4532E+02
   7.126  0.3418E+01  0.4535E+02
   7.136  0.3407E+01  0.4539E+02
   7.146  0.3393E+01  0.4542E+02
   7.156  0.3371E+01  0.4546E+02
   7.166  0.3338E+01  0.4549E+02
   7.176  0.3289E+01  0.4552E+02
   7.186  0.3224E+01  0.4555E+02
   7.196  0.3141E+01  0.4559E+02
   7.206  0.3045E+01  0.4562E+02
   7.216  0.2939E+01  0.4565E+02
   7.226  0.2829E+01  0.4567E+02
   7.236  0.2722E+01  0.4570E+02
   7.246  0.2623E+01  0.4573E+02
   7.256  0.2538E+01  0.4575E+02
   7.266  0.2468E+01  0.4578E+02
   7.276  0.2414E+01  0.4580E+02
   7.286  0.2376E+01  0.4582E+02
   7.296  0.2354E+01  0.4585E+02
   7.306  0.2348E+01  0.4587E+02
   7.316  0.2358E+01  0.4590E+02
   7.326  0.2386E+01  0.4592E+02
   7.336  0.2434E+01  0.4594E+02
   7.346  0.2504E+01  0.4597E+02
   7.356  0.2598E+01  0.4599E+02
   7.366  0.2717E+01  0.4602E+02
   7.376  0.2862E+01  0.4605E+02
   7.386  0.3032E+01  0.4608E+02
   7.396  0.3225E+01  0.4611E+02
   7.406  0.3436E+01  0.4615E+02
   7.416  0.3661E+01  0.4618E+02
   7.426  0.3891E+01  0.4622E+02
   7.436  0.4114E+01  0.4626E+02
   7.446  0.4319E+01  0.4631E+02
   7.456  0.4490E+01  0.4635E+02
   7.466  0.4617E+01  0.4640E+02
   7.476  0.4689E+01  0.4645E+02
   7.486  0.4702E+01  0.4649E+02
   7.496  0.4658E+01  0.4654E+02
   7.506  0.4561E+01  0.4658E+02
   7.516  0.4422E+01  0.4663E+02
   7.526  0.4252E+01  0.4667E+02
   7.536  0.4062E+01  0.4671E+02
   7.546  0.3861E+01  0.4675E+02
   7.556  0.3658E+01  0.4679E+02
   7.566  0.3458E+01  0.4682E+02
   7.576  0.3268E+01  0.4685E+02
   7.586  0.3093E+01  0.4689E+02
   7.596  0.2938E+01  0.4691E+02
   7.606  0.2811E+01  0.4694E+02
   7.616  0.2718E+01  0.4697E+02
   7.626  0.2665E+01  0.4700E+02
   7.636  0.2654E+01  0.4702E+02
   7.646  0.2685E+01  0.4705E+02
   7.656  0.2753E+01  0.4708E+02
   7.666  0.2853E+01  0.4711E+02
   7.676  0.2972E+01  0.4714E+02
   7.686  0.3101E+01  0.4717E+02
   7.696  0.3229E+01  0.4720E+02
   7.706  0.3349E+01  0.4723E+02
   7.716  0.3457E+01  0.4727E+02
   7.726  0.3554E+01  0.4730E+02
   7.736  0.3642E+01  0.4734E+02
   7.746  0.3728E+01  0.4738E+02
   7.756  0.3814E+01  0.4741E+02
   7.766  0.3904E+01  0.4745E+02
   7.776  0.3996E+01  0.4749E+02
   7.786  0.4087E+01  0.4753E+02
   7.796  0.4174E+01  0.4758E+02
   7.806  0.4254E+01  0.4762E+02
   7.816  0.4327E+01  0.4766E+02
   7.826  0.4399E+01  0.4771E+02
   7.836  0.4479E+01  0.4775E+02
   7.846  0.4580E+01  0.4780E+02
   7.856  0.4712E+01  0.4784E+02
   7.866  0.4880E+01  0.4789E+02
   7.876  0.5084E+01  0.4794E+02
   7.886  0.5314E+01  0.4800E+02
   7.896  0.5553E+01  0.4805E+02
   7.906  0.5780E+01  0.4811E+02
   7.916  0.5974E+01  0.4817E+02
   7.926  0.6117E+01  0.4823E+02
   7.936  0.6197E+01  0.4829E+02
   7.946  0.6207E+01  0.4835E+02
   7.956  0.6153E+01  0.4842E+02
   7.966  0.6044E+01  0.4848E+02
   7.976  0.5895E+01  0.4854E+02
   7.986  0.5727E+01  0.4859E+02
   7.996  0.5561E+01  0.4865E+02
   8.006  0.5417E+01  0.4870E+02
   8.016  0.5312E+01  0.4876E+02
   8.026  0.5256E+01  0.4881E+02
   8.036  0.5255E+01  0.4886E+02
   8.046  0.5306E+01  0.4891E+02
   8.056  0.5399E+01  0.4897E+02
   8.066  0.5521E+01  0.4902E+02
   8.076  0.5654E+01  0.4908E+02
   8.086  0.5780E+01  0.4914E+02
   8.096  0.5883E+01  0.4920E+02
   8.106  0.5948E+01  0.4926E+02
   8.116  0.5966E+01  0.4932E+02
   8.126  0.5933E+01  0.4937E+02
   8.136  0.5850E+01  0.4943E+02
   8.146  0.5723E+01  0.4949E+02
   8.156  0.5564E+01  0.4955E+02
   8.166  0.5387E+01  0.4960E+02
   8.176  0.5206E+01  0.4965E+02
   8.186  0.5038E+01  0.4970E+02
   8.196  0.4896E+01  0.4975E+02
   8.206  0.4790E+01  0.4980E+02
   8.216  0.4727E+01  0.4985E+02
   8.226  0.4707E+01  0.4989E+02
   8.236  0.4726E+01  0.4994E+02
   8.246  0.4775E+01  0.4999E+02
   8.256  0.4839E+01  0.5004E+02
   8.266  0.4901E+01  0.5009E+02
   8.276  0.4940E+01  0.5014E+02
   8.286  0.4942E+01  0.5018E+02
   8.296  0.4894E+01  0.5023E+02
   8.306  0.4793E+01  0.5028E+02
   8.316  0.4642E+01  0.5033E+02
   8.326  0.4454E+01  0.5037E+02
   8.336  0.4245E+01  0.5042E+02
   8.346  0.4033E+01  0.5046E+02
   8.356  0.3834E+01  0.5049E+02
   8.366  0.3661E+01  0.5053E+02
   8.376  0.3519E+01  0.5057E+02
   8.386  0.3410E+01  0.5060E+02
   8.396  0.3330E+01  0.5063E+02
   8.406  0.3274E+01  0.5067E+02
   8.416  0.3237E+01  0.5070E+02
   8.426  0.3215E+01  0.5073E+02
   8.436  0.3206E+01  0.5076E+02
   8.446  0.3209E+01  0.5079E+02
   8.456  0.3224E+01  0.5083E+02
   8.466  0.3250E+01  0.5086E+02
   8.476  0.3283E+01  0.5089E+02
   8.486  0.3318E+01  0.5093E+02
   8.496  0.3346E+01  0.5096E+02
   8.506  0.3359E+01  0.5099E+02
   8.516  0.3347E+01  0.5103E+02
   8.526  0.3302E+01  0.5106E+02
   8.536  0.3220E+01  0.5109E+02
   8.546  0.3102E+01  0.5112E+02
   8.556  0.2953E+01  0.5115E+02
   8.566  0.2783E+01  0.5118E+02
   8.576  0.2604E+01  0.5121E+02
   8.586  0.2432E+01  0.5123E+02
   8.596  0.2279E+01  0.5125E+02
   8.606  0.2156E+01  0.5127E+02
   8.616  0.2070E+01  0.5129E+02
   8.626  0.2022E+01  0.5131E+02
   8.636  0.2008E+01  0.5133E+02
   8.646  0.2022E+01  0.5136E+02
   8.656  0.2054E+01  0.5138E+02
   8.666  0.2094E+01  0.5140E+02
   8.676  0.2134E+01  0.5142E+02
   8.686  0.2167E+01  0.5144E+02
   8.696  0.2189E+01  0.5146E+02
   8.706  0.2200E+01  0.5148E+02
   8.716  0.2199E+01  0.5151E+02
   8.726  0.2185E+01  0.5153E+02
   8.736  0.2159E+01  0.5155E+02
   8.746  0.2120E+01  0.5157E+02
   8.756  0.2066E+01  0.5159E+02
   8.766  0.1999E+01  0.5161E+02
   8.776  0.1919E+01  0.5163E+02
   8.786  0.1830E+01  0.5165E+02
   8.796  0.1738E+01  0.5167E+02
   8.806  0.1646E+01  0.5168E+02
   8.816  0.1561E+01  0.5170E+02
   8.826  0.1486E+01  0.5171E+02
   8.836  0.1426E+01  0.5173E+02
   8.846  0.1381E+01  0.5174E+02
   8.856  0.1351E+01  0.5175E+02
   8.866  0.1334E+01  0.5177E+02
   8.876  0.1326E+01  0.5178E+02
   8.886  0.1325E+01  0.5179E+02
   8.896  0.1325E+01  0.5181E+02
   8.906  0.1322E+01  0.5182E+02
   8.916  0.1314E+01  0.5183E+02
   8.926  0.1296E+01  0.5185E+02
   8.936  0.1268E+01  0.5186E+02
   8.946  0.1229E+01  0.5187E+02
   8.956  0.1180E+01  0.5188E+02
   8.966  0.1122E+01  0.5189E+02
   8.976  0.1058E+01  0.5191E+02
   8.986  0.9917E+00  0.5192E+02
   8.996  0.9242E+00  0.5192E+02
   9.006  0.8578E+00  0.5193E+02
   9.016  0.7938E+00  0.5194E+02
   9.026  0.7329E+00  0.5195E+02
   9.036  0.6753E+00  0.5195E+02
   9.046  0.6205E+00  0.5196E+02
   9.056  0.5681E+00  0.5197E+02
   9.066  0.5172E+00  0.5197E+02
   9.076  0.4671E+00  0.5198E+02
   9.086  0.4174E+00  0.5198E+02
   9.096  0.3680E+00  0.5198E+02
   9.106  0.3193E+00  0.5199E+02
   9.116  0.2720E+00  0.5199E+02
   9.126  0.2270E+00  0.5199E+02
   9.136  0.1852E+00  0.5199E+02
   9.146  0.1475E+00  0.5200E+02
   9.156  0.1146E+00  0.5200E+02
   9.166  0.8669E-01  0.5200E+02
   9.176  0.6379E-01  0.5200E+02
   9.186  0.4561E-01  0.5200E+02
   9.196  0.3165E-01  0.5200E+02
   9.206  0.2129E-01  0.5200E+02
   9.216  0.1386E-01  0.5200E+02
   9.226  0.8732E-02  0.5200E+02
   9.236  0.5314E-02  0.5200E+02
   9.246  0.3122E-02  0.5200E+02
   9.256  0.1768E-02  0.5200E+02
   9.266  0.9652E-03  0.5200E+02
   9.276  0.5072E-03  0.5200E+02
   9.286  0.2565E-03  0.5200E+02
   9.296  0.1247E-03  0.5200E+02
   9.306  0.5829E-04  0.5200E+02
   9.316  0.2617E-04  0.5200E+02
   9.326  0.1129E-04  0.5200E+02
   9.336  0.4674E-05  0.5200E+02
   9.346  0.1858E-05  0.5200E+02
   9.356  0.7086E-06  0.5200E+02
   9.366  0.2593E-06  0.5200E+02
   9.376  0.9104E-07  0.5200E+02
   9.386  0.3066E-07  0.5200E+02
   9.396  0.9900E-08  0.5200E+02
   9.406  0.3066E-08  0.5200E+02
   9.416  0.9102E-09  0.5200E+02
   9.426  0.2591E-09  0.5200E+02
   9.436  0.7070E-10  0.5200E+02
   9.446  0.1849E-10  0.5200E+02
   9.456  0.4637E-11  0.5200E+02
   9.466  0.1114E-11  0.5200E+02
   9.476  0.2567E-12  0.5200E+02
   9.486  0.5665E-13  0.5200E+02
   9.496  0.1198E-13  0.5200E+02
   9.506  0.2429E-14  0.5200E+02
   9.516  0.4718E-15  0.5200E+02
   9.526  0.8808E-16  0.5200E+02
   9.536  0.1730E-16  0.5200E+02
   9.546  0.1218E-16  0.5200E+02
   9.556  0.5305E-16  0.5200E+02
   9.566  0.2789E-15  0.5200E+02
   9.576  0.1416E-14  0.5200E+02
   9.586  0.6882E-14  0.5200E+02
   9.596  0.3204E-13  0.5200E+02
   9.606  0.1429E-12  0.5200E+02
   9.616  0.6101E-12  0.5200E+02
   9.626  0.2495E-11  0.5200E+02
   9.636  0.9772E-11  0.5200E+02
   9.646  0.3666E-10  0.5200E+02
   9.656  0.1317E-09  0.5200E+02
   9.666  0.4530E-09  0.5200E+02
   9.676  0.1493E-08  0.5200E+02
   9.686  0.4710E-08  0.5200E+02
   9.696  0.1424E-07  0.5200E+02
   9.706  0.4120E-07  0.5200E+02
   9.716  0.1142E-06  0.5200E+02
   9.726  0.3032E-06  0.5200E+02
   9.736  0.7708E-06  0.5200E+02
   9.746  0.1877E-05  0.5200E+02
   9.756  0.4376E-05  0.5200E+02
   9.766  0.9773E-05  0.5200E+02
   9.776  0.2090E-04  0.5200E+02
   9.786  0.4281E-04  0.5200E+02
   9.796  0.8399E-04  0.5200E+02
   9.806  0.1578E-03  0.5200E+02
   9.816  0.2839E-03  0.5200E+02
   9.826  0.4892E-03  0.5200E+02
   9.836  0.8073E-03  0.5200E+02
   9.846  0.1276E-02  0.5200E+02
   9.856  0.1931E-02  0.5200E+02
   9.866  0.2799E-02  0.5200E+02
   9.876  0.3886E-02  0.5200E+02
   9.886  0.5167E-02  0.5200E+02
   9.896  0.6579E-02  0.5200E+02
   9.906  0.8023E-02  0.5200E+02
   9.916  0.9370E-02  0.5200E+02
   9.926  0.1048E-01  0.5200E+02
   9.936  0.1123E-01  0.5200E+02
   9.946  0.1152E-01  0.5200E+02
   9.956  0.1131E-01  0.5200E+02
   9.966  0.1065E-01  0.5200E+02
   9.976  0.9594E-02  0.5200E+02
   9.986  0.8280E-02  0.5200E+02
   9.996  0.6843E-02  0.5200E+02
  10.006  0.5417E-02  0.5200E+02
  10.016  0.4107E-02  0.5200E+02
  10.026  0.2983E-02  0.5200E+02
  10.036  0.2077E-02  0.5200E+02
  10.046  0.1390E-02  0.5200E+02
  10.056  0.9025E-03  0.5200E+02
  10.066  0.5848E-03  0.5200E+02
  10.076  0.4104E-03  0.5200E+02
  10.086  0.3629E-03  0.5200E+02
  10.096  0.4429E-03  0.5200E+02
  10.106  0.6710E-03  0.5200E+02
  10.116  0.1089E-02  0.5200E+02
  10.126  0.1756E-02  0.5200E+02
  10.136  0.2744E-02  0.5200E+02
  10.146  0.4118E-02  0.5200E+02
  10.156  0.5925E-02  0.5200E+02
  10.166  0.8167E-02  0.5200E+02
  10.176  0.1078E-01  0.5200E+02
  10.186  0.1363E-01  0.5200E+02
  10.196  0.1651E-01  0.5200E+02
  10.206  0.1914E-01  0.5200E+02
  10.216  0.2126E-01  0.5200E+02
  10.226  0.2261E-01  0.5200E+02
  10.236  0.2303E-01  0.5200E+02
  10.246  0.2247E-01  0.5200E+02
  10.256  0.2100E-01  0.5200E+02
  10.266  0.1879E-01  0.5200E+02
  10.276  0.1610E-01  0.5200E+02
  10.286  0.1321E-01  0.5200E+02
  10.296  0.1039E-01  0.5200E+02
  10.306  0.7829E-02  0.5200E+02
  10.316  0.5662E-02  0.5200E+02
  10.326  0.3951E-02  0.5200E+02
  10.336  0.2701E-02  0.5200E+02
  10.346  0.1893E-02  0.5200E+02
  10.356  0.1504E-02  0.5200E+02
  10.366  0.1542E-02  0.5200E+02
  10.376  0.2059E-02  0.5200E+02
  10.386  0.3163E-02  0.5200E+02
  10.396  0.5018E-02  0.5200E+02
  10.406  0.7824E-02  0.5200E+02
  10.416  0.1178E-01  0.5200E+02
  10.426  0.1703E-01  0.5200E+02
  10.436  0.2359E-01  0.5200E+02
  10.446  0.3131E-01  0.5201E+02
  10.456  0.3981E-01  0.5201E+02
  10.466  0.4847E-01  0.5201E+02
  10.476  0.5653E-01  0.5201E+02
  10.486  0.6315E-01  0.5201E+02
  10.496  0.6760E-01  0.5201E+02
  10.506  0.6938E-01  0.5201E+02
  10.516  0.6834E-01  0.5201E+02
  10.526  0.6475E-01  0.5201E+02
  10.536  0.5930E-01  0.5201E+02
  10.546  0.5297E-01  0.5201E+02
  10.556  0.4692E-01  0.5201E+02
  10.566  0.4235E-01  0.5201E+02
  10.576  0.4036E-01  0.5201E+02
  10.586  0.4177E-01  0.5201E+02
  10.596  0.4707E-01  0.5201E+02
  10.606  0.5629E-01  0.5201E+02
  10.616  0.6896E-01  0.5201E+02
  10.626  0.8409E-01  0.5202E+02
  10.636  0.1003E+00  0.5202E+02
  10.646  0.1157E+00  0.5202E+02
  10.656  0.1287E+00  0.5202E+02
  10.666  0.1377E+00  0.5202E+02
  10.676  0.1416E+00  0.5202E+02
  10.686  0.1400E+00  0.5202E+02
  10.696  0.1334E+00  0.5202E+02
  10.706  0.1228E+00  0.5203E+02
  10.716  0.1095E+00  0.5203E+02
  10.726  0.9513E-01  0.5203E+02
  10.736  0.8091E-01  0.5203E+02
  10.746  0.6785E-01  0.5203E+02
  10.756  0.5645E-01  0.5203E+02
  10.766  0.4682E-01  0.5203E+02
  10.776  0.3880E-01  0.5203E+02
  10.786  0.3208E-01  0.5203E+02
  10.796  0.2635E-01  0.5203E+02
  10.806  0.2136E-01  0.5203E+02
  10.816  0.1699E-01  0.5203E+02
  10.826  0.1317E-01  0.5203E+02
  10.836  0.9902E-02  0.5203E+02
  10.846  0.7195E-02  0.5203E+02
  10.856  0.5038E-02  0.5203E+02
  10.866  0.3395E-02  0.5203E+02
  10.876  0.2201E-02  0.5203E+02
  10.886  0.1379E-02  0.5203E+02
  10.896  0.8519E-03  0.5203E+02
  10.906  0.5570E-03  0.5203E+02
  10.916  0.4585E-03  0.5203E+02
  10.926  0.5593E-03  0.5203E+02
  10.936  0.9144E-03  0.5203E+02
  10.946  0.1645E-02  0.5203E+02
  10.956  0.2953E-02  0.5203E+02
  10.966  0.5135E-02  0.5203E+02
  10.976  0.8578E-02  0.5203E+02
  10.986  0.1374E-01  0.5203E+02
  10.996  0.2110E-01  0.5203E+02
  11.006  0.3107E-01  0.5203E+02
  11.016  0.4387E-01  0.5203E+02
  11.026  0.5943E-01  0.5203E+02
  11.036  0.7728E-01  0.5203E+02
  11.046  0.9655E-01  0.5204E+02
  11.056  0.1160E+00  0.5204E+02
  11.066  0.1342E+00  0.5204E+02
  11.076  0.1496E+00  0.5204E+02
  11.086  0.1612E+00  0.5204E+02
  11.096  0.1681E+00  0.5204E+02
  11.106  0.1701E+00  0.5204E+02
  11.116  0.1677E+00  0.5205E+02
  11.126  0.1613E+00  0.5205E+02
  11.136  0.1522E+00  0.5205E+02
  11.146  0.1414E+00  0.5205E+02
  11.156  0.1301E+00  0.5205E+02
  11.166  0.1195E+00  0.5205E+02
  11.176  0.1107E+00  0.5205E+02
  11.186  0.1047E+00  0.5206E+02
  11.196  0.1022E+00  0.5206E+02
  11.206  0.1034E+00  0.5206E+02
  11.216  0.1083E+00  0.5206E+02
  11.226  0.1160E+00  0.5206E+02
  11.236  0.1254E+00  0.5206E+02
  11.246  0.1347E+00  0.5206E+02
  11.256  0.1422E+00  0.5206E+02
  11.266  0.1466E+00  0.5207E+02
  11.276  0.1469E+00  0.5207E+02
  11.286  0.1432E+00  0.5207E+02
  11.296  0.1361E+00  0.5207E+02
  11.306  0.1269E+00  0.5207E+02
  11.316  0.1172E+00  0.5207E+02
  11.326  0.1084E+00  0.5207E+02
  11.336  0.1018E+00  0.5207E+02
  11.346  0.9782E-01  0.5207E+02
  11.356  0.9648E-01  0.5208E+02
  11.366  0.9721E-01  0.5208E+02
  11.376  0.9922E-01  0.5208E+02
  11.386  0.1017E+00  0.5208E+02
  11.396  0.1041E+00  0.5208E+02
  11.406  0.1064E+00  0.5208E+02
  11.416  0.1087E+00  0.5208E+02
  11.426  0.1117E+00  0.5208E+02
  11.436  0.1161E+00  0.5208E+02
  11.446  0.1224E+00  0.5209E+02
  11.456  0.1308E+00  0.5209E+02
  11.466  0.1411E+00  0.5209E+02
  11.476  0.1526E+00  0.5209E+02
  11.486  0.1646E+00  0.5209E+02
  11.496  0.1765E+00  0.5209E+02
  11.506  0.1877E+00  0.5210E+02
  11.516  0.1986E+00  0.5210E+02
  11.526  0.2094E+00  0.5210E+02
  11.536  0.2207E+00  0.5210E+02
  11.546  0.2329E+00  0.5210E+02
  11.556  0.2456E+00  0.5211E+02
  11.566  0.2582E+00  0.5211E+02
  11.576  0.2690E+00  0.5211E+02
  11.586  0.2762E+00  0.5211E+02
  11.596  0.2780E+00  0.5212E+02
  11.606  0.2730E+00  0.5212E+02
  11.616  0.2606E+00  0.5212E+02
  11.626  0.2413E+00  0.5212E+02
  11.636  0.2162E+00  0.5213E+02
  11.646  0.1876E+00  0.5213E+02
  11.656  0.1579E+00  0.5213E+02
  11.666  0.1297E+00  0.5213E+02
  11.676  0.1050E+00  0.5213E+02
  11.686  0.8583E-01  0.5213E+02
  11.696  0.7311E-01  0.5213E+02
  11.706  0.6731E-01  0.5214E+02
  11.716  0.6819E-01  0.5214E+02
  11.726  0.7489E-01  0.5214E+02
  11.736  0.8599E-01  0.5214E+02
  11.746  0.9964E-01  0.5214E+02
  11.756  0.1137E+00  0.5214E+02
  11.766  0.1261E+00  0.5214E+02
  11.776  0.1348E+00  0.5214E+02
  11.786  0.1385E+00  0.5214E+02
  11.796  0.1365E+00  0.5214E+02
  11.806  0.1290E+00  0.5215E+02
  11.816  0.1168E+00  0.5215E+02
  11.826  0.1014E+00  0.5215E+02
  11.836  0.8437E-01  0.5215E+02
  11.846  0.6746E-01  0.5215E+02
  11.856  0.5203E-01  0.5215E+02
  11.866  0.3908E-01  0.5215E+02
  11.876  0.2917E-01  0.5215E+02
  11.886  0.2255E-01  0.5215E+02
  11.896  0.1924E-01  0.5215E+02
  11.906  0.1917E-01  0.5215E+02
  11.916  0.2236E-01  0.5215E+02
  11.926  0.2893E-01  0.5215E+02
  11.936  0.3917E-01  0.5215E+02
  11.946  0.5351E-01  0.5215E+02
  11.956  0.7238E-01  0.5215E+02
  11.966  0.9608E-01  0.5215E+02
  11.976  0.1246E+00  0.5216E+02
  11.986  0.1575E+00  0.5216E+02
  11.996  0.1935E+00  0.5216E+02
  12.006  0.2312E+00  0.5216E+02
  12.016  0.2685E+00  0.5216E+02
  12.026  0.3033E+00  0.5217E+02
  12.036  0.3339E+00  0.5217E+02
  12.046  0.3592E+00  0.5217E+02
  12.056  0.3789E+00  0.5218E+02
  12.066  0.3933E+00  0.5218E+02
  12.076  0.4034E+00  0.5219E+02
  12.086  0.4099E+00  0.5219E+02
  12.096  0.4138E+00  0.5219E+02
  12.106  0.4154E+00  0.5220E+02
  12.116  0.4152E+00  0.5220E+02
  12.126  0.4132E+00  0.5221E+02
  12.136  0.4097E+00  0.5221E+02
  12.146  0.4051E+00  0.5222E+02
  12.156  0.3995E+00  0.5222E+02
  12.166  0.3929E+00  0.5222E+02
  12.176  0.3849E+00  0.5223E+02
  12.186  0.3745E+00  0.5223E+02
  12.196  0.3609E+00  0.5223E+02
  12.206  0.3431E+00  0.5224E+02
  12.216  0.3212E+00  0.5224E+02
  12.226  0.2960E+00  0.5224E+02
  12.236  0.2696E+00  0.5225E+02
  12.246  0.2449E+00  0.5225E+02
  12.256  0.2251E+00  0.5225E+02
  12.266  0.2132E+00  0.5225E+02
  12.276  0.2114E+00  0.5226E+02
  12.286  0.2201E+00  0.5226E+02
  12.296  0.2385E+00  0.5226E+02
  12.306  0.2640E+00  0.5226E+02
  12.316  0.2929E+00  0.5227E+02
  12.326  0.3210E+00  0.5227E+02
  12.336  0.3446E+00  0.5227E+02
  12.346  0.3605E+00  0.5228E+02
  12.356  0.3671E+00  0.5228E+02
  12.366  0.3643E+00  0.5228E+02
  12.376  0.3532E+00  0.5229E+02
  12.386  0.3358E+00  0.5229E+02
  12.396  0.3143E+00  0.5229E+02
  12.406  0.2905E+00  0.5230E+02
  12.416  0.2660E+00  0.5230E+02
  12.426  0.2414E+00  0.5230E+02
  12.436  0.2173E+00  0.5230E+02
  12.446  0.1939E+00  0.5231E+02
  12.456  0.1717E+00  0.5231E+02
  12.466  0.1516E+00  0.5231E+02
  12.476  0.1349E+00  0.5231E+02
  12.486  0.1228E+00  0.5231E+02
  12.496  0.1169E+00  0.5231E+02
  12.506  0.1180E+00  0.5231E+02
  12.516  0.1265E+00  0.5231E+02
  12.526  0.1418E+00  0.5232E+02
  12.536  0.1627E+00  0.5232E+02
  12.546  0.1874E+00  0.5232E+02
  12.556  0.2135E+00  0.5232E+02
  12.566  0.2389E+00  0.5232E+02
  12.576  0.2617E+00  0.5233E+02
  12.586  0.2808E+00  0.5233E+02
  12.596  0.2959E+00  0.5233E+02
  12.606  0.3077E+00  0.5234E+02
  12.616  0.3177E+00  0.5234E+02
  12.626  0.3279E+00  0.5234E+02
  12.636  0.3400E+00  0.5235E+02
  12.646  0.3555E+00  0.5235E+02
  12.656  0.3747E+00  0.5235E+02
  12.666  0.3967E+00  0.5236E+02
  12.676  0.4198E+00  0.5236E+02
  12.686  0.4411E+00  0.5237E+02
  12.696  0.4577E+00  0.5237E+02
  12.706  0.4670E+00  0.5237E+02
  12.716  0.4673E+00  0.5238E+02
  12.726  0.4578E+00  0.5238E+02
  12.736  0.4391E+00  0.5239E+02
  12.746  0.4126E+00  0.5239E+02
  12.756  0.3801E+00  0.5240E+02
  12.766  0.3437E+00  0.5240E+02
  12.776  0.3053E+00  0.5240E+02
  12.786  0.2666E+00  0.5241E+02
  12.796  0.2290E+00  0.5241E+02
  12.806  0.1940E+00  0.5241E+02
  12.816  0.1631E+00  0.5241E+02
  12.826  0.1376E+00  0.5241E+02
  12.836  0.1190E+00  0.5241E+02
  12.846  0.1085E+00  0.5241E+02
  12.856  0.1069E+00  0.5242E+02
  12.866  0.1147E+00  0.5242E+02
  12.876  0.1313E+00  0.5242E+02
  12.886  0.1556E+00  0.5242E+02
  12.896  0.1859E+00  0.5242E+02
  12.906  0.2199E+00  0.5242E+02
  12.916  0.2549E+00  0.5243E+02
  12.926  0.2885E+00  0.5243E+02
  12.936  0.3189E+00  0.5243E+02
  12.946  0.3450E+00  0.5244E+02
  12.956  0.3663E+00  0.5244E+02
  12.966  0.3837E+00  0.5244E+02
  12.976  0.3981E+00  0.5245E+02
  12.986  0.4113E+00  0.5245E+02
  12.996  0.4246E+00  0.5246E+02
  13.006  0.4390E+00  0.5246E+02
  13.016  0.4551E+00  0.5246E+02
  13.026  0.4728E+00  0.5247E+02
  13.036  0.4919E+00  0.5247E+02
  13.046  0.5119E+00  0.5248E+02
  13.056  0.5325E+00  0.5248E+02
  13.066  0.5541E+00  0.5249E+02
  13.076  0.5773E+00  0.5250E+02
  13.086  0.6028E+00  0.5250E+02
  13.096  0.6313E+00  0.5251E+02
  13.106  0.6626E+00  0.5252E+02
  13.116  0.6954E+00  0.5252E+02
  13.126  0.7273E+00  0.5253E+02
  13.136  0.7550E+00  0.5254E+02
  13.146  0.7746E+00  0.5254E+02
  13.156  0.7827E+00  0.5255E+02
  13.166  0.7766E+00  0.5256E+02
  13.176  0.7552E+00  0.5257E+02
  13.186  0.7192E+00  0.5258E+02
  13.196  0.6710E+00  0.5258E+02
  13.206  0.6143E+00  0.5259E+02
  13.216  0.5540E+00  0.5259E+02
  13.226  0.4950E+00  0.5260E+02
  13.236  0.4423E+00  0.5260E+02
  13.246  0.3996E+00  0.5261E+02
  13.256  0.3699E+00  0.5261E+02
  13.266  0.3545E+00  0.5261E+02
  13.276  0.3536E+00  0.5262E+02
  13.286  0.3662E+00  0.5262E+02
  13.296  0.3906E+00  0.5263E+02
  13.306  0.4242E+00  0.5263E+02
  13.316  0.4644E+00  0.5263E+02
  13.326  0.5082E+00  0.5264E+02
  13.336  0.5527E+00  0.5264E+02
  13.346  0.5951E+00  0.5265E+02
  13.356  0.6328E+00  0.5266E+02
  13.366  0.6638E+00  0.5266E+02
  13.376  0.6868E+00  0.5267E+02
  13.386  0.7011E+00  0.5268E+02
  13.396  0.7065E+00  0.5268E+02
  13.406  0.7034E+00  0.5269E+02
  13.416  0.6920E+00  0.5270E+02
  13.426  0.6728E+00  0.5271E+02
  13.436  0.6458E+00  0.5271E+02
  13.446  0.6110E+00  0.5272E+02
  13.456  0.5685E+00  0.5272E+02
  13.466  0.5190E+00  0.5273E+02
  13.476  0.4637E+00  0.5273E+02
  13.486  0.4045E+00  0.5274E+02
  13.496  0.3440E+00  0.5274E+02
  13.506  0.2851E+00  0.5274E+02
  13.516  0.2305E+00  0.5275E+02
  13.526  0.1828E+00  0.5275E+02
  13.536  0.1437E+00  0.5275E+02
  13.546  0.1142E+00  0.5275E+02
  13.556  0.9484E-01  0.5275E+02
  13.566  0.8570E-01  0.5275E+02
  13.576  0.8670E-01  0.5275E+02
  13.586  0.9778E-01  0.5275E+02
  13.596  0.1189E+00  0.5276E+02
  13.606  0.1501E+00  0.5276E+02
  13.616  0.1909E+00  0.5276E+02
  13.626  0.2404E+00  0.5276E+02
  13.636  0.2965E+00  0.5276E+02
  13.646  0.3563E+00  0.5277E+02
  13.656  0.4158E+00  0.5277E+02
  13.666  0.4706E+00  0.5278E+02
  13.676  0.5164E+00  0.5278E+02
  13.686  0.5499E+00  0.5279E+02
  13.696  0.5698E+00  0.5279E+02
  13.706  0.5768E+00  0.5280E+02
  13.716  0.5739E+00  0.5280E+02
  13.726  0.5658E+00  0.5281E+02
  13.736  0.5580E+00  0.5282E+02
  13.746  0.5554E+00  0.5282E+02
  13.756  0.5617E+00  0.5283E+02
  13.766  0.5780E+00  0.5283E+02
  13.776  0.6035E+00  0.5284E+02
  13.786  0.6348E+00  0.5284E+02
  13.796  0.6675E+00  0.5285E+02
  13.806  0.6969E+00  0.5286E+02
  13.816  0.7191E+00  0.5287E+02
  13.826  0.7318E+00  0.5287E+02
  13.836  0.7343E+00  0.5288E+02
  13.846  0.7282E+00  0.5289E+02
  13.856  0.7164E+00  0.5289E+02
  13.866  0.7031E+00  0.5290E+02
  13.876  0.6922E+00  0.5291E+02
  13.886  0.6877E+00  0.5292E+02
  13.896  0.6922E+00  0.5292E+02
  13.906  0.7072E+00  0.5293E+02
  13.916  0.7329E+00  0.5294E+02
  13.926  0.7682E+00  0.5294E+02
  13.936  0.8114E+00  0.5295E+02
  13.946  0.8602E+00  0.5296E+02
  13.956  0.9121E+00  0.5297E+02
  13.966  0.9643E+00  0.5298E+02
  13.976  0.1014E+01  0.5299E+02
  13.986  0.1057E+01  0.5300E+02
  13.996  0.1090E+01  0.5301E+02
  14.006  0.1108E+01  0.5302E+02
  14.016  0.1107E+01  0.5303E+02
  14.026  0.1083E+01  0.5304E+02
  14.036  0.1037E+01  0.5306E+02
  14.046  0.9690E+00  0.5306E+02
  14.056  0.8840E+00  0.5307E+02
  14.066  0.7888E+00  0.5308E+02
  14.076  0.6920E+00  0.5309E+02
  14.086  0.6029E+00  0.5309E+02
  14.096  0.5301E+00  0.5310E+02
  14.106  0.4807E+00  0.5310E+02
  14.116  0.4594E+00  0.5311E+02
  14.126  0.4685E+00  0.5311E+02
  14.136  0.5073E+00  0.5312E+02
  14.146  0.5734E+00  0.5312E+02
  14.156  0.6625E+00  0.5313E+02
  14.166  0.7695E+00  0.5314E+02
  14.176  0.8888E+00  0.5315E+02
  14.186  0.1015E+01  0.5316E+02
  14.196  0.1142E+01  0.5317E+02
  14.206  0.1264E+01  0.5318E+02
  14.216  0.1375E+01  0.5320E+02
  14.226  0.1468E+01  0.5321E+02
  14.236  0.1536E+01  0.5323E+02
  14.246  0.1573E+01  0.5324E+02
  14.256  0.1573E+01  0.5326E+02
  14.266  0.1535E+01  0.5327E+02
  14.276  0.1462E+01  0.5329E+02
  14.286  0.1359E+01  0.5330E+02
  14.296  0.1236E+01  0.5331E+02
  14.306  0.1107E+01  0.5332E+02
  14.316  0.9836E+00  0.5333E+02
  14.326  0.8791E+00  0.5334E+02
  14.336  0.8017E+00  0.5335E+02
  14.346  0.7556E+00  0.5336E+02
  14.356  0.7402E+00  0.5337E+02
  14.366  0.7507E+00  0.5337E+02
  14.376  0.7794E+00  0.5338E+02
  14.386  0.8176E+00  0.5339E+02
  14.396  0.8567E+00  0.5340E+02
  14.406  0.8899E+00  0.5341E+02
  14.416  0.9123E+00  0.5342E+02
  14.426  0.9214E+00  0.5343E+02
  14.436  0.9163E+00  0.5343E+02
  14.446  0.8971E+00  0.5344E+02
  14.456  0.8647E+00  0.5345E+02
  14.466  0.8203E+00  0.5346E+02
  14.476  0.7653E+00  0.5347E+02
  14.486  0.7020E+00  0.5347E+02
  14.496  0.6331E+00  0.5348E+02
  14.506  0.5622E+00  0.5349E+02
  14.516  0.4933E+00  0.5349E+02
  14.526  0.4304E+00  0.5350E+02
  14.536  0.3770E+00  0.5350E+02
  14.546  0.3356E+00  0.5350E+02
  14.556  0.3073E+00  0.5351E+02
  14.566  0.2926E+00  0.5351E+02
  14.576  0.2908E+00  0.5351E+02
  14.586  0.3012E+00  0.5352E+02
  14.596  0.3229E+00  0.5352E+02
  14.606  0.3555E+00  0.5352E+02
  14.616  0.3987E+00  0.5353E+02
  14.626  0.4524E+00  0.5353E+02
  14.636  0.5166E+00  0.5354E+02
  14.646  0.5913E+00  0.5354E+02
  14.656  0.6760E+00  0.5355E+02
  14.666  0.7697E+00  0.5356E+02
  14.676  0.8713E+00  0.5356E+02
  14.686  0.9791E+00  0.5357E+02
  14.696  0.1091E+01  0.5359E+02
  14.706  0.1207E+01  0.5360E+02
  14.716  0.1323E+01  0.5361E+02
  14.726  0.1440E+01  0.5362E+02
  14.736  0.1556E+01  0.5364E+02
  14.746  0.1670E+01  0.5366E+02
  14.756  0.1780E+01  0.5368E+02
  14.766  0.1885E+01  0.5369E+02
  14.776  0.1979E+01  0.5371E+02
  14.786  0.2060E+01  0.5373E+02
  14.796  0.2123E+01  0.5376E+02
  14.806  0.2166E+01  0.5378E+02
  14.816  0.2187E+01  0.5380E+02
  14.826  0.2189E+01  0.5382E+02
  14.836  0.2171E+01  0.5384E+02
  14.846  0.2139E+01  0.5386E+02
  14.856  0.2093E+01  0.5388E+02
  14.866  0.2038E+01  0.5391E+02
  14.876  0.1974E+01  0.5393E+02
  14.886  0.1903E+01  0.5394E+02
  14.896  0.1827E+01  0.5396E+02
  14.906  0.1747E+01  0.5398E+02
  14.916  0.1665E+01  0.5400E+02
  14.926  0.1583E+01  0.5401E+02
  14.936  0.1503E+01  0.5403E+02
  14.946  0.1424E+01  0.5404E+02
  14.956  0.1347E+01  0.5406E+02
  14.966  0.1271E+01  0.5407E+02
  14.976  0.1197E+01  0.5408E+02
  14.986  0.1123E+01  0.5409E+02
  14.996  0.1051E+01  0.5410E+02
  15.006  0.9843E+00  0.5411E+02
  15.016  0.9241E+00  0.5412E+02
  15.026  0.8738E+00  0.5413E+02
  15.036  0.8360E+00  0.5414E+02
  15.046  0.8123E+00  0.5415E+02
  15.056  0.8027E+00  0.5415E+02
  15.066  0.8058E+00  0.5416E+02
  15.076  0.8187E+00  0.5417E+02
  15.086  0.8374E+00  0.5418E+02
  15.096  0.8572E+00  0.5419E+02
  15.106  0.8739E+00  0.5420E+02
  15.116  0.8836E+00  0.5420E+02
  15.126  0.8836E+00  0.5421E+02
  15.136  0.8721E+00  0.5422E+02
  15.146  0.8485E+00  0.5423E+02
  15.156  0.8135E+00  0.5424E+02
  15.166  0.7687E+00  0.5425E+02
  15.176  0.7173E+00  0.5425E+02
  15.186  0.6638E+00  0.5426E+02
  15.196  0.6140E+00  0.5427E+02
  15.206  0.5748E+00  0.5427E+02
  15.216  0.5534E+00  0.5428E+02
  15.226  0.5565E+00  0.5428E+02
  15.236  0.5893E+00  0.5429E+02
  15.246  0.6550E+00  0.5430E+02
  15.256  0.7536E+00  0.5430E+02
  15.266  0.8819E+00  0.5431E+02
  15.276  0.1034E+01  0.5432E+02
  15.286  0.1199E+01  0.5433E+02
  15.296  0.1368E+01  0.5435E+02
  15.306  0.1527E+01  0.5436E+02
  15.316  0.1664E+01  0.5438E+02
  15.326  0.1768E+01  0.5440E+02
  15.336  0.1830E+01  0.5442E+02
  15.346  0.1846E+01  0.5443E+02
  15.356  0.1816E+01  0.5445E+02
  15.366  0.1744E+01  0.5447E+02
  15.376  0.1637E+01  0.5449E+02
  15.386  0.1506E+01  0.5450E+02
  15.396  0.1362E+01  0.5452E+02
  15.406  0.1215E+01  0.5453E+02
  15.416  0.1076E+01  0.5454E+02
  15.426  0.9525E+00  0.5455E+02
  15.436  0.8485E+00  0.5456E+02
  15.446  0.7664E+00  0.5456E+02
  15.456  0.7055E+00  0.5457E+02
  15.466  0.6634E+00  0.5458E+02
  15.476  0.6361E+00  0.5458E+02
  15.486  0.6190E+00  0.5459E+02
  15.496  0.6078E+00  0.5460E+02
  15.506  0.5988E+00  0.5460E+02
  15.516  0.5895E+00  0.5461E+02
  15.526  0.5789E+00  0.5461E+02
  15.536  0.5675E+00  0.5462E+02
  15.546  0.5567E+00  0.5462E+02
  15.556  0.5491E+00  0.5463E+02
  15.566  0.5473E+00  0.5464E+02
  15.576  0.5541E+00  0.5464E+02
  15.586  0.5715E+00  0.5465E+02
  15.596  0.6008E+00  0.5465E+02
  15.606  0.6420E+00  0.5466E+02
  15.616  0.6936E+00  0.5467E+02
  15.626  0.7529E+00  0.5467E+02
  15.636  0.8159E+00  0.5468E+02
  15.646  0.8775E+00  0.5469E+02
  15.656  0.9325E+00  0.5470E+02
  15.666  0.9757E+00  0.5471E+02
  15.676  0.1003E+01  0.5472E+02
  15.686  0.1012E+01  0.5473E+02
  15.696  0.1002E+01  0.5474E+02
  15.706  0.9752E+00  0.5475E+02
  15.716  0.9376E+00  0.5476E+02
  15.726  0.8960E+00  0.5477E+02
  15.736  0.8594E+00  0.5478E+02
  15.746  0.8368E+00  0.5479E+02
  15.756  0.8367E+00  0.5479E+02
  15.766  0.8656E+00  0.5480E+02
  15.776  0.9274E+00  0.5481E+02
  15.786  0.1023E+01  0.5482E+02
  15.796  0.1149E+01  0.5483E+02
  15.806  0.1300E+01  0.5485E+02
  15.816  0.1465E+01  0.5486E+02
  15.826  0.1634E+01  0.5488E+02
  15.836  0.1792E+01  0.5490E+02
  15.846  0.1925E+01  0.5491E+02
  15.856  0.2022E+01  0.5493E+02
  15.866  0.2072E+01  0.5496E+02
  15.876  0.2070E+01  0.5498E+02
  15.886  0.2017E+01  0.5500E+02
  15.896  0.1918E+01  0.5502E+02
  15.906  0.1784E+01  0.5503E+02
  15.916  0.1628E+01  0.5505E+02
  15.926  0.1465E+01  0.5506E+02
  15.936  0.1310E+01  0.5508E+02
  15.946  0.1174E+01  0.5509E+02
  15.956  0.1065E+01  0.5510E+02
  15.966  0.9857E+00  0.5511E+02
  15.976  0.9357E+00  0.5512E+02
  15.986  0.9101E+00  0.5513E+02
  15.996  0.9020E+00  0.5514E+02
  16.006  0.9044E+00  0.5515E+02
  16.016  0.9109E+00  0.5516E+02
  16.026  0.9169E+00  0.5516E+02
  16.036  0.9192E+00  0.5517E+02
  16.046  0.9161E+00  0.5518E+02
  16.056  0.9067E+00  0.5519E+02
  16.066  0.8906E+00  0.5520E+02
  16.076  0.8678E+00  0.5521E+02
  16.086  0.8388E+00  0.5522E+02
  16.096  0.8053E+00  0.5523E+02
  16.106  0.7699E+00  0.5523E+02
  16.116  0.7366E+00  0.5524E+02
  16.126  0.7101E+00  0.5525E+02
  16.136  0.6951E+00  0.5525E+02
  16.146  0.6956E+00  0.5526E+02
  16.156  0.7148E+00  0.5527E+02
  16.166  0.7539E+00  0.5528E+02
  16.176  0.8127E+00  0.5528E+02
  16.186  0.8890E+00  0.5529E+02
  16.196  0.9788E+00  0.5530E+02
  16.206  0.1076E+01  0.5531E+02
  16.216  0.1173E+01  0.5533E+02
  16.226  0.1262E+01  0.5534E+02
  16.236  0.1333E+01  0.5535E+02
  16.246  0.1377E+01  0.5537E+02
  16.256  0.1391E+01  0.5538E+02
  16.266  0.1373E+01  0.5539E+02
  16.276  0.1326E+01  0.5541E+02
  16.286  0.1256E+01  0.5542E+02
  16.296  0.1174E+01  0.5543E+02
  16.306  0.1091E+01  0.5544E+02
  16.316  0.1017E+01  0.5545E+02
  16.326  0.9600E+00  0.5546E+02
  16.336  0.9250E+00  0.5547E+02
  16.346  0.9124E+00  0.5548E+02
  16.356  0.9192E+00  0.5549E+02
  16.366  0.9399E+00  0.5550E+02
  16.376  0.9677E+00  0.5551E+02
  16.386  0.9955E+00  0.5552E+02
  16.396  0.1018E+01  0.5553E+02
  16.406  0.1030E+01  0.5554E+02
  16.416  0.1031E+01  0.5555E+02
  16.426  0.1022E+01  0.5556E+02
  16.436  0.1005E+01  0.5557E+02
  16.446  0.9828E+00  0.5558E+02
  16.456  0.9598E+00  0.5559E+02
  16.466  0.9383E+00  0.5560E+02
  16.476  0.9202E+00  0.5561E+02
  16.486  0.9066E+00  0.5562E+02
  16.496  0.8981E+00  0.5563E+02
  16.506  0.8949E+00  0.5563E+02
  16.516  0.8972E+00  0.5564E+02
  16.526  0.9047E+00  0.5565E+02
  16.536  0.9168E+00  0.5566E+02
  16.546  0.9318E+00  0.5567E+02
  16.556  0.9473E+00  0.5568E+02
  16.566  0.9604E+00  0.5569E+02
  16.576  0.9682E+00  0.5570E+02
  16.586  0.9686E+00  0.5571E+02
  16.596  0.9613E+00  0.5572E+02
  16.606  0.9478E+00  0.5573E+02
  16.616  0.9317E+00  0.5574E+02
  16.626  0.9179E+00  0.5575E+02
  16.636  0.9117E+00  0.5576E+02
  16.646  0.9179E+00  0.5576E+02
  16.656  0.9396E+00  0.5577E+02
  16.666  0.9781E+00  0.5578E+02
  16.676  0.1032E+01  0.5579E+02
  16.686  0.1098E+01  0.5581E+02
  16.696  0.1171E+01  0.5582E+02
  16.706  0.1245E+01  0.5583E+02
  16.716  0.1314E+01  0.5584E+02
  16.726  0.1373E+01  0.5586E+02
  16.736  0.1419E+01  0.5587E+02
  16.746  0.1451E+01  0.5589E+02
  16.756  0.1468E+01  0.5590E+02
  16.766  0.1472E+01  0.5591E+02
  16.776  0.1466E+01  0.5593E+02
  16.786  0.1451E+01  0.5594E+02
  16.796  0.1430E+01  0.5596E+02
  16.806  0.1402E+01  0.5597E+02
  16.816  0.1368E+01  0.5599E+02
  16.826  0.1328E+01  0.5600E+02
  16.836  0.1281E+01  0.5601E+02
  16.846  0.1227E+01  0.5602E+02
  16.856  0.1166E+01  0.5604E+02
  16.866  0.1102E+01  0.5605E+02
  16.876  0.1034E+01  0.5606E+02
  16.886  0.9668E+00  0.5607E+02
  16.896  0.9024E+00  0.5608E+02
  16.906  0.8442E+00  0.5608E+02
  16.916  0.7954E+00  0.5609E+02
  16.926  0.7586E+00  0.5610E+02
  16.936  0.7363E+00  0.5611E+02
  16.946  0.7299E+00  0.5611E+02
  16.956  0.7398E+00  0.5612E+02
  16.966  0.7652E+00  0.5613E+02
  16.976  0.8041E+00  0.5614E+02
  16.986  0.8533E+00  0.5615E+02
  16.996  0.9088E+00  0.5616E+02
  17.006  0.9659E+00  0.5616E+02
  17.016  0.1020E+01  0.5617E+02
  17.026  0.1068E+01  0.5619E+02
  17.036  0.1108E+01  0.5620E+02
  17.046  0.1138E+01  0.5621E+02
  17.056  0.1160E+01  0.5622E+02
  17.066  0.1177E+01  0.5623E+02
  17.076  0.1193E+01  0.5624E+02
  17.086  0.1212E+01  0.5626E+02
  17.096  0.1241E+01  0.5627E+02
  17.106  0.1284E+01  0.5628E+02
  17.116  0.1341E+01  0.5629E+02
  17.126  0.1413E+01  0.5631E+02
  17.136  0.1495E+01  0.5632E+02
  17.146  0.1582E+01  0.5634E+02
  17.156  0.1663E+01  0.5636E+02
  17.166  0.1731E+01  0.5637E+02
  17.176  0.1779E+01  0.5639E+02
  17.186  0.1802E+01  0.5641E+02
  17.196  0.1803E+01  0.5643E+02
  17.206  0.1787E+01  0.5644E+02
  17.216  0.1764E+01  0.5646E+02
  17.226  0.1743E+01  0.5648E+02
  17.236  0.1735E+01  0.5650E+02
  17.246  0.1748E+01  0.5651E+02
  17.256  0.1785E+01  0.5653E+02
  17.266  0.1846E+01  0.5655E+02
  17.276  0.1928E+01  0.5657E+02
  17.286  0.2026E+01  0.5659E+02
  17.296  0.2132E+01  0.5661E+02
  17.306  0.2243E+01  0.5663E+02
  17.316  0.2352E+01  0.5666E+02
  17.326  0.2459E+01  0.5668E+02
  17.336  0.2560E+01  0.5671E+02
  17.346  0.2654E+01  0.5673E+02
  17.356  0.2738E+01  0.5676E+02
  17.366  0.2811E+01  0.5679E+02
  17.376  0.2870E+01  0.5682E+02
  17.386  0.2917E+01  0.5685E+02
  17.396  0.2953E+01  0.5688E+02
  17.406  0.2980E+01  0.5691E+02
  17.416  0.3006E+01  0.5694E+02
  17.426  0.3036E+01  0.5697E+02
  17.436  0.3079E+01  0.5700E+02
  17.446  0.3142E+01  0.5703E+02
  17.456  0.3235E+01  0.5706E+02
  17.466  0.3365E+01  0.5710E+02
  17.476  0.3539E+01  0.5713E+02
  17.486  0.3761E+01  0.5717E+02
  17.496  0.4030E+01  0.5721E+02
  17.506  0.4342E+01  0.5725E+02
  17.516  0.4685E+01  0.5730E+02
  17.526  0.5041E+01  0.5735E+02
  17.536  0.5389E+01  0.5740E+02
  17.546  0.5706E+01  0.5746E+02
  17.556  0.5969E+01  0.5752E+02
  17.566  0.6162E+01  0.5758E+02
  17.576  0.6274E+01  0.5764E+02
  17.586  0.6300E+01  0.5771E+02
  17.596  0.6245E+01  0.5777E+02
  17.606  0.6115E+01  0.5783E+02
  17.616  0.5922E+01  0.5789E+02
  17.626  0.5677E+01  0.5795E+02
  17.636  0.5392E+01  0.5800E+02
  17.646  0.5077E+01  0.5805E+02
  17.656  0.4743E+01  0.5810E+02
  17.666  0.4401E+01  0.5814E+02
  17.676  0.4062E+01  0.5818E+02
  17.686  0.3737E+01  0.5822E+02
  17.696  0.3439E+01  0.5826E+02
  17.706  0.3175E+01  0.5829E+02
  17.716  0.2953E+01  0.5832E+02
  17.726  0.2774E+01  0.5834E+02
  17.736  0.2636E+01  0.5837E+02
  17.746  0.2531E+01  0.5840E+02
  17.756  0.2451E+01  0.5842E+02
  17.766  0.2386E+01  0.5844E+02
  17.776  0.2328E+01  0.5847E+02
  17.786  0.2270E+01  0.5849E+02
  17.796  0.2211E+01  0.5851E+02
  17.806  0.2153E+01  0.5853E+02
  17.816  0.2097E+01  0.5856E+02
  17.826  0.2048E+01  0.5858E+02
  17.836  0.2009E+01  0.5860E+02
  17.846  0.1982E+01  0.5862E+02
  17.856  0.1967E+01  0.5864E+02
  17.866  0.1962E+01  0.5866E+02
  17.876  0.1965E+01  0.5867E+02
  17.886  0.1974E+01  0.5869E+02
  17.896  0.1988E+01  0.5871E+02
  17.906  0.2003E+01  0.5873E+02
  17.916  0.2019E+01  0.5875E+02
  17.926  0.2035E+01  0.5877E+02
  17.936  0.2049E+01  0.5880E+02
  17.946  0.2060E+01  0.5882E+02
  17.956  0.2067E+01  0.5884E+02
  17.966  0.2068E+01  0.5886E+02
  17.976  0.2060E+01  0.5888E+02
  17.986  0.2040E+01  0.5890E+02
  17.996  0.2002E+01  0.5892E+02
  18.006  0.1942E+01  0.5894E+02
  18.016  0.1855E+01  0.5896E+02
  18.026  0.1741E+01  0.5897E+02
  18.036  0.1599E+01  0.5899E+02
  18.046  0.1437E+01  0.5900E+02
  18.056  0.1262E+01  0.5902E+02
  18.066  0.1085E+01  0.5903E+02
  18.076  0.9167E+00  0.5904E+02
  18.086  0.7679E+00  0.5904E+02
  18.096  0.6459E+00  0.5905E+02
  18.106  0.5556E+00  0.5906E+02
  18.116  0.4989E+00  0.5906E+02
  18.126  0.4755E+00  0.5907E+02
  18.136  0.4834E+00  0.5907E+02
  18.146  0.5193E+00  0.5908E+02
  18.156  0.5794E+00  0.5908E+02
  18.166  0.6584E+00  0.5909E+02
  18.176  0.7505E+00  0.5910E+02
  18.186  0.8486E+00  0.5910E+02
  18.196  0.9451E+00  0.5911E+02
  18.206  0.1032E+01  0.5912E+02
  18.216  0.1104E+01  0.5914E+02
  18.226  0.1157E+01  0.5915E+02
  18.236  0.1190E+01  0.5916E+02
  18.246  0.1205E+01  0.5917E+02
  18.256  0.1209E+01  0.5918E+02
  18.266  0.1209E+01  0.5920E+02
  18.276  0.1211E+01  0.5921E+02
  18.286  0.1221E+01  0.5922E+02
  18.296  0.1242E+01  0.5923E+02
  18.306  0.1273E+01  0.5924E+02
  18.316  0.1310E+01  0.5926E+02
  18.326  0.1347E+01  0.5927E+02
  18.336  0.1380E+01  0.5928E+02
  18.346  0.1401E+01  0.5930E+02
  18.356  0.1409E+01  0.5931E+02
  18.366  0.1400E+01  0.5933E+02
  18.376  0.1377E+01  0.5934E+02
  18.386  0.1341E+01  0.5935E+02
  18.396  0.1298E+01  0.5937E+02
  18.406  0.1254E+01  0.5938E+02
  18.416  0.1212E+01  0.5939E+02
  18.426  0.1178E+01  0.5940E+02
  18.436  0.1153E+01  0.5942E+02
  18.446  0.1137E+01  0.5943E+02
  18.456  0.1128E+01  0.5944E+02
  18.466  0.1121E+01  0.5945E+02
  18.476  0.1110E+01  0.5946E+02
  18.486  0.1091E+01  0.5947E+02
  18.496  0.1060E+01  0.5948E+02
  18.506  0.1018E+01  0.5949E+02
  18.516  0.9654E+00  0.5950E+02
  18.526  0.9056E+00  0.5951E+02
  18.536  0.8428E+00  0.5952E+02
  18.546  0.7814E+00  0.5953E+02
  18.556  0.7245E+00  0.5953E+02
  18.566  0.6744E+00  0.5954E+02
  18.576  0.6321E+00  0.5955E+02
  18.586  0.5977E+00  0.5955E+02
  18.596  0.5711E+00  0.5956E+02
  18.606  0.5519E+00  0.5956E+02
  18.616  0.5403E+00  0.5957E+02
  18.626  0.5363E+00  0.5958E+02
  18.636  0.5401E+00  0.5958E+02
  18.646  0.5517E+00  0.5959E+02
  18.656  0.5707E+00  0.5959E+02
  18.666  0.5962E+00  0.5960E+02
  18.676  0.6269E+00  0.5960E+02
  18.686  0.6607E+00  0.5961E+02
  18.696  0.6952E+00  0.5962E+02
  18.706  0.7275E+00  0.5962E+02
  18.716  0.7544E+00  0.5963E+02
  18.726  0.7728E+00  0.5964E+02
  18.736  0.7802E+00  0.5965E+02
  18.746  0.7749E+00  0.5966E+02
  18.756  0.7567E+00  0.5966E+02
  18.766  0.7272E+00  0.5967E+02
  18.776  0.6893E+00  0.5968E+02
  18.786  0.6468E+00  0.5968E+02
  18.796  0.6041E+00  0.5969E+02
  18.806  0.5654E+00  0.5970E+02
  18.816  0.5338E+00  0.5970E+02
  18.826  0.5118E+00  0.5971E+02
  18.836  0.5002E+00  0.5971E+02
  18.846  0.4990E+00  0.5972E+02
  18.856  0.5075E+00  0.5972E+02
  18.866  0.5245E+00  0.5973E+02
  18.876  0.5487E+00  0.5973E+02
  18.886  0.5790E+00  0.5974E+02
  18.896  0.6142E+00  0.5974E+02
  18.906  0.6530E+00  0.5975E+02
  18.916  0.6938E+00  0.5976E+02
  18.926  0.7345E+00  0.5976E+02
  18.936  0.7722E+00  0.5977E+02
  18.946  0.8040E+00  0.5978E+02
  18.956  0.8270E+00  0.5979E+02
  18.966  0.8396E+00  0.5980E+02
  18.976  0.8416E+00  0.5981E+02
  18.986  0.8350E+00  0.5981E+02
  18.996  0.8237E+00  0.5982E+02
  19.006  0.8133E+00  0.5983E+02
  19.016  0.8105E+00  0.5984E+02
  19.026  0.8215E+00  0.5985E+02
  19.036  0.8513E+00  0.5985E+02
  19.046  0.9026E+00  0.5986E+02
  19.056  0.9754E+00  0.5987E+02
  19.066  0.1067E+01  0.5988E+02
  19.076  0.1171E+01  0.5990E+02
  19.086  0.1281E+01  0.5991E+02
  19.096  0.1387E+01  0.5992E+02
  19.106  0.1484E+01  0.5994E+02
  19.116  0.1563E+01  0.5995E+02
  19.126  0.1621E+01  0.5997E+02
  19.136  0.1656E+01  0.5999E+02
  19.146  0.1667E+01  0.6000E+02
  19.156  0.1656E+01  0.6002E+02
  19.166  0.1626E+01  0.6004E+02
  19.176  0.1579E+01  0.6005E+02
  19.186  0.1520E+01  0.6007E+02
  19.196  0.1452E+01  0.6008E+02
  19.206  0.1380E+01  0.6009E+02
  19.216  0.1309E+01  0.6011E+02
  19.226  0.1242E+01  0.6012E+02
  19.236  0.1181E+01  0.6013E+02
  19.246  0.1128E+01  0.6014E+02
  19.256  0.1080E+01  0.6015E+02
  19.266  0.1037E+01  0.6016E+02
  19.276  0.9932E+00  0.6017E+02
  19.286  0.9472E+00  0.6018E+02
  19.296  0.8966E+00  0.6019E+02
  19.306  0.8416E+00  0.6020E+02
  19.316  0.7840E+00  0.6021E+02
  19.326  0.7276E+00  0.6022E+02
  19.336  0.6768E+00  0.6022E+02
  19.346  0.6361E+00  0.6023E+02
  19.356  0.6094E+00  0.6024E+02
  19.366  0.5991E+00  0.6024E+02
  19.376  0.6063E+00  0.6025E+02
  19.386  0.6313E+00  0.6025E+02
  19.396  0.6732E+00  0.6026E+02
  19.406  0.7310E+00  0.6027E+02
  19.416  0.8034E+00  0.6028E+02
  19.426  0.8889E+00  0.6029E+02
  19.436  0.9854E+00  0.6029E+02
  19.446  0.1090E+01  0.6031E+02
  19.456  0.1198E+01  0.6032E+02
  19.466  0.1304E+01  0.6033E+02
  19.476  0.1402E+01  0.6034E+02
  19.486  0.1488E+01  0.6036E+02
  19.496  0.1557E+01  0.6038E+02
  19.506  0.1607E+01  0.6039E+02
  19.516  0.1638E+01  0.6041E+02
  19.526  0.1654E+01  0.6042E+02
  19.536  0.1659E+01  0.6044E+02
  19.546  0.1659E+01  0.6046E+02
  19.556  0.1660E+01  0.6047E+02
  19.566  0.1669E+01  0.6049E+02
  19.576  0.1691E+01  0.6051E+02
  19.586  0.1730E+01  0.6052E+02
  19.596  0.1786E+01  0.6054E+02
  19.606  0.1858E+01  0.6056E+02
  19.616  0.1940E+01  0.6058E+02
  19.626  0.2026E+01  0.6060E+02
  19.636  0.2106E+01  0.6062E+02
  19.646  0.2172E+01  0.6064E+02
  19.656  0.2219E+01  0.6067E+02
  19.666  0.2242E+01  0.6069E+02
  19.676  0.2242E+01  0.6071E+02
  19.686  0.2222E+01  0.6073E+02
  19.696  0.2188E+01  0.6075E+02
  19.706  0.2145E+01  0.6078E+02
  19.716  0.2099E+01  0.6080E+02
  19.726  0.2053E+01  0.6082E+02
  19.736  0.2008E+01  0.6084E+02
  19.746  0.1966E+01  0.6086E+02
  19.756  0.1926E+01  0.6088E+02
  19.766  0.1887E+01  0.6090E+02
  19.776  0.1849E+01  0.6091E+02
  19.786  0.1814E+01  0.6093E+02
  19.796  0.1781E+01  0.6095E+02
  19.806  0.1754E+01  0.6097E+02
  19.816  0.1733E+01  0.6099E+02
  19.826  0.1719E+01  0.6100E+02
  19.836  0.1716E+01  0.6102E+02
  19.846  0.1724E+01  0.6104E+02
  19.856  0.1748E+01  0.6105E+02
  19.866  0.1788E+01  0.6107E+02
  19.876  0.1849E+01  0.6109E+02
  19.886  0.1929E+01  0.6111E+02
  19.896  0.2027E+01  0.6113E+02
  19.906  0.2137E+01  0.6115E+02
  19.916  0.2251E+01  0.6117E+02
  19.926  0.2358E+01  0.6120E+02
  19.936  0.2447E+01  0.6122E+02
  19.946  0.2508E+01  0.6125E+02
  19.956  0.2532E+01  0.6127E+02
  19.966  0.2513E+01  0.6130E+02
  19.976  0.2450E+01  0.6132E+02
  19.986  0.2344E+01  0.6135E+02
  19.996  0.2200E+01  0.6137E+02
  20.006  0.2027E+01  0.6139E+02
  20.016  0.1835E+01  0.6141E+02
  20.026  0.1635E+01  0.6142E+02
  20.036  0.1442E+01  0.6144E+02
  20.046  0.1267E+01  0.6145E+02
  20.056  0.1125E+01  0.6146E+02
  20.066  0.1024E+01  0.6147E+02
  20.076  0.9740E+00  0.6148E+02
  20.086  0.9769E+00  0.6149E+02
  20.096  0.1031E+01  0.6150E+02
  20.106  0.1131E+01  0.6151E+02
  20.116  0.1264E+01  0.6152E+02
  20.126  0.1416E+01  0.6154E+02
  20.136  0.1571E+01  0.6155E+02
  20.146  0.1717E+01  0.6157E+02
  20.156  0.1842E+01  0.6159E+02
  20.166  0.1939E+01  0.6161E+02
  20.176  0.2006E+01  0.6163E+02
  20.186  0.2045E+01  0.6165E+02
  20.196  0.2058E+01  0.6167E+02
  20.206  0.2047E+01  0.6169E+02
  20.216  0.2016E+01  0.6171E+02
  20.226  0.1968E+01  0.6173E+02
  20.236  0.1904E+01  0.6175E+02
  20.246  0.1828E+01  0.6177E+02
  20.256  0.1745E+01  0.6179E+02
  20.266  0.1660E+01  0.6180E+02
  20.276  0.1580E+01  0.6182E+02
  20.286  0.1510E+01  0.6183E+02
  20.296  0.1454E+01  0.6185E+02
  20.306  0.1415E+01  0.6186E+02
  20.316  0.1393E+01  0.6188E+02
  20.326  0.1384E+01  0.6189E+02
  20.336  0.1385E+01  0.6190E+02
  20.346  0.1391E+01  0.6192E+02
  20.356  0.1398E+01  0.6193E+02
  20.366  0.1402E+01  0.6195E+02
  20.376  0.1401E+01  0.6196E+02
  20.386  0.1396E+01  0.6197E+02
  20.396  0.1385E+01  0.6199E+02
  20.406  0.1371E+01  0.6200E+02
  20.416  0.1353E+01  0.6201E+02
  20.426  0.1334E+01  0.6203E+02
  20.436  0.1315E+01  0.6204E+02
  20.446  0.1295E+01  0.6205E+02
  20.456  0.1278E+01  0.6207E+02
  20.466  0.1265E+01  0.6208E+02
  20.476  0.1257E+01  0.6209E+02
  20.486  0.1258E+01  0.6210E+02
  20.496  0.1270E+01  0.6212E+02
  20.506  0.1293E+01  0.6213E+02
  20.516  0.1329E+01  0.6214E+02
  20.526  0.1373E+01  0.6216E+02
  20.536  0.1423E+01  0.6217E+02
  20.546  0.1471E+01  0.6219E+02
  20.556  0.1512E+01  0.6220E+02
  20.566  0.1539E+01  0.6222E+02
  20.576  0.1548E+01  0.6223E+02
  20.586  0.1538E+01  0.6225E+02
  20.596  0.1510E+01  0.6226E+02
  20.606  0.1471E+01  0.6228E+02
  20.616  0.1428E+01  0.6229E+02
  20.626  0.1390E+01  0.6231E+02
  20.636  0.1365E+01  0.6232E+02
  20.646  0.1358E+01  0.6233E+02
  20.656  0.1369E+01  0.6235E+02
  20.666  0.1397E+01  0.6236E+02
  20.676  0.1433E+01  0.6237E+02
  20.686  0.1468E+01  0.6239E+02
  20.696  0.1493E+01  0.6240E+02
  20.706  0.1498E+01  0.6242E+02
  20.716  0.1482E+01  0.6243E+02
  20.726  0.1445E+01  0.6245E+02
  20.736  0.1394E+01  0.6246E+02
  20.746  0.1340E+01  0.6248E+02
  20.756  0.1293E+01  0.6249E+02
  20.766  0.1265E+01  0.6250E+02
  20.776  0.1263E+01  0.6251E+02
  20.786  0.1289E+01  0.6253E+02
  20.796  0.1340E+01  0.6254E+02
  20.806  0.1407E+01  0.6255E+02
  20.816  0.1477E+01  0.6257E+02
  20.826  0.1537E+01  0.6258E+02
  20.836  0.1576E+01  0.6260E+02
  20.846  0.1586E+01  0.6262E+02
  20.856  0.1566E+01  0.6263E+02
  20.866  0.1522E+01  0.6265E+02
  20.876  0.1464E+01  0.6266E+02
  20.886  0.1405E+01  0.6268E+02
  20.896  0.1358E+01  0.6269E+02
  20.906  0.1333E+01  0.6270E+02
  20.916  0.1332E+01  0.6272E+02
  20.926  0.1354E+01  0.6273E+02
  20.936  0.1393E+01  0.6274E+02
  20.946  0.1440E+01  0.6276E+02
  20.956  0.1483E+01  0.6277E+02
  20.966  0.1514E+01  0.6279E+02
  20.976  0.1526E+01  0.6280E+02
  20.986  0.1518E+01  0.6282E+02
  20.996  0.1490E+01  0.6283E+02
  21.006  0.1448E+01  0.6285E+02
  21.016  0.1398E+01  0.6286E+02
  21.026  0.1348E+01  0.6288E+02
  21.036  0.1303E+01  0.6289E+02
  21.046  0.1271E+01  0.6290E+02
  21.056  0.1256E+01  0.6291E+02
  21.066  0.1262E+01  0.6293E+02
  21.076  0.1290E+01  0.6294E+02
  21.086  0.1342E+01  0.6295E+02
  21.096  0.1417E+01  0.6297E+02
  21.106  0.1509E+01  0.6298E+02
  21.116  0.1613E+01  0.6300E+02
  21.126  0.1721E+01  0.6302E+02
  21.136  0.1822E+01  0.6303E+02
  21.146  0.1904E+01  0.6305E+02
  21.156  0.1960E+01  0.6307E+02
  21.166  0.1982E+01  0.6309E+02
  21.176  0.1968E+01  0.6311E+02
  21.186  0.1920E+01  0.6313E+02
  21.196  0.1844E+01  0.6315E+02
  21.206  0.1751E+01  0.6317E+02
  21.216  0.1652E+01  0.6318E+02
  21.226  0.1561E+01  0.6320E+02
  21.236  0.1489E+01  0.6321E+02
  21.246  0.1443E+01  0.6323E+02
  21.256  0.1427E+01  0.6324E+02
  21.266  0.1440E+01  0.6326E+02
  21.276  0.1476E+01  0.6327E+02
  21.286  0.1527E+01  0.6329E+02
  21.296  0.1583E+01  0.6330E+02
  21.306  0.1634E+01  0.6332E+02
  21.316  0.1672E+01  0.6334E+02
  21.326  0.1693E+01  0.6335E+02
  21.336  0.1695E+01  0.6337E+02
  21.346  0.1682E+01  0.6339E+02
  21.356  0.1660E+01  0.6340E+02
  21.366  0.1635E+01  0.6342E+02
  21.376  0.1616E+01  0.6344E+02
  21.386  0.1610E+01  0.6345E+02
  21.396  0.1621E+01  0.6347E+02
  21.406  0.1649E+01  0.6348E+02
  21.416  0.1690E+01  0.6350E+02
  21.426  0.1738E+01  0.6352E+02
  21.436  0.1787E+01  0.6354E+02
  21.446  0.1829E+01  0.6355E+02
  21.456  0.1862E+01  0.6357E+02
  21.466  0.1886E+01  0.6359E+02
  21.476  0.1904E+01  0.6361E+02
  21.486  0.1922E+01  0.6363E+02
  21.496  0.1946E+01  0.6365E+02
  21.506  0.1981E+01  0.6367E+02
  21.516  0.2028E+01  0.6369E+02
  21.526  0.2083E+01  0.6371E+02
  21.536  0.2141E+01  0.6373E+02
  21.546  0.2193E+01  0.6375E+02
  21.556  0.2230E+01  0.6378E+02
  21.566  0.2247E+01  0.6380E+02
  21.576  0.2237E+01  0.6382E+02
  21.586  0.2200E+01  0.6384E+02
  21.596  0.2137E+01  0.6386E+02
  21.606  0.2049E+01  0.6389E+02
  21.616  0.1941E+01  0.6390E+02
  21.626  0.1816E+01  0.6392E+02
  21.636  0.1679E+01  0.6394E+02
  21.646  0.1536E+01  0.6395E+02
  21.656  0.1394E+01  0.6397E+02
  21.666  0.1259E+01  0.6398E+02
  21.676  0.1139E+01  0.6399E+02
  21.686  0.1041E+01  0.6400E+02
  21.696  0.9710E+00  0.6401E+02
  21.706  0.9322E+00  0.6402E+02
  21.716  0.9243E+00  0.6403E+02
  21.726  0.9435E+00  0.6404E+02
  21.736  0.9835E+00  0.6405E+02
  21.746  0.1036E+01  0.6406E+02
  21.756  0.1093E+01  0.6407E+02
  21.766  0.1146E+01  0.6408E+02
  21.776  0.1190E+01  0.6410E+02
  21.786  0.1222E+01  0.6411E+02
  21.796  0.1242E+01  0.6412E+02
  21.806  0.1251E+01  0.6413E+02
  21.816  0.1255E+01  0.6415E+02
  21.826  0.1258E+01  0.6416E+02
  21.836  0.1267E+01  0.6417E+02
  21.846  0.1287E+01  0.6418E+02
  21.856  0.1322E+01  0.6420E+02
  21.866  0.1375E+01  0.6421E+02
  21.876  0.1444E+01  0.6422E+02
  21.886  0.1527E+01  0.6424E+02
  21.896  0.1619E+01  0.6426E+02
  21.906  0.1713E+01  0.6427E+02
  21.916  0.1800E+01  0.6429E+02
  21.926  0.1876E+01  0.6431E+02
  21.936  0.1936E+01  0.6433E+02
  21.946  0.1979E+01  0.6435E+02
  21.956  0.2009E+01  0.6437E+02
  21.966  0.2031E+01  0.6439E+02
  21.976  0.2052E+01  0.6441E+02
  21.986  0.2081E+01  0.6443E+02
  21.996  0.2126E+01  0.6445E+02
  22.006  0.2190E+01  0.6447E+02
  22.016  0.2277E+01  0.6450E+02
  22.026  0.2382E+01  0.6452E+02
  22.036  0.2500E+01  0.6455E+02
  22.046  0.2620E+01  0.6457E+02
  22.056  0.2730E+01  0.6460E+02
  22.066  0.2820E+01  0.6463E+02
  22.076  0.2879E+01  0.6466E+02
  22.086  0.2904E+01  0.6469E+02
  22.096  0.2894E+01  0.6471E+02
  22.106  0.2854E+01  0.6474E+02
  22.116  0.2790E+01  0.6477E+02
  22.126  0.2712E+01  0.6480E+02
  22.136  0.2627E+01  0.6482E+02
  22.146  0.2541E+01  0.6485E+02
  22.156  0.2458E+01  0.6487E+02
  22.166  0.2379E+01  0.6490E+02
  22.176  0.2305E+01  0.6492E+02
  22.186  0.2236E+01  0.6494E+02
  22.196  0.2172E+01  0.6496E+02
  22.206  0.2114E+01  0.6499E+02
  22.216  0.2062E+01  0.6501E+02
  22.226  0.2017E+01  0.6503E+02
  22.236  0.1977E+01  0.6505E+02
  22.246  0.1941E+01  0.6507E+02
  22.256  0.1908E+01  0.6509E+02
  22.266  0.1877E+01  0.6510E+02
  22.276  0.1851E+01  0.6512E+02
  22.286  0.1831E+01  0.6514E+02
  22.296  0.1821E+01  0.6516E+02
  22.306  0.1826E+01  0.6518E+02
  22.316  0.1848E+01  0.6520E+02
  22.326  0.1887E+01  0.6521E+02
  22.336  0.1943E+01  0.6523E+02
  22.346  0.2014E+01  0.6525E+02
  22.356  0.2094E+01  0.6527E+02
  22.366  0.2177E+01  0.6530E+02
  22.376  0.2258E+01  0.6532E+02
  22.386  0.2328E+01  0.6534E+02
  22.396  0.2382E+01  0.6537E+02
  22.406  0.2415E+01  0.6539E+02
  22.416  0.2423E+01  0.6541E+02
  22.426  0.2405E+01  0.6544E+02
  22.436  0.2364E+01  0.6546E+02
  22.446  0.2306E+01  0.6549E+02
  22.456  0.2239E+01  0.6551E+02
  22.466  0.2172E+01  0.6553E+02
  22.476  0.2113E+01  0.6555E+02
  22.486  0.2069E+01  0.6557E+02
  22.496  0.2042E+01  0.6559E+02
  22.506  0.2028E+01  0.6561E+02
  22.516  0.2024E+01  0.6563E+02
  22.526  0.2020E+01  0.6565E+02
  22.536  0.2010E+01  0.6567E+02
  22.546  0.1990E+01  0.6569E+02
  22.556  0.1961E+01  0.6571E+02
  22.566  0.1927E+01  0.6573E+02
  22.576  0.1898E+01  0.6575E+02
  22.586  0.1884E+01  0.6577E+02
  22.596  0.1892E+01  0.6579E+02
  22.606  0.1929E+01  0.6581E+02
  22.616  0.1992E+01  0.6583E+02
  22.626  0.2074E+01  0.6585E+02
  22.636  0.2163E+01  0.6587E+02
  22.646  0.2246E+01  0.6589E+02
  22.656  0.2307E+01  0.6592E+02
  22.666  0.2337E+01  0.6594E+02
  22.676  0.2331E+01  0.6596E+02
  22.686  0.2291E+01  0.6598E+02
  22.696  0.2224E+01  0.6601E+02
  22.706  0.2144E+01  0.6603E+02
  22.716  0.2061E+01  0.6605E+02
  22.726  0.1989E+01  0.6607E+02
  22.736  0.1935E+01  0.6609E+02
  22.746  0.1903E+01  0.6611E+02
  22.756  0.1893E+01  0.6613E+02
  22.766  0.1899E+01  0.6615E+02
  22.776  0.1916E+01  0.6616E+02
  22.786  0.1936E+01  0.6618E+02
  22.796  0.1950E+01  0.6620E+02
  22.806  0.1955E+01  0.6622E+02
  22.816  0.1947E+01  0.6624E+02
  22.826  0.1925E+01  0.6626E+02
  22.836  0.1892E+01  0.6628E+02
  22.846  0.1853E+01  0.6630E+02
  22.856  0.1816E+01  0.6632E+02
  22.866  0.1790E+01  0.6634E+02
  22.876  0.1783E+01  0.6635E+02
  22.886  0.1803E+01  0.6637E+02
  22.896  0.1854E+01  0.6639E+02
  22.906  0.1938E+01  0.6641E+02
  22.916  0.2051E+01  0.6643E+02
  22.926  0.2186E+01  0.6645E+02
  22.936  0.2330E+01  0.6647E+02
  22.946  0.2472E+01  0.6650E+02
  22.956  0.2598E+01  0.6653E+02
  22.966  0.2696E+01  0.6655E+02
  22.976  0.2756E+01  0.6658E+02
  22.986  0.2776E+01  0.6661E+02
  22.996  0.2755E+01  0.6664E+02
  23.006  0.2699E+01  0.6666E+02
  23.016  0.2617E+01  0.6669E+02
  23.026  0.2522E+01  0.6671E+02
  23.036  0.2425E+01  0.6674E+02
  23.046  0.2339E+01  0.6676E+02
  23.056  0.2273E+01  0.6678E+02
  23.066  0.2232E+01  0.6681E+02
  23.076  0.2218E+01  0.6683E+02
  23.086  0.2229E+01  0.6685E+02
  23.096  0.2260E+01  0.6687E+02
  23.106  0.2302E+01  0.6690E+02
  23.116  0.2348E+01  0.6692E+02
  23.126  0.2388E+01  0.6694E+02
  23.136  0.2413E+01  0.6697E+02
  23.146  0.2415E+01  0.6699E+02
  23.156  0.2389E+01  0.6702E+02
  23.166  0.2332E+01  0.6704E+02
  23.176  0.2246E+01  0.6706E+02
  23.186  0.2133E+01  0.6708E+02
  23.196  0.2000E+01  0.6710E+02
  23.206  0.1856E+01  0.6712E+02
  23.216  0.1711E+01  0.6714E+02
  23.226  0.1577E+01  0.6715E+02
  23.236  0.1464E+01  0.6717E+02
  23.246  0.1381E+01  0.6718E+02
  23.256  0.1337E+01  0.6720E+02
  23.266  0.1335E+01  0.6721E+02
  23.276  0.1374E+01  0.6722E+02
  23.286  0.1450E+01  0.6724E+02
  23.296  0.1552E+01  0.6725E+02
  23.306  0.1669E+01  0.6727E+02
  23.316  0.1787E+01  0.6729E+02
  23.326  0.1892E+01  0.6731E+02
  23.336  0.1973E+01  0.6733E+02
  23.346  0.2022E+01  0.6735E+02
  23.356  0.2035E+01  0.6737E+02
  23.366  0.2012E+01  0.6739E+02
  23.376  0.1954E+01  0.6741E+02
  23.386  0.1866E+01  0.6743E+02
  23.396  0.1751E+01  0.6744E+02
  23.406  0.1617E+01  0.6746E+02
  23.416  0.1467E+01  0.6747E+02
  23.426  0.1310E+01  0.6749E+02
  23.436  0.1152E+01  0.6750E+02
  23.446  0.1003E+01  0.6751E+02
  23.456  0.8707E+00  0.6752E+02
  23.466  0.7627E+00  0.6752E+02
  23.476  0.6845E+00  0.6753E+02
  23.486  0.6392E+00  0.6754E+02
  23.496  0.6263E+00  0.6754E+02
  23.506  0.6423E+00  0.6755E+02
  23.516  0.6806E+00  0.6756E+02
  23.526  0.7326E+00  0.6756E+02
  23.536  0.7888E+00  0.6757E+02
  23.546  0.8398E+00  0.6758E+02
  23.556  0.8782E+00  0.6759E+02
  23.566  0.8991E+00  0.6760E+02
  23.576  0.9007E+00  0.6761E+02
  23.586  0.8845E+00  0.6762E+02
  23.596  0.8541E+00  0.6763E+02
  23.606  0.8148E+00  0.6763E+02
  23.616  0.7722E+00  0.6764E+02
  23.626  0.7316E+00  0.6765E+02
  23.636  0.6975E+00  0.6766E+02
  23.646  0.6732E+00  0.6766E+02
  23.656  0.6611E+00  0.6767E+02
  23.666  0.6626E+00  0.6768E+02
  23.676  0.6787E+00  0.6768E+02
  23.686  0.7097E+00  0.6769E+02
  23.696  0.7554E+00  0.6770E+02
  23.706  0.8145E+00  0.6771E+02
  23.716  0.8844E+00  0.6771E+02
  23.726  0.9614E+00  0.6772E+02
  23.736  0.1040E+01  0.6773E+02
  23.746  0.1114E+01  0.6775E+02
  23.756  0.1176E+01  0.6776E+02
  23.766  0.1222E+01  0.6777E+02
  23.776  0.1247E+01  0.6778E+02
  23.786  0.1250E+01  0.6779E+02
  23.796  0.1235E+01  0.6781E+02
  23.806  0.1204E+01  0.6782E+02
  23.816  0.1166E+01  0.6783E+02
  23.826  0.1127E+01  0.6784E+02
  23.836  0.1093E+01  0.6785E+02
  23.846  0.1068E+01  0.6786E+02
  23.856  0.1055E+01  0.6787E+02
  23.866  0.1055E+01  0.6788E+02
  23.876  0.1067E+01  0.6789E+02
  23.886  0.1088E+01  0.6791E+02
  23.896  0.1116E+01  0.6792E+02
  23.906  0.1147E+01  0.6793E+02
  23.916  0.1178E+01  0.6794E+02
  23.926  0.1203E+01  0.6795E+02
  23.936  0.1216E+01  0.6796E+02
  23.946  0.1212E+01  0.6798E+02
  23.956  0.1185E+01  0.6799E+02
  23.966  0.1135E+01  0.6800E+02
  23.976  0.1060E+01  0.6801E+02
  23.986  0.9642E+00  0.6802E+02
  23.996  0.8544E+00  0.6803E+02
  24.006  0.7382E+00  0.6804E+02
  24.016  0.6238E+00  0.6804E+02
  24.026  0.5188E+00  0.6805E+02
  24.036  0.4287E+00  0.6805E+02
  24.046  0.3571E+00  0.6805E+02
  24.056  0.3054E+00  0.6806E+02
  24.066  0.2733E+00  0.6806E+02
  24.076  0.2593E+00  0.6806E+02
  24.086  0.2615E+00  0.6807E+02
  24.096  0.2780E+00  0.6807E+02
  24.106  0.3068E+00  0.6807E+02
  24.116  0.3459E+00  0.6808E+02
  24.126  0.3932E+00  0.6808E+02
  24.136  0.4464E+00  0.6808E+02
  24.146  0.5030E+00  0.6809E+02
  24.156  0.5608E+00  0.6809E+02
  24.166  0.6181E+00  0.6810E+02
  24.176  0.6743E+00  0.6811E+02
  24.186  0.7300E+00  0.6811E+02
  24.196  0.7866E+00  0.6812E+02
  24.206  0.8457E+00  0.6813E+02
  24.216  0.9085E+00  0.6814E+02
  24.226  0.9747E+00  0.6815E+02
  24.236  0.1042E+01  0.6816E+02
  24.246  0.1106E+01  0.6817E+02
  24.256  0.1163E+01  0.6818E+02
  24.266  0.1209E+01  0.6819E+02
  24.276  0.1241E+01  0.6821E+02
  24.286  0.1260E+01  0.6822E+02
  24.296  0.1271E+01  0.6823E+02
  24.306  0.1280E+01  0.6825E+02
  24.316  0.1295E+01  0.6826E+02
  24.326  0.1320E+01  0.6827E+02
  24.336  0.1360E+01  0.6829E+02
  24.346  0.1415E+01  0.6830E+02
  24.356  0.1481E+01  0.6831E+02
  24.366  0.1552E+01  0.6833E+02
  24.376  0.1623E+01  0.6835E+02
  24.386  0.1686E+01  0.6836E+02
  24.396  0.1738E+01  0.6838E+02
  24.406  0.1776E+01  0.6840E+02
  24.416  0.1797E+01  0.6842E+02
  24.426  0.1801E+01  0.6843E+02
  24.436  0.1788E+01  0.6845E+02
  24.446  0.1761E+01  0.6847E+02
  24.456  0.1720E+01  0.6849E+02
  24.466  0.1670E+01  0.6850E+02
  24.476  0.1617E+01  0.6852E+02
  24.486  0.1570E+01  0.6854E+02
  24.496  0.1536E+01  0.6855E+02
  24.506  0.1523E+01  0.6857E+02
  24.516  0.1539E+01  0.6858E+02
  24.526  0.1587E+01  0.6860E+02
  24.536  0.1666E+01  0.6861E+02
  24.546  0.1771E+01  0.6863E+02
  24.556  0.1893E+01  0.6865E+02
  24.566  0.2021E+01  0.6867E+02
  24.576  0.2143E+01  0.6869E+02
  24.586  0.2247E+01  0.6871E+02
  24.596  0.2324E+01  0.6874E+02
  24.606  0.2368E+01  0.6876E+02
  24.616  0.2379E+01  0.6879E+02
  24.626  0.2360E+01  0.6881E+02
  24.636  0.2320E+01  0.6883E+02
  24.646  0.2270E+01  0.6885E+02
  24.656  0.2220E+01  0.6888E+02
  24.666  0.2180E+01  0.6890E+02
  24.676  0.2156E+01  0.6892E+02
  24.686  0.2147E+01  0.6894E+02
  24.696  0.2147E+01  0.6896E+02
  24.706  0.2146E+01  0.6898E+02
  24.716  0.2131E+01  0.6901E+02
  24.726  0.2093E+01  0.6903E+02
  24.736  0.2024E+01  0.6905E+02
  24.746  0.1925E+01  0.6907E+02
  24.756  0.1801E+01  0.6908E+02
  24.766  0.1665E+01  0.6910E+02
  24.776  0.1530E+01  0.6912E+02
  24.786  0.1411E+01  0.6913E+02
  24.796  0.1319E+01  0.6914E+02
  24.806  0.1261E+01  0.6916E+02
  24.816  0.1237E+01  0.6917E+02
  24.826  0.1242E+01  0.6918E+02
  24.836  0.1266E+01  0.6919E+02
  24.846  0.1296E+01  0.6921E+02
  24.856  0.1321E+01  0.6922E+02
  24.866  0.1330E+01  0.6923E+02
  24.876  0.1315E+01  0.6925E+02
  24.886  0.1276E+01  0.6926E+02
  24.896  0.1214E+01  0.6927E+02
  24.906  0.1136E+01  0.6928E+02
  24.916  0.1050E+01  0.6929E+02
  24.926  0.9652E+00  0.6930E+02
  24.936  0.8884E+00  0.6931E+02
  24.946  0.8251E+00  0.6932E+02
  24.956  0.7774E+00  0.6933E+02
  24.966  0.7453E+00  0.6933E+02
  24.976  0.7268E+00  0.6934E+02
  24.986  0.7192E+00  0.6935E+02
  24.996  0.7195E+00  0.6936E+02
  25.006  0.7252E+00  0.6936E+02
  25.016  0.7343E+00  0.6937E+02
  25.026  0.7457E+00  0.6938E+02
  25.036  0.7588E+00  0.6939E+02
  25.046  0.7736E+00  0.6939E+02
  25.056  0.7900E+00  0.6940E+02
  25.066  0.8080E+00  0.6941E+02
  25.076  0.8271E+00  0.6942E+02
  25.086  0.8460E+00  0.6943E+02
  25.096  0.8623E+00  0.6944E+02
  25.106  0.8731E+00  0.6944E+02
  25.116  0.8752E+00  0.6945E+02
  25.126  0.8661E+00  0.6946E+02
  25.136  0.8446E+00  0.6947E+02
  25.146  0.8120E+00  0.6948E+02
  25.156  0.7718E+00  0.6949E+02
  25.166  0.7297E+00  0.6949E+02
  25.176  0.6923E+00  0.6950E+02
  25.186  0.6659E+00  0.6951E+02
  25.196  0.6550E+00  0.6951E+02
  25.206  0.6618E+00  0.6952E+02
  25.216  0.6856E+00  0.6953E+02
  25.226  0.7231E+00  0.6953E+02
  25.236  0.7699E+00  0.6954E+02
  25.246  0.8217E+00  0.6955E+02
  25.256  0.8752E+00  0.6956E+02
  25.266  0.9291E+00  0.6957E+02
  25.276  0.9835E+00  0.6958E+02
  25.286  0.1040E+01  0.6959E+02
  25.296  0.1099E+01  0.6960E+02
  25.306  0.1161E+01  0.6961E+02
  25.316  0.1222E+01  0.6962E+02
  25.326  0.1276E+01  0.6964E+02
  25.336  0.1316E+01  0.6965E+02
  25.346  0.1334E+01  0.6966E+02
  25.356  0.1321E+01  0.6968E+02
  25.366  0.1276E+01  0.6969E+02
  25.376  0.1199E+01  0.6970E+02
  25.386  0.1095E+01  0.6971E+02
  25.396  0.9740E+00  0.6972E+02
  25.406  0.8477E+00  0.6973E+02
  25.416  0.7288E+00  0.6974E+02
  25.426  0.6286E+00  0.6974E+02
  25.436  0.5553E+00  0.6975E+02
  25.446  0.5133E+00  0.6975E+02
  25.456  0.5026E+00  0.6976E+02
  25.466  0.5191E+00  0.6976E+02
  25.476  0.5557E+00  0.6977E+02
  25.486  0.6032E+00  0.6978E+02
  25.496  0.6520E+00  0.6978E+02
  25.506  0.6933E+00  0.6979E+02
  25.516  0.7204E+00  0.6980E+02
  25.526  0.7293E+00  0.6980E+02
  25.536  0.7193E+00  0.6981E+02
  25.546  0.6923E+00  0.6982E+02
  25.556  0.6527E+00  0.6982E+02
  25.566  0.6061E+00  0.6983E+02
  25.576  0.5585E+00  0.6984E+02
  25.586  0.5152E+00  0.6984E+02
  25.596  0.4807E+00  0.6985E+02
  25.606  0.4581E+00  0.6985E+02
  25.616  0.4490E+00  0.6985E+02
  25.626  0.4538E+00  0.6986E+02
  25.636  0.4714E+00  0.6986E+02
  25.646  0.4995E+00  0.6987E+02
  25.656  0.5349E+00  0.6987E+02
  25.666  0.5732E+00  0.6988E+02
  25.676  0.6094E+00  0.6989E+02
  25.686  0.6386E+00  0.6989E+02
  25.696  0.6566E+00  0.6990E+02
  25.706  0.6612E+00  0.6991E+02
  25.716  0.6522E+00  0.6991E+02
  25.726  0.6322E+00  0.6992E+02
  25.736  0.6059E+00  0.6992E+02
  25.746  0.5794E+00  0.6993E+02
  25.756  0.5588E+00  0.6994E+02
  25.766  0.5490E+00  0.6994E+02
  25.776  0.5526E+00  0.6995E+02
  25.786  0.5694E+00  0.6995E+02
  25.796  0.5968E+00  0.6996E+02
  25.806  0.6302E+00  0.6996E+02
  25.816  0.6644E+00  0.6997E+02
  25.826  0.6951E+00  0.6998E+02
  25.836  0.7194E+00  0.6999E+02
  25.846  0.7370E+00  0.6999E+02
  25.856  0.7499E+00  0.7000E+02
  25.866  0.7621E+00  0.7001E+02
  25.876  0.7782E+00  0.7002E+02
  25.886  0.8024E+00  0.7002E+02
  25.896  0.8371E+00  0.7003E+02
  25.906  0.8821E+00  0.7004E+02
  25.916  0.9341E+00  0.7005E+02
  25.926  0.9875E+00  0.7006E+02
  25.936  0.1035E+01  0.7007E+02
  25.946  0.1070E+01  0.7008E+02
  25.956  0.1087E+01  0.7009E+02
  25.966  0.1083E+01  0.7010E+02
  25.976  0.1058E+01  0.7011E+02
  25.986  0.1015E+01  0.7012E+02
  25.996  0.9606E+00  0.7013E+02
  26.006  0.9008E+00  0.7014E+02
  26.016  0.8425E+00  0.7015E+02
  26.026  0.7922E+00  0.7016E+02
  26.036  0.7556E+00  0.7017E+02
  26.046  0.7372E+00  0.7017E+02
  26.056  0.7406E+00  0.7018E+02
  26.066  0.7680E+00  0.7019E+02
  26.076  0.8203E+00  0.7020E+02
  26.086  0.8961E+00  0.7021E+02
  26.096  0.9917E+00  0.7022E+02
  26.106  0.1101E+01  0.7023E+02
  26.116  0.1215E+01  0.7024E+02
  26.126  0.1323E+01  0.7025E+02
  26.136  0.1416E+01  0.7027E+02
  26.146  0.1483E+01  0.7028E+02
  26.156  0.1516E+01  0.7030E+02
  26.166  0.1510E+01  0.7031E+02
  26.176  0.1466E+01  0.7033E+02
  26.186  0.1387E+01  0.7034E+02
  26.196  0.1278E+01  0.7035E+02
  26.206  0.1149E+01  0.7036E+02
  26.216  0.1011E+01  0.7037E+02
  26.226  0.8753E+00  0.7038E+02
  26.236  0.7508E+00  0.7039E+02
  26.246  0.6458E+00  0.7040E+02
  26.256  0.5653E+00  0.7040E+02
  26.266  0.5114E+00  0.7041E+02
  26.276  0.4830E+00  0.7041E+02
  26.286  0.4773E+00  0.7042E+02
  26.296  0.4899E+00  0.7042E+02
  26.306  0.5164E+00  0.7043E+02
  26.316  0.5528E+00  0.7043E+02
  26.326  0.5964E+00  0.7044E+02
  26.336  0.6456E+00  0.7045E+02
  26.346  0.6999E+00  0.7045E+02
  26.356  0.7595E+00  0.7046E+02
  26.366  0.8246E+00  0.7047E+02
  26.376  0.8956E+00  0.7048E+02
  26.386  0.9727E+00  0.7049E+02
  26.396  0.1056E+01  0.7050E+02
  26.406  0.1145E+01  0.7051E+02
  26.416  0.1240E+01  0.7052E+02
  26.426  0.1340E+01  0.7053E+02
  26.436  0.1443E+01  0.7055E+02
  26.446  0.1549E+01  0.7056E+02
  26.456  0.1652E+01  0.7058E+02
  26.466  0.1749E+01  0.7060E+02
  26.476  0.1832E+01  0.7062E+02
  26.486  0.1895E+01  0.7064E+02
  26.496  0.1931E+01  0.7066E+02
  26.506  0.1935E+01  0.7067E+02
  26.516  0.1905E+01  0.7069E+02
  26.526  0.1840E+01  0.7071E+02
  26.536  0.1745E+01  0.7073E+02
  26.546  0.1627E+01  0.7075E+02
  26.556  0.1494E+01  0.7076E+02
  26.566  0.1356E+01  0.7077E+02
  26.576  0.1222E+01  0.7079E+02
  26.586  0.1100E+01  0.7080E+02
  26.596  0.9945E+00  0.7081E+02
  26.606  0.9085E+00  0.7082E+02
  26.616  0.8429E+00  0.7083E+02
  26.626  0.7967E+00  0.7083E+02
  26.636  0.7679E+00  0.7084E+02
  26.646  0.7538E+00  0.7085E+02
  26.656  0.7515E+00  0.7086E+02
  26.666  0.7581E+00  0.7086E+02
  26.676  0.7708E+00  0.7087E+02
  26.686  0.7872E+00  0.7088E+02
  26.696  0.8053E+00  0.7089E+02
  26.706  0.8234E+00  0.7090E+02
  26.716  0.8405E+00  0.7090E+02
  26.726  0.8562E+00  0.7091E+02
  26.736  0.8709E+00  0.7092E+02
  26.746  0.8858E+00  0.7093E+02
  26.756  0.9029E+00  0.7094E+02
  26.766  0.9246E+00  0.7095E+02
  26.776  0.9536E+00  0.7096E+02
  26.786  0.9922E+00  0.7097E+02
  26.796  0.1042E+01  0.7098E+02
  26.806  0.1103E+01  0.7099E+02
  26.816  0.1174E+01  0.7100E+02
  26.826  0.1251E+01  0.7101E+02
  26.836  0.1328E+01  0.7103E+02
  26.846  0.1398E+01  0.7104E+02
  26.856  0.1456E+01  0.7105E+02
  26.866  0.1494E+01  0.7107E+02
  26.876  0.1509E+01  0.7109E+02
  26.886  0.1500E+01  0.7110E+02
  26.896  0.1470E+01  0.7111E+02
  26.906  0.1425E+01  0.7113E+02
  26.916  0.1370E+01  0.7114E+02
  26.926  0.1313E+01  0.7116E+02
  26.936  0.1261E+01  0.7117E+02
  26.946  0.1216E+01  0.7118E+02
  26.956  0.1179E+01  0.7119E+02
  26.966  0.1149E+01  0.7120E+02
  26.976  0.1122E+01  0.7122E+02
  26.986  0.1091E+01  0.7123E+02
  26.996  0.1052E+01  0.7124E+02
  27.006  0.1003E+01  0.7125E+02
  27.016  0.9432E+00  0.7126E+02
  27.026  0.8742E+00  0.7126E+02
  27.036  0.8011E+00  0.7127E+02
  27.046  0.7299E+00  0.7128E+02
  27.056  0.6671E+00  0.7129E+02
  27.066  0.6184E+00  0.7129E+02
  27.076  0.5881E+00  0.7130E+02
  27.086  0.5788E+00  0.7130E+02
  27.096  0.5914E+00  0.7131E+02
  27.106  0.6254E+00  0.7132E+02
  27.116  0.6795E+00  0.7132E+02
  27.126  0.7518E+00  0.7133E+02
  27.136  0.8398E+00  0.7134E+02
  27.146  0.9402E+00  0.7135E+02
  27.156  0.1048E+01  0.7136E+02
  27.166  0.1158E+01  0.7137E+02
  27.176  0.1260E+01  0.7138E+02
  27.186  0.1346E+01  0.7140E+02
  27.196  0.1407E+01  0.7141E+02
  27.206  0.1434E+01  0.7143E+02
  27.216  0.1425E+01  0.7144E+02
  27.226  0.1380E+01  0.7145E+02
  27.236  0.1303E+01  0.7147E+02
  27.246  0.1205E+01  0.7148E+02
  27.256  0.1097E+01  0.7149E+02
  27.266  0.9917E+00  0.7150E+02
  27.276  0.8997E+00  0.7151E+02
  27.286  0.8287E+00  0.7152E+02
  27.296  0.7820E+00  0.7152E+02
  27.306  0.7587E+00  0.7153E+02
  27.316  0.7548E+00  0.7154E+02
  27.326  0.7635E+00  0.7155E+02
  27.336  0.7777E+00  0.7156E+02
  27.346  0.7907E+00  0.7156E+02
  27.356  0.7978E+00  0.7157E+02
  27.366  0.7961E+00  0.7158E+02
  27.376  0.7855E+00  0.7159E+02
  27.386  0.7672E+00  0.7159E+02
  27.396  0.7439E+00  0.7160E+02
  27.406  0.7183E+00  0.7161E+02
  27.416  0.6932E+00  0.7162E+02
  27.426  0.6707E+00  0.7162E+02
  27.436  0.6524E+00  0.7163E+02
  27.446  0.6398E+00  0.7164E+02
  27.456  0.6340E+00  0.7164E+02
  27.466  0.6357E+00  0.7165E+02
  27.476  0.6454E+00  0.7165E+02
  27.486  0.6625E+00  0.7166E+02
  27.496  0.6853E+00  0.7167E+02
  27.506  0.7108E+00  0.7168E+02
  27.516  0.7351E+00  0.7168E+02
  27.526  0.7540E+00  0.7169E+02
  27.536  0.7644E+00  0.7170E+02
  27.546  0.7647E+00  0.7171E+02
  27.556  0.7555E+00  0.7171E+02
  27.566  0.7398E+00  0.7172E+02
  27.576  0.7222E+00  0.7173E+02
  27.586  0.7078E+00  0.7173E+02
  27.596  0.7010E+00  0.7174E+02
  27.606  0.7042E+00  0.7175E+02
  27.616  0.7173E+00  0.7176E+02
  27.626  0.7378E+00  0.7176E+02
  27.636  0.7611E+00  0.7177E+02
  27.646  0.7819E+00  0.7178E+02
  27.656  0.7953E+00  0.7179E+02
  27.666  0.7979E+00  0.7179E+02
  27.676  0.7890E+00  0.7180E+02
  27.686  0.7700E+00  0.7181E+02
  27.696  0.7441E+00  0.7182E+02
  27.706  0.7160E+00  0.7182E+02
  27.716  0.6897E+00  0.7183E+02
  27.726  0.6684E+00  0.7184E+02
  27.736  0.6531E+00  0.7185E+02
  27.746  0.6429E+00  0.7185E+02
  27.756  0.6348E+00  0.7186E+02
  27.766  0.6250E+00  0.7186E+02
  27.776  0.6095E+00  0.7187E+02
  27.786  0.5851E+00  0.7188E+02
  27.796  0.5502E+00  0.7188E+02
  27.806  0.5047E+00  0.7189E+02
  27.816  0.4505E+00  0.7189E+02
  27.826  0.3906E+00  0.7189E+02
  27.836  0.3286E+00  0.7190E+02
  27.846  0.2679E+00  0.7190E+02
  27.856  0.2116E+00  0.7190E+02
  27.866  0.1619E+00  0.7190E+02
  27.876  0.1199E+00  0.7191E+02
  27.886  0.8612E-01  0.7191E+02
  27.896  0.6013E-01  0.7191E+02
  27.906  0.4112E-01  0.7191E+02
  27.916  0.2803E-01  0.7191E+02
  27.926  0.1973E-01  0.7191E+02
  27.936  0.1514E-01  0.7191E+02
  27.946  0.1333E-01  0.7191E+02
  27.956  0.1348E-01  0.7191E+02
  27.966  0.1490E-01  0.7191E+02
  27.976  0.1700E-01  0.7191E+02
  27.986  0.1926E-01  0.7191E+02
  27.996  0.2124E-01  0.7191E+02
  28.006  0.2259E-01  0.7191E+02
  28.016  0.2308E-01  0.7191E+02
  28.026  0.2261E-01  0.7191E+02
  28.036  0.2123E-01  0.7191E+02
  28.046  0.1910E-01  0.7191E+02
  28.056  0.1648E-01  0.7191E+02
  28.066  0.1366E-01  0.7191E+02
  28.076  0.1093E-01  0.7191E+02
  28.086  0.8528E-02  0.7191E+02
  28.096  0.6660E-02  0.7191E+02
  28.106  0.5475E-02  0.7191E+02
  28.116  0.5090E-02  0.7191E+02
  28.126  0.5608E-02  0.7191E+02
  28.136  0.7125E-02  0.7191E+02
  28.146  0.9730E-02  0.7191E+02
  28.156  0.1349E-01  0.7191E+02
  28.166  0.1842E-01  0.7191E+02
  28.176  0.2448E-01  0.7191E+02
  28.186  0.3155E-01  0.7191E+02
  28.196  0.3947E-01  0.7191E+02
  28.206  0.4808E-01  0.7191E+02
  28.216  0.5727E-01  0.7191E+02
  28.226  0.6702E-01  0.7191E+02
  28.236  0.7737E-01  0.7192E+02
  28.246  0.8839E-01  0.7192E+02
  28.256  0.1001E+00  0.7192E+02
  28.266  0.1122E+00  0.7192E+02
  28.276  0.1241E+00  0.7192E+02
  28.286  0.1349E+00  0.7192E+02
  28.296  0.1434E+00  0.7192E+02
  28.306  0.1487E+00  0.7192E+02
  28.316  0.1496E+00  0.7193E+02
  28.326  0.1461E+00  0.7193E+02
  28.336  0.1385E+00  0.7193E+02
  28.346  0.1280E+00  0.7193E+02
  28.356  0.1165E+00  0.7193E+02
  28.366  0.1063E+00  0.7193E+02
  28.376  0.9971E-01  0.7193E+02
  28.386  0.9903E-01  0.7193E+02
  28.396  0.1059E+00  0.7193E+02
  28.406  0.1211E+00  0.7194E+02
  28.416  0.1446E+00  0.7194E+02
  28.426  0.1751E+00  0.7194E+02
  28.436  0.2103E+00  0.7194E+02
  28.446  0.2470E+00  0.7194E+02
  28.456  0.2814E+00  0.7195E+02
  28.466  0.3095E+00  0.7195E+02
  28.476  0.3279E+00  0.7195E+02
  28.486  0.3340E+00  0.7196E+02
  28.496  0.3270E+00  0.7196E+02
  28.506  0.3075E+00  0.7196E+02
  28.516  0.2776E+00  0.7197E+02
  28.526  0.2405E+00  0.7197E+02
  28.536  0.2000E+00  0.7197E+02
  28.546  0.1595E+00  0.7197E+02
  28.556  0.1220E+00  0.7197E+02
  28.566  0.8956E-01  0.7197E+02
  28.576  0.6302E-01  0.7197E+02
  28.586  0.4254E-01  0.7197E+02
  28.596  0.2757E-01  0.7197E+02
  28.606  0.1722E-01  0.7197E+02
  28.616  0.1051E-01  0.7197E+02
  28.626  0.6535E-02  0.7197E+02
  28.636  0.4624E-02  0.7197E+02
  28.646  0.4356E-02  0.7198E+02
  28.656  0.5579E-02  0.7198E+02
  28.666  0.8380E-02  0.7198E+02
  28.676  0.1302E-01  0.7198E+02
  28.686  0.1985E-01  0.7198E+02
  28.696  0.2918E-01  0.7198E+02
  28.706  0.4118E-01  0.7198E+02
  28.716  0.5568E-01  0.7198E+02
  28.726  0.7212E-01  0.7198E+02
  28.736  0.8946E-01  0.7198E+02
  28.746  0.1063E+00  0.7198E+02
  28.756  0.1209E+00  0.7198E+02
  28.766  0.1318E+00  0.7198E+02
  28.776  0.1375E+00  0.7198E+02
  28.786  0.1374E+00  0.7198E+02
  28.796  0.1316E+00  0.7199E+02
  28.806  0.1206E+00  0.7199E+02
  28.816  0.1059E+00  0.7199E+02
  28.826  0.8901E-01  0.7199E+02
  28.836  0.7168E-01  0.7199E+02
  28.846  0.5527E-01  0.7199E+02
  28.856  0.4082E-01  0.7199E+02
  28.866  0.2887E-01  0.7199E+02
  28.876  0.1956E-01  0.7199E+02
  28.886  0.1269E-01  0.7199E+02
  28.896  0.7884E-02  0.7199E+02
  28.906  0.4691E-02  0.7199E+02
  28.916  0.2673E-02  0.7199E+02
  28.926  0.1459E-02  0.7199E+02
  28.936  0.7625E-03  0.7199E+02
  28.946  0.3817E-03  0.7199E+02
  28.956  0.1830E-03  0.7199E+02
  28.966  0.8401E-04  0.7199E+02
  28.976  0.3694E-04  0.7199E+02
  28.986  0.1556E-04  0.7199E+02
  28.996  0.6273E-05  0.7199E+02
  29.006  0.2423E-05  0.7199E+02
  29.016  0.8962E-06  0.7199E+02
  29.026  0.3175E-06  0.7199E+02
  29.036  0.1077E-06  0.7199E+02
  29.046  0.3500E-07  0.7199E+02
  29.056  0.1089E-07  0.7199E+02
  29.066  0.3246E-08  0.7199E+02
  29.076  0.9267E-09  0.7199E+02
  29.086  0.2551E-09  0.7199E+02
  29.096  0.7411E-10  0.7199E+02
  29.106  0.4751E-10  0.7199E+02
  29.116  0.1208E-09  0.7199E+02
  29.126  0.4236E-09  0.7199E+02
  29.136  0.1465E-08  0.7199E+02
  29.146  0.4864E-08  0.7199E+02
  29.156  0.1546E-07  0.7199E+02
  29.166  0.4709E-07  0.7199E+02
  29.176  0.1373E-06  0.7199E+02
  29.186  0.3835E-06  0.7199E+02
  29.196  0.1026E-05  0.7199E+02
  29.206  0.2628E-05  0.7199E+02
  29.216  0.6447E-05  0.7199E+02
  29.226  0.1515E-04  0.7199E+02
  29.236  0.3408E-04  0.7199E+02
  29.246  0.7344E-04  0.7199E+02
  29.256  0.1516E-03  0.7199E+02
  29.266  0.2996E-03  0.7199E+02
  29.276  0.5671E-03  0.7199E+02
  29.286  0.1028E-02  0.7199E+02
  29.296  0.1785E-02  0.7199E+02
  29.306  0.2968E-02  0.7199E+02
  29.316  0.4726E-02  0.7199E+02
  29.326  0.7208E-02  0.7199E+02
  29.336  0.1053E-01  0.7199E+02
  29.346  0.1473E-01  0.7199E+02
  29.356  0.1973E-01  0.7199E+02
  29.366  0.2531E-01  0.7199E+02
  29.376  0.3110E-01  0.7199E+02
  29.386  0.3659E-01  0.7199E+02
  29.396  0.4124E-01  0.7199E+02
  29.406  0.4451E-01  0.7199E+02
  29.416  0.4600E-01  0.7199E+02
  29.426  0.4554E-01  0.7199E+02
  29.436  0.4318E-01  0.7200E+02
  29.446  0.3920E-01  0.7200E+02
  29.456  0.3409E-01  0.7200E+02
  29.466  0.2839E-01  0.7200E+02
  29.476  0.2264E-01  0.7200E+02
  29.486  0.1729E-01  0.7200E+02
  29.496  0.1265E-01  0.7200E+02
  29.506  0.8862E-02  0.7200E+02
  29.516  0.5946E-02  0.7200E+02
  29.526  0.3821E-02  0.7200E+02
  29.536  0.2351E-02  0.7200E+02
  29.546  0.1386E-02  0.7200E+02
  29.556  0.7821E-03  0.7200E+02
  29.566  0.4228E-03  0.7200E+02
  29.576  0.2189E-03  0.7200E+02
  29.586  0.1085E-03  0.7200E+02
  29.596  0.5153E-04  0.7200E+02
  29.606  0.2343E-04  0.7200E+02
  29.616  0.1020E-04  0.7200E+02
  29.626  0.4256E-05  0.7200E+02
  29.636  0.1700E-05  0.7200E+02
  29.646  0.6504E-06  0.7200E+02
  29.656  0.2383E-06  0.7200E+02
  29.666  0.8361E-07  0.7200E+02
  29.676  0.2810E-07  0.7200E+02
  29.686  0.9042E-08  0.7200E+02
  29.696  0.2787E-08  0.7200E+02
  29.706  0.8226E-09  0.7200E+02
  29.716  0.2326E-09  0.7200E+02
  29.726  0.6313E-10  0.7200E+02
  29.736  0.1709E-10  0.7200E+02
  29.746  0.7243E-11  0.7200E+02
  29.756  0.1363E-10  0.7200E+02
  29.766  0.4840E-10  0.7200E+02
  29.776  0.1756E-09  0.7200E+02
  29.786  0.6123E-09  0.7200E+02
  29.796  0.2046E-08  0.7200E+02
  29.806  0.6545E-08  0.7200E+02
  29.816  0.2006E-07  0.7200E+02
  29.826  0.5886E-07  0.7200E+02
  29.836  0.1654E-06  0.7200E+02
  29.846  0.4453E-06  0.7200E+02
  29.856  0.1148E-05  0.7200E+02
  29.866  0.2834E-05  0.7200E+02
  29.876  0.6701E-05  0.7200E+02
  29.886  0.1517E-04  0.7200E+02
  29.896  0.3290E-04  0.7200E+02
  29.906  0.6834E-04  0.7200E+02
  29.916  0.1359E-03  0.7200E+02
  29.926  0.2589E-03  0.7200E+02
  29.936  0.4724E-03  0.7200E+02
  29.946  0.8254E-03  0.7200E+02
  29.956  0.1381E-02  0.7200E+02
  29.966  0.2213E-02  0.7200E+02
  29.976  0.3397E-02  0.7200E+02
  29.986  0.4993E-02  0.7200E+02
  29.996  0.7028E-02  0.7200E+02
  30.006  0.9475E-02  0.7200E+02
  30.016  0.1223E-01  0.7200E+02
  30.026  0.1513E-01  0.7200E+02
  30.036  0.1791E-01  0.7200E+02
  30.046  0.2032E-01  0.7200E+02
  30.056  0.2207E-01  0.7200E+02
  30.066  0.2295E-01  0.7200E+02
  30.076  0.2287E-01  0.7200E+02
  30.086  0.2182E-01  0.7200E+02
  30.096  0.1993E-01  0.7200E+02
  30.106  0.1744E-01  0.7200E+02
  30.116  0.1462E-01  0.7200E+02
  30.126  0.1173E-01  0.7200E+02
  30.136  0.9019E-02  0.7200E+02
  30.146  0.6639E-02  0.7200E+02
  30.156  0.4681E-02  0.7200E+02
  30.166  0.3161E-02  0.7200E+02
  30.176  0.2044E-02  0.7200E+02
  30.186  0.1266E-02  0.7200E+02
  30.196  0.7507E-03  0.7200E+02
  30.206  0.4264E-03  0.7200E+02
  30.216  0.2320E-03  0.7200E+02
  30.226  0.1208E-03  0.7200E+02
  30.236  0.6029E-04  0.7200E+02
  30.246  0.2881E-04  0.7200E+02
  30.256  0.1318E-04  0.7200E+02
  30.266  0.5779E-05  0.7200E+02
