#  E (eV)   dos(E)     Int dos(E) EFermi =    7.499 eV
-113.928  0.2056E-02  0.2056E-04
-113.918  0.4983E-02  0.7038E-04
-113.908  0.1157E-01  0.1861E-03
-113.898  0.2575E-01  0.4436E-03
-113.888  0.5490E-01  0.9926E-03
-113.878  0.1122E+00  0.2114E-02
-113.868  0.2196E+00  0.4311E-02
-113.858  0.4121E+00  0.8432E-02
-113.848  0.7411E+00  0.1584E-01
-113.838  0.1277E+01  0.2861E-01
-113.828  0.2109E+01  0.4971E-01
-113.818  0.3339E+01  0.8310E-01
-113.808  0.5066E+01  0.1338E+00
-113.798  0.7369E+01  0.2074E+00
-113.788  0.1027E+02  0.3102E+00
-113.778  0.1373E+02  0.4475E+00
-113.768  0.1760E+02  0.6234E+00
-113.758  0.2162E+02  0.8396E+00
-113.748  0.2547E+02  0.1094E+01
-113.738  0.2877E+02  0.1382E+01
-113.728  0.3117E+02  0.1694E+01
-113.718  0.3239E+02  0.2018E+01
-113.708  0.3229E+02  0.2340E+01
-113.698  0.3088E+02  0.2649E+01
-113.688  0.2833E+02  0.2933E+01
-113.678  0.2494E+02  0.3182E+01
-113.668  0.2108E+02  0.3393E+01
-113.658  0.1710E+02  0.3564E+01
-113.648  0.1332E+02  0.3697E+01
-113.638  0.9957E+01  0.3796E+01
-113.628  0.7151E+01  0.3868E+01
-113.618  0.4933E+01  0.3917E+01
-113.608  0.3269E+01  0.3950E+01
-113.598  0.2082E+01  0.3971E+01
-113.588  0.1274E+01  0.3984E+01
-113.578  0.7499E+00  0.3991E+01
-113.568  0.4242E+00  0.3995E+01
-113.558  0.2308E+00  0.3998E+01
-113.548  0.1208E+00  0.3999E+01
-113.538  0.6077E-01  0.3999E+01
-113.528  0.2942E-01  0.4000E+01
-113.518  0.1371E-01  0.4000E+01
-113.508  0.6143E-02  0.4000E+01
-113.498  0.2649E-02  0.4000E+01
-113.488  0.1099E-02  0.4000E+01
-113.478  0.4390E-03  0.4000E+01
-113.468  0.1687E-03  0.4000E+01
-113.458  0.6234E-04  0.4000E+01
-113.448  0.2217E-04  0.4000E+01
-113.438  0.7582E-05  0.4000E+01
-113.428  0.2494E-05  0.4000E+01
-113.418  0.7889E-06  0.4000E+01
-113.408  0.2399E-06  0.4000E+01
-113.398  0.7014E-07  0.4000E+01
-113.388  0.1971E-07  0.4000E+01
-113.378  0.5321E-08  0.4000E+01
-113.368  0.1380E-08  0.4000E+01
-113.358  0.3439E-09  0.4000E+01
-113.348  0.8228E-10  0.4000E+01
-113.338  0.1891E-10  0.4000E+01
-113.328  0.4170E-11  0.4000E+01
-113.318  0.8831E-12  0.4000E+01
-113.308  0.1795E-12  0.4000E+01
-113.298  0.3500E-13  0.4000E+01
-113.288  0.6550E-14  0.4000E+01
-113.278  0.1176E-14  0.4000E+01
-113.268  0.2025E-15  0.4000E+01
-113.258  0.3346E-16  0.4000E+01
-113.248  0.5301E-17  0.4000E+01
-113.238  0.8055E-18  0.4000E+01
-113.228  0.1174E-18  0.4000E+01
-113.218  0.1640E-19  0.4000E+01
-113.208  0.2196E-20  0.4000E+01
-113.198  0.2821E-21  0.4000E+01
-113.188  0.3472E-22  0.4000E+01
-113.178  0.4098E-23  0.4000E+01
-113.168  0.4636E-24  0.4000E+01
-113.158  0.5027E-25  0.4000E+01
-113.148  0.5225E-26  0.4000E+01
-113.138  0.5204E-27  0.4000E+01
-113.128  0.4969E-28  0.4000E+01
-113.118  0.4546E-29  0.4000E+01
-113.108  0.3986E-30  0.4000E+01
-113.098  0.3349E-31  0.4000E+01
-113.088  0.2697E-32  0.4000E+01
-113.078  0.2081E-33  0.4000E+01
-113.068  0.1539E-34  0.4000E+01
-113.058  0.1090E-35  0.4000E+01
-113.048  0.7400E-37  0.4000E+01
-113.038  0.4813E-38  0.4000E+01
-113.028  0.3000E-39  0.4000E+01
-113.018  0.1791E-40  0.4000E+01
-113.008  0.1025E-41  0.4000E+01
-112.998  0.5619E-43  0.4000E+01
-112.988  0.2951E-44  0.4000E+01
-112.978  0.1485E-45  0.4000E+01
-112.968  0.7159E-47  0.4000E+01
-112.958  0.3307E-48  0.4000E+01
-112.948  0.1463E-49  0.4000E+01
-112.938  0.6203E-51  0.4000E+01
-112.928  0.2519E-52  0.4000E+01
-112.918  0.9803E-54  0.4000E+01
-112.908  0.3654E-55  0.4000E+01
-112.898  0.1305E-56  0.4000E+01
-112.888  0.4464E-58  0.4000E+01
-112.878  0.1463E-59  0.4000E+01
-112.868  0.4593E-61  0.4000E+01
-112.858  0.1381E-62  0.4000E+01
-112.848  0.3980E-64  0.4000E+01
-112.838  0.1099E-65  0.4000E+01
-112.828  0.2905E-67  0.4000E+01
-112.818  0.7357E-69  0.4000E+01
-112.808  0.1785E-70  0.4000E+01
-112.798  0.4149E-72  0.4000E+01
-112.788  0.9236E-74  0.4000E+01
-112.778  0.1970E-75  0.4000E+01
-112.768  0.4024E-77  0.4000E+01
-112.758  0.7876E-79  0.4000E+01
-112.748  0.1477E-80  0.4000E+01
-112.738  0.2733E-82  0.4000E+01
-112.728  0.1280E-83  0.4000E+01
-112.718  0.8330E-84  0.4000E+01
-112.708  0.8264E-84  0.4000E+01
-112.698  0.8264E-84  0.4000E+01
-112.688  0.8264E-84  0.4000E+01
-112.678  0.8264E-84  0.4000E+01
-112.668  0.8264E-84  0.4000E+01
-112.658  0.8264E-84  0.4000E+01
-112.648  0.8264E-84  0.4000E+01
-112.638  0.8264E-84  0.4000E+01
-112.628  0.8264E-84  0.4000E+01
-112.618  0.8264E-84  0.4000E+01
-112.608  0.8264E-84  0.4000E+01
-112.598  0.8264E-84  0.4000E+01
-112.588  0.8264E-84  0.4000E+01
-112.578  0.8264E-84  0.4000E+01
-112.568  0.8264E-84  0.4000E+01
-112.558  0.8264E-84  0.4000E+01
-112.548  0.8264E-84  0.4000E+01
-112.538  0.8264E-84  0.4000E+01
-112.528  0.8264E-84  0.4000E+01
-112.518  0.8264E-84  0.4000E+01
-112.508  0.8264E-84  0.4000E+01
-112.498  0.8264E-84  0.4000E+01
-112.488  0.8264E-84  0.4000E+01
-112.478  0.8264E-84  0.4000E+01
-112.468  0.8264E-84  0.4000E+01
-112.458  0.8264E-84  0.4000E+01
-112.448  0.8264E-84  0.4000E+01
-112.438  0.8264E-84  0.4000E+01
-112.428  0.8264E-84  0.4000E+01
-112.418  0.8264E-84  0.4000E+01
-112.408  0.8264E-84  0.4000E+01
-112.398  0.8264E-84  0.4000E+01
-112.388  0.8264E-84  0.4000E+01
-112.378  0.8264E-84  0.4000E+01
-112.368  0.8264E-84  0.4000E+01
-112.358  0.8264E-84  0.4000E+01
-112.348  0.8264E-84  0.4000E+01
-112.338  0.8264E-84  0.4000E+01
-112.328  0.8264E-84  0.4000E+01
-112.318  0.8264E-84  0.4000E+01
-112.308  0.8264E-84  0.4000E+01
-112.298  0.8264E-84  0.4000E+01
-112.288  0.8264E-84  0.4000E+01
-112.278  0.8264E-84  0.4000E+01
-112.268  0.8264E-84  0.4000E+01
-112.258  0.8264E-84  0.4000E+01
-112.248  0.8264E-84  0.4000E+01
-112.238  0.8264E-84  0.4000E+01
-112.228  0.8264E-84  0.4000E+01
-112.218  0.8264E-84  0.4000E+01
-112.208  0.8264E-84  0.4000E+01
-112.198  0.8264E-84  0.4000E+01
-112.188  0.8264E-84  0.4000E+01
-112.178  0.8264E-84  0.4000E+01
-112.168  0.8264E-84  0.4000E+01
-112.158  0.8264E-84  0.4000E+01
-112.148  0.8264E-84  0.4000E+01
-112.138  0.8264E-84  0.4000E+01
-112.128  0.8264E-84  0.4000E+01
-112.118  0.8264E-84  0.4000E+01
-112.108  0.8264E-84  0.4000E+01
-112.098  0.8264E-84  0.4000E+01
-112.088  0.8264E-84  0.4000E+01
-112.078  0.8264E-84  0.4000E+01
-112.068  0.8264E-84  0.4000E+01
-112.058  0.8264E-84  0.4000E+01
-112.048  0.8264E-84  0.4000E+01
-112.038  0.8264E-84  0.4000E+01
-112.028  0.8264E-84  0.4000E+01
-112.018  0.8264E-84  0.4000E+01
-112.008  0.8264E-84  0.4000E+01
-111.998  0.8264E-84  0.4000E+01
-111.988  0.8264E-84  0.4000E+01
-111.978  0.8264E-84  0.4000E+01
-111.968  0.8264E-84  0.4000E+01
-111.958  0.8264E-84  0.4000E+01
-111.948  0.8264E-84  0.4000E+01
-111.938  0.8264E-84  0.4000E+01
-111.928  0.8264E-84  0.4000E+01
-111.918  0.8264E-84  0.4000E+01
-111.908  0.8264E-84  0.4000E+01
-111.898  0.8264E-84  0.4000E+01
-111.888  0.8264E-84  0.4000E+01
-111.878  0.8264E-84  0.4000E+01
-111.868  0.8264E-84  0.4000E+01
-111.858  0.8264E-84  0.4000E+01
-111.848  0.8264E-84  0.4000E+01
-111.838  0.8264E-84  0.4000E+01
-111.828  0.8264E-84  0.4000E+01
-111.818  0.8264E-84  0.4000E+01
-111.808  0.8264E-84  0.4000E+01
-111.798  0.8264E-84  0.4000E+01
-111.788  0.8264E-84  0.4000E+01
-111.778  0.8264E-84  0.4000E+01
-111.768  0.8264E-84  0.4000E+01
-111.758  0.8264E-84  0.4000E+01
-111.748  0.8264E-84  0.4000E+01
-111.738  0.8264E-84  0.4000E+01
-111.728  0.8264E-84  0.4000E+01
-111.718  0.8264E-84  0.4000E+01
-111.708  0.8264E-84  0.4000E+01
-111.698  0.8264E-84  0.4000E+01
-111.688  0.8264E-84  0.4000E+01
-111.678  0.8264E-84  0.4000E+01
-111.668  0.8264E-84  0.4000E+01
-111.658  0.8264E-84  0.4000E+01
-111.648  0.8264E-84  0.4000E+01
-111.638  0.8264E-84  0.4000E+01
-111.628  0.8264E-84  0.4000E+01
-111.618  0.8264E-84  0.4000E+01
-111.608  0.8264E-84  0.4000E+01
-111.598  0.8264E-84  0.4000E+01
-111.588  0.8264E-84  0.4000E+01
-111.578  0.8264E-84  0.4000E+01
-111.568  0.8264E-84  0.4000E+01
-111.558  0.8264E-84  0.4000E+01
-111.548  0.8264E-84  0.4000E+01
-111.538  0.8264E-84  0.4000E+01
-111.528  0.8264E-84  0.4000E+01
-111.518  0.8264E-84  0.4000E+01
-111.508  0.8264E-84  0.4000E+01
-111.498  0.8264E-84  0.4000E+01
-111.488  0.8264E-84  0.4000E+01
-111.478  0.8264E-84  0.4000E+01
-111.468  0.8264E-84  0.4000E+01
-111.458  0.8264E-84  0.4000E+01
-111.448  0.8264E-84  0.4000E+01
-111.438  0.8264E-84  0.4000E+01
-111.428  0.8264E-84  0.4000E+01
-111.418  0.8264E-84  0.4000E+01
-111.408  0.8264E-84  0.4000E+01
-111.398  0.8264E-84  0.4000E+01
-111.388  0.8264E-84  0.4000E+01
-111.378  0.8264E-84  0.4000E+01
-111.368  0.8264E-84  0.4000E+01
-111.358  0.8264E-84  0.4000E+01
-111.348  0.8264E-84  0.4000E+01
-111.338  0.8264E-84  0.4000E+01
-111.328  0.8264E-84  0.4000E+01
-111.318  0.8264E-84  0.4000E+01
-111.308  0.8264E-84  0.4000E+01
-111.298  0.8264E-84  0.4000E+01
-111.288  0.8264E-84  0.4000E+01
-111.278  0.8264E-84  0.4000E+01
-111.268  0.8264E-84  0.4000E+01
-111.258  0.8264E-84  0.4000E+01
-111.248  0.8264E-84  0.4000E+01
-111.238  0.8264E-84  0.4000E+01
-111.228  0.8264E-84  0.4000E+01
-111.218  0.8264E-84  0.4000E+01
-111.208  0.8264E-84  0.4000E+01
-111.198  0.8264E-84  0.4000E+01
-111.188  0.8264E-84  0.4000E+01
-111.178  0.8264E-84  0.4000E+01
-111.168  0.8264E-84  0.4000E+01
-111.158  0.8264E-84  0.4000E+01
-111.148  0.8264E-84  0.4000E+01
-111.138  0.8264E-84  0.4000E+01
-111.128  0.8264E-84  0.4000E+01
-111.118  0.8264E-84  0.4000E+01
-111.108  0.8264E-84  0.4000E+01
-111.098  0.8264E-84  0.4000E+01
-111.088  0.8264E-84  0.4000E+01
-111.078  0.8264E-84  0.4000E+01
-111.068  0.8264E-84  0.4000E+01
-111.058  0.8264E-84  0.4000E+01
-111.048  0.8264E-84  0.4000E+01
-111.038  0.8264E-84  0.4000E+01
-111.028  0.8264E-84  0.4000E+01
-111.018  0.8264E-84  0.4000E+01
-111.008  0.8264E-84  0.4000E+01
-110.998  0.8264E-84  0.4000E+01
-110.988  0.8264E-84  0.4000E+01
-110.978  0.8264E-84  0.4000E+01
-110.968  0.8264E-84  0.4000E+01
-110.958  0.8264E-84  0.4000E+01
-110.948  0.8264E-84  0.4000E+01
-110.938  0.8264E-84  0.4000E+01
-110.928  0.8264E-84  0.4000E+01
-110.918  0.8264E-84  0.4000E+01
-110.908  0.8264E-84  0.4000E+01
-110.898  0.8264E-84  0.4000E+01
-110.888  0.8264E-84  0.4000E+01
-110.878  0.8264E-84  0.4000E+01
-110.868  0.8264E-84  0.4000E+01
-110.858  0.8264E-84  0.4000E+01
-110.848  0.8264E-84  0.4000E+01
-110.838  0.8264E-84  0.4000E+01
-110.828  0.8264E-84  0.4000E+01
-110.818  0.8264E-84  0.4000E+01
-110.808  0.8264E-84  0.4000E+01
-110.798  0.8264E-84  0.4000E+01
-110.788  0.8264E-84  0.4000E+01
-110.778  0.8264E-84  0.4000E+01
-110.768  0.8264E-84  0.4000E+01
-110.758  0.8264E-84  0.4000E+01
-110.748  0.8264E-84  0.4000E+01
-110.738  0.8264E-84  0.4000E+01
-110.728  0.8264E-84  0.4000E+01
-110.718  0.8264E-84  0.4000E+01
-110.708  0.8264E-84  0.4000E+01
-110.698  0.8264E-84  0.4000E+01
-110.688  0.8264E-84  0.4000E+01
-110.678  0.8264E-84  0.4000E+01
-110.668  0.8264E-84  0.4000E+01
-110.658  0.8264E-84  0.4000E+01
-110.648  0.8264E-84  0.4000E+01
-110.638  0.8264E-84  0.4000E+01
-110.628  0.8264E-84  0.4000E+01
-110.618  0.8264E-84  0.4000E+01
-110.608  0.8264E-84  0.4000E+01
-110.598  0.8264E-84  0.4000E+01
-110.588  0.8264E-84  0.4000E+01
-110.578  0.8264E-84  0.4000E+01
-110.568  0.8264E-84  0.4000E+01
-110.558  0.8264E-84  0.4000E+01
-110.548  0.8264E-84  0.4000E+01
-110.538  0.8264E-84  0.4000E+01
-110.528  0.8264E-84  0.4000E+01
-110.518  0.8264E-84  0.4000E+01
-110.508  0.8264E-84  0.4000E+01
-110.498  0.8264E-84  0.4000E+01
-110.488  0.8264E-84  0.4000E+01
-110.478  0.8264E-84  0.4000E+01
-110.468  0.8264E-84  0.4000E+01
-110.458  0.8264E-84  0.4000E+01
-110.448  0.8264E-84  0.4000E+01
-110.438  0.8264E-84  0.4000E+01
-110.428  0.8264E-84  0.4000E+01
-110.418  0.8264E-84  0.4000E+01
-110.408  0.8264E-84  0.4000E+01
-110.398  0.8264E-84  0.4000E+01
-110.388  0.8264E-84  0.4000E+01
-110.378  0.8264E-84  0.4000E+01
-110.368  0.8264E-84  0.4000E+01
-110.358  0.8264E-84  0.4000E+01
-110.348  0.8264E-84  0.4000E+01
-110.338  0.8264E-84  0.4000E+01
-110.328  0.8264E-84  0.4000E+01
-110.318  0.8264E-84  0.4000E+01
-110.308  0.8264E-84  0.4000E+01
-110.298  0.8264E-84  0.4000E+01
-110.288  0.8264E-84  0.4000E+01
-110.278  0.8264E-84  0.4000E+01
-110.268  0.8264E-84  0.4000E+01
-110.258  0.8264E-84  0.4000E+01
-110.248  0.8264E-84  0.4000E+01
-110.238  0.8264E-84  0.4000E+01
-110.228  0.8264E-84  0.4000E+01
-110.218  0.8264E-84  0.4000E+01
-110.208  0.8264E-84  0.4000E+01
-110.198  0.8264E-84  0.4000E+01
-110.188  0.8264E-84  0.4000E+01
-110.178  0.8264E-84  0.4000E+01
-110.168  0.8264E-84  0.4000E+01
-110.158  0.8264E-84  0.4000E+01
-110.148  0.8264E-84  0.4000E+01
-110.138  0.8264E-84  0.4000E+01
-110.128  0.8264E-84  0.4000E+01
-110.118  0.8264E-84  0.4000E+01
-110.108  0.8264E-84  0.4000E+01
-110.098  0.8264E-84  0.4000E+01
-110.088  0.8264E-84  0.4000E+01
-110.078  0.8264E-84  0.4000E+01
-110.068  0.8264E-84  0.4000E+01
-110.058  0.8264E-84  0.4000E+01
-110.048  0.8264E-84  0.4000E+01
-110.038  0.8264E-84  0.4000E+01
-110.028  0.8264E-84  0.4000E+01
-110.018  0.8264E-84  0.4000E+01
-110.008  0.8264E-84  0.4000E+01
-109.998  0.8264E-84  0.4000E+01
-109.988  0.8264E-84  0.4000E+01
-109.978  0.8264E-84  0.4000E+01
-109.968  0.8264E-84  0.4000E+01
-109.958  0.8264E-84  0.4000E+01
-109.948  0.8264E-84  0.4000E+01
-109.938  0.8264E-84  0.4000E+01
-109.928  0.8264E-84  0.4000E+01
-109.918  0.8264E-84  0.4000E+01
-109.908  0.8264E-84  0.4000E+01
-109.898  0.8264E-84  0.4000E+01
-109.888  0.8264E-84  0.4000E+01
-109.878  0.8264E-84  0.4000E+01
-109.868  0.8264E-84  0.4000E+01
-109.858  0.8264E-84  0.4000E+01
-109.848  0.8264E-84  0.4000E+01
-109.838  0.8264E-84  0.4000E+01
-109.828  0.8264E-84  0.4000E+01
-109.818  0.8264E-84  0.4000E+01
-109.808  0.8264E-84  0.4000E+01
-109.798  0.8264E-84  0.4000E+01
-109.788  0.8264E-84  0.4000E+01
-109.778  0.8264E-84  0.4000E+01
-109.768  0.8264E-84  0.4000E+01
-109.758  0.8264E-84  0.4000E+01
-109.748  0.8264E-84  0.4000E+01
-109.738  0.8264E-84  0.4000E+01
-109.728  0.8264E-84  0.4000E+01
-109.718  0.8264E-84  0.4000E+01
-109.708  0.8264E-84  0.4000E+01
-109.698  0.8264E-84  0.4000E+01
-109.688  0.8264E-84  0.4000E+01
-109.678  0.8264E-84  0.4000E+01
-109.668  0.8264E-84  0.4000E+01
-109.658  0.8264E-84  0.4000E+01
-109.648  0.8264E-84  0.4000E+01
-109.638  0.8264E-84  0.4000E+01
-109.628  0.8264E-84  0.4000E+01
-109.618  0.8264E-84  0.4000E+01
-109.608  0.8264E-84  0.4000E+01
-109.598  0.8264E-84  0.4000E+01
-109.588  0.8264E-84  0.4000E+01
-109.578  0.8264E-84  0.4000E+01
-109.568  0.8264E-84  0.4000E+01
-109.558  0.8264E-84  0.4000E+01
-109.548  0.8264E-84  0.4000E+01
-109.538  0.8264E-84  0.4000E+01
-109.528  0.8264E-84  0.4000E+01
-109.518  0.8264E-84  0.4000E+01
-109.508  0.8264E-84  0.4000E+01
-109.498  0.8264E-84  0.4000E+01
-109.488  0.8264E-84  0.4000E+01
-109.478  0.8264E-84  0.4000E+01
-109.468  0.8264E-84  0.4000E+01
-109.458  0.8264E-84  0.4000E+01
-109.448  0.8264E-84  0.4000E+01
-109.438  0.8264E-84  0.4000E+01
-109.428  0.8264E-84  0.4000E+01
-109.418  0.8264E-84  0.4000E+01
-109.408  0.8264E-84  0.4000E+01
-109.398  0.8264E-84  0.4000E+01
-109.388  0.8264E-84  0.4000E+01
-109.378  0.8264E-84  0.4000E+01
-109.368  0.8264E-84  0.4000E+01
-109.358  0.8264E-84  0.4000E+01
-109.348  0.8264E-84  0.4000E+01
-109.338  0.8264E-84  0.4000E+01
-109.328  0.8264E-84  0.4000E+01
-109.318  0.8264E-84  0.4000E+01
-109.308  0.8264E-84  0.4000E+01
-109.298  0.8264E-84  0.4000E+01
-109.288  0.8264E-84  0.4000E+01
-109.278  0.8264E-84  0.4000E+01
-109.268  0.8264E-84  0.4000E+01
-109.258  0.8264E-84  0.4000E+01
-109.248  0.8264E-84  0.4000E+01
-109.238  0.8264E-84  0.4000E+01
-109.228  0.8264E-84  0.4000E+01
-109.218  0.8264E-84  0.4000E+01
-109.208  0.8264E-84  0.4000E+01
-109.198  0.8264E-84  0.4000E+01
-109.188  0.8264E-84  0.4000E+01
-109.178  0.8264E-84  0.4000E+01
-109.168  0.8264E-84  0.4000E+01
-109.158  0.8264E-84  0.4000E+01
-109.148  0.8264E-84  0.4000E+01
-109.138  0.8264E-84  0.4000E+01
-109.128  0.8264E-84  0.4000E+01
-109.118  0.8264E-84  0.4000E+01
-109.108  0.8264E-84  0.4000E+01
-109.098  0.8264E-84  0.4000E+01
-109.088  0.8264E-84  0.4000E+01
-109.078  0.8264E-84  0.4000E+01
-109.068  0.8264E-84  0.4000E+01
-109.058  0.8264E-84  0.4000E+01
-109.048  0.8264E-84  0.4000E+01
-109.038  0.8264E-84  0.4000E+01
-109.028  0.8264E-84  0.4000E+01
-109.018  0.8264E-84  0.4000E+01
-109.008  0.8264E-84  0.4000E+01
-108.998  0.8264E-84  0.4000E+01
-108.988  0.8264E-84  0.4000E+01
-108.978  0.8264E-84  0.4000E+01
-108.968  0.8264E-84  0.4000E+01
-108.958  0.8264E-84  0.4000E+01
-108.948  0.8264E-84  0.4000E+01
-108.938  0.8264E-84  0.4000E+01
-108.928  0.8264E-84  0.4000E+01
-108.918  0.8264E-84  0.4000E+01
-108.908  0.8264E-84  0.4000E+01
-108.898  0.8264E-84  0.4000E+01
-108.888  0.8264E-84  0.4000E+01
-108.878  0.8264E-84  0.4000E+01
-108.868  0.8264E-84  0.4000E+01
-108.858  0.8264E-84  0.4000E+01
-108.848  0.8264E-84  0.4000E+01
-108.838  0.8264E-84  0.4000E+01
-108.828  0.8264E-84  0.4000E+01
-108.818  0.8264E-84  0.4000E+01
-108.808  0.8264E-84  0.4000E+01
-108.798  0.8264E-84  0.4000E+01
-108.788  0.8264E-84  0.4000E+01
-108.778  0.8264E-84  0.4000E+01
-108.768  0.8264E-84  0.4000E+01
-108.758  0.8264E-84  0.4000E+01
-108.748  0.8264E-84  0.4000E+01
-108.738  0.8264E-84  0.4000E+01
-108.728  0.8264E-84  0.4000E+01
-108.718  0.8264E-84  0.4000E+01
-108.708  0.8264E-84  0.4000E+01
-108.698  0.8264E-84  0.4000E+01
-108.688  0.8264E-84  0.4000E+01
-108.678  0.8264E-84  0.4000E+01
-108.668  0.8264E-84  0.4000E+01
-108.658  0.8264E-84  0.4000E+01
-108.648  0.8264E-84  0.4000E+01
-108.638  0.8264E-84  0.4000E+01
-108.628  0.8264E-84  0.4000E+01
-108.618  0.8264E-84  0.4000E+01
-108.608  0.8264E-84  0.4000E+01
-108.598  0.8264E-84  0.4000E+01
-108.588  0.8264E-84  0.4000E+01
-108.578  0.8264E-84  0.4000E+01
-108.568  0.8264E-84  0.4000E+01
-108.558  0.8264E-84  0.4000E+01
-108.548  0.8264E-84  0.4000E+01
-108.538  0.8264E-84  0.4000E+01
-108.528  0.8264E-84  0.4000E+01
-108.518  0.8264E-84  0.4000E+01
-108.508  0.8264E-84  0.4000E+01
-108.498  0.8264E-84  0.4000E+01
-108.488  0.8264E-84  0.4000E+01
-108.478  0.8264E-84  0.4000E+01
-108.468  0.8264E-84  0.4000E+01
-108.458  0.8264E-84  0.4000E+01
-108.448  0.8264E-84  0.4000E+01
-108.438  0.8264E-84  0.4000E+01
-108.428  0.8264E-84  0.4000E+01
-108.418  0.8264E-84  0.4000E+01
-108.408  0.8264E-84  0.4000E+01
-108.398  0.8264E-84  0.4000E+01
-108.388  0.8264E-84  0.4000E+01
-108.378  0.8264E-84  0.4000E+01
-108.368  0.8264E-84  0.4000E+01
-108.358  0.8264E-84  0.4000E+01
-108.348  0.8264E-84  0.4000E+01
-108.338  0.8264E-84  0.4000E+01
-108.328  0.8264E-84  0.4000E+01
-108.318  0.8264E-84  0.4000E+01
-108.308  0.8264E-84  0.4000E+01
-108.298  0.8264E-84  0.4000E+01
-108.288  0.8264E-84  0.4000E+01
-108.278  0.8264E-84  0.4000E+01
-108.268  0.8264E-84  0.4000E+01
-108.258  0.8264E-84  0.4000E+01
-108.248  0.8264E-84  0.4000E+01
-108.238  0.8264E-84  0.4000E+01
-108.228  0.8264E-84  0.4000E+01
-108.218  0.8264E-84  0.4000E+01
-108.208  0.8264E-84  0.4000E+01
-108.198  0.8264E-84  0.4000E+01
-108.188  0.8264E-84  0.4000E+01
-108.178  0.8264E-84  0.4000E+01
-108.168  0.8264E-84  0.4000E+01
-108.158  0.8264E-84  0.4000E+01
-108.148  0.8264E-84  0.4000E+01
-108.138  0.8264E-84  0.4000E+01
-108.128  0.8264E-84  0.4000E+01
-108.118  0.8264E-84  0.4000E+01
-108.108  0.8264E-84  0.4000E+01
-108.098  0.8264E-84  0.4000E+01
-108.088  0.8264E-84  0.4000E+01
-108.078  0.8264E-84  0.4000E+01
-108.068  0.8264E-84  0.4000E+01
-108.058  0.8264E-84  0.4000E+01
-108.048  0.8264E-84  0.4000E+01
-108.038  0.8264E-84  0.4000E+01
-108.028  0.8264E-84  0.4000E+01
-108.018  0.8264E-84  0.4000E+01
-108.008  0.8264E-84  0.4000E+01
-107.998  0.8264E-84  0.4000E+01
-107.988  0.8264E-84  0.4000E+01
-107.978  0.8264E-84  0.4000E+01
-107.968  0.8264E-84  0.4000E+01
-107.958  0.8264E-84  0.4000E+01
-107.948  0.8264E-84  0.4000E+01
-107.938  0.8264E-84  0.4000E+01
-107.928  0.8264E-84  0.4000E+01
-107.918  0.8264E-84  0.4000E+01
-107.908  0.8264E-84  0.4000E+01
-107.898  0.8264E-84  0.4000E+01
-107.888  0.8264E-84  0.4000E+01
-107.878  0.8264E-84  0.4000E+01
-107.868  0.8264E-84  0.4000E+01
-107.858  0.8264E-84  0.4000E+01
-107.848  0.8264E-84  0.4000E+01
-107.838  0.8264E-84  0.4000E+01
-107.828  0.8264E-84  0.4000E+01
-107.818  0.8264E-84  0.4000E+01
-107.808  0.8264E-84  0.4000E+01
-107.798  0.8264E-84  0.4000E+01
-107.788  0.8264E-84  0.4000E+01
-107.778  0.8264E-84  0.4000E+01
-107.768  0.8264E-84  0.4000E+01
-107.758  0.8264E-84  0.4000E+01
-107.748  0.8264E-84  0.4000E+01
-107.738  0.8264E-84  0.4000E+01
-107.728  0.8264E-84  0.4000E+01
-107.718  0.8264E-84  0.4000E+01
-107.708  0.8264E-84  0.4000E+01
-107.698  0.8264E-84  0.4000E+01
-107.688  0.8264E-84  0.4000E+01
-107.678  0.8264E-84  0.4000E+01
-107.668  0.8264E-84  0.4000E+01
-107.658  0.8264E-84  0.4000E+01
-107.648  0.8264E-84  0.4000E+01
-107.638  0.8264E-84  0.4000E+01
-107.628  0.8264E-84  0.4000E+01
-107.618  0.8264E-84  0.4000E+01
-107.608  0.8264E-84  0.4000E+01
-107.598  0.8264E-84  0.4000E+01
-107.588  0.8264E-84  0.4000E+01
-107.578  0.8264E-84  0.4000E+01
-107.568  0.8264E-84  0.4000E+01
-107.558  0.8264E-84  0.4000E+01
-107.548  0.8264E-84  0.4000E+01
-107.538  0.8264E-84  0.4000E+01
-107.528  0.8264E-84  0.4000E+01
-107.518  0.8264E-84  0.4000E+01
-107.508  0.8264E-84  0.4000E+01
-107.498  0.8264E-84  0.4000E+01
-107.488  0.8264E-84  0.4000E+01
-107.478  0.8264E-84  0.4000E+01
-107.468  0.8264E-84  0.4000E+01
-107.458  0.8264E-84  0.4000E+01
-107.448  0.8264E-84  0.4000E+01
-107.438  0.8264E-84  0.4000E+01
-107.428  0.8264E-84  0.4000E+01
-107.418  0.8264E-84  0.4000E+01
-107.408  0.8264E-84  0.4000E+01
-107.398  0.8264E-84  0.4000E+01
-107.388  0.8264E-84  0.4000E+01
-107.378  0.8264E-84  0.4000E+01
-107.368  0.8264E-84  0.4000E+01
-107.358  0.8264E-84  0.4000E+01
-107.348  0.8264E-84  0.4000E+01
-107.338  0.8264E-84  0.4000E+01
-107.328  0.8264E-84  0.4000E+01
-107.318  0.8264E-84  0.4000E+01
-107.308  0.8264E-84  0.4000E+01
-107.298  0.8264E-84  0.4000E+01
-107.288  0.8264E-84  0.4000E+01
-107.278  0.8264E-84  0.4000E+01
-107.268  0.8264E-84  0.4000E+01
-107.258  0.8264E-84  0.4000E+01
-107.248  0.8264E-84  0.4000E+01
-107.238  0.8264E-84  0.4000E+01
-107.228  0.8264E-84  0.4000E+01
-107.218  0.8264E-84  0.4000E+01
-107.208  0.8264E-84  0.4000E+01
-107.198  0.8264E-84  0.4000E+01
-107.188  0.8264E-84  0.4000E+01
-107.178  0.8264E-84  0.4000E+01
-107.168  0.8264E-84  0.4000E+01
-107.158  0.8264E-84  0.4000E+01
-107.148  0.8264E-84  0.4000E+01
-107.138  0.8264E-84  0.4000E+01
-107.128  0.8264E-84  0.4000E+01
-107.118  0.8264E-84  0.4000E+01
-107.108  0.8264E-84  0.4000E+01
-107.098  0.8264E-84  0.4000E+01
-107.088  0.8264E-84  0.4000E+01
-107.078  0.8264E-84  0.4000E+01
-107.068  0.8264E-84  0.4000E+01
-107.058  0.8264E-84  0.4000E+01
-107.048  0.8264E-84  0.4000E+01
-107.038  0.8264E-84  0.4000E+01
-107.028  0.8264E-84  0.4000E+01
-107.018  0.8264E-84  0.4000E+01
-107.008  0.8264E-84  0.4000E+01
-106.998  0.8264E-84  0.4000E+01
-106.988  0.8264E-84  0.4000E+01
-106.978  0.8264E-84  0.4000E+01
-106.968  0.8264E-84  0.4000E+01
-106.958  0.8264E-84  0.4000E+01
-106.948  0.8264E-84  0.4000E+01
-106.938  0.8264E-84  0.4000E+01
-106.928  0.8264E-84  0.4000E+01
-106.918  0.8264E-84  0.4000E+01
-106.908  0.8264E-84  0.4000E+01
-106.898  0.8264E-84  0.4000E+01
-106.888  0.8264E-84  0.4000E+01
-106.878  0.8264E-84  0.4000E+01
-106.868  0.8264E-84  0.4000E+01
-106.858  0.8264E-84  0.4000E+01
-106.848  0.8264E-84  0.4000E+01
-106.838  0.8264E-84  0.4000E+01
-106.828  0.8264E-84  0.4000E+01
-106.818  0.8264E-84  0.4000E+01
-106.808  0.8264E-84  0.4000E+01
-106.798  0.8264E-84  0.4000E+01
-106.788  0.8264E-84  0.4000E+01
-106.778  0.8264E-84  0.4000E+01
-106.768  0.8264E-84  0.4000E+01
-106.758  0.8264E-84  0.4000E+01
-106.748  0.8264E-84  0.4000E+01
-106.738  0.8264E-84  0.4000E+01
-106.728  0.8264E-84  0.4000E+01
-106.718  0.8264E-84  0.4000E+01
-106.708  0.8264E-84  0.4000E+01
-106.698  0.8264E-84  0.4000E+01
-106.688  0.8264E-84  0.4000E+01
-106.678  0.8264E-84  0.4000E+01
-106.668  0.8264E-84  0.4000E+01
-106.658  0.8264E-84  0.4000E+01
-106.648  0.8264E-84  0.4000E+01
-106.638  0.8264E-84  0.4000E+01
-106.628  0.8264E-84  0.4000E+01
-106.618  0.8264E-84  0.4000E+01
-106.608  0.8264E-84  0.4000E+01
-106.598  0.8264E-84  0.4000E+01
-106.588  0.8264E-84  0.4000E+01
-106.578  0.8264E-84  0.4000E+01
-106.568  0.8264E-84  0.4000E+01
-106.558  0.8264E-84  0.4000E+01
-106.548  0.8264E-84  0.4000E+01
-106.538  0.8264E-84  0.4000E+01
-106.528  0.8264E-84  0.4000E+01
-106.518  0.8264E-84  0.4000E+01
-106.508  0.8264E-84  0.4000E+01
-106.498  0.8264E-84  0.4000E+01
-106.488  0.8264E-84  0.4000E+01
-106.478  0.8264E-84  0.4000E+01
-106.468  0.8264E-84  0.4000E+01
-106.458  0.8264E-84  0.4000E+01
-106.448  0.8264E-84  0.4000E+01
-106.438  0.8264E-84  0.4000E+01
-106.428  0.8264E-84  0.4000E+01
-106.418  0.8264E-84  0.4000E+01
-106.408  0.8264E-84  0.4000E+01
-106.398  0.8264E-84  0.4000E+01
-106.388  0.8264E-84  0.4000E+01
-106.378  0.8264E-84  0.4000E+01
-106.368  0.8264E-84  0.4000E+01
-106.358  0.8264E-84  0.4000E+01
-106.348  0.8264E-84  0.4000E+01
-106.338  0.8264E-84  0.4000E+01
-106.328  0.8264E-84  0.4000E+01
-106.318  0.8264E-84  0.4000E+01
-106.308  0.8264E-84  0.4000E+01
-106.298  0.8264E-84  0.4000E+01
-106.288  0.8264E-84  0.4000E+01
-106.278  0.8264E-84  0.4000E+01
-106.268  0.8264E-84  0.4000E+01
-106.258  0.8264E-84  0.4000E+01
-106.248  0.8264E-84  0.4000E+01
-106.238  0.8264E-84  0.4000E+01
-106.228  0.8264E-84  0.4000E+01
-106.218  0.8264E-84  0.4000E+01
-106.208  0.8264E-84  0.4000E+01
-106.198  0.8264E-84  0.4000E+01
-106.188  0.8264E-84  0.4000E+01
-106.178  0.8264E-84  0.4000E+01
-106.168  0.8264E-84  0.4000E+01
-106.158  0.8264E-84  0.4000E+01
-106.148  0.8264E-84  0.4000E+01
-106.138  0.8264E-84  0.4000E+01
-106.128  0.8264E-84  0.4000E+01
-106.118  0.8264E-84  0.4000E+01
-106.108  0.8264E-84  0.4000E+01
-106.098  0.8264E-84  0.4000E+01
-106.088  0.8264E-84  0.4000E+01
-106.078  0.8264E-84  0.4000E+01
-106.068  0.8264E-84  0.4000E+01
-106.058  0.8264E-84  0.4000E+01
-106.048  0.8264E-84  0.4000E+01
-106.038  0.8264E-84  0.4000E+01
-106.028  0.8264E-84  0.4000E+01
-106.018  0.8264E-84  0.4000E+01
-106.008  0.8264E-84  0.4000E+01
-105.998  0.8264E-84  0.4000E+01
-105.988  0.8264E-84  0.4000E+01
-105.978  0.8264E-84  0.4000E+01
-105.968  0.8264E-84  0.4000E+01
-105.958  0.8264E-84  0.4000E+01
-105.948  0.8264E-84  0.4000E+01
-105.938  0.8264E-84  0.4000E+01
-105.928  0.8264E-84  0.4000E+01
-105.918  0.8264E-84  0.4000E+01
-105.908  0.8264E-84  0.4000E+01
-105.898  0.8264E-84  0.4000E+01
-105.888  0.8264E-84  0.4000E+01
-105.878  0.8264E-84  0.4000E+01
-105.868  0.8264E-84  0.4000E+01
-105.858  0.8264E-84  0.4000E+01
-105.848  0.8264E-84  0.4000E+01
-105.838  0.8264E-84  0.4000E+01
-105.828  0.8264E-84  0.4000E+01
-105.818  0.8264E-84  0.4000E+01
-105.808  0.8264E-84  0.4000E+01
-105.798  0.8264E-84  0.4000E+01
-105.788  0.8264E-84  0.4000E+01
-105.778  0.8264E-84  0.4000E+01
-105.768  0.8264E-84  0.4000E+01
-105.758  0.8264E-84  0.4000E+01
-105.748  0.8264E-84  0.4000E+01
-105.738  0.8264E-84  0.4000E+01
-105.728  0.8264E-84  0.4000E+01
-105.718  0.8264E-84  0.4000E+01
-105.708  0.8264E-84  0.4000E+01
-105.698  0.8264E-84  0.4000E+01
-105.688  0.8264E-84  0.4000E+01
-105.678  0.8264E-84  0.4000E+01
-105.668  0.8264E-84  0.4000E+01
-105.658  0.8264E-84  0.4000E+01
-105.648  0.8264E-84  0.4000E+01
-105.638  0.8264E-84  0.4000E+01
-105.628  0.8264E-84  0.4000E+01
-105.618  0.8264E-84  0.4000E+01
-105.608  0.8264E-84  0.4000E+01
-105.598  0.8264E-84  0.4000E+01
-105.588  0.8264E-84  0.4000E+01
-105.578  0.8264E-84  0.4000E+01
-105.568  0.8264E-84  0.4000E+01
-105.558  0.8264E-84  0.4000E+01
-105.548  0.8264E-84  0.4000E+01
-105.538  0.8264E-84  0.4000E+01
-105.528  0.8264E-84  0.4000E+01
-105.518  0.8264E-84  0.4000E+01
-105.508  0.8264E-84  0.4000E+01
-105.498  0.8264E-84  0.4000E+01
-105.488  0.8264E-84  0.4000E+01
-105.478  0.8264E-84  0.4000E+01
-105.468  0.8264E-84  0.4000E+01
-105.458  0.8264E-84  0.4000E+01
-105.448  0.8264E-84  0.4000E+01
-105.438  0.8264E-84  0.4000E+01
-105.428  0.8264E-84  0.4000E+01
-105.418  0.8264E-84  0.4000E+01
-105.408  0.8264E-84  0.4000E+01
-105.398  0.8264E-84  0.4000E+01
-105.388  0.8264E-84  0.4000E+01
-105.378  0.8264E-84  0.4000E+01
-105.368  0.8264E-84  0.4000E+01
-105.358  0.8264E-84  0.4000E+01
-105.348  0.8264E-84  0.4000E+01
-105.338  0.8264E-84  0.4000E+01
-105.328  0.8264E-84  0.4000E+01
-105.318  0.8264E-84  0.4000E+01
-105.308  0.8264E-84  0.4000E+01
-105.298  0.8264E-84  0.4000E+01
-105.288  0.8264E-84  0.4000E+01
-105.278  0.8264E-84  0.4000E+01
-105.268  0.8264E-84  0.4000E+01
-105.258  0.8264E-84  0.4000E+01
-105.248  0.8264E-84  0.4000E+01
-105.238  0.8264E-84  0.4000E+01
-105.228  0.8264E-84  0.4000E+01
-105.218  0.8264E-84  0.4000E+01
-105.208  0.8264E-84  0.4000E+01
-105.198  0.8264E-84  0.4000E+01
-105.188  0.8264E-84  0.4000E+01
-105.178  0.8264E-84  0.4000E+01
-105.168  0.8264E-84  0.4000E+01
-105.158  0.8264E-84  0.4000E+01
-105.148  0.8264E-84  0.4000E+01
-105.138  0.8264E-84  0.4000E+01
-105.128  0.8264E-84  0.4000E+01
-105.118  0.8264E-84  0.4000E+01
-105.108  0.8264E-84  0.4000E+01
-105.098  0.8264E-84  0.4000E+01
-105.088  0.8264E-84  0.4000E+01
-105.078  0.8264E-84  0.4000E+01
-105.068  0.8264E-84  0.4000E+01
-105.058  0.8264E-84  0.4000E+01
-105.048  0.8264E-84  0.4000E+01
-105.038  0.8264E-84  0.4000E+01
-105.028  0.8264E-84  0.4000E+01
-105.018  0.8264E-84  0.4000E+01
-105.008  0.8264E-84  0.4000E+01
-104.998  0.8264E-84  0.4000E+01
-104.988  0.8264E-84  0.4000E+01
-104.978  0.8264E-84  0.4000E+01
-104.968  0.8264E-84  0.4000E+01
-104.958  0.8264E-84  0.4000E+01
-104.948  0.8264E-84  0.4000E+01
-104.938  0.8264E-84  0.4000E+01
-104.928  0.8264E-84  0.4000E+01
-104.918  0.8264E-84  0.4000E+01
-104.908  0.8264E-84  0.4000E+01
-104.898  0.8264E-84  0.4000E+01
-104.888  0.8264E-84  0.4000E+01
-104.878  0.8264E-84  0.4000E+01
-104.868  0.8264E-84  0.4000E+01
-104.858  0.8264E-84  0.4000E+01
-104.848  0.8264E-84  0.4000E+01
-104.838  0.8264E-84  0.4000E+01
-104.828  0.8264E-84  0.4000E+01
-104.818  0.8264E-84  0.4000E+01
-104.808  0.8264E-84  0.4000E+01
-104.798  0.8264E-84  0.4000E+01
-104.788  0.8264E-84  0.4000E+01
-104.778  0.8264E-84  0.4000E+01
-104.768  0.8264E-84  0.4000E+01
-104.758  0.8264E-84  0.4000E+01
-104.748  0.8264E-84  0.4000E+01
-104.738  0.8264E-84  0.4000E+01
-104.728  0.8264E-84  0.4000E+01
-104.718  0.8264E-84  0.4000E+01
-104.708  0.8264E-84  0.4000E+01
-104.698  0.8264E-84  0.4000E+01
-104.688  0.8264E-84  0.4000E+01
-104.678  0.8264E-84  0.4000E+01
-104.668  0.8264E-84  0.4000E+01
-104.658  0.8264E-84  0.4000E+01
-104.648  0.8264E-84  0.4000E+01
-104.638  0.8264E-84  0.4000E+01
-104.628  0.8264E-84  0.4000E+01
-104.618  0.8264E-84  0.4000E+01
-104.608  0.8264E-84  0.4000E+01
-104.598  0.8264E-84  0.4000E+01
-104.588  0.8264E-84  0.4000E+01
-104.578  0.8264E-84  0.4000E+01
-104.568  0.8264E-84  0.4000E+01
-104.558  0.8264E-84  0.4000E+01
-104.548  0.8264E-84  0.4000E+01
-104.538  0.8264E-84  0.4000E+01
-104.528  0.8264E-84  0.4000E+01
-104.518  0.8264E-84  0.4000E+01
-104.508  0.8264E-84  0.4000E+01
-104.498  0.8264E-84  0.4000E+01
-104.488  0.8264E-84  0.4000E+01
-104.478  0.8264E-84  0.4000E+01
-104.468  0.8264E-84  0.4000E+01
-104.458  0.8264E-84  0.4000E+01
-104.448  0.8264E-84  0.4000E+01
-104.438  0.8264E-84  0.4000E+01
-104.428  0.8264E-84  0.4000E+01
-104.418  0.8264E-84  0.4000E+01
-104.408  0.8264E-84  0.4000E+01
-104.398  0.8264E-84  0.4000E+01
-104.388  0.8264E-84  0.4000E+01
-104.378  0.8264E-84  0.4000E+01
-104.368  0.8264E-84  0.4000E+01
-104.358  0.8264E-84  0.4000E+01
-104.348  0.8264E-84  0.4000E+01
-104.338  0.8264E-84  0.4000E+01
-104.328  0.8264E-84  0.4000E+01
-104.318  0.8264E-84  0.4000E+01
-104.308  0.8264E-84  0.4000E+01
-104.298  0.8264E-84  0.4000E+01
-104.288  0.8264E-84  0.4000E+01
-104.278  0.8264E-84  0.4000E+01
-104.268  0.8264E-84  0.4000E+01
-104.258  0.8264E-84  0.4000E+01
-104.248  0.8264E-84  0.4000E+01
-104.238  0.8264E-84  0.4000E+01
-104.228  0.8264E-84  0.4000E+01
-104.218  0.8264E-84  0.4000E+01
-104.208  0.8264E-84  0.4000E+01
-104.198  0.8264E-84  0.4000E+01
-104.188  0.8264E-84  0.4000E+01
-104.178  0.8264E-84  0.4000E+01
-104.168  0.8264E-84  0.4000E+01
-104.158  0.8264E-84  0.4000E+01
-104.148  0.8264E-84  0.4000E+01
-104.138  0.8264E-84  0.4000E+01
-104.128  0.8264E-84  0.4000E+01
-104.118  0.8264E-84  0.4000E+01
-104.108  0.8264E-84  0.4000E+01
-104.098  0.8264E-84  0.4000E+01
-104.088  0.8264E-84  0.4000E+01
-104.078  0.8264E-84  0.4000E+01
-104.068  0.8264E-84  0.4000E+01
-104.058  0.8264E-84  0.4000E+01
-104.048  0.8264E-84  0.4000E+01
-104.038  0.8264E-84  0.4000E+01
-104.028  0.8264E-84  0.4000E+01
-104.018  0.8264E-84  0.4000E+01
-104.008  0.8264E-84  0.4000E+01
-103.998  0.8264E-84  0.4000E+01
-103.988  0.8264E-84  0.4000E+01
-103.978  0.8264E-84  0.4000E+01
-103.968  0.8264E-84  0.4000E+01
-103.958  0.8264E-84  0.4000E+01
-103.948  0.8264E-84  0.4000E+01
-103.938  0.8264E-84  0.4000E+01
-103.928  0.8264E-84  0.4000E+01
-103.918  0.8264E-84  0.4000E+01
-103.908  0.8264E-84  0.4000E+01
-103.898  0.8264E-84  0.4000E+01
-103.888  0.8264E-84  0.4000E+01
-103.878  0.8264E-84  0.4000E+01
-103.868  0.8264E-84  0.4000E+01
-103.858  0.8264E-84  0.4000E+01
-103.848  0.8264E-84  0.4000E+01
-103.838  0.8264E-84  0.4000E+01
-103.828  0.8264E-84  0.4000E+01
-103.818  0.8264E-84  0.4000E+01
-103.808  0.8264E-84  0.4000E+01
-103.798  0.8264E-84  0.4000E+01
-103.788  0.8264E-84  0.4000E+01
-103.778  0.8264E-84  0.4000E+01
-103.768  0.8264E-84  0.4000E+01
-103.758  0.8264E-84  0.4000E+01
-103.748  0.8264E-84  0.4000E+01
-103.738  0.8264E-84  0.4000E+01
-103.728  0.8264E-84  0.4000E+01
-103.718  0.8264E-84  0.4000E+01
-103.708  0.8264E-84  0.4000E+01
-103.698  0.8264E-84  0.4000E+01
-103.688  0.8264E-84  0.4000E+01
-103.678  0.8264E-84  0.4000E+01
-103.668  0.8264E-84  0.4000E+01
-103.658  0.8264E-84  0.4000E+01
-103.648  0.8264E-84  0.4000E+01
-103.638  0.8264E-84  0.4000E+01
-103.628  0.8264E-84  0.4000E+01
-103.618  0.8264E-84  0.4000E+01
-103.608  0.8264E-84  0.4000E+01
-103.598  0.8264E-84  0.4000E+01
-103.588  0.8264E-84  0.4000E+01
-103.578  0.8264E-84  0.4000E+01
-103.568  0.8264E-84  0.4000E+01
-103.558  0.8264E-84  0.4000E+01
-103.548  0.8264E-84  0.4000E+01
-103.538  0.8264E-84  0.4000E+01
-103.528  0.8264E-84  0.4000E+01
-103.518  0.8264E-84  0.4000E+01
-103.508  0.8264E-84  0.4000E+01
-103.498  0.8264E-84  0.4000E+01
-103.488  0.8264E-84  0.4000E+01
-103.478  0.8264E-84  0.4000E+01
-103.468  0.8264E-84  0.4000E+01
-103.458  0.8264E-84  0.4000E+01
-103.448  0.8264E-84  0.4000E+01
-103.438  0.8264E-84  0.4000E+01
-103.428  0.8264E-84  0.4000E+01
-103.418  0.8264E-84  0.4000E+01
-103.408  0.8264E-84  0.4000E+01
-103.398  0.8264E-84  0.4000E+01
-103.388  0.8264E-84  0.4000E+01
-103.378  0.8264E-84  0.4000E+01
-103.368  0.8264E-84  0.4000E+01
-103.358  0.8264E-84  0.4000E+01
-103.348  0.8264E-84  0.4000E+01
-103.338  0.8264E-84  0.4000E+01
-103.328  0.8264E-84  0.4000E+01
-103.318  0.8264E-84  0.4000E+01
-103.308  0.8264E-84  0.4000E+01
-103.298  0.8264E-84  0.4000E+01
-103.288  0.8264E-84  0.4000E+01
-103.278  0.8264E-84  0.4000E+01
-103.268  0.8264E-84  0.4000E+01
-103.258  0.8264E-84  0.4000E+01
-103.248  0.8264E-84  0.4000E+01
-103.238  0.8264E-84  0.4000E+01
-103.228  0.8264E-84  0.4000E+01
-103.218  0.8264E-84  0.4000E+01
-103.208  0.8264E-84  0.4000E+01
-103.198  0.8264E-84  0.4000E+01
-103.188  0.8264E-84  0.4000E+01
-103.178  0.8264E-84  0.4000E+01
-103.168  0.8264E-84  0.4000E+01
-103.158  0.8264E-84  0.4000E+01
-103.148  0.8264E-84  0.4000E+01
-103.138  0.8264E-84  0.4000E+01
-103.128  0.8264E-84  0.4000E+01
-103.118  0.8264E-84  0.4000E+01
-103.108  0.8264E-84  0.4000E+01
-103.098  0.8264E-84  0.4000E+01
-103.088  0.8264E-84  0.4000E+01
-103.078  0.8264E-84  0.4000E+01
-103.068  0.8264E-84  0.4000E+01
-103.058  0.8264E-84  0.4000E+01
-103.048  0.8264E-84  0.4000E+01
-103.038  0.8264E-84  0.4000E+01
-103.028  0.8264E-84  0.4000E+01
-103.018  0.8264E-84  0.4000E+01
-103.008  0.8264E-84  0.4000E+01
-102.998  0.8264E-84  0.4000E+01
-102.988  0.8264E-84  0.4000E+01
-102.978  0.8264E-84  0.4000E+01
-102.968  0.8264E-84  0.4000E+01
-102.958  0.8264E-84  0.4000E+01
-102.948  0.8264E-84  0.4000E+01
-102.938  0.8264E-84  0.4000E+01
-102.928  0.8264E-84  0.4000E+01
-102.918  0.8264E-84  0.4000E+01
-102.908  0.8264E-84  0.4000E+01
-102.898  0.8264E-84  0.4000E+01
-102.888  0.8264E-84  0.4000E+01
-102.878  0.8264E-84  0.4000E+01
-102.868  0.8264E-84  0.4000E+01
-102.858  0.8264E-84  0.4000E+01
-102.848  0.8264E-84  0.4000E+01
-102.838  0.8264E-84  0.4000E+01
-102.828  0.8264E-84  0.4000E+01
-102.818  0.8264E-84  0.4000E+01
-102.808  0.8264E-84  0.4000E+01
-102.798  0.8264E-84  0.4000E+01
-102.788  0.8264E-84  0.4000E+01
-102.778  0.8264E-84  0.4000E+01
-102.768  0.8264E-84  0.4000E+01
-102.758  0.8264E-84  0.4000E+01
-102.748  0.8264E-84  0.4000E+01
-102.738  0.8264E-84  0.4000E+01
-102.728  0.8264E-84  0.4000E+01
-102.718  0.8264E-84  0.4000E+01
-102.708  0.8264E-84  0.4000E+01
-102.698  0.8264E-84  0.4000E+01
-102.688  0.8264E-84  0.4000E+01
-102.678  0.8264E-84  0.4000E+01
-102.668  0.8264E-84  0.4000E+01
-102.658  0.8264E-84  0.4000E+01
-102.648  0.8264E-84  0.4000E+01
-102.638  0.8264E-84  0.4000E+01
-102.628  0.8264E-84  0.4000E+01
-102.618  0.8264E-84  0.4000E+01
-102.608  0.8264E-84  0.4000E+01
-102.598  0.8264E-84  0.4000E+01
-102.588  0.8264E-84  0.4000E+01
-102.578  0.8264E-84  0.4000E+01
-102.568  0.8264E-84  0.4000E+01
-102.558  0.8264E-84  0.4000E+01
-102.548  0.8264E-84  0.4000E+01
-102.538  0.8264E-84  0.4000E+01
-102.528  0.8264E-84  0.4000E+01
-102.518  0.8264E-84  0.4000E+01
-102.508  0.8264E-84  0.4000E+01
-102.498  0.8264E-84  0.4000E+01
-102.488  0.8264E-84  0.4000E+01
-102.478  0.8264E-84  0.4000E+01
-102.468  0.8264E-84  0.4000E+01
-102.458  0.8264E-84  0.4000E+01
-102.448  0.8264E-84  0.4000E+01
-102.438  0.8264E-84  0.4000E+01
-102.428  0.8264E-84  0.4000E+01
-102.418  0.8264E-84  0.4000E+01
-102.408  0.8264E-84  0.4000E+01
-102.398  0.8264E-84  0.4000E+01
-102.388  0.8264E-84  0.4000E+01
-102.378  0.8264E-84  0.4000E+01
-102.368  0.8264E-84  0.4000E+01
-102.358  0.8264E-84  0.4000E+01
-102.348  0.8264E-84  0.4000E+01
-102.338  0.8264E-84  0.4000E+01
-102.328  0.8264E-84  0.4000E+01
-102.318  0.8264E-84  0.4000E+01
-102.308  0.8264E-84  0.4000E+01
-102.298  0.8264E-84  0.4000E+01
-102.288  0.8264E-84  0.4000E+01
-102.278  0.8264E-84  0.4000E+01
-102.268  0.8264E-84  0.4000E+01
-102.258  0.8264E-84  0.4000E+01
-102.248  0.8264E-84  0.4000E+01
-102.238  0.8264E-84  0.4000E+01
-102.228  0.8264E-84  0.4000E+01
-102.218  0.8264E-84  0.4000E+01
-102.208  0.8264E-84  0.4000E+01
-102.198  0.8264E-84  0.4000E+01
-102.188  0.8264E-84  0.4000E+01
-102.178  0.8264E-84  0.4000E+01
-102.168  0.8264E-84  0.4000E+01
-102.158  0.8264E-84  0.4000E+01
-102.148  0.8264E-84  0.4000E+01
-102.138  0.8264E-84  0.4000E+01
-102.128  0.8264E-84  0.4000E+01
-102.118  0.8264E-84  0.4000E+01
-102.108  0.8264E-84  0.4000E+01
-102.098  0.8264E-84  0.4000E+01
-102.088  0.8264E-84  0.4000E+01
-102.078  0.8264E-84  0.4000E+01
-102.068  0.8264E-84  0.4000E+01
-102.058  0.8264E-84  0.4000E+01
-102.048  0.8264E-84  0.4000E+01
-102.038  0.8264E-84  0.4000E+01
-102.028  0.8264E-84  0.4000E+01
-102.018  0.8264E-84  0.4000E+01
-102.008  0.8264E-84  0.4000E+01
-101.998  0.8264E-84  0.4000E+01
-101.988  0.8264E-84  0.4000E+01
-101.978  0.8264E-84  0.4000E+01
-101.968  0.8264E-84  0.4000E+01
-101.958  0.8264E-84  0.4000E+01
-101.948  0.8264E-84  0.4000E+01
-101.938  0.8264E-84  0.4000E+01
-101.928  0.8264E-84  0.4000E+01
-101.918  0.8264E-84  0.4000E+01
-101.908  0.8264E-84  0.4000E+01
-101.898  0.8264E-84  0.4000E+01
-101.888  0.8264E-84  0.4000E+01
-101.878  0.8264E-84  0.4000E+01
-101.868  0.8264E-84  0.4000E+01
-101.858  0.8264E-84  0.4000E+01
-101.848  0.8264E-84  0.4000E+01
-101.838  0.8264E-84  0.4000E+01
-101.828  0.8264E-84  0.4000E+01
-101.818  0.8264E-84  0.4000E+01
-101.808  0.8264E-84  0.4000E+01
-101.798  0.8264E-84  0.4000E+01
-101.788  0.8264E-84  0.4000E+01
-101.778  0.8264E-84  0.4000E+01
-101.768  0.8264E-84  0.4000E+01
-101.758  0.8264E-84  0.4000E+01
-101.748  0.8264E-84  0.4000E+01
-101.738  0.8264E-84  0.4000E+01
-101.728  0.8264E-84  0.4000E+01
-101.718  0.8264E-84  0.4000E+01
-101.708  0.8264E-84  0.4000E+01
-101.698  0.8264E-84  0.4000E+01
-101.688  0.8264E-84  0.4000E+01
-101.678  0.8264E-84  0.4000E+01
-101.668  0.8264E-84  0.4000E+01
-101.658  0.8264E-84  0.4000E+01
-101.648  0.8264E-84  0.4000E+01
-101.638  0.8264E-84  0.4000E+01
-101.628  0.8264E-84  0.4000E+01
-101.618  0.8264E-84  0.4000E+01
-101.608  0.8264E-84  0.4000E+01
-101.598  0.8264E-84  0.4000E+01
-101.588  0.8264E-84  0.4000E+01
-101.578  0.8264E-84  0.4000E+01
-101.568  0.8264E-84  0.4000E+01
-101.558  0.8264E-84  0.4000E+01
-101.548  0.8264E-84  0.4000E+01
-101.538  0.8264E-84  0.4000E+01
-101.528  0.8264E-84  0.4000E+01
-101.518  0.8264E-84  0.4000E+01
-101.508  0.8264E-84  0.4000E+01
-101.498  0.8264E-84  0.4000E+01
-101.488  0.8264E-84  0.4000E+01
-101.478  0.8264E-84  0.4000E+01
-101.468  0.8264E-84  0.4000E+01
-101.458  0.8264E-84  0.4000E+01
-101.448  0.8264E-84  0.4000E+01
-101.438  0.8264E-84  0.4000E+01
-101.428  0.8264E-84  0.4000E+01
-101.418  0.8264E-84  0.4000E+01
-101.408  0.8264E-84  0.4000E+01
-101.398  0.8264E-84  0.4000E+01
-101.388  0.8264E-84  0.4000E+01
-101.378  0.8264E-84  0.4000E+01
-101.368  0.8264E-84  0.4000E+01
-101.358  0.8264E-84  0.4000E+01
-101.348  0.8264E-84  0.4000E+01
-101.338  0.8264E-84  0.4000E+01
-101.328  0.8264E-84  0.4000E+01
-101.318  0.8264E-84  0.4000E+01
-101.308  0.8264E-84  0.4000E+01
-101.298  0.8264E-84  0.4000E+01
-101.288  0.8264E-84  0.4000E+01
-101.278  0.8264E-84  0.4000E+01
-101.268  0.8264E-84  0.4000E+01
-101.258  0.8264E-84  0.4000E+01
-101.248  0.8264E-84  0.4000E+01
-101.238  0.8264E-84  0.4000E+01
-101.228  0.8264E-84  0.4000E+01
-101.218  0.8264E-84  0.4000E+01
-101.208  0.8264E-84  0.4000E+01
-101.198  0.8264E-84  0.4000E+01
-101.188  0.8264E-84  0.4000E+01
-101.178  0.8264E-84  0.4000E+01
-101.168  0.8264E-84  0.4000E+01
-101.158  0.8264E-84  0.4000E+01
-101.148  0.8264E-84  0.4000E+01
-101.138  0.8264E-84  0.4000E+01
-101.128  0.8264E-84  0.4000E+01
-101.118  0.8264E-84  0.4000E+01
-101.108  0.8264E-84  0.4000E+01
-101.098  0.8264E-84  0.4000E+01
-101.088  0.8264E-84  0.4000E+01
-101.078  0.8264E-84  0.4000E+01
-101.068  0.8264E-84  0.4000E+01
-101.058  0.8264E-84  0.4000E+01
-101.048  0.8264E-84  0.4000E+01
-101.038  0.8264E-84  0.4000E+01
-101.028  0.8264E-84  0.4000E+01
-101.018  0.8264E-84  0.4000E+01
-101.008  0.8264E-84  0.4000E+01
-100.998  0.8264E-84  0.4000E+01
-100.988  0.8264E-84  0.4000E+01
-100.978  0.8264E-84  0.4000E+01
-100.968  0.8264E-84  0.4000E+01
-100.958  0.8264E-84  0.4000E+01
-100.948  0.8264E-84  0.4000E+01
-100.938  0.8264E-84  0.4000E+01
-100.928  0.8264E-84  0.4000E+01
-100.918  0.8264E-84  0.4000E+01
-100.908  0.8264E-84  0.4000E+01
-100.898  0.8264E-84  0.4000E+01
-100.888  0.8264E-84  0.4000E+01
-100.878  0.8264E-84  0.4000E+01
-100.868  0.8264E-84  0.4000E+01
-100.858  0.8264E-84  0.4000E+01
-100.848  0.8264E-84  0.4000E+01
-100.838  0.8264E-84  0.4000E+01
-100.828  0.8264E-84  0.4000E+01
-100.818  0.8264E-84  0.4000E+01
-100.808  0.8264E-84  0.4000E+01
-100.798  0.8264E-84  0.4000E+01
-100.788  0.8264E-84  0.4000E+01
-100.778  0.8264E-84  0.4000E+01
-100.768  0.8264E-84  0.4000E+01
-100.758  0.8264E-84  0.4000E+01
-100.748  0.8264E-84  0.4000E+01
-100.738  0.8264E-84  0.4000E+01
-100.728  0.8264E-84  0.4000E+01
-100.718  0.8264E-84  0.4000E+01
-100.708  0.8264E-84  0.4000E+01
-100.698  0.8264E-84  0.4000E+01
-100.688  0.8264E-84  0.4000E+01
-100.678  0.8264E-84  0.4000E+01
-100.668  0.8264E-84  0.4000E+01
-100.658  0.8264E-84  0.4000E+01
-100.648  0.8264E-84  0.4000E+01
-100.638  0.8264E-84  0.4000E+01
-100.628  0.8264E-84  0.4000E+01
-100.618  0.8264E-84  0.4000E+01
-100.608  0.8264E-84  0.4000E+01
-100.598  0.8264E-84  0.4000E+01
-100.588  0.8264E-84  0.4000E+01
-100.578  0.8264E-84  0.4000E+01
-100.568  0.8264E-84  0.4000E+01
-100.558  0.8264E-84  0.4000E+01
-100.548  0.8264E-84  0.4000E+01
-100.538  0.8264E-84  0.4000E+01
-100.528  0.8264E-84  0.4000E+01
-100.518  0.8264E-84  0.4000E+01
-100.508  0.8264E-84  0.4000E+01
-100.498  0.8264E-84  0.4000E+01
-100.488  0.8264E-84  0.4000E+01
-100.478  0.8264E-84  0.4000E+01
-100.468  0.8264E-84  0.4000E+01
-100.458  0.8264E-84  0.4000E+01
-100.448  0.8264E-84  0.4000E+01
-100.438  0.8264E-84  0.4000E+01
-100.428  0.8264E-84  0.4000E+01
-100.418  0.8264E-84  0.4000E+01
-100.408  0.8264E-84  0.4000E+01
-100.398  0.8264E-84  0.4000E+01
-100.388  0.8264E-84  0.4000E+01
-100.378  0.8264E-84  0.4000E+01
-100.368  0.8264E-84  0.4000E+01
-100.358  0.8264E-84  0.4000E+01
-100.348  0.8264E-84  0.4000E+01
-100.338  0.8264E-84  0.4000E+01
-100.328  0.8264E-84  0.4000E+01
-100.318  0.8264E-84  0.4000E+01
-100.308  0.8264E-84  0.4000E+01
-100.298  0.8264E-84  0.4000E+01
-100.288  0.8264E-84  0.4000E+01
-100.278  0.8264E-84  0.4000E+01
-100.268  0.8264E-84  0.4000E+01
-100.258  0.8264E-84  0.4000E+01
-100.248  0.8264E-84  0.4000E+01
-100.238  0.8264E-84  0.4000E+01
-100.228  0.8264E-84  0.4000E+01
-100.218  0.8264E-84  0.4000E+01
-100.208  0.8264E-84  0.4000E+01
-100.198  0.8264E-84  0.4000E+01
-100.188  0.8264E-84  0.4000E+01
-100.178  0.8264E-84  0.4000E+01
-100.168  0.8264E-84  0.4000E+01
-100.158  0.8264E-84  0.4000E+01
-100.148  0.8264E-84  0.4000E+01
-100.138  0.8264E-84  0.4000E+01
-100.128  0.8264E-84  0.4000E+01
-100.118  0.8264E-84  0.4000E+01
-100.108  0.8264E-84  0.4000E+01
-100.098  0.8264E-84  0.4000E+01
-100.088  0.8264E-84  0.4000E+01
-100.078  0.8264E-84  0.4000E+01
-100.068  0.8264E-84  0.4000E+01
-100.058  0.8264E-84  0.4000E+01
-100.048  0.8264E-84  0.4000E+01
-100.038  0.8264E-84  0.4000E+01
-100.028  0.8264E-84  0.4000E+01
-100.018  0.8264E-84  0.4000E+01
-100.008  0.8264E-84  0.4000E+01
 -99.998  0.8264E-84  0.4000E+01
 -99.988  0.8264E-84  0.4000E+01
 -99.978  0.8264E-84  0.4000E+01
 -99.968  0.8264E-84  0.4000E+01
 -99.958  0.8264E-84  0.4000E+01
 -99.948  0.8264E-84  0.4000E+01
 -99.938  0.8264E-84  0.4000E+01
 -99.928  0.8264E-84  0.4000E+01
 -99.918  0.8264E-84  0.4000E+01
 -99.908  0.8264E-84  0.4000E+01
 -99.898  0.8264E-84  0.4000E+01
 -99.888  0.8264E-84  0.4000E+01
 -99.878  0.8264E-84  0.4000E+01
 -99.868  0.8264E-84  0.4000E+01
 -99.858  0.8264E-84  0.4000E+01
 -99.848  0.8264E-84  0.4000E+01
 -99.838  0.8264E-84  0.4000E+01
 -99.828  0.8264E-84  0.4000E+01
 -99.818  0.8264E-84  0.4000E+01
 -99.808  0.8264E-84  0.4000E+01
 -99.798  0.8264E-84  0.4000E+01
 -99.788  0.8264E-84  0.4000E+01
 -99.778  0.8264E-84  0.4000E+01
 -99.768  0.8264E-84  0.4000E+01
 -99.758  0.8264E-84  0.4000E+01
 -99.748  0.8264E-84  0.4000E+01
 -99.738  0.8264E-84  0.4000E+01
 -99.728  0.8264E-84  0.4000E+01
 -99.718  0.8264E-84  0.4000E+01
 -99.708  0.8264E-84  0.4000E+01
 -99.698  0.8264E-84  0.4000E+01
 -99.688  0.8264E-84  0.4000E+01
 -99.678  0.8264E-84  0.4000E+01
 -99.668  0.8264E-84  0.4000E+01
 -99.658  0.8264E-84  0.4000E+01
 -99.648  0.8264E-84  0.4000E+01
 -99.638  0.8264E-84  0.4000E+01
 -99.628  0.8264E-84  0.4000E+01
 -99.618  0.8264E-84  0.4000E+01
 -99.608  0.8264E-84  0.4000E+01
 -99.598  0.8264E-84  0.4000E+01
 -99.588  0.8264E-84  0.4000E+01
 -99.578  0.8264E-84  0.4000E+01
 -99.568  0.8264E-84  0.4000E+01
 -99.558  0.8264E-84  0.4000E+01
 -99.548  0.8264E-84  0.4000E+01
 -99.538  0.8264E-84  0.4000E+01
 -99.528  0.8264E-84  0.4000E+01
 -99.518  0.8264E-84  0.4000E+01
 -99.508  0.8264E-84  0.4000E+01
 -99.498  0.8264E-84  0.4000E+01
 -99.488  0.8264E-84  0.4000E+01
 -99.478  0.8264E-84  0.4000E+01
 -99.468  0.8264E-84  0.4000E+01
 -99.458  0.8264E-84  0.4000E+01
 -99.448  0.8264E-84  0.4000E+01
 -99.438  0.8264E-84  0.4000E+01
 -99.428  0.8264E-84  0.4000E+01
 -99.418  0.8264E-84  0.4000E+01
 -99.408  0.8264E-84  0.4000E+01
 -99.398  0.8264E-84  0.4000E+01
 -99.388  0.8264E-84  0.4000E+01
 -99.378  0.8264E-84  0.4000E+01
 -99.368  0.8264E-84  0.4000E+01
 -99.358  0.8264E-84  0.4000E+01
 -99.348  0.8264E-84  0.4000E+01
 -99.338  0.8264E-84  0.4000E+01
 -99.328  0.8264E-84  0.4000E+01
 -99.318  0.8264E-84  0.4000E+01
 -99.308  0.8264E-84  0.4000E+01
 -99.298  0.8264E-84  0.4000E+01
 -99.288  0.8264E-84  0.4000E+01
 -99.278  0.8264E-84  0.4000E+01
 -99.268  0.8264E-84  0.4000E+01
 -99.258  0.8264E-84  0.4000E+01
 -99.248  0.8264E-84  0.4000E+01
 -99.238  0.8264E-84  0.4000E+01
 -99.228  0.8264E-84  0.4000E+01
 -99.218  0.8264E-84  0.4000E+01
 -99.208  0.8264E-84  0.4000E+01
 -99.198  0.8264E-84  0.4000E+01
 -99.188  0.8264E-84  0.4000E+01
 -99.178  0.8264E-84  0.4000E+01
 -99.168  0.8264E-84  0.4000E+01
 -99.158  0.8264E-84  0.4000E+01
 -99.148  0.8264E-84  0.4000E+01
 -99.138  0.8264E-84  0.4000E+01
 -99.128  0.8264E-84  0.4000E+01
 -99.118  0.8264E-84  0.4000E+01
 -99.108  0.8264E-84  0.4000E+01
 -99.098  0.8264E-84  0.4000E+01
 -99.088  0.8264E-84  0.4000E+01
 -99.078  0.8264E-84  0.4000E+01
 -99.068  0.8264E-84  0.4000E+01
 -99.058  0.8264E-84  0.4000E+01
 -99.048  0.8264E-84  0.4000E+01
 -99.038  0.8264E-84  0.4000E+01
 -99.028  0.8264E-84  0.4000E+01
 -99.018  0.8264E-84  0.4000E+01
 -99.008  0.8264E-84  0.4000E+01
 -98.998  0.8264E-84  0.4000E+01
 -98.988  0.8264E-84  0.4000E+01
 -98.978  0.8264E-84  0.4000E+01
 -98.968  0.8264E-84  0.4000E+01
 -98.958  0.8264E-84  0.4000E+01
 -98.948  0.8264E-84  0.4000E+01
 -98.938  0.8264E-84  0.4000E+01
 -98.928  0.8264E-84  0.4000E+01
 -98.918  0.8264E-84  0.4000E+01
 -98.908  0.8264E-84  0.4000E+01
 -98.898  0.8264E-84  0.4000E+01
 -98.888  0.8264E-84  0.4000E+01
 -98.878  0.8264E-84  0.4000E+01
 -98.868  0.8264E-84  0.4000E+01
 -98.858  0.8264E-84  0.4000E+01
 -98.848  0.8264E-84  0.4000E+01
 -98.838  0.8264E-84  0.4000E+01
 -98.828  0.8264E-84  0.4000E+01
 -98.818  0.8264E-84  0.4000E+01
 -98.808  0.8264E-84  0.4000E+01
 -98.798  0.8264E-84  0.4000E+01
 -98.788  0.8264E-84  0.4000E+01
 -98.778  0.8264E-84  0.4000E+01
 -98.768  0.8264E-84  0.4000E+01
 -98.758  0.8264E-84  0.4000E+01
 -98.748  0.8264E-84  0.4000E+01
 -98.738  0.8264E-84  0.4000E+01
 -98.728  0.8264E-84  0.4000E+01
 -98.718  0.8264E-84  0.4000E+01
 -98.708  0.8264E-84  0.4000E+01
 -98.698  0.8264E-84  0.4000E+01
 -98.688  0.8264E-84  0.4000E+01
 -98.678  0.8264E-84  0.4000E+01
 -98.668  0.8264E-84  0.4000E+01
 -98.658  0.8264E-84  0.4000E+01
 -98.648  0.8264E-84  0.4000E+01
 -98.638  0.8264E-84  0.4000E+01
 -98.628  0.8264E-84  0.4000E+01
 -98.618  0.8264E-84  0.4000E+01
 -98.608  0.8264E-84  0.4000E+01
 -98.598  0.8264E-84  0.4000E+01
 -98.588  0.8264E-84  0.4000E+01
 -98.578  0.8264E-84  0.4000E+01
 -98.568  0.8264E-84  0.4000E+01
 -98.558  0.8264E-84  0.4000E+01
 -98.548  0.8264E-84  0.4000E+01
 -98.538  0.8264E-84  0.4000E+01
 -98.528  0.8264E-84  0.4000E+01
 -98.518  0.8264E-84  0.4000E+01
 -98.508  0.8264E-84  0.4000E+01
 -98.498  0.8264E-84  0.4000E+01
 -98.488  0.8264E-84  0.4000E+01
 -98.478  0.8264E-84  0.4000E+01
 -98.468  0.8264E-84  0.4000E+01
 -98.458  0.8264E-84  0.4000E+01
 -98.448  0.8264E-84  0.4000E+01
 -98.438  0.8264E-84  0.4000E+01
 -98.428  0.8264E-84  0.4000E+01
 -98.418  0.8264E-84  0.4000E+01
 -98.408  0.8264E-84  0.4000E+01
 -98.398  0.8264E-84  0.4000E+01
 -98.388  0.8264E-84  0.4000E+01
 -98.378  0.8264E-84  0.4000E+01
 -98.368  0.8264E-84  0.4000E+01
 -98.358  0.8264E-84  0.4000E+01
 -98.348  0.8264E-84  0.4000E+01
 -98.338  0.8264E-84  0.4000E+01
 -98.328  0.8264E-84  0.4000E+01
 -98.318  0.8264E-84  0.4000E+01
 -98.308  0.8264E-84  0.4000E+01
 -98.298  0.8264E-84  0.4000E+01
 -98.288  0.8264E-84  0.4000E+01
 -98.278  0.8264E-84  0.4000E+01
 -98.268  0.8264E-84  0.4000E+01
 -98.258  0.8264E-84  0.4000E+01
 -98.248  0.8264E-84  0.4000E+01
 -98.238  0.8264E-84  0.4000E+01
 -98.228  0.8264E-84  0.4000E+01
 -98.218  0.8264E-84  0.4000E+01
 -98.208  0.8264E-84  0.4000E+01
 -98.198  0.8264E-84  0.4000E+01
 -98.188  0.8264E-84  0.4000E+01
 -98.178  0.8264E-84  0.4000E+01
 -98.168  0.8264E-84  0.4000E+01
 -98.158  0.8264E-84  0.4000E+01
 -98.148  0.8264E-84  0.4000E+01
 -98.138  0.8264E-84  0.4000E+01
 -98.128  0.8264E-84  0.4000E+01
 -98.118  0.8264E-84  0.4000E+01
 -98.108  0.8264E-84  0.4000E+01
 -98.098  0.8264E-84  0.4000E+01
 -98.088  0.8264E-84  0.4000E+01
 -98.078  0.8264E-84  0.4000E+01
 -98.068  0.8264E-84  0.4000E+01
 -98.058  0.8264E-84  0.4000E+01
 -98.048  0.8264E-84  0.4000E+01
 -98.038  0.8264E-84  0.4000E+01
 -98.028  0.8264E-84  0.4000E+01
 -98.018  0.8264E-84  0.4000E+01
 -98.008  0.8264E-84  0.4000E+01
 -97.998  0.8264E-84  0.4000E+01
 -97.988  0.8264E-84  0.4000E+01
 -97.978  0.8264E-84  0.4000E+01
 -97.968  0.8264E-84  0.4000E+01
 -97.958  0.8264E-84  0.4000E+01
 -97.948  0.8264E-84  0.4000E+01
 -97.938  0.8264E-84  0.4000E+01
 -97.928  0.8264E-84  0.4000E+01
 -97.918  0.8264E-84  0.4000E+01
 -97.908  0.8264E-84  0.4000E+01
 -97.898  0.8264E-84  0.4000E+01
 -97.888  0.8264E-84  0.4000E+01
 -97.878  0.8264E-84  0.4000E+01
 -97.868  0.8264E-84  0.4000E+01
 -97.858  0.8264E-84  0.4000E+01
 -97.848  0.8264E-84  0.4000E+01
 -97.838  0.8264E-84  0.4000E+01
 -97.828  0.8264E-84  0.4000E+01
 -97.818  0.8264E-84  0.4000E+01
 -97.808  0.8264E-84  0.4000E+01
 -97.798  0.8264E-84  0.4000E+01
 -97.788  0.8264E-84  0.4000E+01
 -97.778  0.8264E-84  0.4000E+01
 -97.768  0.8264E-84  0.4000E+01
 -97.758  0.8264E-84  0.4000E+01
 -97.748  0.8264E-84  0.4000E+01
 -97.738  0.8264E-84  0.4000E+01
 -97.728  0.8264E-84  0.4000E+01
 -97.718  0.8264E-84  0.4000E+01
 -97.708  0.8264E-84  0.4000E+01
 -97.698  0.8264E-84  0.4000E+01
 -97.688  0.8264E-84  0.4000E+01
 -97.678  0.8264E-84  0.4000E+01
 -97.668  0.8264E-84  0.4000E+01
 -97.658  0.8264E-84  0.4000E+01
 -97.648  0.8264E-84  0.4000E+01
 -97.638  0.8264E-84  0.4000E+01
 -97.628  0.8264E-84  0.4000E+01
 -97.618  0.8264E-84  0.4000E+01
 -97.608  0.8264E-84  0.4000E+01
 -97.598  0.8264E-84  0.4000E+01
 -97.588  0.8264E-84  0.4000E+01
 -97.578  0.8264E-84  0.4000E+01
 -97.568  0.8264E-84  0.4000E+01
 -97.558  0.8264E-84  0.4000E+01
 -97.548  0.8264E-84  0.4000E+01
 -97.538  0.8264E-84  0.4000E+01
 -97.528  0.8264E-84  0.4000E+01
 -97.518  0.8264E-84  0.4000E+01
 -97.508  0.8264E-84  0.4000E+01
 -97.498  0.8264E-84  0.4000E+01
 -97.488  0.8264E-84  0.4000E+01
 -97.478  0.8264E-84  0.4000E+01
 -97.468  0.8264E-84  0.4000E+01
 -97.458  0.8264E-84  0.4000E+01
 -97.448  0.8264E-84  0.4000E+01
 -97.438  0.8264E-84  0.4000E+01
 -97.428  0.8264E-84  0.4000E+01
 -97.418  0.8264E-84  0.4000E+01
 -97.408  0.8264E-84  0.4000E+01
 -97.398  0.8264E-84  0.4000E+01
 -97.388  0.8264E-84  0.4000E+01
 -97.378  0.8264E-84  0.4000E+01
 -97.368  0.8264E-84  0.4000E+01
 -97.358  0.8264E-84  0.4000E+01
 -97.348  0.8264E-84  0.4000E+01
 -97.338  0.8264E-84  0.4000E+01
 -97.328  0.8264E-84  0.4000E+01
 -97.318  0.8264E-84  0.4000E+01
 -97.308  0.8264E-84  0.4000E+01
 -97.298  0.8264E-84  0.4000E+01
 -97.288  0.8264E-84  0.4000E+01
 -97.278  0.8264E-84  0.4000E+01
 -97.268  0.8264E-84  0.4000E+01
 -97.258  0.8264E-84  0.4000E+01
 -97.248  0.8264E-84  0.4000E+01
 -97.238  0.8264E-84  0.4000E+01
 -97.228  0.8264E-84  0.4000E+01
 -97.218  0.8264E-84  0.4000E+01
 -97.208  0.8264E-84  0.4000E+01
 -97.198  0.8264E-84  0.4000E+01
 -97.188  0.8264E-84  0.4000E+01
 -97.178  0.8264E-84  0.4000E+01
 -97.168  0.8264E-84  0.4000E+01
 -97.158  0.8264E-84  0.4000E+01
 -97.148  0.8264E-84  0.4000E+01
 -97.138  0.8264E-84  0.4000E+01
 -97.128  0.8264E-84  0.4000E+01
 -97.118  0.8264E-84  0.4000E+01
 -97.108  0.8264E-84  0.4000E+01
 -97.098  0.8264E-84  0.4000E+01
 -97.088  0.8264E-84  0.4000E+01
 -97.078  0.8264E-84  0.4000E+01
 -97.068  0.8264E-84  0.4000E+01
 -97.058  0.8264E-84  0.4000E+01
 -97.048  0.8264E-84  0.4000E+01
 -97.038  0.8264E-84  0.4000E+01
 -97.028  0.8264E-84  0.4000E+01
 -97.018  0.8264E-84  0.4000E+01
 -97.008  0.8264E-84  0.4000E+01
 -96.998  0.8264E-84  0.4000E+01
 -96.988  0.8264E-84  0.4000E+01
 -96.978  0.8264E-84  0.4000E+01
 -96.968  0.8264E-84  0.4000E+01
 -96.958  0.8264E-84  0.4000E+01
 -96.948  0.8264E-84  0.4000E+01
 -96.938  0.8264E-84  0.4000E+01
 -96.928  0.8264E-84  0.4000E+01
 -96.918  0.8264E-84  0.4000E+01
 -96.908  0.8264E-84  0.4000E+01
 -96.898  0.8264E-84  0.4000E+01
 -96.888  0.8264E-84  0.4000E+01
 -96.878  0.8264E-84  0.4000E+01
 -96.868  0.8264E-84  0.4000E+01
 -96.858  0.8264E-84  0.4000E+01
 -96.848  0.8264E-84  0.4000E+01
 -96.838  0.8264E-84  0.4000E+01
 -96.828  0.8264E-84  0.4000E+01
 -96.818  0.8264E-84  0.4000E+01
 -96.808  0.8264E-84  0.4000E+01
 -96.798  0.8264E-84  0.4000E+01
 -96.788  0.8264E-84  0.4000E+01
 -96.778  0.8264E-84  0.4000E+01
 -96.768  0.8264E-84  0.4000E+01
 -96.758  0.8264E-84  0.4000E+01
 -96.748  0.8264E-84  0.4000E+01
 -96.738  0.8264E-84  0.4000E+01
 -96.728  0.8264E-84  0.4000E+01
 -96.718  0.8264E-84  0.4000E+01
 -96.708  0.8264E-84  0.4000E+01
 -96.698  0.8264E-84  0.4000E+01
 -96.688  0.8264E-84  0.4000E+01
 -96.678  0.8264E-84  0.4000E+01
 -96.668  0.8264E-84  0.4000E+01
 -96.658  0.8264E-84  0.4000E+01
 -96.648  0.8264E-84  0.4000E+01
 -96.638  0.8264E-84  0.4000E+01
 -96.628  0.8264E-84  0.4000E+01
 -96.618  0.8264E-84  0.4000E+01
 -96.608  0.8264E-84  0.4000E+01
 -96.598  0.8264E-84  0.4000E+01
 -96.588  0.8264E-84  0.4000E+01
 -96.578  0.8264E-84  0.4000E+01
 -96.568  0.8264E-84  0.4000E+01
 -96.558  0.8264E-84  0.4000E+01
 -96.548  0.8264E-84  0.4000E+01
 -96.538  0.8264E-84  0.4000E+01
 -96.528  0.8264E-84  0.4000E+01
 -96.518  0.8264E-84  0.4000E+01
 -96.508  0.8264E-84  0.4000E+01
 -96.498  0.8264E-84  0.4000E+01
 -96.488  0.8264E-84  0.4000E+01
 -96.478  0.8264E-84  0.4000E+01
 -96.468  0.8264E-84  0.4000E+01
 -96.458  0.8264E-84  0.4000E+01
 -96.448  0.8264E-84  0.4000E+01
 -96.438  0.8264E-84  0.4000E+01
 -96.428  0.8264E-84  0.4000E+01
 -96.418  0.8264E-84  0.4000E+01
 -96.408  0.8264E-84  0.4000E+01
 -96.398  0.8264E-84  0.4000E+01
 -96.388  0.8264E-84  0.4000E+01
 -96.378  0.8264E-84  0.4000E+01
 -96.368  0.8264E-84  0.4000E+01
 -96.358  0.8264E-84  0.4000E+01
 -96.348  0.8264E-84  0.4000E+01
 -96.338  0.8264E-84  0.4000E+01
 -96.328  0.8264E-84  0.4000E+01
 -96.318  0.8264E-84  0.4000E+01
 -96.308  0.8264E-84  0.4000E+01
 -96.298  0.8264E-84  0.4000E+01
 -96.288  0.8264E-84  0.4000E+01
 -96.278  0.8264E-84  0.4000E+01
 -96.268  0.8264E-84  0.4000E+01
 -96.258  0.8264E-84  0.4000E+01
 -96.248  0.8264E-84  0.4000E+01
 -96.238  0.8264E-84  0.4000E+01
 -96.228  0.8264E-84  0.4000E+01
 -96.218  0.8264E-84  0.4000E+01
 -96.208  0.8264E-84  0.4000E+01
 -96.198  0.8264E-84  0.4000E+01
 -96.188  0.8264E-84  0.4000E+01
 -96.178  0.8264E-84  0.4000E+01
 -96.168  0.8264E-84  0.4000E+01
 -96.158  0.8264E-84  0.4000E+01
 -96.148  0.8264E-84  0.4000E+01
 -96.138  0.8264E-84  0.4000E+01
 -96.128  0.8264E-84  0.4000E+01
 -96.118  0.8264E-84  0.4000E+01
 -96.108  0.8264E-84  0.4000E+01
 -96.098  0.8264E-84  0.4000E+01
 -96.088  0.8264E-84  0.4000E+01
 -96.078  0.8264E-84  0.4000E+01
 -96.068  0.8264E-84  0.4000E+01
 -96.058  0.8264E-84  0.4000E+01
 -96.048  0.8264E-84  0.4000E+01
 -96.038  0.8264E-84  0.4000E+01
 -96.028  0.8264E-84  0.4000E+01
 -96.018  0.8264E-84  0.4000E+01
 -96.008  0.8264E-84  0.4000E+01
 -95.998  0.8264E-84  0.4000E+01
 -95.988  0.8264E-84  0.4000E+01
 -95.978  0.8264E-84  0.4000E+01
 -95.968  0.8264E-84  0.4000E+01
 -95.958  0.8264E-84  0.4000E+01
 -95.948  0.8264E-84  0.4000E+01
 -95.938  0.8264E-84  0.4000E+01
 -95.928  0.8264E-84  0.4000E+01
 -95.918  0.8264E-84  0.4000E+01
 -95.908  0.8264E-84  0.4000E+01
 -95.898  0.8264E-84  0.4000E+01
 -95.888  0.8264E-84  0.4000E+01
 -95.878  0.8264E-84  0.4000E+01
 -95.868  0.8264E-84  0.4000E+01
 -95.858  0.8264E-84  0.4000E+01
 -95.848  0.8264E-84  0.4000E+01
 -95.838  0.8264E-84  0.4000E+01
 -95.828  0.8264E-84  0.4000E+01
 -95.818  0.8264E-84  0.4000E+01
 -95.808  0.8264E-84  0.4000E+01
 -95.798  0.8264E-84  0.4000E+01
 -95.788  0.8264E-84  0.4000E+01
 -95.778  0.8264E-84  0.4000E+01
 -95.768  0.8264E-84  0.4000E+01
 -95.758  0.8264E-84  0.4000E+01
 -95.748  0.8264E-84  0.4000E+01
 -95.738  0.8264E-84  0.4000E+01
 -95.728  0.8264E-84  0.4000E+01
 -95.718  0.8264E-84  0.4000E+01
 -95.708  0.8264E-84  0.4000E+01
 -95.698  0.8264E-84  0.4000E+01
 -95.688  0.8264E-84  0.4000E+01
 -95.678  0.8264E-84  0.4000E+01
 -95.668  0.8264E-84  0.4000E+01
 -95.658  0.8264E-84  0.4000E+01
 -95.648  0.8264E-84  0.4000E+01
 -95.638  0.8264E-84  0.4000E+01
 -95.628  0.8264E-84  0.4000E+01
 -95.618  0.8264E-84  0.4000E+01
 -95.608  0.8264E-84  0.4000E+01
 -95.598  0.8264E-84  0.4000E+01
 -95.588  0.8264E-84  0.4000E+01
 -95.578  0.8264E-84  0.4000E+01
 -95.568  0.8264E-84  0.4000E+01
 -95.558  0.8264E-84  0.4000E+01
 -95.548  0.8264E-84  0.4000E+01
 -95.538  0.8264E-84  0.4000E+01
 -95.528  0.8264E-84  0.4000E+01
 -95.518  0.8264E-84  0.4000E+01
 -95.508  0.8264E-84  0.4000E+01
 -95.498  0.8264E-84  0.4000E+01
 -95.488  0.8264E-84  0.4000E+01
 -95.478  0.8264E-84  0.4000E+01
 -95.468  0.8264E-84  0.4000E+01
 -95.458  0.8264E-84  0.4000E+01
 -95.448  0.8264E-84  0.4000E+01
 -95.438  0.8264E-84  0.4000E+01
 -95.428  0.8264E-84  0.4000E+01
 -95.418  0.8264E-84  0.4000E+01
 -95.408  0.8264E-84  0.4000E+01
 -95.398  0.8264E-84  0.4000E+01
 -95.388  0.8264E-84  0.4000E+01
 -95.378  0.8264E-84  0.4000E+01
 -95.368  0.8264E-84  0.4000E+01
 -95.358  0.8264E-84  0.4000E+01
 -95.348  0.8264E-84  0.4000E+01
 -95.338  0.8264E-84  0.4000E+01
 -95.328  0.8264E-84  0.4000E+01
 -95.318  0.8264E-84  0.4000E+01
 -95.308  0.8264E-84  0.4000E+01
 -95.298  0.8264E-84  0.4000E+01
 -95.288  0.8264E-84  0.4000E+01
 -95.278  0.8264E-84  0.4000E+01
 -95.268  0.8264E-84  0.4000E+01
 -95.258  0.8264E-84  0.4000E+01
 -95.248  0.8264E-84  0.4000E+01
 -95.238  0.8264E-84  0.4000E+01
 -95.228  0.8264E-84  0.4000E+01
 -95.218  0.8264E-84  0.4000E+01
 -95.208  0.8264E-84  0.4000E+01
 -95.198  0.8264E-84  0.4000E+01
 -95.188  0.8264E-84  0.4000E+01
 -95.178  0.8264E-84  0.4000E+01
 -95.168  0.8264E-84  0.4000E+01
 -95.158  0.8264E-84  0.4000E+01
 -95.148  0.8264E-84  0.4000E+01
 -95.138  0.8264E-84  0.4000E+01
 -95.128  0.8264E-84  0.4000E+01
 -95.118  0.8264E-84  0.4000E+01
 -95.108  0.8264E-84  0.4000E+01
 -95.098  0.8264E-84  0.4000E+01
 -95.088  0.8264E-84  0.4000E+01
 -95.078  0.8264E-84  0.4000E+01
 -95.068  0.8264E-84  0.4000E+01
 -95.058  0.8264E-84  0.4000E+01
 -95.048  0.8264E-84  0.4000E+01
 -95.038  0.8264E-84  0.4000E+01
 -95.028  0.8264E-84  0.4000E+01
 -95.018  0.8264E-84  0.4000E+01
 -95.008  0.8264E-84  0.4000E+01
 -94.998  0.8264E-84  0.4000E+01
 -94.988  0.8264E-84  0.4000E+01
 -94.978  0.8264E-84  0.4000E+01
 -94.968  0.8264E-84  0.4000E+01
 -94.958  0.8264E-84  0.4000E+01
 -94.948  0.8264E-84  0.4000E+01
 -94.938  0.8264E-84  0.4000E+01
 -94.928  0.8264E-84  0.4000E+01
 -94.918  0.8264E-84  0.4000E+01
 -94.908  0.8264E-84  0.4000E+01
 -94.898  0.8264E-84  0.4000E+01
 -94.888  0.8264E-84  0.4000E+01
 -94.878  0.8264E-84  0.4000E+01
 -94.868  0.8264E-84  0.4000E+01
 -94.858  0.8264E-84  0.4000E+01
 -94.848  0.8264E-84  0.4000E+01
 -94.838  0.8264E-84  0.4000E+01
 -94.828  0.8264E-84  0.4000E+01
 -94.818  0.8264E-84  0.4000E+01
 -94.808  0.8264E-84  0.4000E+01
 -94.798  0.8264E-84  0.4000E+01
 -94.788  0.8264E-84  0.4000E+01
 -94.778  0.8264E-84  0.4000E+01
 -94.768  0.8264E-84  0.4000E+01
 -94.758  0.8264E-84  0.4000E+01
 -94.748  0.8264E-84  0.4000E+01
 -94.738  0.8264E-84  0.4000E+01
 -94.728  0.8264E-84  0.4000E+01
 -94.718  0.8264E-84  0.4000E+01
 -94.708  0.8264E-84  0.4000E+01
 -94.698  0.8264E-84  0.4000E+01
 -94.688  0.8264E-84  0.4000E+01
 -94.678  0.8264E-84  0.4000E+01
 -94.668  0.8264E-84  0.4000E+01
 -94.658  0.8264E-84  0.4000E+01
 -94.648  0.8264E-84  0.4000E+01
 -94.638  0.8264E-84  0.4000E+01
 -94.628  0.8264E-84  0.4000E+01
 -94.618  0.8264E-84  0.4000E+01
 -94.608  0.8264E-84  0.4000E+01
 -94.598  0.8264E-84  0.4000E+01
 -94.588  0.8264E-84  0.4000E+01
 -94.578  0.8264E-84  0.4000E+01
 -94.568  0.8264E-84  0.4000E+01
 -94.558  0.8264E-84  0.4000E+01
 -94.548  0.8264E-84  0.4000E+01
 -94.538  0.8264E-84  0.4000E+01
 -94.528  0.8264E-84  0.4000E+01
 -94.518  0.8264E-84  0.4000E+01
 -94.508  0.8264E-84  0.4000E+01
 -94.498  0.8264E-84  0.4000E+01
 -94.488  0.8264E-84  0.4000E+01
 -94.478  0.8264E-84  0.4000E+01
 -94.468  0.8264E-84  0.4000E+01
 -94.458  0.8264E-84  0.4000E+01
 -94.448  0.8264E-84  0.4000E+01
 -94.438  0.8264E-84  0.4000E+01
 -94.428  0.8264E-84  0.4000E+01
 -94.418  0.8264E-84  0.4000E+01
 -94.408  0.8264E-84  0.4000E+01
 -94.398  0.8264E-84  0.4000E+01
 -94.388  0.8264E-84  0.4000E+01
 -94.378  0.8264E-84  0.4000E+01
 -94.368  0.8264E-84  0.4000E+01
 -94.358  0.8264E-84  0.4000E+01
 -94.348  0.8264E-84  0.4000E+01
 -94.338  0.8264E-84  0.4000E+01
 -94.328  0.8264E-84  0.4000E+01
 -94.318  0.8264E-84  0.4000E+01
 -94.308  0.8264E-84  0.4000E+01
 -94.298  0.8264E-84  0.4000E+01
 -94.288  0.8264E-84  0.4000E+01
 -94.278  0.8264E-84  0.4000E+01
 -94.268  0.8264E-84  0.4000E+01
 -94.258  0.8264E-84  0.4000E+01
 -94.248  0.8264E-84  0.4000E+01
 -94.238  0.8264E-84  0.4000E+01
 -94.228  0.8264E-84  0.4000E+01
 -94.218  0.8264E-84  0.4000E+01
 -94.208  0.8264E-84  0.4000E+01
 -94.198  0.8264E-84  0.4000E+01
 -94.188  0.8264E-84  0.4000E+01
 -94.178  0.8264E-84  0.4000E+01
 -94.168  0.8264E-84  0.4000E+01
 -94.158  0.8264E-84  0.4000E+01
 -94.148  0.8264E-84  0.4000E+01
 -94.138  0.8264E-84  0.4000E+01
 -94.128  0.8264E-84  0.4000E+01
 -94.118  0.8264E-84  0.4000E+01
 -94.108  0.8264E-84  0.4000E+01
 -94.098  0.8264E-84  0.4000E+01
 -94.088  0.8264E-84  0.4000E+01
 -94.078  0.8264E-84  0.4000E+01
 -94.068  0.8264E-84  0.4000E+01
 -94.058  0.8264E-84  0.4000E+01
 -94.048  0.8264E-84  0.4000E+01
 -94.038  0.8264E-84  0.4000E+01
 -94.028  0.8264E-84  0.4000E+01
 -94.018  0.8264E-84  0.4000E+01
 -94.008  0.8264E-84  0.4000E+01
 -93.998  0.8264E-84  0.4000E+01
 -93.988  0.8264E-84  0.4000E+01
 -93.978  0.8264E-84  0.4000E+01
 -93.968  0.8264E-84  0.4000E+01
 -93.958  0.8264E-84  0.4000E+01
 -93.948  0.8264E-84  0.4000E+01
 -93.938  0.8264E-84  0.4000E+01
 -93.928  0.8264E-84  0.4000E+01
 -93.918  0.8264E-84  0.4000E+01
 -93.908  0.8264E-84  0.4000E+01
 -93.898  0.8264E-84  0.4000E+01
 -93.888  0.8264E-84  0.4000E+01
 -93.878  0.8264E-84  0.4000E+01
 -93.868  0.8264E-84  0.4000E+01
 -93.858  0.8264E-84  0.4000E+01
 -93.848  0.8264E-84  0.4000E+01
 -93.838  0.8264E-84  0.4000E+01
 -93.828  0.8264E-84  0.4000E+01
 -93.818  0.8264E-84  0.4000E+01
 -93.808  0.8264E-84  0.4000E+01
 -93.798  0.8264E-84  0.4000E+01
 -93.788  0.8264E-84  0.4000E+01
 -93.778  0.8264E-84  0.4000E+01
 -93.768  0.8264E-84  0.4000E+01
 -93.758  0.8264E-84  0.4000E+01
 -93.748  0.8264E-84  0.4000E+01
 -93.738  0.8264E-84  0.4000E+01
 -93.728  0.8264E-84  0.4000E+01
 -93.718  0.8264E-84  0.4000E+01
 -93.708  0.8264E-84  0.4000E+01
 -93.698  0.8264E-84  0.4000E+01
 -93.688  0.8264E-84  0.4000E+01
 -93.678  0.8264E-84  0.4000E+01
 -93.668  0.8264E-84  0.4000E+01
 -93.658  0.8264E-84  0.4000E+01
 -93.648  0.8264E-84  0.4000E+01
 -93.638  0.8264E-84  0.4000E+01
 -93.628  0.8264E-84  0.4000E+01
 -93.618  0.8264E-84  0.4000E+01
 -93.608  0.8264E-84  0.4000E+01
 -93.598  0.8264E-84  0.4000E+01
 -93.588  0.8264E-84  0.4000E+01
 -93.578  0.8264E-84  0.4000E+01
 -93.568  0.8264E-84  0.4000E+01
 -93.558  0.8264E-84  0.4000E+01
 -93.548  0.8264E-84  0.4000E+01
 -93.538  0.8264E-84  0.4000E+01
 -93.528  0.8264E-84  0.4000E+01
 -93.518  0.8264E-84  0.4000E+01
 -93.508  0.8264E-84  0.4000E+01
 -93.498  0.8264E-84  0.4000E+01
 -93.488  0.8264E-84  0.4000E+01
 -93.478  0.8264E-84  0.4000E+01
 -93.468  0.8264E-84  0.4000E+01
 -93.458  0.8264E-84  0.4000E+01
 -93.448  0.8264E-84  0.4000E+01
 -93.438  0.8264E-84  0.4000E+01
 -93.428  0.8264E-84  0.4000E+01
 -93.418  0.8264E-84  0.4000E+01
 -93.408  0.8264E-84  0.4000E+01
 -93.398  0.8264E-84  0.4000E+01
 -93.388  0.8264E-84  0.4000E+01
 -93.378  0.8264E-84  0.4000E+01
 -93.368  0.8264E-84  0.4000E+01
 -93.358  0.8264E-84  0.4000E+01
 -93.348  0.8264E-84  0.4000E+01
 -93.338  0.8264E-84  0.4000E+01
 -93.328  0.8264E-84  0.4000E+01
 -93.318  0.8264E-84  0.4000E+01
 -93.308  0.8264E-84  0.4000E+01
 -93.298  0.8264E-84  0.4000E+01
 -93.288  0.8264E-84  0.4000E+01
 -93.278  0.8264E-84  0.4000E+01
 -93.268  0.8264E-84  0.4000E+01
 -93.258  0.8264E-84  0.4000E+01
 -93.248  0.8264E-84  0.4000E+01
 -93.238  0.8264E-84  0.4000E+01
 -93.228  0.8264E-84  0.4000E+01
 -93.218  0.8264E-84  0.4000E+01
 -93.208  0.8264E-84  0.4000E+01
 -93.198  0.8264E-84  0.4000E+01
 -93.188  0.8264E-84  0.4000E+01
 -93.178  0.8264E-84  0.4000E+01
 -93.168  0.8264E-84  0.4000E+01
 -93.158  0.8264E-84  0.4000E+01
 -93.148  0.8264E-84  0.4000E+01
 -93.138  0.8264E-84  0.4000E+01
 -93.128  0.8264E-84  0.4000E+01
 -93.118  0.8264E-84  0.4000E+01
 -93.108  0.8264E-84  0.4000E+01
 -93.098  0.8264E-84  0.4000E+01
 -93.088  0.8264E-84  0.4000E+01
 -93.078  0.8264E-84  0.4000E+01
 -93.068  0.8264E-84  0.4000E+01
 -93.058  0.8264E-84  0.4000E+01
 -93.048  0.8264E-84  0.4000E+01
 -93.038  0.8264E-84  0.4000E+01
 -93.028  0.8264E-84  0.4000E+01
 -93.018  0.8264E-84  0.4000E+01
 -93.008  0.8264E-84  0.4000E+01
 -92.998  0.8264E-84  0.4000E+01
 -92.988  0.8264E-84  0.4000E+01
 -92.978  0.8264E-84  0.4000E+01
 -92.968  0.8264E-84  0.4000E+01
 -92.958  0.8264E-84  0.4000E+01
 -92.948  0.8264E-84  0.4000E+01
 -92.938  0.8264E-84  0.4000E+01
 -92.928  0.8264E-84  0.4000E+01
 -92.918  0.8264E-84  0.4000E+01
 -92.908  0.8264E-84  0.4000E+01
 -92.898  0.8264E-84  0.4000E+01
 -92.888  0.8264E-84  0.4000E+01
 -92.878  0.8264E-84  0.4000E+01
 -92.868  0.8264E-84  0.4000E+01
 -92.858  0.8264E-84  0.4000E+01
 -92.848  0.8264E-84  0.4000E+01
 -92.838  0.8264E-84  0.4000E+01
 -92.828  0.8264E-84  0.4000E+01
 -92.818  0.8264E-84  0.4000E+01
 -92.808  0.8264E-84  0.4000E+01
 -92.798  0.8264E-84  0.4000E+01
 -92.788  0.8264E-84  0.4000E+01
 -92.778  0.8264E-84  0.4000E+01
 -92.768  0.8264E-84  0.4000E+01
 -92.758  0.8264E-84  0.4000E+01
 -92.748  0.8264E-84  0.4000E+01
 -92.738  0.8264E-84  0.4000E+01
 -92.728  0.8264E-84  0.4000E+01
 -92.718  0.8264E-84  0.4000E+01
 -92.708  0.8264E-84  0.4000E+01
 -92.698  0.8264E-84  0.4000E+01
 -92.688  0.8264E-84  0.4000E+01
 -92.678  0.8264E-84  0.4000E+01
 -92.668  0.8264E-84  0.4000E+01
 -92.658  0.8264E-84  0.4000E+01
 -92.648  0.8264E-84  0.4000E+01
 -92.638  0.8264E-84  0.4000E+01
 -92.628  0.8264E-84  0.4000E+01
 -92.618  0.8264E-84  0.4000E+01
 -92.608  0.8264E-84  0.4000E+01
 -92.598  0.8264E-84  0.4000E+01
 -92.588  0.8264E-84  0.4000E+01
 -92.578  0.8264E-84  0.4000E+01
 -92.568  0.8264E-84  0.4000E+01
 -92.558  0.8264E-84  0.4000E+01
 -92.548  0.8264E-84  0.4000E+01
 -92.538  0.8264E-84  0.4000E+01
 -92.528  0.8264E-84  0.4000E+01
 -92.518  0.8264E-84  0.4000E+01
 -92.508  0.8264E-84  0.4000E+01
 -92.498  0.8264E-84  0.4000E+01
 -92.488  0.8264E-84  0.4000E+01
 -92.478  0.8264E-84  0.4000E+01
 -92.468  0.8264E-84  0.4000E+01
 -92.458  0.8264E-84  0.4000E+01
 -92.448  0.8264E-84  0.4000E+01
 -92.438  0.8264E-84  0.4000E+01
 -92.428  0.8264E-84  0.4000E+01
 -92.418  0.8264E-84  0.4000E+01
 -92.408  0.8264E-84  0.4000E+01
 -92.398  0.8264E-84  0.4000E+01
 -92.388  0.8264E-84  0.4000E+01
 -92.378  0.8264E-84  0.4000E+01
 -92.368  0.8264E-84  0.4000E+01
 -92.358  0.8264E-84  0.4000E+01
 -92.348  0.8264E-84  0.4000E+01
 -92.338  0.8264E-84  0.4000E+01
 -92.328  0.8264E-84  0.4000E+01
 -92.318  0.8264E-84  0.4000E+01
 -92.308  0.8264E-84  0.4000E+01
 -92.298  0.8264E-84  0.4000E+01
 -92.288  0.8264E-84  0.4000E+01
 -92.278  0.8264E-84  0.4000E+01
 -92.268  0.8264E-84  0.4000E+01
 -92.258  0.8264E-84  0.4000E+01
 -92.248  0.8264E-84  0.4000E+01
 -92.238  0.8264E-84  0.4000E+01
 -92.228  0.8264E-84  0.4000E+01
 -92.218  0.8264E-84  0.4000E+01
 -92.208  0.8264E-84  0.4000E+01
 -92.198  0.8264E-84  0.4000E+01
 -92.188  0.8264E-84  0.4000E+01
 -92.178  0.8264E-84  0.4000E+01
 -92.168  0.8264E-84  0.4000E+01
 -92.158  0.8264E-84  0.4000E+01
 -92.148  0.8264E-84  0.4000E+01
 -92.138  0.8264E-84  0.4000E+01
 -92.128  0.8264E-84  0.4000E+01
 -92.118  0.8264E-84  0.4000E+01
 -92.108  0.8264E-84  0.4000E+01
 -92.098  0.8264E-84  0.4000E+01
 -92.088  0.8264E-84  0.4000E+01
 -92.078  0.8264E-84  0.4000E+01
 -92.068  0.8264E-84  0.4000E+01
 -92.058  0.8264E-84  0.4000E+01
 -92.048  0.8264E-84  0.4000E+01
 -92.038  0.8264E-84  0.4000E+01
 -92.028  0.8264E-84  0.4000E+01
 -92.018  0.8264E-84  0.4000E+01
 -92.008  0.8264E-84  0.4000E+01
 -91.998  0.8264E-84  0.4000E+01
 -91.988  0.8264E-84  0.4000E+01
 -91.978  0.8264E-84  0.4000E+01
 -91.968  0.8264E-84  0.4000E+01
 -91.958  0.8264E-84  0.4000E+01
 -91.948  0.8264E-84  0.4000E+01
 -91.938  0.8264E-84  0.4000E+01
 -91.928  0.8264E-84  0.4000E+01
 -91.918  0.8264E-84  0.4000E+01
 -91.908  0.8264E-84  0.4000E+01
 -91.898  0.8264E-84  0.4000E+01
 -91.888  0.8264E-84  0.4000E+01
 -91.878  0.8264E-84  0.4000E+01
 -91.868  0.8264E-84  0.4000E+01
 -91.858  0.8264E-84  0.4000E+01
 -91.848  0.8264E-84  0.4000E+01
 -91.838  0.8264E-84  0.4000E+01
 -91.828  0.8264E-84  0.4000E+01
 -91.818  0.8264E-84  0.4000E+01
 -91.808  0.8264E-84  0.4000E+01
 -91.798  0.8264E-84  0.4000E+01
 -91.788  0.8264E-84  0.4000E+01
 -91.778  0.8264E-84  0.4000E+01
 -91.768  0.8264E-84  0.4000E+01
 -91.758  0.8264E-84  0.4000E+01
 -91.748  0.8264E-84  0.4000E+01
 -91.738  0.8264E-84  0.4000E+01
 -91.728  0.8264E-84  0.4000E+01
 -91.718  0.8264E-84  0.4000E+01
 -91.708  0.8264E-84  0.4000E+01
 -91.698  0.8264E-84  0.4000E+01
 -91.688  0.8264E-84  0.4000E+01
 -91.678  0.8264E-84  0.4000E+01
 -91.668  0.8264E-84  0.4000E+01
 -91.658  0.8264E-84  0.4000E+01
 -91.648  0.8264E-84  0.4000E+01
 -91.638  0.8264E-84  0.4000E+01
 -91.628  0.8264E-84  0.4000E+01
 -91.618  0.8264E-84  0.4000E+01
 -91.608  0.8264E-84  0.4000E+01
 -91.598  0.8264E-84  0.4000E+01
 -91.588  0.8264E-84  0.4000E+01
 -91.578  0.8264E-84  0.4000E+01
 -91.568  0.8264E-84  0.4000E+01
 -91.558  0.8264E-84  0.4000E+01
 -91.548  0.8264E-84  0.4000E+01
 -91.538  0.8264E-84  0.4000E+01
 -91.528  0.8264E-84  0.4000E+01
 -91.518  0.8264E-84  0.4000E+01
 -91.508  0.8264E-84  0.4000E+01
 -91.498  0.8264E-84  0.4000E+01
 -91.488  0.8264E-84  0.4000E+01
 -91.478  0.8264E-84  0.4000E+01
 -91.468  0.8264E-84  0.4000E+01
 -91.458  0.8264E-84  0.4000E+01
 -91.448  0.8264E-84  0.4000E+01
 -91.438  0.8264E-84  0.4000E+01
 -91.428  0.8264E-84  0.4000E+01
 -91.418  0.8264E-84  0.4000E+01
 -91.408  0.8264E-84  0.4000E+01
 -91.398  0.8264E-84  0.4000E+01
 -91.388  0.8264E-84  0.4000E+01
 -91.378  0.8264E-84  0.4000E+01
 -91.368  0.8264E-84  0.4000E+01
 -91.358  0.8264E-84  0.4000E+01
 -91.348  0.8264E-84  0.4000E+01
 -91.338  0.8264E-84  0.4000E+01
 -91.328  0.8264E-84  0.4000E+01
 -91.318  0.8264E-84  0.4000E+01
 -91.308  0.8264E-84  0.4000E+01
 -91.298  0.8264E-84  0.4000E+01
 -91.288  0.8264E-84  0.4000E+01
 -91.278  0.8264E-84  0.4000E+01
 -91.268  0.8264E-84  0.4000E+01
 -91.258  0.8264E-84  0.4000E+01
 -91.248  0.8264E-84  0.4000E+01
 -91.238  0.8264E-84  0.4000E+01
 -91.228  0.8264E-84  0.4000E+01
 -91.218  0.8264E-84  0.4000E+01
 -91.208  0.8264E-84  0.4000E+01
 -91.198  0.8264E-84  0.4000E+01
 -91.188  0.8264E-84  0.4000E+01
 -91.178  0.8264E-84  0.4000E+01
 -91.168  0.8264E-84  0.4000E+01
 -91.158  0.8264E-84  0.4000E+01
 -91.148  0.8264E-84  0.4000E+01
 -91.138  0.8264E-84  0.4000E+01
 -91.128  0.8264E-84  0.4000E+01
 -91.118  0.8264E-84  0.4000E+01
 -91.108  0.8264E-84  0.4000E+01
 -91.098  0.8264E-84  0.4000E+01
 -91.088  0.8264E-84  0.4000E+01
 -91.078  0.8264E-84  0.4000E+01
 -91.068  0.8264E-84  0.4000E+01
 -91.058  0.8264E-84  0.4000E+01
 -91.048  0.8264E-84  0.4000E+01
 -91.038  0.8264E-84  0.4000E+01
 -91.028  0.8264E-84  0.4000E+01
 -91.018  0.8264E-84  0.4000E+01
 -91.008  0.8264E-84  0.4000E+01
 -90.998  0.8264E-84  0.4000E+01
 -90.988  0.8264E-84  0.4000E+01
 -90.978  0.8264E-84  0.4000E+01
 -90.968  0.8264E-84  0.4000E+01
 -90.958  0.8264E-84  0.4000E+01
 -90.948  0.8264E-84  0.4000E+01
 -90.938  0.8264E-84  0.4000E+01
 -90.928  0.8264E-84  0.4000E+01
 -90.918  0.8264E-84  0.4000E+01
 -90.908  0.8264E-84  0.4000E+01
 -90.898  0.8264E-84  0.4000E+01
 -90.888  0.8264E-84  0.4000E+01
 -90.878  0.8264E-84  0.4000E+01
 -90.868  0.8264E-84  0.4000E+01
 -90.858  0.8264E-84  0.4000E+01
 -90.848  0.8264E-84  0.4000E+01
 -90.838  0.8264E-84  0.4000E+01
 -90.828  0.8264E-84  0.4000E+01
 -90.818  0.8264E-84  0.4000E+01
 -90.808  0.8264E-84  0.4000E+01
 -90.798  0.8264E-84  0.4000E+01
 -90.788  0.8264E-84  0.4000E+01
 -90.778  0.8264E-84  0.4000E+01
 -90.768  0.8264E-84  0.4000E+01
 -90.758  0.8264E-84  0.4000E+01
 -90.748  0.8264E-84  0.4000E+01
 -90.738  0.8264E-84  0.4000E+01
 -90.728  0.8264E-84  0.4000E+01
 -90.718  0.8264E-84  0.4000E+01
 -90.708  0.8264E-84  0.4000E+01
 -90.698  0.8264E-84  0.4000E+01
 -90.688  0.8264E-84  0.4000E+01
 -90.678  0.8264E-84  0.4000E+01
 -90.668  0.8264E-84  0.4000E+01
 -90.658  0.8264E-84  0.4000E+01
 -90.648  0.8264E-84  0.4000E+01
 -90.638  0.8264E-84  0.4000E+01
 -90.628  0.8264E-84  0.4000E+01
 -90.618  0.8264E-84  0.4000E+01
 -90.608  0.8264E-84  0.4000E+01
 -90.598  0.8264E-84  0.4000E+01
 -90.588  0.8264E-84  0.4000E+01
 -90.578  0.8264E-84  0.4000E+01
 -90.568  0.8264E-84  0.4000E+01
 -90.558  0.8264E-84  0.4000E+01
 -90.548  0.8264E-84  0.4000E+01
 -90.538  0.8264E-84  0.4000E+01
 -90.528  0.8264E-84  0.4000E+01
 -90.518  0.8264E-84  0.4000E+01
 -90.508  0.8264E-84  0.4000E+01
 -90.498  0.8264E-84  0.4000E+01
 -90.488  0.8264E-84  0.4000E+01
 -90.478  0.8264E-84  0.4000E+01
 -90.468  0.8264E-84  0.4000E+01
 -90.458  0.8264E-84  0.4000E+01
 -90.448  0.8264E-84  0.4000E+01
 -90.438  0.8264E-84  0.4000E+01
 -90.428  0.8264E-84  0.4000E+01
 -90.418  0.8264E-84  0.4000E+01
 -90.408  0.8264E-84  0.4000E+01
 -90.398  0.8264E-84  0.4000E+01
 -90.388  0.8264E-84  0.4000E+01
 -90.378  0.8264E-84  0.4000E+01
 -90.368  0.8264E-84  0.4000E+01
 -90.358  0.8264E-84  0.4000E+01
 -90.348  0.8264E-84  0.4000E+01
 -90.338  0.8264E-84  0.4000E+01
 -90.328  0.8264E-84  0.4000E+01
 -90.318  0.8264E-84  0.4000E+01
 -90.308  0.8264E-84  0.4000E+01
 -90.298  0.8264E-84  0.4000E+01
 -90.288  0.8264E-84  0.4000E+01
 -90.278  0.8264E-84  0.4000E+01
 -90.268  0.8264E-84  0.4000E+01
 -90.258  0.8264E-84  0.4000E+01
 -90.248  0.8264E-84  0.4000E+01
 -90.238  0.8264E-84  0.4000E+01
 -90.228  0.8264E-84  0.4000E+01
 -90.218  0.8264E-84  0.4000E+01
 -90.208  0.8264E-84  0.4000E+01
 -90.198  0.8264E-84  0.4000E+01
 -90.188  0.8264E-84  0.4000E+01
 -90.178  0.8264E-84  0.4000E+01
 -90.168  0.8264E-84  0.4000E+01
 -90.158  0.8264E-84  0.4000E+01
 -90.148  0.8264E-84  0.4000E+01
 -90.138  0.8264E-84  0.4000E+01
 -90.128  0.8264E-84  0.4000E+01
 -90.118  0.8264E-84  0.4000E+01
 -90.108  0.8264E-84  0.4000E+01
 -90.098  0.8264E-84  0.4000E+01
 -90.088  0.8264E-84  0.4000E+01
 -90.078  0.8264E-84  0.4000E+01
 -90.068  0.8264E-84  0.4000E+01
 -90.058  0.8264E-84  0.4000E+01
 -90.048  0.8264E-84  0.4000E+01
 -90.038  0.8264E-84  0.4000E+01
 -90.028  0.8264E-84  0.4000E+01
 -90.018  0.8264E-84  0.4000E+01
 -90.008  0.8264E-84  0.4000E+01
 -89.998  0.8264E-84  0.4000E+01
 -89.988  0.8264E-84  0.4000E+01
 -89.978  0.8264E-84  0.4000E+01
 -89.968  0.8264E-84  0.4000E+01
 -89.958  0.8264E-84  0.4000E+01
 -89.948  0.8264E-84  0.4000E+01
 -89.938  0.8264E-84  0.4000E+01
 -89.928  0.8264E-84  0.4000E+01
 -89.918  0.8264E-84  0.4000E+01
 -89.908  0.8264E-84  0.4000E+01
 -89.898  0.8264E-84  0.4000E+01
 -89.888  0.8264E-84  0.4000E+01
 -89.878  0.8264E-84  0.4000E+01
 -89.868  0.8264E-84  0.4000E+01
 -89.858  0.8264E-84  0.4000E+01
 -89.848  0.8264E-84  0.4000E+01
 -89.838  0.8264E-84  0.4000E+01
 -89.828  0.8264E-84  0.4000E+01
 -89.818  0.8264E-84  0.4000E+01
 -89.808  0.8264E-84  0.4000E+01
 -89.798  0.8264E-84  0.4000E+01
 -89.788  0.8264E-84  0.4000E+01
 -89.778  0.8264E-84  0.4000E+01
 -89.768  0.8264E-84  0.4000E+01
 -89.758  0.8264E-84  0.4000E+01
 -89.748  0.8264E-84  0.4000E+01
 -89.738  0.8264E-84  0.4000E+01
 -89.728  0.8264E-84  0.4000E+01
 -89.718  0.8264E-84  0.4000E+01
 -89.708  0.8264E-84  0.4000E+01
 -89.698  0.8264E-84  0.4000E+01
 -89.688  0.8264E-84  0.4000E+01
 -89.678  0.8264E-84  0.4000E+01
 -89.668  0.8264E-84  0.4000E+01
 -89.658  0.8264E-84  0.4000E+01
 -89.648  0.8264E-84  0.4000E+01
 -89.638  0.8264E-84  0.4000E+01
 -89.628  0.8264E-84  0.4000E+01
 -89.618  0.8264E-84  0.4000E+01
 -89.608  0.8264E-84  0.4000E+01
 -89.598  0.8264E-84  0.4000E+01
 -89.588  0.8264E-84  0.4000E+01
 -89.578  0.8264E-84  0.4000E+01
 -89.568  0.8264E-84  0.4000E+01
 -89.558  0.8264E-84  0.4000E+01
 -89.548  0.8264E-84  0.4000E+01
 -89.538  0.8264E-84  0.4000E+01
 -89.528  0.8264E-84  0.4000E+01
 -89.518  0.8264E-84  0.4000E+01
 -89.508  0.8264E-84  0.4000E+01
 -89.498  0.8264E-84  0.4000E+01
 -89.488  0.8264E-84  0.4000E+01
 -89.478  0.8264E-84  0.4000E+01
 -89.468  0.8264E-84  0.4000E+01
 -89.458  0.8264E-84  0.4000E+01
 -89.448  0.8264E-84  0.4000E+01
 -89.438  0.8264E-84  0.4000E+01
 -89.428  0.8264E-84  0.4000E+01
 -89.418  0.8264E-84  0.4000E+01
 -89.408  0.8264E-84  0.4000E+01
 -89.398  0.8264E-84  0.4000E+01
 -89.388  0.8264E-84  0.4000E+01
 -89.378  0.8264E-84  0.4000E+01
 -89.368  0.8264E-84  0.4000E+01
 -89.358  0.8264E-84  0.4000E+01
 -89.348  0.8264E-84  0.4000E+01
 -89.338  0.8264E-84  0.4000E+01
 -89.328  0.8264E-84  0.4000E+01
 -89.318  0.8264E-84  0.4000E+01
 -89.308  0.8264E-84  0.4000E+01
 -89.298  0.8264E-84  0.4000E+01
 -89.288  0.8264E-84  0.4000E+01
 -89.278  0.8264E-84  0.4000E+01
 -89.268  0.8264E-84  0.4000E+01
 -89.258  0.8264E-84  0.4000E+01
 -89.248  0.8264E-84  0.4000E+01
 -89.238  0.8264E-84  0.4000E+01
 -89.228  0.8264E-84  0.4000E+01
 -89.218  0.8264E-84  0.4000E+01
 -89.208  0.8264E-84  0.4000E+01
 -89.198  0.8264E-84  0.4000E+01
 -89.188  0.8264E-84  0.4000E+01
 -89.178  0.8264E-84  0.4000E+01
 -89.168  0.8264E-84  0.4000E+01
 -89.158  0.8264E-84  0.4000E+01
 -89.148  0.8264E-84  0.4000E+01
 -89.138  0.8264E-84  0.4000E+01
 -89.128  0.8264E-84  0.4000E+01
 -89.118  0.8264E-84  0.4000E+01
 -89.108  0.8264E-84  0.4000E+01
 -89.098  0.8264E-84  0.4000E+01
 -89.088  0.8264E-84  0.4000E+01
 -89.078  0.8264E-84  0.4000E+01
 -89.068  0.8264E-84  0.4000E+01
 -89.058  0.8264E-84  0.4000E+01
 -89.048  0.8264E-84  0.4000E+01
 -89.038  0.8264E-84  0.4000E+01
 -89.028  0.8264E-84  0.4000E+01
 -89.018  0.8264E-84  0.4000E+01
 -89.008  0.8264E-84  0.4000E+01
 -88.998  0.8264E-84  0.4000E+01
 -88.988  0.8264E-84  0.4000E+01
 -88.978  0.8264E-84  0.4000E+01
 -88.968  0.8264E-84  0.4000E+01
 -88.958  0.8264E-84  0.4000E+01
 -88.948  0.8264E-84  0.4000E+01
 -88.938  0.8264E-84  0.4000E+01
 -88.928  0.8264E-84  0.4000E+01
 -88.918  0.8264E-84  0.4000E+01
 -88.908  0.8264E-84  0.4000E+01
 -88.898  0.8264E-84  0.4000E+01
 -88.888  0.8264E-84  0.4000E+01
 -88.878  0.8264E-84  0.4000E+01
 -88.868  0.8264E-84  0.4000E+01
 -88.858  0.8264E-84  0.4000E+01
 -88.848  0.8264E-84  0.4000E+01
 -88.838  0.8264E-84  0.4000E+01
 -88.828  0.8264E-84  0.4000E+01
 -88.818  0.8264E-84  0.4000E+01
 -88.808  0.8264E-84  0.4000E+01
 -88.798  0.8264E-84  0.4000E+01
 -88.788  0.8264E-84  0.4000E+01
 -88.778  0.8264E-84  0.4000E+01
 -88.768  0.8264E-84  0.4000E+01
 -88.758  0.8264E-84  0.4000E+01
 -88.748  0.8264E-84  0.4000E+01
 -88.738  0.8264E-84  0.4000E+01
 -88.728  0.8264E-84  0.4000E+01
 -88.718  0.8264E-84  0.4000E+01
 -88.708  0.8264E-84  0.4000E+01
 -88.698  0.8264E-84  0.4000E+01
 -88.688  0.8264E-84  0.4000E+01
 -88.678  0.8264E-84  0.4000E+01
 -88.668  0.8264E-84  0.4000E+01
 -88.658  0.8264E-84  0.4000E+01
 -88.648  0.8264E-84  0.4000E+01
 -88.638  0.8264E-84  0.4000E+01
 -88.628  0.8264E-84  0.4000E+01
 -88.618  0.8264E-84  0.4000E+01
 -88.608  0.8264E-84  0.4000E+01
 -88.598  0.8264E-84  0.4000E+01
 -88.588  0.8264E-84  0.4000E+01
 -88.578  0.8264E-84  0.4000E+01
 -88.568  0.8264E-84  0.4000E+01
 -88.558  0.8264E-84  0.4000E+01
 -88.548  0.8264E-84  0.4000E+01
 -88.538  0.8264E-84  0.4000E+01
 -88.528  0.8264E-84  0.4000E+01
 -88.518  0.8264E-84  0.4000E+01
 -88.508  0.8264E-84  0.4000E+01
 -88.498  0.8264E-84  0.4000E+01
 -88.488  0.8264E-84  0.4000E+01
 -88.478  0.8264E-84  0.4000E+01
 -88.468  0.8264E-84  0.4000E+01
 -88.458  0.8264E-84  0.4000E+01
 -88.448  0.8264E-84  0.4000E+01
 -88.438  0.8264E-84  0.4000E+01
 -88.428  0.8264E-84  0.4000E+01
 -88.418  0.8264E-84  0.4000E+01
 -88.408  0.8264E-84  0.4000E+01
 -88.398  0.8264E-84  0.4000E+01
 -88.388  0.8264E-84  0.4000E+01
 -88.378  0.8264E-84  0.4000E+01
 -88.368  0.8264E-84  0.4000E+01
 -88.358  0.8264E-84  0.4000E+01
 -88.348  0.8264E-84  0.4000E+01
 -88.338  0.8264E-84  0.4000E+01
 -88.328  0.8264E-84  0.4000E+01
 -88.318  0.8264E-84  0.4000E+01
 -88.308  0.8264E-84  0.4000E+01
 -88.298  0.8264E-84  0.4000E+01
 -88.288  0.8264E-84  0.4000E+01
 -88.278  0.8264E-84  0.4000E+01
 -88.268  0.8264E-84  0.4000E+01
 -88.258  0.8264E-84  0.4000E+01
 -88.248  0.8264E-84  0.4000E+01
 -88.238  0.8264E-84  0.4000E+01
 -88.228  0.8264E-84  0.4000E+01
 -88.218  0.8264E-84  0.4000E+01
 -88.208  0.8264E-84  0.4000E+01
 -88.198  0.8264E-84  0.4000E+01
 -88.188  0.8264E-84  0.4000E+01
 -88.178  0.8264E-84  0.4000E+01
 -88.168  0.8264E-84  0.4000E+01
 -88.158  0.8264E-84  0.4000E+01
 -88.148  0.8264E-84  0.4000E+01
 -88.138  0.8264E-84  0.4000E+01
 -88.128  0.8264E-84  0.4000E+01
 -88.118  0.8264E-84  0.4000E+01
 -88.108  0.8264E-84  0.4000E+01
 -88.098  0.8264E-84  0.4000E+01
 -88.088  0.8264E-84  0.4000E+01
 -88.078  0.8264E-84  0.4000E+01
 -88.068  0.8264E-84  0.4000E+01
 -88.058  0.8264E-84  0.4000E+01
 -88.048  0.8264E-84  0.4000E+01
 -88.038  0.8264E-84  0.4000E+01
 -88.028  0.8264E-84  0.4000E+01
 -88.018  0.8264E-84  0.4000E+01
 -88.008  0.8264E-84  0.4000E+01
 -87.998  0.8264E-84  0.4000E+01
 -87.988  0.8264E-84  0.4000E+01
 -87.978  0.8264E-84  0.4000E+01
 -87.968  0.8264E-84  0.4000E+01
 -87.958  0.8264E-84  0.4000E+01
 -87.948  0.8264E-84  0.4000E+01
 -87.938  0.8264E-84  0.4000E+01
 -87.928  0.8264E-84  0.4000E+01
 -87.918  0.8264E-84  0.4000E+01
 -87.908  0.8264E-84  0.4000E+01
 -87.898  0.8264E-84  0.4000E+01
 -87.888  0.8264E-84  0.4000E+01
 -87.878  0.8264E-84  0.4000E+01
 -87.868  0.8264E-84  0.4000E+01
 -87.858  0.8264E-84  0.4000E+01
 -87.848  0.8264E-84  0.4000E+01
 -87.838  0.8264E-84  0.4000E+01
 -87.828  0.8264E-84  0.4000E+01
 -87.818  0.8264E-84  0.4000E+01
 -87.808  0.8264E-84  0.4000E+01
 -87.798  0.8264E-84  0.4000E+01
 -87.788  0.8264E-84  0.4000E+01
 -87.778  0.8264E-84  0.4000E+01
 -87.768  0.8264E-84  0.4000E+01
 -87.758  0.8264E-84  0.4000E+01
 -87.748  0.8264E-84  0.4000E+01
 -87.738  0.8264E-84  0.4000E+01
 -87.728  0.8264E-84  0.4000E+01
 -87.718  0.8264E-84  0.4000E+01
 -87.708  0.8264E-84  0.4000E+01
 -87.698  0.8264E-84  0.4000E+01
 -87.688  0.8264E-84  0.4000E+01
 -87.678  0.8264E-84  0.4000E+01
 -87.668  0.8264E-84  0.4000E+01
 -87.658  0.8264E-84  0.4000E+01
 -87.648  0.8264E-84  0.4000E+01
 -87.638  0.8264E-84  0.4000E+01
 -87.628  0.8264E-84  0.4000E+01
 -87.618  0.8264E-84  0.4000E+01
 -87.608  0.8264E-84  0.4000E+01
 -87.598  0.8264E-84  0.4000E+01
 -87.588  0.8264E-84  0.4000E+01
 -87.578  0.8264E-84  0.4000E+01
 -87.568  0.8264E-84  0.4000E+01
 -87.558  0.8264E-84  0.4000E+01
 -87.548  0.8264E-84  0.4000E+01
 -87.538  0.8264E-84  0.4000E+01
 -87.528  0.8264E-84  0.4000E+01
 -87.518  0.8264E-84  0.4000E+01
 -87.508  0.8264E-84  0.4000E+01
 -87.498  0.8264E-84  0.4000E+01
 -87.488  0.8264E-84  0.4000E+01
 -87.478  0.8264E-84  0.4000E+01
 -87.468  0.8264E-84  0.4000E+01
 -87.458  0.8264E-84  0.4000E+01
 -87.448  0.8264E-84  0.4000E+01
 -87.438  0.8264E-84  0.4000E+01
 -87.428  0.8264E-84  0.4000E+01
 -87.418  0.8264E-84  0.4000E+01
 -87.408  0.8264E-84  0.4000E+01
 -87.398  0.8264E-84  0.4000E+01
 -87.388  0.8264E-84  0.4000E+01
 -87.378  0.8264E-84  0.4000E+01
 -87.368  0.8264E-84  0.4000E+01
 -87.358  0.8264E-84  0.4000E+01
 -87.348  0.8264E-84  0.4000E+01
 -87.338  0.8264E-84  0.4000E+01
 -87.328  0.8264E-84  0.4000E+01
 -87.318  0.8264E-84  0.4000E+01
 -87.308  0.8264E-84  0.4000E+01
 -87.298  0.8264E-84  0.4000E+01
 -87.288  0.8264E-84  0.4000E+01
 -87.278  0.8264E-84  0.4000E+01
 -87.268  0.8264E-84  0.4000E+01
 -87.258  0.8264E-84  0.4000E+01
 -87.248  0.8264E-84  0.4000E+01
 -87.238  0.8264E-84  0.4000E+01
 -87.228  0.8264E-84  0.4000E+01
 -87.218  0.8264E-84  0.4000E+01
 -87.208  0.8264E-84  0.4000E+01
 -87.198  0.8264E-84  0.4000E+01
 -87.188  0.8264E-84  0.4000E+01
 -87.178  0.8264E-84  0.4000E+01
 -87.168  0.8264E-84  0.4000E+01
 -87.158  0.8264E-84  0.4000E+01
 -87.148  0.8264E-84  0.4000E+01
 -87.138  0.8264E-84  0.4000E+01
 -87.128  0.8264E-84  0.4000E+01
 -87.118  0.8264E-84  0.4000E+01
 -87.108  0.8264E-84  0.4000E+01
 -87.098  0.8264E-84  0.4000E+01
 -87.088  0.8264E-84  0.4000E+01
 -87.078  0.8264E-84  0.4000E+01
 -87.068  0.8264E-84  0.4000E+01
 -87.058  0.8264E-84  0.4000E+01
 -87.048  0.8264E-84  0.4000E+01
 -87.038  0.8264E-84  0.4000E+01
 -87.028  0.8264E-84  0.4000E+01
 -87.018  0.8264E-84  0.4000E+01
 -87.008  0.8264E-84  0.4000E+01
 -86.998  0.8264E-84  0.4000E+01
 -86.988  0.8264E-84  0.4000E+01
 -86.978  0.8264E-84  0.4000E+01
 -86.968  0.8264E-84  0.4000E+01
 -86.958  0.8264E-84  0.4000E+01
 -86.948  0.8264E-84  0.4000E+01
 -86.938  0.8264E-84  0.4000E+01
 -86.928  0.8264E-84  0.4000E+01
 -86.918  0.8264E-84  0.4000E+01
 -86.908  0.8264E-84  0.4000E+01
 -86.898  0.8264E-84  0.4000E+01
 -86.888  0.8264E-84  0.4000E+01
 -86.878  0.8264E-84  0.4000E+01
 -86.868  0.8264E-84  0.4000E+01
 -86.858  0.8264E-84  0.4000E+01
 -86.848  0.8264E-84  0.4000E+01
 -86.838  0.8264E-84  0.4000E+01
 -86.828  0.8264E-84  0.4000E+01
 -86.818  0.8264E-84  0.4000E+01
 -86.808  0.8264E-84  0.4000E+01
 -86.798  0.8264E-84  0.4000E+01
 -86.788  0.8264E-84  0.4000E+01
 -86.778  0.8264E-84  0.4000E+01
 -86.768  0.8264E-84  0.4000E+01
 -86.758  0.8264E-84  0.4000E+01
 -86.748  0.8264E-84  0.4000E+01
 -86.738  0.8264E-84  0.4000E+01
 -86.728  0.8264E-84  0.4000E+01
 -86.718  0.8264E-84  0.4000E+01
 -86.708  0.8264E-84  0.4000E+01
 -86.698  0.8264E-84  0.4000E+01
 -86.688  0.8264E-84  0.4000E+01
 -86.678  0.8264E-84  0.4000E+01
 -86.668  0.8264E-84  0.4000E+01
 -86.658  0.8264E-84  0.4000E+01
 -86.648  0.8264E-84  0.4000E+01
 -86.638  0.8264E-84  0.4000E+01
 -86.628  0.8264E-84  0.4000E+01
 -86.618  0.8264E-84  0.4000E+01
 -86.608  0.8264E-84  0.4000E+01
 -86.598  0.8264E-84  0.4000E+01
 -86.588  0.8264E-84  0.4000E+01
 -86.578  0.8264E-84  0.4000E+01
 -86.568  0.8264E-84  0.4000E+01
 -86.558  0.8264E-84  0.4000E+01
 -86.548  0.8264E-84  0.4000E+01
 -86.538  0.8264E-84  0.4000E+01
 -86.528  0.8264E-84  0.4000E+01
 -86.518  0.8264E-84  0.4000E+01
 -86.508  0.8264E-84  0.4000E+01
 -86.498  0.8264E-84  0.4000E+01
 -86.488  0.8264E-84  0.4000E+01
 -86.478  0.8264E-84  0.4000E+01
 -86.468  0.8264E-84  0.4000E+01
 -86.458  0.8264E-84  0.4000E+01
 -86.448  0.8264E-84  0.4000E+01
 -86.438  0.8264E-84  0.4000E+01
 -86.428  0.8264E-84  0.4000E+01
 -86.418  0.8264E-84  0.4000E+01
 -86.408  0.8264E-84  0.4000E+01
 -86.398  0.8264E-84  0.4000E+01
 -86.388  0.8264E-84  0.4000E+01
 -86.378  0.8264E-84  0.4000E+01
 -86.368  0.8264E-84  0.4000E+01
 -86.358  0.8264E-84  0.4000E+01
 -86.348  0.8264E-84  0.4000E+01
 -86.338  0.8264E-84  0.4000E+01
 -86.328  0.8264E-84  0.4000E+01
 -86.318  0.8264E-84  0.4000E+01
 -86.308  0.8264E-84  0.4000E+01
 -86.298  0.8264E-84  0.4000E+01
 -86.288  0.8264E-84  0.4000E+01
 -86.278  0.8264E-84  0.4000E+01
 -86.268  0.8264E-84  0.4000E+01
 -86.258  0.8264E-84  0.4000E+01
 -86.248  0.8264E-84  0.4000E+01
 -86.238  0.8264E-84  0.4000E+01
 -86.228  0.8264E-84  0.4000E+01
 -86.218  0.8264E-84  0.4000E+01
 -86.208  0.8264E-84  0.4000E+01
 -86.198  0.8264E-84  0.4000E+01
 -86.188  0.8264E-84  0.4000E+01
 -86.178  0.8264E-84  0.4000E+01
 -86.168  0.8264E-84  0.4000E+01
 -86.158  0.8264E-84  0.4000E+01
 -86.148  0.8264E-84  0.4000E+01
 -86.138  0.8264E-84  0.4000E+01
 -86.128  0.8264E-84  0.4000E+01
 -86.118  0.8264E-84  0.4000E+01
 -86.108  0.8264E-84  0.4000E+01
 -86.098  0.8264E-84  0.4000E+01
 -86.088  0.8264E-84  0.4000E+01
 -86.078  0.8264E-84  0.4000E+01
 -86.068  0.8264E-84  0.4000E+01
 -86.058  0.8264E-84  0.4000E+01
 -86.048  0.8264E-84  0.4000E+01
 -86.038  0.8264E-84  0.4000E+01
 -86.028  0.8264E-84  0.4000E+01
 -86.018  0.8264E-84  0.4000E+01
 -86.008  0.8264E-84  0.4000E+01
 -85.998  0.8264E-84  0.4000E+01
 -85.988  0.8264E-84  0.4000E+01
 -85.978  0.8264E-84  0.4000E+01
 -85.968  0.8264E-84  0.4000E+01
 -85.958  0.8264E-84  0.4000E+01
 -85.948  0.8264E-84  0.4000E+01
 -85.938  0.8264E-84  0.4000E+01
 -85.928  0.8264E-84  0.4000E+01
 -85.918  0.8264E-84  0.4000E+01
 -85.908  0.8264E-84  0.4000E+01
 -85.898  0.8264E-84  0.4000E+01
 -85.888  0.8264E-84  0.4000E+01
 -85.878  0.8264E-84  0.4000E+01
 -85.868  0.8264E-84  0.4000E+01
 -85.858  0.8264E-84  0.4000E+01
 -85.848  0.8264E-84  0.4000E+01
 -85.838  0.8264E-84  0.4000E+01
 -85.828  0.8264E-84  0.4000E+01
 -85.818  0.8264E-84  0.4000E+01
 -85.808  0.8264E-84  0.4000E+01
 -85.798  0.8264E-84  0.4000E+01
 -85.788  0.8264E-84  0.4000E+01
 -85.778  0.8264E-84  0.4000E+01
 -85.768  0.8264E-84  0.4000E+01
 -85.758  0.8264E-84  0.4000E+01
 -85.748  0.8264E-84  0.4000E+01
 -85.738  0.8264E-84  0.4000E+01
 -85.728  0.8264E-84  0.4000E+01
 -85.718  0.8264E-84  0.4000E+01
 -85.708  0.8264E-84  0.4000E+01
 -85.698  0.8264E-84  0.4000E+01
 -85.688  0.8264E-84  0.4000E+01
 -85.678  0.8264E-84  0.4000E+01
 -85.668  0.8264E-84  0.4000E+01
 -85.658  0.8264E-84  0.4000E+01
 -85.648  0.8264E-84  0.4000E+01
 -85.638  0.8264E-84  0.4000E+01
 -85.628  0.8264E-84  0.4000E+01
 -85.618  0.8264E-84  0.4000E+01
 -85.608  0.8264E-84  0.4000E+01
 -85.598  0.8264E-84  0.4000E+01
 -85.588  0.8264E-84  0.4000E+01
 -85.578  0.8264E-84  0.4000E+01
 -85.568  0.8264E-84  0.4000E+01
 -85.558  0.8264E-84  0.4000E+01
 -85.548  0.8264E-84  0.4000E+01
 -85.538  0.8264E-84  0.4000E+01
 -85.528  0.8264E-84  0.4000E+01
 -85.518  0.8264E-84  0.4000E+01
 -85.508  0.8264E-84  0.4000E+01
 -85.498  0.8264E-84  0.4000E+01
 -85.488  0.8264E-84  0.4000E+01
 -85.478  0.8264E-84  0.4000E+01
 -85.468  0.8264E-84  0.4000E+01
 -85.458  0.8264E-84  0.4000E+01
 -85.448  0.8264E-84  0.4000E+01
 -85.438  0.8264E-84  0.4000E+01
 -85.428  0.8264E-84  0.4000E+01
 -85.418  0.8264E-84  0.4000E+01
 -85.408  0.8264E-84  0.4000E+01
 -85.398  0.8264E-84  0.4000E+01
 -85.388  0.8264E-84  0.4000E+01
 -85.378  0.8264E-84  0.4000E+01
 -85.368  0.8264E-84  0.4000E+01
 -85.358  0.8264E-84  0.4000E+01
 -85.348  0.8264E-84  0.4000E+01
 -85.338  0.8264E-84  0.4000E+01
 -85.328  0.8264E-84  0.4000E+01
 -85.318  0.8264E-84  0.4000E+01
 -85.308  0.8264E-84  0.4000E+01
 -85.298  0.8264E-84  0.4000E+01
 -85.288  0.8264E-84  0.4000E+01
 -85.278  0.8264E-84  0.4000E+01
 -85.268  0.8264E-84  0.4000E+01
 -85.258  0.8264E-84  0.4000E+01
 -85.248  0.8264E-84  0.4000E+01
 -85.238  0.8264E-84  0.4000E+01
 -85.228  0.8264E-84  0.4000E+01
 -85.218  0.8264E-84  0.4000E+01
 -85.208  0.8264E-84  0.4000E+01
 -85.198  0.8264E-84  0.4000E+01
 -85.188  0.8264E-84  0.4000E+01
 -85.178  0.8264E-84  0.4000E+01
 -85.168  0.8264E-84  0.4000E+01
 -85.158  0.8264E-84  0.4000E+01
 -85.148  0.8264E-84  0.4000E+01
 -85.138  0.8264E-84  0.4000E+01
 -85.128  0.8264E-84  0.4000E+01
 -85.118  0.8264E-84  0.4000E+01
 -85.108  0.8264E-84  0.4000E+01
 -85.098  0.8264E-84  0.4000E+01
 -85.088  0.8264E-84  0.4000E+01
 -85.078  0.8264E-84  0.4000E+01
 -85.068  0.8264E-84  0.4000E+01
 -85.058  0.8264E-84  0.4000E+01
 -85.048  0.8264E-84  0.4000E+01
 -85.038  0.8264E-84  0.4000E+01
 -85.028  0.8264E-84  0.4000E+01
 -85.018  0.8264E-84  0.4000E+01
 -85.008  0.8264E-84  0.4000E+01
 -84.998  0.8264E-84  0.4000E+01
 -84.988  0.8264E-84  0.4000E+01
 -84.978  0.8264E-84  0.4000E+01
 -84.968  0.8264E-84  0.4000E+01
 -84.958  0.8264E-84  0.4000E+01
 -84.948  0.8264E-84  0.4000E+01
 -84.938  0.8264E-84  0.4000E+01
 -84.928  0.8264E-84  0.4000E+01
 -84.918  0.8264E-84  0.4000E+01
 -84.908  0.8264E-84  0.4000E+01
 -84.898  0.8264E-84  0.4000E+01
 -84.888  0.8264E-84  0.4000E+01
 -84.878  0.8264E-84  0.4000E+01
 -84.868  0.8264E-84  0.4000E+01
 -84.858  0.8264E-84  0.4000E+01
 -84.848  0.8264E-84  0.4000E+01
 -84.838  0.8264E-84  0.4000E+01
 -84.828  0.8264E-84  0.4000E+01
 -84.818  0.8264E-84  0.4000E+01
 -84.808  0.8264E-84  0.4000E+01
 -84.798  0.8264E-84  0.4000E+01
 -84.788  0.8264E-84  0.4000E+01
 -84.778  0.8264E-84  0.4000E+01
 -84.768  0.8264E-84  0.4000E+01
 -84.758  0.8264E-84  0.4000E+01
 -84.748  0.8264E-84  0.4000E+01
 -84.738  0.8264E-84  0.4000E+01
 -84.728  0.8264E-84  0.4000E+01
 -84.718  0.8264E-84  0.4000E+01
 -84.708  0.8264E-84  0.4000E+01
 -84.698  0.8264E-84  0.4000E+01
 -84.688  0.8264E-84  0.4000E+01
 -84.678  0.8264E-84  0.4000E+01
 -84.668  0.8264E-84  0.4000E+01
 -84.658  0.8264E-84  0.4000E+01
 -84.648  0.8264E-84  0.4000E+01
 -84.638  0.8264E-84  0.4000E+01
 -84.628  0.8264E-84  0.4000E+01
 -84.618  0.8264E-84  0.4000E+01
 -84.608  0.8264E-84  0.4000E+01
 -84.598  0.8264E-84  0.4000E+01
 -84.588  0.8264E-84  0.4000E+01
 -84.578  0.8264E-84  0.4000E+01
 -84.568  0.8264E-84  0.4000E+01
 -84.558  0.8264E-84  0.4000E+01
 -84.548  0.8264E-84  0.4000E+01
 -84.538  0.8264E-84  0.4000E+01
 -84.528  0.8264E-84  0.4000E+01
 -84.518  0.8264E-84  0.4000E+01
 -84.508  0.8264E-84  0.4000E+01
 -84.498  0.8264E-84  0.4000E+01
 -84.488  0.8264E-84  0.4000E+01
 -84.478  0.8264E-84  0.4000E+01
 -84.468  0.8264E-84  0.4000E+01
 -84.458  0.8264E-84  0.4000E+01
 -84.448  0.8264E-84  0.4000E+01
 -84.438  0.8264E-84  0.4000E+01
 -84.428  0.8264E-84  0.4000E+01
 -84.418  0.8264E-84  0.4000E+01
 -84.408  0.8264E-84  0.4000E+01
 -84.398  0.8264E-84  0.4000E+01
 -84.388  0.8264E-84  0.4000E+01
 -84.378  0.8264E-84  0.4000E+01
 -84.368  0.8264E-84  0.4000E+01
 -84.358  0.8264E-84  0.4000E+01
 -84.348  0.8264E-84  0.4000E+01
 -84.338  0.8264E-84  0.4000E+01
 -84.328  0.8264E-84  0.4000E+01
 -84.318  0.8264E-84  0.4000E+01
 -84.308  0.8264E-84  0.4000E+01
 -84.298  0.8264E-84  0.4000E+01
 -84.288  0.8264E-84  0.4000E+01
 -84.278  0.8264E-84  0.4000E+01
 -84.268  0.8264E-84  0.4000E+01
 -84.258  0.8264E-84  0.4000E+01
 -84.248  0.8264E-84  0.4000E+01
 -84.238  0.8264E-84  0.4000E+01
 -84.228  0.8264E-84  0.4000E+01
 -84.218  0.8264E-84  0.4000E+01
 -84.208  0.8264E-84  0.4000E+01
 -84.198  0.8264E-84  0.4000E+01
 -84.188  0.8264E-84  0.4000E+01
 -84.178  0.8264E-84  0.4000E+01
 -84.168  0.8264E-84  0.4000E+01
 -84.158  0.8264E-84  0.4000E+01
 -84.148  0.8264E-84  0.4000E+01
 -84.138  0.8264E-84  0.4000E+01
 -84.128  0.8264E-84  0.4000E+01
 -84.118  0.8264E-84  0.4000E+01
 -84.108  0.8264E-84  0.4000E+01
 -84.098  0.8264E-84  0.4000E+01
 -84.088  0.8264E-84  0.4000E+01
 -84.078  0.8264E-84  0.4000E+01
 -84.068  0.8264E-84  0.4000E+01
 -84.058  0.8264E-84  0.4000E+01
 -84.048  0.8264E-84  0.4000E+01
 -84.038  0.8264E-84  0.4000E+01
 -84.028  0.8264E-84  0.4000E+01
 -84.018  0.8264E-84  0.4000E+01
 -84.008  0.8264E-84  0.4000E+01
 -83.998  0.8264E-84  0.4000E+01
 -83.988  0.8264E-84  0.4000E+01
 -83.978  0.8264E-84  0.4000E+01
 -83.968  0.8264E-84  0.4000E+01
 -83.958  0.8264E-84  0.4000E+01
 -83.948  0.8264E-84  0.4000E+01
 -83.938  0.8264E-84  0.4000E+01
 -83.928  0.8264E-84  0.4000E+01
 -83.918  0.8264E-84  0.4000E+01
 -83.908  0.8264E-84  0.4000E+01
 -83.898  0.8264E-84  0.4000E+01
 -83.888  0.8264E-84  0.4000E+01
 -83.878  0.8264E-84  0.4000E+01
 -83.868  0.8264E-84  0.4000E+01
 -83.858  0.8264E-84  0.4000E+01
 -83.848  0.8264E-84  0.4000E+01
 -83.838  0.8264E-84  0.4000E+01
 -83.828  0.8264E-84  0.4000E+01
 -83.818  0.8264E-84  0.4000E+01
 -83.808  0.8264E-84  0.4000E+01
 -83.798  0.8264E-84  0.4000E+01
 -83.788  0.8264E-84  0.4000E+01
 -83.778  0.8264E-84  0.4000E+01
 -83.768  0.8264E-84  0.4000E+01
 -83.758  0.8264E-84  0.4000E+01
 -83.748  0.8264E-84  0.4000E+01
 -83.738  0.8264E-84  0.4000E+01
 -83.728  0.8264E-84  0.4000E+01
 -83.718  0.8264E-84  0.4000E+01
 -83.708  0.8264E-84  0.4000E+01
 -83.698  0.8264E-84  0.4000E+01
 -83.688  0.8264E-84  0.4000E+01
 -83.678  0.8264E-84  0.4000E+01
 -83.668  0.8264E-84  0.4000E+01
 -83.658  0.8264E-84  0.4000E+01
 -83.648  0.8264E-84  0.4000E+01
 -83.638  0.8264E-84  0.4000E+01
 -83.628  0.8264E-84  0.4000E+01
 -83.618  0.8264E-84  0.4000E+01
 -83.608  0.8264E-84  0.4000E+01
 -83.598  0.8264E-84  0.4000E+01
 -83.588  0.8264E-84  0.4000E+01
 -83.578  0.8264E-84  0.4000E+01
 -83.568  0.8264E-84  0.4000E+01
 -83.558  0.8264E-84  0.4000E+01
 -83.548  0.8264E-84  0.4000E+01
 -83.538  0.8264E-84  0.4000E+01
 -83.528  0.8264E-84  0.4000E+01
 -83.518  0.8264E-84  0.4000E+01
 -83.508  0.8264E-84  0.4000E+01
 -83.498  0.8264E-84  0.4000E+01
 -83.488  0.8264E-84  0.4000E+01
 -83.478  0.8264E-84  0.4000E+01
 -83.468  0.8264E-84  0.4000E+01
 -83.458  0.8264E-84  0.4000E+01
 -83.448  0.8264E-84  0.4000E+01
 -83.438  0.8264E-84  0.4000E+01
 -83.428  0.8264E-84  0.4000E+01
 -83.418  0.8264E-84  0.4000E+01
 -83.408  0.8264E-84  0.4000E+01
 -83.398  0.8264E-84  0.4000E+01
 -83.388  0.8264E-84  0.4000E+01
 -83.378  0.8264E-84  0.4000E+01
 -83.368  0.8264E-84  0.4000E+01
 -83.358  0.8264E-84  0.4000E+01
 -83.348  0.8264E-84  0.4000E+01
 -83.338  0.8264E-84  0.4000E+01
 -83.328  0.8264E-84  0.4000E+01
 -83.318  0.8264E-84  0.4000E+01
 -83.308  0.8264E-84  0.4000E+01
 -83.298  0.8264E-84  0.4000E+01
 -83.288  0.8264E-84  0.4000E+01
 -83.278  0.8264E-84  0.4000E+01
 -83.268  0.8264E-84  0.4000E+01
 -83.258  0.8264E-84  0.4000E+01
 -83.248  0.8264E-84  0.4000E+01
 -83.238  0.8264E-84  0.4000E+01
 -83.228  0.8264E-84  0.4000E+01
 -83.218  0.8264E-84  0.4000E+01
 -83.208  0.8264E-84  0.4000E+01
 -83.198  0.8264E-84  0.4000E+01
 -83.188  0.8264E-84  0.4000E+01
 -83.178  0.8264E-84  0.4000E+01
 -83.168  0.8264E-84  0.4000E+01
 -83.158  0.8264E-84  0.4000E+01
 -83.148  0.8264E-84  0.4000E+01
 -83.138  0.8264E-84  0.4000E+01
 -83.128  0.8264E-84  0.4000E+01
 -83.118  0.8264E-84  0.4000E+01
 -83.108  0.8264E-84  0.4000E+01
 -83.098  0.8264E-84  0.4000E+01
 -83.088  0.8264E-84  0.4000E+01
 -83.078  0.8264E-84  0.4000E+01
 -83.068  0.8264E-84  0.4000E+01
 -83.058  0.8264E-84  0.4000E+01
 -83.048  0.8264E-84  0.4000E+01
 -83.038  0.8264E-84  0.4000E+01
 -83.028  0.8264E-84  0.4000E+01
 -83.018  0.8264E-84  0.4000E+01
 -83.008  0.8264E-84  0.4000E+01
 -82.998  0.8264E-84  0.4000E+01
 -82.988  0.8264E-84  0.4000E+01
 -82.978  0.8264E-84  0.4000E+01
 -82.968  0.8264E-84  0.4000E+01
 -82.958  0.8264E-84  0.4000E+01
 -82.948  0.8264E-84  0.4000E+01
 -82.938  0.8264E-84  0.4000E+01
 -82.928  0.8264E-84  0.4000E+01
 -82.918  0.8264E-84  0.4000E+01
 -82.908  0.8264E-84  0.4000E+01
 -82.898  0.8264E-84  0.4000E+01
 -82.888  0.8264E-84  0.4000E+01
 -82.878  0.8264E-84  0.4000E+01
 -82.868  0.8264E-84  0.4000E+01
 -82.858  0.8264E-84  0.4000E+01
 -82.848  0.8264E-84  0.4000E+01
 -82.838  0.8264E-84  0.4000E+01
 -82.828  0.8264E-84  0.4000E+01
 -82.818  0.8264E-84  0.4000E+01
 -82.808  0.8264E-84  0.4000E+01
 -82.798  0.8264E-84  0.4000E+01
 -82.788  0.8264E-84  0.4000E+01
 -82.778  0.8264E-84  0.4000E+01
 -82.768  0.8264E-84  0.4000E+01
 -82.758  0.8264E-84  0.4000E+01
 -82.748  0.8264E-84  0.4000E+01
 -82.738  0.8264E-84  0.4000E+01
 -82.728  0.8264E-84  0.4000E+01
 -82.718  0.8264E-84  0.4000E+01
 -82.708  0.8264E-84  0.4000E+01
 -82.698  0.8264E-84  0.4000E+01
 -82.688  0.8264E-84  0.4000E+01
 -82.678  0.8264E-84  0.4000E+01
 -82.668  0.8264E-84  0.4000E+01
 -82.658  0.8264E-84  0.4000E+01
 -82.648  0.8264E-84  0.4000E+01
 -82.638  0.8264E-84  0.4000E+01
 -82.628  0.8264E-84  0.4000E+01
 -82.618  0.8264E-84  0.4000E+01
 -82.608  0.8264E-84  0.4000E+01
 -82.598  0.8264E-84  0.4000E+01
 -82.588  0.8264E-84  0.4000E+01
 -82.578  0.8264E-84  0.4000E+01
 -82.568  0.8264E-84  0.4000E+01
 -82.558  0.8264E-84  0.4000E+01
 -82.548  0.8264E-84  0.4000E+01
 -82.538  0.8264E-84  0.4000E+01
 -82.528  0.8264E-84  0.4000E+01
 -82.518  0.8264E-84  0.4000E+01
 -82.508  0.8264E-84  0.4000E+01
 -82.498  0.8264E-84  0.4000E+01
 -82.488  0.8264E-84  0.4000E+01
 -82.478  0.8264E-84  0.4000E+01
 -82.468  0.8264E-84  0.4000E+01
 -82.458  0.8264E-84  0.4000E+01
 -82.448  0.8264E-84  0.4000E+01
 -82.438  0.8264E-84  0.4000E+01
 -82.428  0.8264E-84  0.4000E+01
 -82.418  0.8264E-84  0.4000E+01
 -82.408  0.8264E-84  0.4000E+01
 -82.398  0.8264E-84  0.4000E+01
 -82.388  0.8264E-84  0.4000E+01
 -82.378  0.8264E-84  0.4000E+01
 -82.368  0.8264E-84  0.4000E+01
 -82.358  0.8264E-84  0.4000E+01
 -82.348  0.8264E-84  0.4000E+01
 -82.338  0.8264E-84  0.4000E+01
 -82.328  0.8264E-84  0.4000E+01
 -82.318  0.8264E-84  0.4000E+01
 -82.308  0.8264E-84  0.4000E+01
 -82.298  0.8264E-84  0.4000E+01
 -82.288  0.8264E-84  0.4000E+01
 -82.278  0.8264E-84  0.4000E+01
 -82.268  0.8264E-84  0.4000E+01
 -82.258  0.8264E-84  0.4000E+01
 -82.248  0.8264E-84  0.4000E+01
 -82.238  0.8264E-84  0.4000E+01
 -82.228  0.8264E-84  0.4000E+01
 -82.218  0.8264E-84  0.4000E+01
 -82.208  0.8264E-84  0.4000E+01
 -82.198  0.8264E-84  0.4000E+01
 -82.188  0.8264E-84  0.4000E+01
 -82.178  0.8264E-84  0.4000E+01
 -82.168  0.8264E-84  0.4000E+01
 -82.158  0.8264E-84  0.4000E+01
 -82.148  0.8264E-84  0.4000E+01
 -82.138  0.8264E-84  0.4000E+01
 -82.128  0.8264E-84  0.4000E+01
 -82.118  0.8264E-84  0.4000E+01
 -82.108  0.8264E-84  0.4000E+01
 -82.098  0.8264E-84  0.4000E+01
 -82.088  0.8264E-84  0.4000E+01
 -82.078  0.8264E-84  0.4000E+01
 -82.068  0.8264E-84  0.4000E+01
 -82.058  0.8264E-84  0.4000E+01
 -82.048  0.8264E-84  0.4000E+01
 -82.038  0.8264E-84  0.4000E+01
 -82.028  0.8264E-84  0.4000E+01
 -82.018  0.8264E-84  0.4000E+01
 -82.008  0.8264E-84  0.4000E+01
 -81.998  0.8264E-84  0.4000E+01
 -81.988  0.8264E-84  0.4000E+01
 -81.978  0.8264E-84  0.4000E+01
 -81.968  0.8264E-84  0.4000E+01
 -81.958  0.8264E-84  0.4000E+01
 -81.948  0.8264E-84  0.4000E+01
 -81.938  0.8264E-84  0.4000E+01
 -81.928  0.8264E-84  0.4000E+01
 -81.918  0.8264E-84  0.4000E+01
 -81.908  0.8264E-84  0.4000E+01
 -81.898  0.8264E-84  0.4000E+01
 -81.888  0.8264E-84  0.4000E+01
 -81.878  0.8264E-84  0.4000E+01
 -81.868  0.8264E-84  0.4000E+01
 -81.858  0.8264E-84  0.4000E+01
 -81.848  0.8264E-84  0.4000E+01
 -81.838  0.8264E-84  0.4000E+01
 -81.828  0.8264E-84  0.4000E+01
 -81.818  0.8264E-84  0.4000E+01
 -81.808  0.8264E-84  0.4000E+01
 -81.798  0.8264E-84  0.4000E+01
 -81.788  0.8264E-84  0.4000E+01
 -81.778  0.8264E-84  0.4000E+01
 -81.768  0.8264E-84  0.4000E+01
 -81.758  0.8264E-84  0.4000E+01
 -81.748  0.8264E-84  0.4000E+01
 -81.738  0.8264E-84  0.4000E+01
 -81.728  0.8264E-84  0.4000E+01
 -81.718  0.8264E-84  0.4000E+01
 -81.708  0.8264E-84  0.4000E+01
 -81.698  0.8264E-84  0.4000E+01
 -81.688  0.8264E-84  0.4000E+01
 -81.678  0.8264E-84  0.4000E+01
 -81.668  0.8264E-84  0.4000E+01
 -81.658  0.8264E-84  0.4000E+01
 -81.648  0.8264E-84  0.4000E+01
 -81.638  0.8264E-84  0.4000E+01
 -81.628  0.8264E-84  0.4000E+01
 -81.618  0.8264E-84  0.4000E+01
 -81.608  0.8264E-84  0.4000E+01
 -81.598  0.8264E-84  0.4000E+01
 -81.588  0.8264E-84  0.4000E+01
 -81.578  0.8264E-84  0.4000E+01
 -81.568  0.8264E-84  0.4000E+01
 -81.558  0.8264E-84  0.4000E+01
 -81.548  0.8264E-84  0.4000E+01
 -81.538  0.8264E-84  0.4000E+01
 -81.528  0.8264E-84  0.4000E+01
 -81.518  0.8264E-84  0.4000E+01
 -81.508  0.8264E-84  0.4000E+01
 -81.498  0.8264E-84  0.4000E+01
 -81.488  0.8264E-84  0.4000E+01
 -81.478  0.8264E-84  0.4000E+01
 -81.468  0.8264E-84  0.4000E+01
 -81.458  0.8264E-84  0.4000E+01
 -81.448  0.8264E-84  0.4000E+01
 -81.438  0.8264E-84  0.4000E+01
 -81.428  0.8264E-84  0.4000E+01
 -81.418  0.8264E-84  0.4000E+01
 -81.408  0.8264E-84  0.4000E+01
 -81.398  0.8264E-84  0.4000E+01
 -81.388  0.8264E-84  0.4000E+01
 -81.378  0.8264E-84  0.4000E+01
 -81.368  0.8264E-84  0.4000E+01
 -81.358  0.8264E-84  0.4000E+01
 -81.348  0.8264E-84  0.4000E+01
 -81.338  0.8264E-84  0.4000E+01
 -81.328  0.8264E-84  0.4000E+01
 -81.318  0.8264E-84  0.4000E+01
 -81.308  0.8264E-84  0.4000E+01
 -81.298  0.8264E-84  0.4000E+01
 -81.288  0.8264E-84  0.4000E+01
 -81.278  0.8264E-84  0.4000E+01
 -81.268  0.8264E-84  0.4000E+01
 -81.258  0.8264E-84  0.4000E+01
 -81.248  0.8264E-84  0.4000E+01
 -81.238  0.8264E-84  0.4000E+01
 -81.228  0.8264E-84  0.4000E+01
 -81.218  0.8264E-84  0.4000E+01
 -81.208  0.8264E-84  0.4000E+01
 -81.198  0.8264E-84  0.4000E+01
 -81.188  0.8264E-84  0.4000E+01
 -81.178  0.8264E-84  0.4000E+01
 -81.168  0.8264E-84  0.4000E+01
 -81.158  0.8264E-84  0.4000E+01
 -81.148  0.8264E-84  0.4000E+01
 -81.138  0.8264E-84  0.4000E+01
 -81.128  0.8264E-84  0.4000E+01
 -81.118  0.8264E-84  0.4000E+01
 -81.108  0.8264E-84  0.4000E+01
 -81.098  0.8264E-84  0.4000E+01
 -81.088  0.8264E-84  0.4000E+01
 -81.078  0.8264E-84  0.4000E+01
 -81.068  0.8264E-84  0.4000E+01
 -81.058  0.8264E-84  0.4000E+01
 -81.048  0.8264E-84  0.4000E+01
 -81.038  0.8264E-84  0.4000E+01
 -81.028  0.8264E-84  0.4000E+01
 -81.018  0.8264E-84  0.4000E+01
 -81.008  0.8264E-84  0.4000E+01
 -80.998  0.8264E-84  0.4000E+01
 -80.988  0.8264E-84  0.4000E+01
 -80.978  0.8264E-84  0.4000E+01
 -80.968  0.8264E-84  0.4000E+01
 -80.958  0.8264E-84  0.4000E+01
 -80.948  0.8264E-84  0.4000E+01
 -80.938  0.8264E-84  0.4000E+01
 -80.928  0.8264E-84  0.4000E+01
 -80.918  0.8264E-84  0.4000E+01
 -80.908  0.8264E-84  0.4000E+01
 -80.898  0.8264E-84  0.4000E+01
 -80.888  0.8264E-84  0.4000E+01
 -80.878  0.8264E-84  0.4000E+01
 -80.868  0.8264E-84  0.4000E+01
 -80.858  0.8264E-84  0.4000E+01
 -80.848  0.8264E-84  0.4000E+01
 -80.838  0.8264E-84  0.4000E+01
 -80.828  0.8264E-84  0.4000E+01
 -80.818  0.8264E-84  0.4000E+01
 -80.808  0.8264E-84  0.4000E+01
 -80.798  0.8264E-84  0.4000E+01
 -80.788  0.8264E-84  0.4000E+01
 -80.778  0.8264E-84  0.4000E+01
 -80.768  0.8264E-84  0.4000E+01
 -80.758  0.8264E-84  0.4000E+01
 -80.748  0.8264E-84  0.4000E+01
 -80.738  0.8264E-84  0.4000E+01
 -80.728  0.8264E-84  0.4000E+01
 -80.718  0.8264E-84  0.4000E+01
 -80.708  0.8264E-84  0.4000E+01
 -80.698  0.8264E-84  0.4000E+01
 -80.688  0.8264E-84  0.4000E+01
 -80.678  0.8264E-84  0.4000E+01
 -80.668  0.8264E-84  0.4000E+01
 -80.658  0.8264E-84  0.4000E+01
 -80.648  0.8264E-84  0.4000E+01
 -80.638  0.8264E-84  0.4000E+01
 -80.628  0.8264E-84  0.4000E+01
 -80.618  0.8264E-84  0.4000E+01
 -80.608  0.8264E-84  0.4000E+01
 -80.598  0.8264E-84  0.4000E+01
 -80.588  0.8264E-84  0.4000E+01
 -80.578  0.8264E-84  0.4000E+01
 -80.568  0.8264E-84  0.4000E+01
 -80.558  0.8264E-84  0.4000E+01
 -80.548  0.8264E-84  0.4000E+01
 -80.538  0.8264E-84  0.4000E+01
 -80.528  0.8264E-84  0.4000E+01
 -80.518  0.8264E-84  0.4000E+01
 -80.508  0.8264E-84  0.4000E+01
 -80.498  0.8264E-84  0.4000E+01
 -80.488  0.8264E-84  0.4000E+01
 -80.478  0.8264E-84  0.4000E+01
 -80.468  0.8264E-84  0.4000E+01
 -80.458  0.8264E-84  0.4000E+01
 -80.448  0.8264E-84  0.4000E+01
 -80.438  0.8264E-84  0.4000E+01
 -80.428  0.8264E-84  0.4000E+01
 -80.418  0.8264E-84  0.4000E+01
 -80.408  0.8264E-84  0.4000E+01
 -80.398  0.8264E-84  0.4000E+01
 -80.388  0.8264E-84  0.4000E+01
 -80.378  0.8264E-84  0.4000E+01
 -80.368  0.8264E-84  0.4000E+01
 -80.358  0.8264E-84  0.4000E+01
 -80.348  0.8264E-84  0.4000E+01
 -80.338  0.8264E-84  0.4000E+01
 -80.328  0.8264E-84  0.4000E+01
 -80.318  0.8264E-84  0.4000E+01
 -80.308  0.8264E-84  0.4000E+01
 -80.298  0.8264E-84  0.4000E+01
 -80.288  0.8264E-84  0.4000E+01
 -80.278  0.8264E-84  0.4000E+01
 -80.268  0.8264E-84  0.4000E+01
 -80.258  0.8264E-84  0.4000E+01
 -80.248  0.8264E-84  0.4000E+01
 -80.238  0.8264E-84  0.4000E+01
 -80.228  0.8264E-84  0.4000E+01
 -80.218  0.8264E-84  0.4000E+01
 -80.208  0.8264E-84  0.4000E+01
 -80.198  0.8264E-84  0.4000E+01
 -80.188  0.8264E-84  0.4000E+01
 -80.178  0.8264E-84  0.4000E+01
 -80.168  0.8264E-84  0.4000E+01
 -80.158  0.8264E-84  0.4000E+01
 -80.148  0.8264E-84  0.4000E+01
 -80.138  0.8264E-84  0.4000E+01
 -80.128  0.8264E-84  0.4000E+01
 -80.118  0.8264E-84  0.4000E+01
 -80.108  0.8264E-84  0.4000E+01
 -80.098  0.8264E-84  0.4000E+01
 -80.088  0.8264E-84  0.4000E+01
 -80.078  0.8264E-84  0.4000E+01
 -80.068  0.8264E-84  0.4000E+01
 -80.058  0.8264E-84  0.4000E+01
 -80.048  0.8264E-84  0.4000E+01
 -80.038  0.8264E-84  0.4000E+01
 -80.028  0.8264E-84  0.4000E+01
 -80.018  0.8264E-84  0.4000E+01
 -80.008  0.8264E-84  0.4000E+01
 -79.998  0.8264E-84  0.4000E+01
 -79.988  0.8264E-84  0.4000E+01
 -79.978  0.8264E-84  0.4000E+01
 -79.968  0.8264E-84  0.4000E+01
 -79.958  0.8264E-84  0.4000E+01
 -79.948  0.8264E-84  0.4000E+01
 -79.938  0.8264E-84  0.4000E+01
 -79.928  0.8264E-84  0.4000E+01
 -79.918  0.8264E-84  0.4000E+01
 -79.908  0.8264E-84  0.4000E+01
 -79.898  0.8264E-84  0.4000E+01
 -79.888  0.8264E-84  0.4000E+01
 -79.878  0.8264E-84  0.4000E+01
 -79.868  0.8264E-84  0.4000E+01
 -79.858  0.8264E-84  0.4000E+01
 -79.848  0.8264E-84  0.4000E+01
 -79.838  0.8264E-84  0.4000E+01
 -79.828  0.8264E-84  0.4000E+01
 -79.818  0.8264E-84  0.4000E+01
 -79.808  0.8264E-84  0.4000E+01
 -79.798  0.8264E-84  0.4000E+01
 -79.788  0.8264E-84  0.4000E+01
 -79.778  0.8264E-84  0.4000E+01
 -79.768  0.8264E-84  0.4000E+01
 -79.758  0.8264E-84  0.4000E+01
 -79.748  0.8264E-84  0.4000E+01
 -79.738  0.8264E-84  0.4000E+01
 -79.728  0.8264E-84  0.4000E+01
 -79.718  0.8264E-84  0.4000E+01
 -79.708  0.8264E-84  0.4000E+01
 -79.698  0.8264E-84  0.4000E+01
 -79.688  0.8264E-84  0.4000E+01
 -79.678  0.8264E-84  0.4000E+01
 -79.668  0.8264E-84  0.4000E+01
 -79.658  0.8264E-84  0.4000E+01
 -79.648  0.8264E-84  0.4000E+01
 -79.638  0.8264E-84  0.4000E+01
 -79.628  0.8264E-84  0.4000E+01
 -79.618  0.8264E-84  0.4000E+01
 -79.608  0.8264E-84  0.4000E+01
 -79.598  0.8264E-84  0.4000E+01
 -79.588  0.8264E-84  0.4000E+01
 -79.578  0.8264E-84  0.4000E+01
 -79.568  0.8264E-84  0.4000E+01
 -79.558  0.8264E-84  0.4000E+01
 -79.548  0.8264E-84  0.4000E+01
 -79.538  0.8264E-84  0.4000E+01
 -79.528  0.8264E-84  0.4000E+01
 -79.518  0.8264E-84  0.4000E+01
 -79.508  0.8264E-84  0.4000E+01
 -79.498  0.8264E-84  0.4000E+01
 -79.488  0.8264E-84  0.4000E+01
 -79.478  0.8264E-84  0.4000E+01
 -79.468  0.8264E-84  0.4000E+01
 -79.458  0.8264E-84  0.4000E+01
 -79.448  0.8264E-84  0.4000E+01
 -79.438  0.8264E-84  0.4000E+01
 -79.428  0.8264E-84  0.4000E+01
 -79.418  0.8264E-84  0.4000E+01
 -79.408  0.8264E-84  0.4000E+01
 -79.398  0.8264E-84  0.4000E+01
 -79.388  0.8264E-84  0.4000E+01
 -79.378  0.8264E-84  0.4000E+01
 -79.368  0.8264E-84  0.4000E+01
 -79.358  0.8264E-84  0.4000E+01
 -79.348  0.8264E-84  0.4000E+01
 -79.338  0.8264E-84  0.4000E+01
 -79.328  0.8264E-84  0.4000E+01
 -79.318  0.8264E-84  0.4000E+01
 -79.308  0.8264E-84  0.4000E+01
 -79.298  0.8264E-84  0.4000E+01
 -79.288  0.8264E-84  0.4000E+01
 -79.278  0.8264E-84  0.4000E+01
 -79.268  0.8264E-84  0.4000E+01
 -79.258  0.8264E-84  0.4000E+01
 -79.248  0.8264E-84  0.4000E+01
 -79.238  0.8264E-84  0.4000E+01
 -79.228  0.8264E-84  0.4000E+01
 -79.218  0.8264E-84  0.4000E+01
 -79.208  0.8264E-84  0.4000E+01
 -79.198  0.8264E-84  0.4000E+01
 -79.188  0.8264E-84  0.4000E+01
 -79.178  0.8264E-84  0.4000E+01
 -79.168  0.8264E-84  0.4000E+01
 -79.158  0.8264E-84  0.4000E+01
 -79.148  0.8264E-84  0.4000E+01
 -79.138  0.8264E-84  0.4000E+01
 -79.128  0.8264E-84  0.4000E+01
 -79.118  0.8264E-84  0.4000E+01
 -79.108  0.8264E-84  0.4000E+01
 -79.098  0.8264E-84  0.4000E+01
 -79.088  0.8264E-84  0.4000E+01
 -79.078  0.8264E-84  0.4000E+01
 -79.068  0.8264E-84  0.4000E+01
 -79.058  0.8264E-84  0.4000E+01
 -79.048  0.8264E-84  0.4000E+01
 -79.038  0.8264E-84  0.4000E+01
 -79.028  0.8264E-84  0.4000E+01
 -79.018  0.8264E-84  0.4000E+01
 -79.008  0.8264E-84  0.4000E+01
 -78.998  0.8264E-84  0.4000E+01
 -78.988  0.8264E-84  0.4000E+01
 -78.978  0.8264E-84  0.4000E+01
 -78.968  0.8264E-84  0.4000E+01
 -78.958  0.8264E-84  0.4000E+01
 -78.948  0.8264E-84  0.4000E+01
 -78.938  0.8264E-84  0.4000E+01
 -78.928  0.8264E-84  0.4000E+01
 -78.918  0.8264E-84  0.4000E+01
 -78.908  0.8264E-84  0.4000E+01
 -78.898  0.8264E-84  0.4000E+01
 -78.888  0.8264E-84  0.4000E+01
 -78.878  0.8264E-84  0.4000E+01
 -78.868  0.8264E-84  0.4000E+01
 -78.858  0.8264E-84  0.4000E+01
 -78.848  0.8264E-84  0.4000E+01
 -78.838  0.8264E-84  0.4000E+01
 -78.828  0.8264E-84  0.4000E+01
 -78.818  0.8264E-84  0.4000E+01
 -78.808  0.8264E-84  0.4000E+01
 -78.798  0.8264E-84  0.4000E+01
 -78.788  0.8264E-84  0.4000E+01
 -78.778  0.8264E-84  0.4000E+01
 -78.768  0.8264E-84  0.4000E+01
 -78.758  0.8264E-84  0.4000E+01
 -78.748  0.8264E-84  0.4000E+01
 -78.738  0.8264E-84  0.4000E+01
 -78.728  0.8264E-84  0.4000E+01
 -78.718  0.8264E-84  0.4000E+01
 -78.708  0.8264E-84  0.4000E+01
 -78.698  0.8264E-84  0.4000E+01
 -78.688  0.8264E-84  0.4000E+01
 -78.678  0.8264E-84  0.4000E+01
 -78.668  0.8264E-84  0.4000E+01
 -78.658  0.8264E-84  0.4000E+01
 -78.648  0.8264E-84  0.4000E+01
 -78.638  0.8264E-84  0.4000E+01
 -78.628  0.8264E-84  0.4000E+01
 -78.618  0.8264E-84  0.4000E+01
 -78.608  0.8264E-84  0.4000E+01
 -78.598  0.8264E-84  0.4000E+01
 -78.588  0.8264E-84  0.4000E+01
 -78.578  0.8264E-84  0.4000E+01
 -78.568  0.8264E-84  0.4000E+01
 -78.558  0.8264E-84  0.4000E+01
 -78.548  0.8264E-84  0.4000E+01
 -78.538  0.8264E-84  0.4000E+01
 -78.528  0.8264E-84  0.4000E+01
 -78.518  0.8264E-84  0.4000E+01
 -78.508  0.8264E-84  0.4000E+01
 -78.498  0.8264E-84  0.4000E+01
 -78.488  0.8264E-84  0.4000E+01
 -78.478  0.8264E-84  0.4000E+01
 -78.468  0.8264E-84  0.4000E+01
 -78.458  0.8264E-84  0.4000E+01
 -78.448  0.8264E-84  0.4000E+01
 -78.438  0.8264E-84  0.4000E+01
 -78.428  0.8264E-84  0.4000E+01
 -78.418  0.8264E-84  0.4000E+01
 -78.408  0.8264E-84  0.4000E+01
 -78.398  0.8264E-84  0.4000E+01
 -78.388  0.8264E-84  0.4000E+01
 -78.378  0.8264E-84  0.4000E+01
 -78.368  0.8264E-84  0.4000E+01
 -78.358  0.8264E-84  0.4000E+01
 -78.348  0.8264E-84  0.4000E+01
 -78.338  0.8264E-84  0.4000E+01
 -78.328  0.8264E-84  0.4000E+01
 -78.318  0.8264E-84  0.4000E+01
 -78.308  0.8264E-84  0.4000E+01
 -78.298  0.8264E-84  0.4000E+01
 -78.288  0.8264E-84  0.4000E+01
 -78.278  0.8264E-84  0.4000E+01
 -78.268  0.8264E-84  0.4000E+01
 -78.258  0.8264E-84  0.4000E+01
 -78.248  0.8264E-84  0.4000E+01
 -78.238  0.8264E-84  0.4000E+01
 -78.228  0.8264E-84  0.4000E+01
 -78.218  0.8264E-84  0.4000E+01
 -78.208  0.8264E-84  0.4000E+01
 -78.198  0.8264E-84  0.4000E+01
 -78.188  0.8264E-84  0.4000E+01
 -78.178  0.8264E-84  0.4000E+01
 -78.168  0.8264E-84  0.4000E+01
 -78.158  0.8264E-84  0.4000E+01
 -78.148  0.8264E-84  0.4000E+01
 -78.138  0.8264E-84  0.4000E+01
 -78.128  0.8264E-84  0.4000E+01
 -78.118  0.8264E-84  0.4000E+01
 -78.108  0.8264E-84  0.4000E+01
 -78.098  0.8264E-84  0.4000E+01
 -78.088  0.8264E-84  0.4000E+01
 -78.078  0.8264E-84  0.4000E+01
 -78.068  0.8264E-84  0.4000E+01
 -78.058  0.8264E-84  0.4000E+01
 -78.048  0.8264E-84  0.4000E+01
 -78.038  0.8264E-84  0.4000E+01
 -78.028  0.8264E-84  0.4000E+01
 -78.018  0.8264E-84  0.4000E+01
 -78.008  0.8264E-84  0.4000E+01
 -77.998  0.8264E-84  0.4000E+01
 -77.988  0.8264E-84  0.4000E+01
 -77.978  0.8264E-84  0.4000E+01
 -77.968  0.8264E-84  0.4000E+01
 -77.958  0.8264E-84  0.4000E+01
 -77.948  0.8264E-84  0.4000E+01
 -77.938  0.8264E-84  0.4000E+01
 -77.928  0.8264E-84  0.4000E+01
 -77.918  0.8264E-84  0.4000E+01
 -77.908  0.8264E-84  0.4000E+01
 -77.898  0.8264E-84  0.4000E+01
 -77.888  0.8264E-84  0.4000E+01
 -77.878  0.8264E-84  0.4000E+01
 -77.868  0.8264E-84  0.4000E+01
 -77.858  0.8264E-84  0.4000E+01
 -77.848  0.8264E-84  0.4000E+01
 -77.838  0.8264E-84  0.4000E+01
 -77.828  0.8264E-84  0.4000E+01
 -77.818  0.8264E-84  0.4000E+01
 -77.808  0.8264E-84  0.4000E+01
 -77.798  0.8264E-84  0.4000E+01
 -77.788  0.8264E-84  0.4000E+01
 -77.778  0.8264E-84  0.4000E+01
 -77.768  0.8264E-84  0.4000E+01
 -77.758  0.8264E-84  0.4000E+01
 -77.748  0.8264E-84  0.4000E+01
 -77.738  0.8264E-84  0.4000E+01
 -77.728  0.8264E-84  0.4000E+01
 -77.718  0.8264E-84  0.4000E+01
 -77.708  0.8264E-84  0.4000E+01
 -77.698  0.8264E-84  0.4000E+01
 -77.688  0.8264E-84  0.4000E+01
 -77.678  0.8264E-84  0.4000E+01
 -77.668  0.8264E-84  0.4000E+01
 -77.658  0.8264E-84  0.4000E+01
 -77.648  0.8264E-84  0.4000E+01
 -77.638  0.8264E-84  0.4000E+01
 -77.628  0.8264E-84  0.4000E+01
 -77.618  0.8264E-84  0.4000E+01
 -77.608  0.8264E-84  0.4000E+01
 -77.598  0.8264E-84  0.4000E+01
 -77.588  0.8264E-84  0.4000E+01
 -77.578  0.8264E-84  0.4000E+01
 -77.568  0.8264E-84  0.4000E+01
 -77.558  0.8264E-84  0.4000E+01
 -77.548  0.8264E-84  0.4000E+01
 -77.538  0.8264E-84  0.4000E+01
 -77.528  0.8264E-84  0.4000E+01
 -77.518  0.8264E-84  0.4000E+01
 -77.508  0.8264E-84  0.4000E+01
 -77.498  0.8264E-84  0.4000E+01
 -77.488  0.8264E-84  0.4000E+01
 -77.478  0.8264E-84  0.4000E+01
 -77.468  0.8264E-84  0.4000E+01
 -77.458  0.8264E-84  0.4000E+01
 -77.448  0.8264E-84  0.4000E+01
 -77.438  0.8264E-84  0.4000E+01
 -77.428  0.8264E-84  0.4000E+01
 -77.418  0.8264E-84  0.4000E+01
 -77.408  0.8264E-84  0.4000E+01
 -77.398  0.8264E-84  0.4000E+01
 -77.388  0.8264E-84  0.4000E+01
 -77.378  0.8264E-84  0.4000E+01
 -77.368  0.8264E-84  0.4000E+01
 -77.358  0.8264E-84  0.4000E+01
 -77.348  0.8264E-84  0.4000E+01
 -77.338  0.8264E-84  0.4000E+01
 -77.328  0.8264E-84  0.4000E+01
 -77.318  0.8264E-84  0.4000E+01
 -77.308  0.8264E-84  0.4000E+01
 -77.298  0.8264E-84  0.4000E+01
 -77.288  0.8264E-84  0.4000E+01
 -77.278  0.8264E-84  0.4000E+01
 -77.268  0.8264E-84  0.4000E+01
 -77.258  0.8264E-84  0.4000E+01
 -77.248  0.8264E-84  0.4000E+01
 -77.238  0.8264E-84  0.4000E+01
 -77.228  0.8264E-84  0.4000E+01
 -77.218  0.8264E-84  0.4000E+01
 -77.208  0.8264E-84  0.4000E+01
 -77.198  0.8264E-84  0.4000E+01
 -77.188  0.8264E-84  0.4000E+01
 -77.178  0.8264E-84  0.4000E+01
 -77.168  0.8264E-84  0.4000E+01
 -77.158  0.8264E-84  0.4000E+01
 -77.148  0.8264E-84  0.4000E+01
 -77.138  0.8264E-84  0.4000E+01
 -77.128  0.8264E-84  0.4000E+01
 -77.118  0.8264E-84  0.4000E+01
 -77.108  0.8264E-84  0.4000E+01
 -77.098  0.8264E-84  0.4000E+01
 -77.088  0.8264E-84  0.4000E+01
 -77.078  0.8264E-84  0.4000E+01
 -77.068  0.8264E-84  0.4000E+01
 -77.058  0.8264E-84  0.4000E+01
 -77.048  0.8264E-84  0.4000E+01
 -77.038  0.8264E-84  0.4000E+01
 -77.028  0.8264E-84  0.4000E+01
 -77.018  0.8264E-84  0.4000E+01
 -77.008  0.8264E-84  0.4000E+01
 -76.998  0.8264E-84  0.4000E+01
 -76.988  0.8264E-84  0.4000E+01
 -76.978  0.8264E-84  0.4000E+01
 -76.968  0.8264E-84  0.4000E+01
 -76.958  0.8264E-84  0.4000E+01
 -76.948  0.8264E-84  0.4000E+01
 -76.938  0.8264E-84  0.4000E+01
 -76.928  0.8264E-84  0.4000E+01
 -76.918  0.8264E-84  0.4000E+01
 -76.908  0.8264E-84  0.4000E+01
 -76.898  0.8264E-84  0.4000E+01
 -76.888  0.8264E-84  0.4000E+01
 -76.878  0.8264E-84  0.4000E+01
 -76.868  0.8264E-84  0.4000E+01
 -76.858  0.8264E-84  0.4000E+01
 -76.848  0.8264E-84  0.4000E+01
 -76.838  0.8264E-84  0.4000E+01
 -76.828  0.8264E-84  0.4000E+01
 -76.818  0.8264E-84  0.4000E+01
 -76.808  0.8264E-84  0.4000E+01
 -76.798  0.8264E-84  0.4000E+01
 -76.788  0.8264E-84  0.4000E+01
 -76.778  0.8264E-84  0.4000E+01
 -76.768  0.8264E-84  0.4000E+01
 -76.758  0.8264E-84  0.4000E+01
 -76.748  0.8264E-84  0.4000E+01
 -76.738  0.8264E-84  0.4000E+01
 -76.728  0.8264E-84  0.4000E+01
 -76.718  0.8264E-84  0.4000E+01
 -76.708  0.8264E-84  0.4000E+01
 -76.698  0.8264E-84  0.4000E+01
 -76.688  0.8264E-84  0.4000E+01
 -76.678  0.8264E-84  0.4000E+01
 -76.668  0.8264E-84  0.4000E+01
 -76.658  0.8264E-84  0.4000E+01
 -76.648  0.8264E-84  0.4000E+01
 -76.638  0.8264E-84  0.4000E+01
 -76.628  0.8264E-84  0.4000E+01
 -76.618  0.8264E-84  0.4000E+01
 -76.608  0.8264E-84  0.4000E+01
 -76.598  0.8264E-84  0.4000E+01
 -76.588  0.8264E-84  0.4000E+01
 -76.578  0.8264E-84  0.4000E+01
 -76.568  0.8264E-84  0.4000E+01
 -76.558  0.8264E-84  0.4000E+01
 -76.548  0.8264E-84  0.4000E+01
 -76.538  0.8264E-84  0.4000E+01
 -76.528  0.8264E-84  0.4000E+01
 -76.518  0.8264E-84  0.4000E+01
 -76.508  0.8264E-84  0.4000E+01
 -76.498  0.8264E-84  0.4000E+01
 -76.488  0.8264E-84  0.4000E+01
 -76.478  0.8264E-84  0.4000E+01
 -76.468  0.8264E-84  0.4000E+01
 -76.458  0.8264E-84  0.4000E+01
 -76.448  0.8264E-84  0.4000E+01
 -76.438  0.8264E-84  0.4000E+01
 -76.428  0.8264E-84  0.4000E+01
 -76.418  0.8264E-84  0.4000E+01
 -76.408  0.8264E-84  0.4000E+01
 -76.398  0.8264E-84  0.4000E+01
 -76.388  0.8264E-84  0.4000E+01
 -76.378  0.8264E-84  0.4000E+01
 -76.368  0.8264E-84  0.4000E+01
 -76.358  0.8264E-84  0.4000E+01
 -76.348  0.8264E-84  0.4000E+01
 -76.338  0.8264E-84  0.4000E+01
 -76.328  0.8264E-84  0.4000E+01
 -76.318  0.8264E-84  0.4000E+01
 -76.308  0.8264E-84  0.4000E+01
 -76.298  0.8264E-84  0.4000E+01
 -76.288  0.8264E-84  0.4000E+01
 -76.278  0.8264E-84  0.4000E+01
 -76.268  0.8264E-84  0.4000E+01
 -76.258  0.8264E-84  0.4000E+01
 -76.248  0.8264E-84  0.4000E+01
 -76.238  0.8264E-84  0.4000E+01
 -76.228  0.8264E-84  0.4000E+01
 -76.218  0.8264E-84  0.4000E+01
 -76.208  0.8264E-84  0.4000E+01
 -76.198  0.8264E-84  0.4000E+01
 -76.188  0.8264E-84  0.4000E+01
 -76.178  0.8264E-84  0.4000E+01
 -76.168  0.8264E-84  0.4000E+01
 -76.158  0.8264E-84  0.4000E+01
 -76.148  0.8264E-84  0.4000E+01
 -76.138  0.8264E-84  0.4000E+01
 -76.128  0.8264E-84  0.4000E+01
 -76.118  0.8264E-84  0.4000E+01
 -76.108  0.8264E-84  0.4000E+01
 -76.098  0.8264E-84  0.4000E+01
 -76.088  0.8264E-84  0.4000E+01
 -76.078  0.8264E-84  0.4000E+01
 -76.068  0.8264E-84  0.4000E+01
 -76.058  0.8264E-84  0.4000E+01
 -76.048  0.8264E-84  0.4000E+01
 -76.038  0.8264E-84  0.4000E+01
 -76.028  0.8264E-84  0.4000E+01
 -76.018  0.8264E-84  0.4000E+01
 -76.008  0.8264E-84  0.4000E+01
 -75.998  0.8264E-84  0.4000E+01
 -75.988  0.8264E-84  0.4000E+01
 -75.978  0.8264E-84  0.4000E+01
 -75.968  0.8264E-84  0.4000E+01
 -75.958  0.8264E-84  0.4000E+01
 -75.948  0.8264E-84  0.4000E+01
 -75.938  0.8264E-84  0.4000E+01
 -75.928  0.8264E-84  0.4000E+01
 -75.918  0.8264E-84  0.4000E+01
 -75.908  0.8264E-84  0.4000E+01
 -75.898  0.8264E-84  0.4000E+01
 -75.888  0.8264E-84  0.4000E+01
 -75.878  0.8264E-84  0.4000E+01
 -75.868  0.8264E-84  0.4000E+01
 -75.858  0.8264E-84  0.4000E+01
 -75.848  0.8264E-84  0.4000E+01
 -75.838  0.8264E-84  0.4000E+01
 -75.828  0.8264E-84  0.4000E+01
 -75.818  0.8264E-84  0.4000E+01
 -75.808  0.8264E-84  0.4000E+01
 -75.798  0.8264E-84  0.4000E+01
 -75.788  0.8264E-84  0.4000E+01
 -75.778  0.8264E-84  0.4000E+01
 -75.768  0.8264E-84  0.4000E+01
 -75.758  0.8264E-84  0.4000E+01
 -75.748  0.8264E-84  0.4000E+01
 -75.738  0.8264E-84  0.4000E+01
 -75.728  0.8264E-84  0.4000E+01
 -75.718  0.8264E-84  0.4000E+01
 -75.708  0.8264E-84  0.4000E+01
 -75.698  0.8264E-84  0.4000E+01
 -75.688  0.8264E-84  0.4000E+01
 -75.678  0.8264E-84  0.4000E+01
 -75.668  0.8264E-84  0.4000E+01
 -75.658  0.8264E-84  0.4000E+01
 -75.648  0.8264E-84  0.4000E+01
 -75.638  0.8264E-84  0.4000E+01
 -75.628  0.8264E-84  0.4000E+01
 -75.618  0.8264E-84  0.4000E+01
 -75.608  0.8264E-84  0.4000E+01
 -75.598  0.8264E-84  0.4000E+01
 -75.588  0.8264E-84  0.4000E+01
 -75.578  0.8264E-84  0.4000E+01
 -75.568  0.8264E-84  0.4000E+01
 -75.558  0.8264E-84  0.4000E+01
 -75.548  0.8264E-84  0.4000E+01
 -75.538  0.8264E-84  0.4000E+01
 -75.528  0.8264E-84  0.4000E+01
 -75.518  0.8264E-84  0.4000E+01
 -75.508  0.8264E-84  0.4000E+01
 -75.498  0.8264E-84  0.4000E+01
 -75.488  0.8264E-84  0.4000E+01
 -75.478  0.8264E-84  0.4000E+01
 -75.468  0.8264E-84  0.4000E+01
 -75.458  0.8264E-84  0.4000E+01
 -75.448  0.8264E-84  0.4000E+01
 -75.438  0.8264E-84  0.4000E+01
 -75.428  0.8264E-84  0.4000E+01
 -75.418  0.8264E-84  0.4000E+01
 -75.408  0.8264E-84  0.4000E+01
 -75.398  0.8264E-84  0.4000E+01
 -75.388  0.8264E-84  0.4000E+01
 -75.378  0.8264E-84  0.4000E+01
 -75.368  0.8264E-84  0.4000E+01
 -75.358  0.8264E-84  0.4000E+01
 -75.348  0.8264E-84  0.4000E+01
 -75.338  0.8264E-84  0.4000E+01
 -75.328  0.8264E-84  0.4000E+01
 -75.318  0.8264E-84  0.4000E+01
 -75.308  0.8264E-84  0.4000E+01
 -75.298  0.8264E-84  0.4000E+01
 -75.288  0.8264E-84  0.4000E+01
 -75.278  0.8264E-84  0.4000E+01
 -75.268  0.8264E-84  0.4000E+01
 -75.258  0.8264E-84  0.4000E+01
 -75.248  0.8264E-84  0.4000E+01
 -75.238  0.8264E-84  0.4000E+01
 -75.228  0.8264E-84  0.4000E+01
 -75.218  0.8264E-84  0.4000E+01
 -75.208  0.8264E-84  0.4000E+01
 -75.198  0.8264E-84  0.4000E+01
 -75.188  0.8264E-84  0.4000E+01
 -75.178  0.8264E-84  0.4000E+01
 -75.168  0.8264E-84  0.4000E+01
 -75.158  0.8264E-84  0.4000E+01
 -75.148  0.8264E-84  0.4000E+01
 -75.138  0.8264E-84  0.4000E+01
 -75.128  0.8264E-84  0.4000E+01
 -75.118  0.8264E-84  0.4000E+01
 -75.108  0.8264E-84  0.4000E+01
 -75.098  0.8264E-84  0.4000E+01
 -75.088  0.8264E-84  0.4000E+01
 -75.078  0.8264E-84  0.4000E+01
 -75.068  0.8264E-84  0.4000E+01
 -75.058  0.8264E-84  0.4000E+01
 -75.048  0.8264E-84  0.4000E+01
 -75.038  0.8264E-84  0.4000E+01
 -75.028  0.8264E-84  0.4000E+01
 -75.018  0.8264E-84  0.4000E+01
 -75.008  0.8264E-84  0.4000E+01
 -74.998  0.8264E-84  0.4000E+01
 -74.988  0.8264E-84  0.4000E+01
 -74.978  0.8264E-84  0.4000E+01
 -74.968  0.8264E-84  0.4000E+01
 -74.958  0.8264E-84  0.4000E+01
 -74.948  0.8264E-84  0.4000E+01
 -74.938  0.8264E-84  0.4000E+01
 -74.928  0.8264E-84  0.4000E+01
 -74.918  0.8264E-84  0.4000E+01
 -74.908  0.8264E-84  0.4000E+01
 -74.898  0.8264E-84  0.4000E+01
 -74.888  0.8264E-84  0.4000E+01
 -74.878  0.8264E-84  0.4000E+01
 -74.868  0.8264E-84  0.4000E+01
 -74.858  0.8264E-84  0.4000E+01
 -74.848  0.8264E-84  0.4000E+01
 -74.838  0.8264E-84  0.4000E+01
 -74.828  0.8264E-84  0.4000E+01
 -74.818  0.8264E-84  0.4000E+01
 -74.808  0.8264E-84  0.4000E+01
 -74.798  0.8264E-84  0.4000E+01
 -74.788  0.8264E-84  0.4000E+01
 -74.778  0.8264E-84  0.4000E+01
 -74.768  0.8264E-84  0.4000E+01
 -74.758  0.8264E-84  0.4000E+01
 -74.748  0.8264E-84  0.4000E+01
 -74.738  0.8264E-84  0.4000E+01
 -74.728  0.8264E-84  0.4000E+01
 -74.718  0.8264E-84  0.4000E+01
 -74.708  0.8264E-84  0.4000E+01
 -74.698  0.8264E-84  0.4000E+01
 -74.688  0.8264E-84  0.4000E+01
 -74.678  0.8264E-84  0.4000E+01
 -74.668  0.8264E-84  0.4000E+01
 -74.658  0.8264E-84  0.4000E+01
 -74.648  0.8264E-84  0.4000E+01
 -74.638  0.8264E-84  0.4000E+01
 -74.628  0.8264E-84  0.4000E+01
 -74.618  0.8264E-84  0.4000E+01
 -74.608  0.8264E-84  0.4000E+01
 -74.598  0.8264E-84  0.4000E+01
 -74.588  0.8264E-84  0.4000E+01
 -74.578  0.8264E-84  0.4000E+01
 -74.568  0.8264E-84  0.4000E+01
 -74.558  0.8264E-84  0.4000E+01
 -74.548  0.8264E-84  0.4000E+01
 -74.538  0.8264E-84  0.4000E+01
 -74.528  0.8264E-84  0.4000E+01
 -74.518  0.8264E-84  0.4000E+01
 -74.508  0.8264E-84  0.4000E+01
 -74.498  0.8264E-84  0.4000E+01
 -74.488  0.8264E-84  0.4000E+01
 -74.478  0.8264E-84  0.4000E+01
 -74.468  0.8264E-84  0.4000E+01
 -74.458  0.8264E-84  0.4000E+01
 -74.448  0.8264E-84  0.4000E+01
 -74.438  0.8264E-84  0.4000E+01
 -74.428  0.8264E-84  0.4000E+01
 -74.418  0.8264E-84  0.4000E+01
 -74.408  0.8264E-84  0.4000E+01
 -74.398  0.8264E-84  0.4000E+01
 -74.388  0.8264E-84  0.4000E+01
 -74.378  0.8264E-84  0.4000E+01
 -74.368  0.8264E-84  0.4000E+01
 -74.358  0.8264E-84  0.4000E+01
 -74.348  0.8264E-84  0.4000E+01
 -74.338  0.8264E-84  0.4000E+01
 -74.328  0.8264E-84  0.4000E+01
 -74.318  0.8264E-84  0.4000E+01
 -74.308  0.8264E-84  0.4000E+01
 -74.298  0.8264E-84  0.4000E+01
 -74.288  0.8264E-84  0.4000E+01
 -74.278  0.8264E-84  0.4000E+01
 -74.268  0.8264E-84  0.4000E+01
 -74.258  0.8264E-84  0.4000E+01
 -74.248  0.8264E-84  0.4000E+01
 -74.238  0.8264E-84  0.4000E+01
 -74.228  0.8264E-84  0.4000E+01
 -74.218  0.8264E-84  0.4000E+01
 -74.208  0.8264E-84  0.4000E+01
 -74.198  0.8264E-84  0.4000E+01
 -74.188  0.8264E-84  0.4000E+01
 -74.178  0.8264E-84  0.4000E+01
 -74.168  0.8264E-84  0.4000E+01
 -74.158  0.8264E-84  0.4000E+01
 -74.148  0.8264E-84  0.4000E+01
 -74.138  0.8264E-84  0.4000E+01
 -74.128  0.8264E-84  0.4000E+01
 -74.118  0.8264E-84  0.4000E+01
 -74.108  0.8264E-84  0.4000E+01
 -74.098  0.8264E-84  0.4000E+01
 -74.088  0.8264E-84  0.4000E+01
 -74.078  0.8264E-84  0.4000E+01
 -74.068  0.8264E-84  0.4000E+01
 -74.058  0.8264E-84  0.4000E+01
 -74.048  0.8264E-84  0.4000E+01
 -74.038  0.8264E-84  0.4000E+01
 -74.028  0.8264E-84  0.4000E+01
 -74.018  0.8264E-84  0.4000E+01
 -74.008  0.8264E-84  0.4000E+01
 -73.998  0.8264E-84  0.4000E+01
 -73.988  0.8264E-84  0.4000E+01
 -73.978  0.8264E-84  0.4000E+01
 -73.968  0.8264E-84  0.4000E+01
 -73.958  0.8264E-84  0.4000E+01
 -73.948  0.8264E-84  0.4000E+01
 -73.938  0.8264E-84  0.4000E+01
 -73.928  0.8264E-84  0.4000E+01
 -73.918  0.8264E-84  0.4000E+01
 -73.908  0.8264E-84  0.4000E+01
 -73.898  0.8264E-84  0.4000E+01
 -73.888  0.8264E-84  0.4000E+01
 -73.878  0.8264E-84  0.4000E+01
 -73.868  0.8264E-84  0.4000E+01
 -73.858  0.8264E-84  0.4000E+01
 -73.848  0.8264E-84  0.4000E+01
 -73.838  0.8264E-84  0.4000E+01
 -73.828  0.8264E-84  0.4000E+01
 -73.818  0.8264E-84  0.4000E+01
 -73.808  0.8264E-84  0.4000E+01
 -73.798  0.8264E-84  0.4000E+01
 -73.788  0.8264E-84  0.4000E+01
 -73.778  0.8264E-84  0.4000E+01
 -73.768  0.8264E-84  0.4000E+01
 -73.758  0.8264E-84  0.4000E+01
 -73.748  0.8264E-84  0.4000E+01
 -73.738  0.8264E-84  0.4000E+01
 -73.728  0.8264E-84  0.4000E+01
 -73.718  0.8264E-84  0.4000E+01
 -73.708  0.8264E-84  0.4000E+01
 -73.698  0.8264E-84  0.4000E+01
 -73.688  0.8264E-84  0.4000E+01
 -73.678  0.8264E-84  0.4000E+01
 -73.668  0.8264E-84  0.4000E+01
 -73.658  0.8264E-84  0.4000E+01
 -73.648  0.8264E-84  0.4000E+01
 -73.638  0.8264E-84  0.4000E+01
 -73.628  0.8264E-84  0.4000E+01
 -73.618  0.8264E-84  0.4000E+01
 -73.608  0.8264E-84  0.4000E+01
 -73.598  0.8264E-84  0.4000E+01
 -73.588  0.8264E-84  0.4000E+01
 -73.578  0.8264E-84  0.4000E+01
 -73.568  0.8264E-84  0.4000E+01
 -73.558  0.8264E-84  0.4000E+01
 -73.548  0.8264E-84  0.4000E+01
 -73.538  0.8264E-84  0.4000E+01
 -73.528  0.8264E-84  0.4000E+01
 -73.518  0.8264E-84  0.4000E+01
 -73.508  0.8264E-84  0.4000E+01
 -73.498  0.8264E-84  0.4000E+01
 -73.488  0.8264E-84  0.4000E+01
 -73.478  0.8264E-84  0.4000E+01
 -73.468  0.8264E-84  0.4000E+01
 -73.458  0.8264E-84  0.4000E+01
 -73.448  0.8264E-84  0.4000E+01
 -73.438  0.8264E-84  0.4000E+01
 -73.428  0.8264E-84  0.4000E+01
 -73.418  0.8264E-84  0.4000E+01
 -73.408  0.8264E-84  0.4000E+01
 -73.398  0.8264E-84  0.4000E+01
 -73.388  0.8264E-84  0.4000E+01
 -73.378  0.8264E-84  0.4000E+01
 -73.368  0.8264E-84  0.4000E+01
 -73.358  0.8264E-84  0.4000E+01
 -73.348  0.8264E-84  0.4000E+01
 -73.338  0.8264E-84  0.4000E+01
 -73.328  0.8264E-84  0.4000E+01
 -73.318  0.8264E-84  0.4000E+01
 -73.308  0.8264E-84  0.4000E+01
 -73.298  0.8264E-84  0.4000E+01
 -73.288  0.8264E-84  0.4000E+01
 -73.278  0.8264E-84  0.4000E+01
 -73.268  0.8264E-84  0.4000E+01
 -73.258  0.8264E-84  0.4000E+01
 -73.248  0.8264E-84  0.4000E+01
 -73.238  0.8264E-84  0.4000E+01
 -73.228  0.8264E-84  0.4000E+01
 -73.218  0.8264E-84  0.4000E+01
 -73.208  0.8264E-84  0.4000E+01
 -73.198  0.8264E-84  0.4000E+01
 -73.188  0.8264E-84  0.4000E+01
 -73.178  0.8264E-84  0.4000E+01
 -73.168  0.8264E-84  0.4000E+01
 -73.158  0.8264E-84  0.4000E+01
 -73.148  0.8264E-84  0.4000E+01
 -73.138  0.8264E-84  0.4000E+01
 -73.128  0.8264E-84  0.4000E+01
 -73.118  0.8264E-84  0.4000E+01
 -73.108  0.8264E-84  0.4000E+01
 -73.098  0.8264E-84  0.4000E+01
 -73.088  0.8264E-84  0.4000E+01
 -73.078  0.8264E-84  0.4000E+01
 -73.068  0.8264E-84  0.4000E+01
 -73.058  0.8264E-84  0.4000E+01
 -73.048  0.8264E-84  0.4000E+01
 -73.038  0.8264E-84  0.4000E+01
 -73.028  0.8264E-84  0.4000E+01
 -73.018  0.8264E-84  0.4000E+01
 -73.008  0.8264E-84  0.4000E+01
 -72.998  0.8264E-84  0.4000E+01
 -72.988  0.8264E-84  0.4000E+01
 -72.978  0.8264E-84  0.4000E+01
 -72.968  0.8264E-84  0.4000E+01
 -72.958  0.8264E-84  0.4000E+01
 -72.948  0.8264E-84  0.4000E+01
 -72.938  0.8264E-84  0.4000E+01
 -72.928  0.8264E-84  0.4000E+01
 -72.918  0.8264E-84  0.4000E+01
 -72.908  0.8264E-84  0.4000E+01
 -72.898  0.8264E-84  0.4000E+01
 -72.888  0.8264E-84  0.4000E+01
 -72.878  0.8264E-84  0.4000E+01
 -72.868  0.8264E-84  0.4000E+01
 -72.858  0.8264E-84  0.4000E+01
 -72.848  0.8264E-84  0.4000E+01
 -72.838  0.8264E-84  0.4000E+01
 -72.828  0.8264E-84  0.4000E+01
 -72.818  0.8264E-84  0.4000E+01
 -72.808  0.8264E-84  0.4000E+01
 -72.798  0.8264E-84  0.4000E+01
 -72.788  0.8264E-84  0.4000E+01
 -72.778  0.8264E-84  0.4000E+01
 -72.768  0.8264E-84  0.4000E+01
 -72.758  0.8264E-84  0.4000E+01
 -72.748  0.8264E-84  0.4000E+01
 -72.738  0.8264E-84  0.4000E+01
 -72.728  0.8264E-84  0.4000E+01
 -72.718  0.8264E-84  0.4000E+01
 -72.708  0.8264E-84  0.4000E+01
 -72.698  0.8264E-84  0.4000E+01
 -72.688  0.8264E-84  0.4000E+01
 -72.678  0.8264E-84  0.4000E+01
 -72.668  0.8264E-84  0.4000E+01
 -72.658  0.8264E-84  0.4000E+01
 -72.648  0.8264E-84  0.4000E+01
 -72.638  0.8264E-84  0.4000E+01
 -72.628  0.8264E-84  0.4000E+01
 -72.618  0.8264E-84  0.4000E+01
 -72.608  0.8264E-84  0.4000E+01
 -72.598  0.8264E-84  0.4000E+01
 -72.588  0.8264E-84  0.4000E+01
 -72.578  0.8264E-84  0.4000E+01
 -72.568  0.8264E-84  0.4000E+01
 -72.558  0.8264E-84  0.4000E+01
 -72.548  0.8264E-84  0.4000E+01
 -72.538  0.8264E-84  0.4000E+01
 -72.528  0.8264E-84  0.4000E+01
 -72.518  0.8264E-84  0.4000E+01
 -72.508  0.8264E-84  0.4000E+01
 -72.498  0.8264E-84  0.4000E+01
 -72.488  0.8264E-84  0.4000E+01
 -72.478  0.8264E-84  0.4000E+01
 -72.468  0.8264E-84  0.4000E+01
 -72.458  0.8264E-84  0.4000E+01
 -72.448  0.8264E-84  0.4000E+01
 -72.438  0.8264E-84  0.4000E+01
 -72.428  0.8264E-84  0.4000E+01
 -72.418  0.8264E-84  0.4000E+01
 -72.408  0.8264E-84  0.4000E+01
 -72.398  0.8264E-84  0.4000E+01
 -72.388  0.8264E-84  0.4000E+01
 -72.378  0.8264E-84  0.4000E+01
 -72.368  0.8264E-84  0.4000E+01
 -72.358  0.8264E-84  0.4000E+01
 -72.348  0.8264E-84  0.4000E+01
 -72.338  0.8264E-84  0.4000E+01
 -72.328  0.8264E-84  0.4000E+01
 -72.318  0.8264E-84  0.4000E+01
 -72.308  0.8264E-84  0.4000E+01
 -72.298  0.8264E-84  0.4000E+01
 -72.288  0.8264E-84  0.4000E+01
 -72.278  0.8264E-84  0.4000E+01
 -72.268  0.8264E-84  0.4000E+01
 -72.258  0.8264E-84  0.4000E+01
 -72.248  0.8264E-84  0.4000E+01
 -72.238  0.8264E-84  0.4000E+01
 -72.228  0.8264E-84  0.4000E+01
 -72.218  0.8264E-84  0.4000E+01
 -72.208  0.8264E-84  0.4000E+01
 -72.198  0.8264E-84  0.4000E+01
 -72.188  0.8264E-84  0.4000E+01
 -72.178  0.8264E-84  0.4000E+01
 -72.168  0.8264E-84  0.4000E+01
 -72.158  0.8264E-84  0.4000E+01
 -72.148  0.8264E-84  0.4000E+01
 -72.138  0.8264E-84  0.4000E+01
 -72.128  0.8264E-84  0.4000E+01
 -72.118  0.8264E-84  0.4000E+01
 -72.108  0.8264E-84  0.4000E+01
 -72.098  0.8264E-84  0.4000E+01
 -72.088  0.8264E-84  0.4000E+01
 -72.078  0.8264E-84  0.4000E+01
 -72.068  0.8264E-84  0.4000E+01
 -72.058  0.8264E-84  0.4000E+01
 -72.048  0.8264E-84  0.4000E+01
 -72.038  0.8264E-84  0.4000E+01
 -72.028  0.8264E-84  0.4000E+01
 -72.018  0.8264E-84  0.4000E+01
 -72.008  0.8264E-84  0.4000E+01
 -71.998  0.8264E-84  0.4000E+01
 -71.988  0.8264E-84  0.4000E+01
 -71.978  0.8264E-84  0.4000E+01
 -71.968  0.8264E-84  0.4000E+01
 -71.958  0.8264E-84  0.4000E+01
 -71.948  0.8264E-84  0.4000E+01
 -71.938  0.8264E-84  0.4000E+01
 -71.928  0.8264E-84  0.4000E+01
 -71.918  0.8264E-84  0.4000E+01
 -71.908  0.8264E-84  0.4000E+01
 -71.898  0.8264E-84  0.4000E+01
 -71.888  0.8264E-84  0.4000E+01
 -71.878  0.8264E-84  0.4000E+01
 -71.868  0.8264E-84  0.4000E+01
 -71.858  0.8264E-84  0.4000E+01
 -71.848  0.8264E-84  0.4000E+01
 -71.838  0.8264E-84  0.4000E+01
 -71.828  0.8264E-84  0.4000E+01
 -71.818  0.8264E-84  0.4000E+01
 -71.808  0.8264E-84  0.4000E+01
 -71.798  0.8264E-84  0.4000E+01
 -71.788  0.8264E-84  0.4000E+01
 -71.778  0.8264E-84  0.4000E+01
 -71.768  0.8264E-84  0.4000E+01
 -71.758  0.8264E-84  0.4000E+01
 -71.748  0.8264E-84  0.4000E+01
 -71.738  0.8264E-84  0.4000E+01
 -71.728  0.8264E-84  0.4000E+01
 -71.718  0.8264E-84  0.4000E+01
 -71.708  0.8264E-84  0.4000E+01
 -71.698  0.8264E-84  0.4000E+01
 -71.688  0.8264E-84  0.4000E+01
 -71.678  0.8264E-84  0.4000E+01
 -71.668  0.8264E-84  0.4000E+01
 -71.658  0.8264E-84  0.4000E+01
 -71.648  0.8264E-84  0.4000E+01
 -71.638  0.8264E-84  0.4000E+01
 -71.628  0.8264E-84  0.4000E+01
 -71.618  0.8264E-84  0.4000E+01
 -71.608  0.8264E-84  0.4000E+01
 -71.598  0.8264E-84  0.4000E+01
 -71.588  0.8264E-84  0.4000E+01
 -71.578  0.8264E-84  0.4000E+01
 -71.568  0.8264E-84  0.4000E+01
 -71.558  0.8264E-84  0.4000E+01
 -71.548  0.8264E-84  0.4000E+01
 -71.538  0.8264E-84  0.4000E+01
 -71.528  0.8264E-84  0.4000E+01
 -71.518  0.8264E-84  0.4000E+01
 -71.508  0.8264E-84  0.4000E+01
 -71.498  0.8264E-84  0.4000E+01
 -71.488  0.8264E-84  0.4000E+01
 -71.478  0.8264E-84  0.4000E+01
 -71.468  0.8264E-84  0.4000E+01
 -71.458  0.8264E-84  0.4000E+01
 -71.448  0.8264E-84  0.4000E+01
 -71.438  0.8264E-84  0.4000E+01
 -71.428  0.8264E-84  0.4000E+01
 -71.418  0.8264E-84  0.4000E+01
 -71.408  0.8264E-84  0.4000E+01
 -71.398  0.8264E-84  0.4000E+01
 -71.388  0.8264E-84  0.4000E+01
 -71.378  0.8264E-84  0.4000E+01
 -71.368  0.8264E-84  0.4000E+01
 -71.358  0.8264E-84  0.4000E+01
 -71.348  0.8264E-84  0.4000E+01
 -71.338  0.8264E-84  0.4000E+01
 -71.328  0.8264E-84  0.4000E+01
 -71.318  0.8264E-84  0.4000E+01
 -71.308  0.8264E-84  0.4000E+01
 -71.298  0.8264E-84  0.4000E+01
 -71.288  0.8264E-84  0.4000E+01
 -71.278  0.8264E-84  0.4000E+01
 -71.268  0.8264E-84  0.4000E+01
 -71.258  0.8264E-84  0.4000E+01
 -71.248  0.8264E-84  0.4000E+01
 -71.238  0.8264E-84  0.4000E+01
 -71.228  0.8264E-84  0.4000E+01
 -71.218  0.8264E-84  0.4000E+01
 -71.208  0.8264E-84  0.4000E+01
 -71.198  0.8264E-84  0.4000E+01
 -71.188  0.8264E-84  0.4000E+01
 -71.178  0.8264E-84  0.4000E+01
 -71.168  0.8264E-84  0.4000E+01
 -71.158  0.8264E-84  0.4000E+01
 -71.148  0.8264E-84  0.4000E+01
 -71.138  0.8264E-84  0.4000E+01
 -71.128  0.8264E-84  0.4000E+01
 -71.118  0.8264E-84  0.4000E+01
 -71.108  0.8264E-84  0.4000E+01
 -71.098  0.8264E-84  0.4000E+01
 -71.088  0.8264E-84  0.4000E+01
 -71.078  0.8264E-84  0.4000E+01
 -71.068  0.8264E-84  0.4000E+01
 -71.058  0.8264E-84  0.4000E+01
 -71.048  0.8264E-84  0.4000E+01
 -71.038  0.8264E-84  0.4000E+01
 -71.028  0.8264E-84  0.4000E+01
 -71.018  0.8264E-84  0.4000E+01
 -71.008  0.8264E-84  0.4000E+01
 -70.998  0.8264E-84  0.4000E+01
 -70.988  0.8264E-84  0.4000E+01
 -70.978  0.8264E-84  0.4000E+01
 -70.968  0.8264E-84  0.4000E+01
 -70.958  0.8264E-84  0.4000E+01
 -70.948  0.8264E-84  0.4000E+01
 -70.938  0.8264E-84  0.4000E+01
 -70.928  0.8264E-84  0.4000E+01
 -70.918  0.8264E-84  0.4000E+01
 -70.908  0.8264E-84  0.4000E+01
 -70.898  0.8264E-84  0.4000E+01
 -70.888  0.8264E-84  0.4000E+01
 -70.878  0.8264E-84  0.4000E+01
 -70.868  0.8264E-84  0.4000E+01
 -70.858  0.8264E-84  0.4000E+01
 -70.848  0.8264E-84  0.4000E+01
 -70.838  0.8264E-84  0.4000E+01
 -70.828  0.8264E-84  0.4000E+01
 -70.818  0.8264E-84  0.4000E+01
 -70.808  0.8264E-84  0.4000E+01
 -70.798  0.8264E-84  0.4000E+01
 -70.788  0.8264E-84  0.4000E+01
 -70.778  0.8264E-84  0.4000E+01
 -70.768  0.8264E-84  0.4000E+01
 -70.758  0.8264E-84  0.4000E+01
 -70.748  0.8264E-84  0.4000E+01
 -70.738  0.8264E-84  0.4000E+01
 -70.728  0.8264E-84  0.4000E+01
 -70.718  0.8264E-84  0.4000E+01
 -70.708  0.8264E-84  0.4000E+01
 -70.698  0.8264E-84  0.4000E+01
 -70.688  0.8264E-84  0.4000E+01
 -70.678  0.8264E-84  0.4000E+01
 -70.668  0.8264E-84  0.4000E+01
 -70.658  0.8264E-84  0.4000E+01
 -70.648  0.8264E-84  0.4000E+01
 -70.638  0.8264E-84  0.4000E+01
 -70.628  0.8264E-84  0.4000E+01
 -70.618  0.8264E-84  0.4000E+01
 -70.608  0.8264E-84  0.4000E+01
 -70.598  0.8264E-84  0.4000E+01
 -70.588  0.8264E-84  0.4000E+01
 -70.578  0.8264E-84  0.4000E+01
 -70.568  0.8264E-84  0.4000E+01
 -70.558  0.8264E-84  0.4000E+01
 -70.548  0.8264E-84  0.4000E+01
 -70.538  0.8264E-84  0.4000E+01
 -70.528  0.8264E-84  0.4000E+01
 -70.518  0.8264E-84  0.4000E+01
 -70.508  0.8264E-84  0.4000E+01
 -70.498  0.8264E-84  0.4000E+01
 -70.488  0.8264E-84  0.4000E+01
 -70.478  0.8264E-84  0.4000E+01
 -70.468  0.8264E-84  0.4000E+01
 -70.458  0.8264E-84  0.4000E+01
 -70.448  0.8264E-84  0.4000E+01
 -70.438  0.8264E-84  0.4000E+01
 -70.428  0.8264E-84  0.4000E+01
 -70.418  0.8264E-84  0.4000E+01
 -70.408  0.8264E-84  0.4000E+01
 -70.398  0.8264E-84  0.4000E+01
 -70.388  0.8264E-84  0.4000E+01
 -70.378  0.8264E-84  0.4000E+01
 -70.368  0.8264E-84  0.4000E+01
 -70.358  0.8264E-84  0.4000E+01
 -70.348  0.8264E-84  0.4000E+01
 -70.338  0.8264E-84  0.4000E+01
 -70.328  0.8264E-84  0.4000E+01
 -70.318  0.8264E-84  0.4000E+01
 -70.308  0.8264E-84  0.4000E+01
 -70.298  0.8264E-84  0.4000E+01
 -70.288  0.8264E-84  0.4000E+01
 -70.278  0.8264E-84  0.4000E+01
 -70.268  0.8264E-84  0.4000E+01
 -70.258  0.8264E-84  0.4000E+01
 -70.248  0.8264E-84  0.4000E+01
 -70.238  0.8264E-84  0.4000E+01
 -70.228  0.8264E-84  0.4000E+01
 -70.218  0.8264E-84  0.4000E+01
 -70.208  0.8264E-84  0.4000E+01
 -70.198  0.8264E-84  0.4000E+01
 -70.188  0.8264E-84  0.4000E+01
 -70.178  0.8264E-84  0.4000E+01
 -70.168  0.8264E-84  0.4000E+01
 -70.158  0.8264E-84  0.4000E+01
 -70.148  0.8264E-84  0.4000E+01
 -70.138  0.8264E-84  0.4000E+01
 -70.128  0.8264E-84  0.4000E+01
 -70.118  0.8264E-84  0.4000E+01
 -70.108  0.8264E-84  0.4000E+01
 -70.098  0.8264E-84  0.4000E+01
 -70.088  0.8264E-84  0.4000E+01
 -70.078  0.8264E-84  0.4000E+01
 -70.068  0.8264E-84  0.4000E+01
 -70.058  0.8264E-84  0.4000E+01
 -70.048  0.8264E-84  0.4000E+01
 -70.038  0.8264E-84  0.4000E+01
 -70.028  0.8264E-84  0.4000E+01
 -70.018  0.8264E-84  0.4000E+01
 -70.008  0.8264E-84  0.4000E+01
 -69.998  0.8264E-84  0.4000E+01
 -69.988  0.8264E-84  0.4000E+01
 -69.978  0.8264E-84  0.4000E+01
 -69.968  0.8264E-84  0.4000E+01
 -69.958  0.8264E-84  0.4000E+01
 -69.948  0.8264E-84  0.4000E+01
 -69.938  0.8264E-84  0.4000E+01
 -69.928  0.8264E-84  0.4000E+01
 -69.918  0.8264E-84  0.4000E+01
 -69.908  0.8264E-84  0.4000E+01
 -69.898  0.8264E-84  0.4000E+01
 -69.888  0.8264E-84  0.4000E+01
 -69.878  0.8264E-84  0.4000E+01
 -69.868  0.8264E-84  0.4000E+01
 -69.858  0.8264E-84  0.4000E+01
 -69.848  0.8264E-84  0.4000E+01
 -69.838  0.8264E-84  0.4000E+01
 -69.828  0.8264E-84  0.4000E+01
 -69.818  0.8264E-84  0.4000E+01
 -69.808  0.8264E-84  0.4000E+01
 -69.798  0.8264E-84  0.4000E+01
 -69.788  0.8264E-84  0.4000E+01
 -69.778  0.8264E-84  0.4000E+01
 -69.768  0.8264E-84  0.4000E+01
 -69.758  0.8264E-84  0.4000E+01
 -69.748  0.8264E-84  0.4000E+01
 -69.738  0.8264E-84  0.4000E+01
 -69.728  0.8264E-84  0.4000E+01
 -69.718  0.8264E-84  0.4000E+01
 -69.708  0.8264E-84  0.4000E+01
 -69.698  0.8264E-84  0.4000E+01
 -69.688  0.8264E-84  0.4000E+01
 -69.678  0.8264E-84  0.4000E+01
 -69.668  0.8264E-84  0.4000E+01
 -69.658  0.8264E-84  0.4000E+01
 -69.648  0.8264E-84  0.4000E+01
 -69.638  0.8264E-84  0.4000E+01
 -69.628  0.8264E-84  0.4000E+01
 -69.618  0.8264E-84  0.4000E+01
 -69.608  0.8264E-84  0.4000E+01
 -69.598  0.8264E-84  0.4000E+01
 -69.588  0.8264E-84  0.4000E+01
 -69.578  0.8264E-84  0.4000E+01
 -69.568  0.8264E-84  0.4000E+01
 -69.558  0.8264E-84  0.4000E+01
 -69.548  0.8264E-84  0.4000E+01
 -69.538  0.8264E-84  0.4000E+01
 -69.528  0.8264E-84  0.4000E+01
 -69.518  0.8264E-84  0.4000E+01
 -69.508  0.8264E-84  0.4000E+01
 -69.498  0.8264E-84  0.4000E+01
 -69.488  0.8264E-84  0.4000E+01
 -69.478  0.8264E-84  0.4000E+01
 -69.468  0.8264E-84  0.4000E+01
 -69.458  0.8264E-84  0.4000E+01
 -69.448  0.8264E-84  0.4000E+01
 -69.438  0.8264E-84  0.4000E+01
 -69.428  0.8264E-84  0.4000E+01
 -69.418  0.8264E-84  0.4000E+01
 -69.408  0.8264E-84  0.4000E+01
 -69.398  0.8264E-84  0.4000E+01
 -69.388  0.8264E-84  0.4000E+01
 -69.378  0.8264E-84  0.4000E+01
 -69.368  0.8264E-84  0.4000E+01
 -69.358  0.8264E-84  0.4000E+01
 -69.348  0.8264E-84  0.4000E+01
 -69.338  0.8264E-84  0.4000E+01
 -69.328  0.8264E-84  0.4000E+01
 -69.318  0.8264E-84  0.4000E+01
 -69.308  0.8264E-84  0.4000E+01
 -69.298  0.8264E-84  0.4000E+01
 -69.288  0.8264E-84  0.4000E+01
 -69.278  0.8264E-84  0.4000E+01
 -69.268  0.8264E-84  0.4000E+01
 -69.258  0.8264E-84  0.4000E+01
 -69.248  0.8264E-84  0.4000E+01
 -69.238  0.8264E-84  0.4000E+01
 -69.228  0.8264E-84  0.4000E+01
 -69.218  0.8264E-84  0.4000E+01
 -69.208  0.8264E-84  0.4000E+01
 -69.198  0.8264E-84  0.4000E+01
 -69.188  0.8264E-84  0.4000E+01
 -69.178  0.8264E-84  0.4000E+01
 -69.168  0.8264E-84  0.4000E+01
 -69.158  0.8264E-84  0.4000E+01
 -69.148  0.8264E-84  0.4000E+01
 -69.138  0.8264E-84  0.4000E+01
 -69.128  0.8264E-84  0.4000E+01
 -69.118  0.8264E-84  0.4000E+01
 -69.108  0.8264E-84  0.4000E+01
 -69.098  0.8264E-84  0.4000E+01
 -69.088  0.8264E-84  0.4000E+01
 -69.078  0.8264E-84  0.4000E+01
 -69.068  0.8264E-84  0.4000E+01
 -69.058  0.8264E-84  0.4000E+01
 -69.048  0.8264E-84  0.4000E+01
 -69.038  0.8264E-84  0.4000E+01
 -69.028  0.8264E-84  0.4000E+01
 -69.018  0.8264E-84  0.4000E+01
 -69.008  0.8264E-84  0.4000E+01
 -68.998  0.8264E-84  0.4000E+01
 -68.988  0.8264E-84  0.4000E+01
 -68.978  0.8264E-84  0.4000E+01
 -68.968  0.8264E-84  0.4000E+01
 -68.958  0.8264E-84  0.4000E+01
 -68.948  0.8264E-84  0.4000E+01
 -68.938  0.8264E-84  0.4000E+01
 -68.928  0.8264E-84  0.4000E+01
 -68.918  0.8264E-84  0.4000E+01
 -68.908  0.8264E-84  0.4000E+01
 -68.898  0.8264E-84  0.4000E+01
 -68.888  0.8264E-84  0.4000E+01
 -68.878  0.8264E-84  0.4000E+01
 -68.868  0.8264E-84  0.4000E+01
 -68.858  0.8264E-84  0.4000E+01
 -68.848  0.8446E-84  0.4000E+01
 -68.838  0.2846E-83  0.4000E+01
 -68.828  0.1239E-81  0.4000E+01
 -68.818  0.7011E-80  0.4000E+01
 -68.808  0.3823E-78  0.4000E+01
 -68.798  0.1997E-76  0.4000E+01
 -68.788  0.9988E-75  0.4000E+01
 -68.778  0.4786E-73  0.4000E+01
 -68.768  0.2197E-71  0.4000E+01
 -68.758  0.9660E-70  0.4000E+01
 -68.748  0.4068E-68  0.4000E+01
 -68.738  0.1641E-66  0.4000E+01
 -68.728  0.6342E-65  0.4000E+01
 -68.718  0.2347E-63  0.4000E+01
 -68.708  0.8323E-62  0.4000E+01
 -68.698  0.2827E-60  0.4000E+01
 -68.688  0.9196E-59  0.4000E+01
 -68.678  0.2866E-57  0.4000E+01
 -68.668  0.8555E-56  0.4000E+01
 -68.658  0.2447E-54  0.4000E+01
 -68.648  0.6702E-53  0.4000E+01
 -68.638  0.1759E-51  0.4000E+01
 -68.628  0.4421E-50  0.4000E+01
 -68.618  0.1065E-48  0.4000E+01
 -68.608  0.2456E-47  0.4000E+01
 -68.598  0.5427E-46  0.4000E+01
 -68.588  0.1149E-44  0.4000E+01
 -68.578  0.2330E-43  0.4000E+01
 -68.568  0.4527E-42  0.4000E+01
 -68.558  0.8426E-41  0.4000E+01
 -68.548  0.1503E-39  0.4000E+01
 -68.538  0.2567E-38  0.4000E+01
 -68.528  0.4201E-37  0.4000E+01
 -68.518  0.6587E-36  0.4000E+01
 -68.508  0.9895E-35  0.4000E+01
 -68.498  0.1424E-33  0.4000E+01
 -68.488  0.1964E-32  0.4000E+01
 -68.478  0.2594E-31  0.4000E+01
 -68.468  0.3284E-30  0.4000E+01
 -68.458  0.3982E-29  0.4000E+01
 -68.448  0.4628E-28  0.4000E+01
 -68.438  0.5153E-27  0.4000E+01
 -68.428  0.5497E-26  0.4000E+01
 -68.418  0.5619E-25  0.4000E+01
 -68.408  0.5504E-24  0.4000E+01
 -68.398  0.5166E-23  0.4000E+01
 -68.388  0.4646E-22  0.4000E+01
 -68.378  0.4005E-21  0.4000E+01
 -68.368  0.3307E-20  0.4000E+01
 -68.358  0.2618E-19  0.4000E+01
 -68.348  0.1986E-18  0.4000E+01
 -68.338  0.1443E-17  0.4000E+01
 -68.328  0.1005E-16  0.4000E+01
 -68.318  0.6713E-16  0.4000E+01
 -68.308  0.4296E-15  0.4000E+01
 -68.298  0.2634E-14  0.4000E+01
 -68.288  0.1549E-13  0.4000E+01
 -68.278  0.8725E-13  0.4000E+01
 -68.268  0.4712E-12  0.4000E+01
 -68.258  0.2439E-11  0.4000E+01
 -68.248  0.1210E-10  0.4000E+01
 -68.238  0.5756E-10  0.4000E+01
 -68.228  0.2625E-09  0.4000E+01
 -68.218  0.1147E-08  0.4000E+01
 -68.208  0.4807E-08  0.4000E+01
 -68.198  0.1931E-07  0.4000E+01
 -68.188  0.7438E-07  0.4000E+01
 -68.178  0.2746E-06  0.4000E+01
 -68.168  0.9723E-06  0.4000E+01
 -68.158  0.3300E-05  0.4000E+01
 -68.148  0.1074E-04  0.4000E+01
 -68.138  0.3352E-04  0.4000E+01
 -68.128  0.1003E-03  0.4000E+01
 -68.118  0.2878E-03  0.4000E+01
 -68.108  0.7917E-03  0.4000E+01
 -68.098  0.2089E-02  0.4000E+01
 -68.088  0.5284E-02  0.4000E+01
 -68.078  0.1282E-01  0.4000E+01
 -68.068  0.2983E-01  0.4000E+01
 -68.058  0.6655E-01  0.4001E+01
 -68.048  0.1424E+00  0.4003E+01
 -68.038  0.2922E+00  0.4006E+01
 -68.028  0.5750E+00  0.4011E+01
 -68.018  0.1085E+01  0.4022E+01
 -68.008  0.1964E+01  0.4042E+01
 -67.998  0.3408E+01  0.4076E+01
 -67.988  0.5673E+01  0.4133E+01
 -67.978  0.9057E+01  0.4223E+01
 -67.968  0.1386E+02  0.4362E+01
 -67.958  0.2036E+02  0.4565E+01
 -67.948  0.2866E+02  0.4852E+01
 -67.938  0.3870E+02  0.5239E+01
 -67.928  0.5011E+02  0.5740E+01
 -67.918  0.6222E+02  0.6362E+01
 -67.908  0.7408E+02  0.7103E+01
 -67.898  0.8459E+02  0.7949E+01
 -67.888  0.9262E+02  0.8875E+01
 -67.878  0.9724E+02  0.9847E+01
 -67.868  0.9789E+02  0.1083E+02
 -67.858  0.9450E+02  0.1177E+02
 -67.848  0.8746E+02  0.1265E+02
 -67.838  0.7761E+02  0.1342E+02
 -67.828  0.6604E+02  0.1408E+02
 -67.818  0.5387E+02  0.1462E+02
 -67.808  0.4213E+02  0.1504E+02
 -67.798  0.3159E+02  0.1536E+02
 -67.788  0.2271E+02  0.1559E+02
 -67.778  0.1565E+02  0.1574E+02
 -67.768  0.1033E+02  0.1585E+02
 -67.758  0.6544E+01  0.1591E+02
 -67.748  0.3972E+01  0.1595E+02
 -67.738  0.2311E+01  0.1597E+02
 -67.728  0.1289E+01  0.1599E+02
 -67.718  0.6889E+00  0.1599E+02
 -67.708  0.3529E+00  0.1600E+02
 -67.698  0.1733E+00  0.1600E+02
 -67.688  0.8156E-01  0.1600E+02
 -67.678  0.3679E-01  0.1600E+02
 -67.668  0.1590E-01  0.1600E+02
 -67.658  0.6587E-02  0.1600E+02
 -67.648  0.2615E-02  0.1600E+02
 -67.638  0.9948E-03  0.1600E+02
 -67.628  0.3627E-03  0.1600E+02
 -67.618  0.1267E-03  0.1600E+02
 -67.608  0.4241E-04  0.1600E+02
 -67.598  0.1360E-04  0.1600E+02
 -67.588  0.4181E-05  0.1600E+02
 -67.578  0.1231E-05  0.1600E+02
 -67.568  0.3475E-06  0.1600E+02
 -67.558  0.9396E-07  0.1600E+02
 -67.548  0.2434E-07  0.1600E+02
 -67.538  0.6042E-08  0.1600E+02
 -67.528  0.1437E-08  0.1600E+02
 -67.518  0.3274E-09  0.1600E+02
 -67.508  0.7146E-10  0.1600E+02
 -67.498  0.1494E-10  0.1600E+02
 -67.488  0.2994E-11  0.1600E+02
 -67.478  0.5748E-12  0.1600E+02
 -67.468  0.1057E-12  0.1600E+02
 -67.458  0.1862E-13  0.1600E+02
 -67.448  0.3143E-14  0.1600E+02
 -67.438  0.5081E-15  0.1600E+02
 -67.428  0.7871E-16  0.1600E+02
 -67.418  0.1168E-16  0.1600E+02
 -67.408  0.1660E-17  0.1600E+02
 -67.398  0.2260E-18  0.1600E+02
 -67.388  0.2948E-19  0.1600E+02
 -67.378  0.3684E-20  0.1600E+02
 -67.368  0.4410E-21  0.1600E+02
 -67.358  0.5056E-22  0.1600E+02
 -67.348  0.5553E-23  0.1600E+02
 -67.338  0.5842E-24  0.1600E+02
 -67.328  0.5888E-25  0.1600E+02
 -67.318  0.5684E-26  0.1600E+02
 -67.308  0.5256E-27  0.1600E+02
 -67.298  0.4655E-28  0.1600E+02
 -67.288  0.3950E-29  0.1600E+02
 -67.278  0.3210E-30  0.1600E+02
 -67.268  0.2499E-31  0.1600E+02
 -67.258  0.1863E-32  0.1600E+02
 -67.248  0.1331E-33  0.1600E+02
 -67.238  0.9103E-35  0.1600E+02
 -67.228  0.5965E-36  0.1600E+02
 -67.218  0.3744E-37  0.1600E+02
 -67.208  0.2251E-38  0.1600E+02
 -67.198  0.1296E-39  0.1600E+02
 -67.188  0.7148E-41  0.1600E+02
 -67.178  0.3776E-42  0.1600E+02
 -67.168  0.1911E-43  0.1600E+02
 -67.158  0.9260E-45  0.1600E+02
 -67.148  0.4298E-46  0.1600E+02
 -67.138  0.1911E-47  0.1600E+02
 -67.128  0.8138E-49  0.1600E+02
 -67.118  0.3320E-50  0.1600E+02
 -67.108  0.1297E-51  0.1600E+02
 -67.098  0.4853E-53  0.1600E+02
 -67.088  0.1739E-54  0.1600E+02
 -67.078  0.5970E-56  0.1600E+02
 -67.068  0.1963E-57  0.1600E+02
 -67.058  0.6181E-59  0.1600E+02
 -67.048  0.1864E-60  0.1600E+02
 -67.038  0.5385E-62  0.1600E+02
 -67.028  0.1490E-63  0.1600E+02
 -67.018  0.3948E-65  0.1600E+02
 -67.008  0.1002E-66  0.1600E+02
 -66.998  0.2436E-68  0.1600E+02
 -66.988  0.5671E-70  0.1600E+02
 -66.978  0.1265E-71  0.1600E+02
 -66.968  0.2701E-73  0.1600E+02
 -66.958  0.5525E-75  0.1600E+02
 -66.948  0.1082E-76  0.1600E+02
 -66.938  0.2031E-78  0.1600E+02
 -66.928  0.3651E-80  0.1600E+02
 -66.918  0.6354E-82  0.1600E+02
 -66.908  0.1784E-83  0.1600E+02
 -66.898  0.8264E-84  0.1600E+02
 -66.888  0.8264E-84  0.1600E+02
 -66.878  0.8264E-84  0.1600E+02
 -66.868  0.8264E-84  0.1600E+02
 -66.858  0.8264E-84  0.1600E+02
 -66.848  0.8264E-84  0.1600E+02
 -66.838  0.8264E-84  0.1600E+02
 -66.828  0.8264E-84  0.1600E+02
 -66.818  0.8264E-84  0.1600E+02
 -66.808  0.8264E-84  0.1600E+02
 -66.798  0.8264E-84  0.1600E+02
 -66.788  0.8264E-84  0.1600E+02
 -66.778  0.8264E-84  0.1600E+02
 -66.768  0.8264E-84  0.1600E+02
 -66.758  0.8264E-84  0.1600E+02
 -66.748  0.8264E-84  0.1600E+02
 -66.738  0.8264E-84  0.1600E+02
 -66.728  0.8264E-84  0.1600E+02
 -66.718  0.8264E-84  0.1600E+02
 -66.708  0.8264E-84  0.1600E+02
 -66.698  0.8264E-84  0.1600E+02
 -66.688  0.8264E-84  0.1600E+02
 -66.678  0.8264E-84  0.1600E+02
 -66.668  0.8264E-84  0.1600E+02
 -66.658  0.8264E-84  0.1600E+02
 -66.648  0.8264E-84  0.1600E+02
 -66.638  0.8264E-84  0.1600E+02
 -66.628  0.8264E-84  0.1600E+02
 -66.618  0.8264E-84  0.1600E+02
 -66.608  0.8264E-84  0.1600E+02
 -66.598  0.8264E-84  0.1600E+02
 -66.588  0.8264E-84  0.1600E+02
 -66.578  0.8264E-84  0.1600E+02
 -66.568  0.8264E-84  0.1600E+02
 -66.558  0.8264E-84  0.1600E+02
 -66.548  0.8264E-84  0.1600E+02
 -66.538  0.8264E-84  0.1600E+02
 -66.528  0.8264E-84  0.1600E+02
 -66.518  0.8264E-84  0.1600E+02
 -66.508  0.8264E-84  0.1600E+02
 -66.498  0.8264E-84  0.1600E+02
 -66.488  0.8264E-84  0.1600E+02
 -66.478  0.8264E-84  0.1600E+02
 -66.468  0.8264E-84  0.1600E+02
 -66.458  0.8264E-84  0.1600E+02
 -66.448  0.8264E-84  0.1600E+02
 -66.438  0.8264E-84  0.1600E+02
 -66.428  0.8264E-84  0.1600E+02
 -66.418  0.8264E-84  0.1600E+02
 -66.408  0.8264E-84  0.1600E+02
 -66.398  0.8264E-84  0.1600E+02
 -66.388  0.8264E-84  0.1600E+02
 -66.378  0.8264E-84  0.1600E+02
 -66.368  0.8264E-84  0.1600E+02
 -66.358  0.8264E-84  0.1600E+02
 -66.348  0.8264E-84  0.1600E+02
 -66.338  0.8264E-84  0.1600E+02
 -66.328  0.8264E-84  0.1600E+02
 -66.318  0.8264E-84  0.1600E+02
 -66.308  0.8264E-84  0.1600E+02
 -66.298  0.8264E-84  0.1600E+02
 -66.288  0.8264E-84  0.1600E+02
 -66.278  0.8264E-84  0.1600E+02
 -66.268  0.8264E-84  0.1600E+02
 -66.258  0.8264E-84  0.1600E+02
 -66.248  0.8264E-84  0.1600E+02
 -66.238  0.8264E-84  0.1600E+02
 -66.228  0.8264E-84  0.1600E+02
 -66.218  0.8264E-84  0.1600E+02
 -66.208  0.8264E-84  0.1600E+02
 -66.198  0.8264E-84  0.1600E+02
 -66.188  0.8264E-84  0.1600E+02
 -66.178  0.8264E-84  0.1600E+02
 -66.168  0.8264E-84  0.1600E+02
 -66.158  0.8264E-84  0.1600E+02
 -66.148  0.8264E-84  0.1600E+02
 -66.138  0.8264E-84  0.1600E+02
 -66.128  0.8264E-84  0.1600E+02
 -66.118  0.8264E-84  0.1600E+02
 -66.108  0.8264E-84  0.1600E+02
 -66.098  0.8264E-84  0.1600E+02
 -66.088  0.8264E-84  0.1600E+02
 -66.078  0.8264E-84  0.1600E+02
 -66.068  0.8264E-84  0.1600E+02
 -66.058  0.8264E-84  0.1600E+02
 -66.048  0.8264E-84  0.1600E+02
 -66.038  0.8264E-84  0.1600E+02
 -66.028  0.8264E-84  0.1600E+02
 -66.018  0.8264E-84  0.1600E+02
 -66.008  0.8264E-84  0.1600E+02
 -65.998  0.8264E-84  0.1600E+02
 -65.988  0.8264E-84  0.1600E+02
 -65.978  0.8264E-84  0.1600E+02
 -65.968  0.8264E-84  0.1600E+02
 -65.958  0.8264E-84  0.1600E+02
 -65.948  0.8264E-84  0.1600E+02
 -65.938  0.8264E-84  0.1600E+02
 -65.928  0.8264E-84  0.1600E+02
 -65.918  0.8264E-84  0.1600E+02
 -65.908  0.8264E-84  0.1600E+02
 -65.898  0.8264E-84  0.1600E+02
 -65.888  0.8264E-84  0.1600E+02
 -65.878  0.8264E-84  0.1600E+02
 -65.868  0.8264E-84  0.1600E+02
 -65.858  0.8264E-84  0.1600E+02
 -65.848  0.8264E-84  0.1600E+02
 -65.838  0.8264E-84  0.1600E+02
 -65.828  0.8264E-84  0.1600E+02
 -65.818  0.8264E-84  0.1600E+02
 -65.808  0.8264E-84  0.1600E+02
 -65.798  0.8264E-84  0.1600E+02
 -65.788  0.8264E-84  0.1600E+02
 -65.778  0.8264E-84  0.1600E+02
 -65.768  0.8264E-84  0.1600E+02
 -65.758  0.8264E-84  0.1600E+02
 -65.748  0.8264E-84  0.1600E+02
 -65.738  0.8264E-84  0.1600E+02
 -65.728  0.8264E-84  0.1600E+02
 -65.718  0.8264E-84  0.1600E+02
 -65.708  0.8264E-84  0.1600E+02
 -65.698  0.8264E-84  0.1600E+02
 -65.688  0.8264E-84  0.1600E+02
 -65.678  0.8264E-84  0.1600E+02
 -65.668  0.8264E-84  0.1600E+02
 -65.658  0.8264E-84  0.1600E+02
 -65.648  0.8264E-84  0.1600E+02
 -65.638  0.8264E-84  0.1600E+02
 -65.628  0.8264E-84  0.1600E+02
 -65.618  0.8264E-84  0.1600E+02
 -65.608  0.8264E-84  0.1600E+02
 -65.598  0.8264E-84  0.1600E+02
 -65.588  0.8264E-84  0.1600E+02
 -65.578  0.8264E-84  0.1600E+02
 -65.568  0.8264E-84  0.1600E+02
 -65.558  0.8264E-84  0.1600E+02
 -65.548  0.8264E-84  0.1600E+02
 -65.538  0.8264E-84  0.1600E+02
 -65.528  0.8264E-84  0.1600E+02
 -65.518  0.8264E-84  0.1600E+02
 -65.508  0.8264E-84  0.1600E+02
 -65.498  0.8264E-84  0.1600E+02
 -65.488  0.8264E-84  0.1600E+02
 -65.478  0.8264E-84  0.1600E+02
 -65.468  0.8264E-84  0.1600E+02
 -65.458  0.8264E-84  0.1600E+02
 -65.448  0.8264E-84  0.1600E+02
 -65.438  0.8264E-84  0.1600E+02
 -65.428  0.8264E-84  0.1600E+02
 -65.418  0.8264E-84  0.1600E+02
 -65.408  0.8264E-84  0.1600E+02
 -65.398  0.8264E-84  0.1600E+02
 -65.388  0.8264E-84  0.1600E+02
 -65.378  0.8264E-84  0.1600E+02
 -65.368  0.8264E-84  0.1600E+02
 -65.358  0.8264E-84  0.1600E+02
 -65.348  0.8264E-84  0.1600E+02
 -65.338  0.8264E-84  0.1600E+02
 -65.328  0.8264E-84  0.1600E+02
 -65.318  0.8264E-84  0.1600E+02
 -65.308  0.8264E-84  0.1600E+02
 -65.298  0.8264E-84  0.1600E+02
 -65.288  0.8264E-84  0.1600E+02
 -65.278  0.8264E-84  0.1600E+02
 -65.268  0.8264E-84  0.1600E+02
 -65.258  0.8264E-84  0.1600E+02
 -65.248  0.8264E-84  0.1600E+02
 -65.238  0.8264E-84  0.1600E+02
 -65.228  0.8264E-84  0.1600E+02
 -65.218  0.8264E-84  0.1600E+02
 -65.208  0.8264E-84  0.1600E+02
 -65.198  0.8264E-84  0.1600E+02
 -65.188  0.8264E-84  0.1600E+02
 -65.178  0.8264E-84  0.1600E+02
 -65.168  0.8264E-84  0.1600E+02
 -65.158  0.8264E-84  0.1600E+02
 -65.148  0.8264E-84  0.1600E+02
 -65.138  0.8264E-84  0.1600E+02
 -65.128  0.8264E-84  0.1600E+02
 -65.118  0.8264E-84  0.1600E+02
 -65.108  0.8264E-84  0.1600E+02
 -65.098  0.8264E-84  0.1600E+02
 -65.088  0.8264E-84  0.1600E+02
 -65.078  0.8264E-84  0.1600E+02
 -65.068  0.8264E-84  0.1600E+02
 -65.058  0.8264E-84  0.1600E+02
 -65.048  0.8264E-84  0.1600E+02
 -65.038  0.8264E-84  0.1600E+02
 -65.028  0.8264E-84  0.1600E+02
 -65.018  0.8264E-84  0.1600E+02
 -65.008  0.8264E-84  0.1600E+02
 -64.998  0.8264E-84  0.1600E+02
 -64.988  0.8264E-84  0.1600E+02
 -64.978  0.8264E-84  0.1600E+02
 -64.968  0.8264E-84  0.1600E+02
 -64.958  0.8264E-84  0.1600E+02
 -64.948  0.8264E-84  0.1600E+02
 -64.938  0.8264E-84  0.1600E+02
 -64.928  0.8264E-84  0.1600E+02
 -64.918  0.8264E-84  0.1600E+02
 -64.908  0.8264E-84  0.1600E+02
 -64.898  0.8264E-84  0.1600E+02
 -64.888  0.8264E-84  0.1600E+02
 -64.878  0.8264E-84  0.1600E+02
 -64.868  0.8264E-84  0.1600E+02
 -64.858  0.8264E-84  0.1600E+02
 -64.848  0.8264E-84  0.1600E+02
 -64.838  0.8264E-84  0.1600E+02
 -64.828  0.8264E-84  0.1600E+02
 -64.818  0.8264E-84  0.1600E+02
 -64.808  0.8264E-84  0.1600E+02
 -64.798  0.8264E-84  0.1600E+02
 -64.788  0.8264E-84  0.1600E+02
 -64.778  0.8264E-84  0.1600E+02
 -64.768  0.8264E-84  0.1600E+02
 -64.758  0.8264E-84  0.1600E+02
 -64.748  0.8264E-84  0.1600E+02
 -64.738  0.8264E-84  0.1600E+02
 -64.728  0.8264E-84  0.1600E+02
 -64.718  0.8264E-84  0.1600E+02
 -64.708  0.8264E-84  0.1600E+02
 -64.698  0.8264E-84  0.1600E+02
 -64.688  0.8264E-84  0.1600E+02
 -64.678  0.8264E-84  0.1600E+02
 -64.668  0.8264E-84  0.1600E+02
 -64.658  0.8264E-84  0.1600E+02
 -64.648  0.8264E-84  0.1600E+02
 -64.638  0.8264E-84  0.1600E+02
 -64.628  0.8264E-84  0.1600E+02
 -64.618  0.8264E-84  0.1600E+02
 -64.608  0.8264E-84  0.1600E+02
 -64.598  0.8264E-84  0.1600E+02
 -64.588  0.8264E-84  0.1600E+02
 -64.578  0.8264E-84  0.1600E+02
 -64.568  0.8264E-84  0.1600E+02
 -64.558  0.8264E-84  0.1600E+02
 -64.548  0.8264E-84  0.1600E+02
 -64.538  0.8264E-84  0.1600E+02
 -64.528  0.8264E-84  0.1600E+02
 -64.518  0.8264E-84  0.1600E+02
 -64.508  0.8264E-84  0.1600E+02
 -64.498  0.8264E-84  0.1600E+02
 -64.488  0.8264E-84  0.1600E+02
 -64.478  0.8264E-84  0.1600E+02
 -64.468  0.8264E-84  0.1600E+02
 -64.458  0.8264E-84  0.1600E+02
 -64.448  0.8264E-84  0.1600E+02
 -64.438  0.8264E-84  0.1600E+02
 -64.428  0.8264E-84  0.1600E+02
 -64.418  0.8264E-84  0.1600E+02
 -64.408  0.8264E-84  0.1600E+02
 -64.398  0.8264E-84  0.1600E+02
 -64.388  0.8264E-84  0.1600E+02
 -64.378  0.8264E-84  0.1600E+02
 -64.368  0.8264E-84  0.1600E+02
 -64.358  0.8264E-84  0.1600E+02
 -64.348  0.8264E-84  0.1600E+02
 -64.338  0.8264E-84  0.1600E+02
 -64.328  0.8264E-84  0.1600E+02
 -64.318  0.8264E-84  0.1600E+02
 -64.308  0.8264E-84  0.1600E+02
 -64.298  0.8264E-84  0.1600E+02
 -64.288  0.8264E-84  0.1600E+02
 -64.278  0.8264E-84  0.1600E+02
 -64.268  0.8264E-84  0.1600E+02
 -64.258  0.8264E-84  0.1600E+02
 -64.248  0.8264E-84  0.1600E+02
 -64.238  0.8264E-84  0.1600E+02
 -64.228  0.8264E-84  0.1600E+02
 -64.218  0.8264E-84  0.1600E+02
 -64.208  0.8264E-84  0.1600E+02
 -64.198  0.8264E-84  0.1600E+02
 -64.188  0.8264E-84  0.1600E+02
 -64.178  0.8264E-84  0.1600E+02
 -64.168  0.8264E-84  0.1600E+02
 -64.158  0.8264E-84  0.1600E+02
 -64.148  0.8264E-84  0.1600E+02
 -64.138  0.8264E-84  0.1600E+02
 -64.128  0.8264E-84  0.1600E+02
 -64.118  0.8264E-84  0.1600E+02
 -64.108  0.8264E-84  0.1600E+02
 -64.098  0.8264E-84  0.1600E+02
 -64.088  0.8264E-84  0.1600E+02
 -64.078  0.8264E-84  0.1600E+02
 -64.068  0.8264E-84  0.1600E+02
 -64.058  0.8264E-84  0.1600E+02
 -64.048  0.8264E-84  0.1600E+02
 -64.038  0.8264E-84  0.1600E+02
 -64.028  0.8264E-84  0.1600E+02
 -64.018  0.8264E-84  0.1600E+02
 -64.008  0.8264E-84  0.1600E+02
 -63.998  0.8264E-84  0.1600E+02
 -63.988  0.8264E-84  0.1600E+02
 -63.978  0.8264E-84  0.1600E+02
 -63.968  0.8264E-84  0.1600E+02
 -63.958  0.8264E-84  0.1600E+02
 -63.948  0.8264E-84  0.1600E+02
 -63.938  0.8264E-84  0.1600E+02
 -63.928  0.8264E-84  0.1600E+02
 -63.918  0.8264E-84  0.1600E+02
 -63.908  0.8264E-84  0.1600E+02
 -63.898  0.8264E-84  0.1600E+02
 -63.888  0.8264E-84  0.1600E+02
 -63.878  0.8264E-84  0.1600E+02
 -63.868  0.8264E-84  0.1600E+02
 -63.858  0.8264E-84  0.1600E+02
 -63.848  0.8264E-84  0.1600E+02
 -63.838  0.8264E-84  0.1600E+02
 -63.828  0.8264E-84  0.1600E+02
 -63.818  0.8264E-84  0.1600E+02
 -63.808  0.8264E-84  0.1600E+02
 -63.798  0.8264E-84  0.1600E+02
 -63.788  0.8264E-84  0.1600E+02
 -63.778  0.8264E-84  0.1600E+02
 -63.768  0.8264E-84  0.1600E+02
 -63.758  0.8264E-84  0.1600E+02
 -63.748  0.8264E-84  0.1600E+02
 -63.738  0.8264E-84  0.1600E+02
 -63.728  0.8264E-84  0.1600E+02
 -63.718  0.8264E-84  0.1600E+02
 -63.708  0.8264E-84  0.1600E+02
 -63.698  0.8264E-84  0.1600E+02
 -63.688  0.8264E-84  0.1600E+02
 -63.678  0.8264E-84  0.1600E+02
 -63.668  0.8264E-84  0.1600E+02
 -63.658  0.8264E-84  0.1600E+02
 -63.648  0.8264E-84  0.1600E+02
 -63.638  0.8264E-84  0.1600E+02
 -63.628  0.8264E-84  0.1600E+02
 -63.618  0.8264E-84  0.1600E+02
 -63.608  0.8264E-84  0.1600E+02
 -63.598  0.8264E-84  0.1600E+02
 -63.588  0.8264E-84  0.1600E+02
 -63.578  0.8264E-84  0.1600E+02
 -63.568  0.8264E-84  0.1600E+02
 -63.558  0.8264E-84  0.1600E+02
 -63.548  0.8264E-84  0.1600E+02
 -63.538  0.8264E-84  0.1600E+02
 -63.528  0.8264E-84  0.1600E+02
 -63.518  0.8264E-84  0.1600E+02
 -63.508  0.8264E-84  0.1600E+02
 -63.498  0.8264E-84  0.1600E+02
 -63.488  0.8264E-84  0.1600E+02
 -63.478  0.8264E-84  0.1600E+02
 -63.468  0.8264E-84  0.1600E+02
 -63.458  0.8264E-84  0.1600E+02
 -63.448  0.8264E-84  0.1600E+02
 -63.438  0.8264E-84  0.1600E+02
 -63.428  0.8264E-84  0.1600E+02
 -63.418  0.8264E-84  0.1600E+02
 -63.408  0.8264E-84  0.1600E+02
 -63.398  0.8264E-84  0.1600E+02
 -63.388  0.8264E-84  0.1600E+02
 -63.378  0.8264E-84  0.1600E+02
 -63.368  0.8264E-84  0.1600E+02
 -63.358  0.8264E-84  0.1600E+02
 -63.348  0.8264E-84  0.1600E+02
 -63.338  0.8264E-84  0.1600E+02
 -63.328  0.8264E-84  0.1600E+02
 -63.318  0.8264E-84  0.1600E+02
 -63.308  0.8264E-84  0.1600E+02
 -63.298  0.8264E-84  0.1600E+02
 -63.288  0.8264E-84  0.1600E+02
 -63.278  0.8264E-84  0.1600E+02
 -63.268  0.8264E-84  0.1600E+02
 -63.258  0.8264E-84  0.1600E+02
 -63.248  0.8264E-84  0.1600E+02
 -63.238  0.8264E-84  0.1600E+02
 -63.228  0.8264E-84  0.1600E+02
 -63.218  0.8264E-84  0.1600E+02
 -63.208  0.8264E-84  0.1600E+02
 -63.198  0.8264E-84  0.1600E+02
 -63.188  0.8264E-84  0.1600E+02
 -63.178  0.8264E-84  0.1600E+02
 -63.168  0.8264E-84  0.1600E+02
 -63.158  0.8264E-84  0.1600E+02
 -63.148  0.8264E-84  0.1600E+02
 -63.138  0.8264E-84  0.1600E+02
 -63.128  0.8264E-84  0.1600E+02
 -63.118  0.8264E-84  0.1600E+02
 -63.108  0.8264E-84  0.1600E+02
 -63.098  0.8264E-84  0.1600E+02
 -63.088  0.8264E-84  0.1600E+02
 -63.078  0.8264E-84  0.1600E+02
 -63.068  0.8264E-84  0.1600E+02
 -63.058  0.8264E-84  0.1600E+02
 -63.048  0.8264E-84  0.1600E+02
 -63.038  0.8264E-84  0.1600E+02
 -63.028  0.8264E-84  0.1600E+02
 -63.018  0.8264E-84  0.1600E+02
 -63.008  0.8264E-84  0.1600E+02
 -62.998  0.8264E-84  0.1600E+02
 -62.988  0.8264E-84  0.1600E+02
 -62.978  0.8264E-84  0.1600E+02
 -62.968  0.8264E-84  0.1600E+02
 -62.958  0.8264E-84  0.1600E+02
 -62.948  0.8264E-84  0.1600E+02
 -62.938  0.8264E-84  0.1600E+02
 -62.928  0.8264E-84  0.1600E+02
 -62.918  0.8264E-84  0.1600E+02
 -62.908  0.8264E-84  0.1600E+02
 -62.898  0.8264E-84  0.1600E+02
 -62.888  0.8264E-84  0.1600E+02
 -62.878  0.8264E-84  0.1600E+02
 -62.868  0.8264E-84  0.1600E+02
 -62.858  0.8264E-84  0.1600E+02
 -62.848  0.8264E-84  0.1600E+02
 -62.838  0.8264E-84  0.1600E+02
 -62.828  0.8264E-84  0.1600E+02
 -62.818  0.8264E-84  0.1600E+02
 -62.808  0.8264E-84  0.1600E+02
 -62.798  0.8264E-84  0.1600E+02
 -62.788  0.8264E-84  0.1600E+02
 -62.778  0.8264E-84  0.1600E+02
 -62.768  0.8264E-84  0.1600E+02
 -62.758  0.8264E-84  0.1600E+02
 -62.748  0.8264E-84  0.1600E+02
 -62.738  0.8264E-84  0.1600E+02
 -62.728  0.8264E-84  0.1600E+02
 -62.718  0.8264E-84  0.1600E+02
 -62.708  0.8264E-84  0.1600E+02
 -62.698  0.8264E-84  0.1600E+02
 -62.688  0.8264E-84  0.1600E+02
 -62.678  0.8264E-84  0.1600E+02
 -62.668  0.8264E-84  0.1600E+02
 -62.658  0.8264E-84  0.1600E+02
 -62.648  0.8264E-84  0.1600E+02
 -62.638  0.8264E-84  0.1600E+02
 -62.628  0.8264E-84  0.1600E+02
 -62.618  0.8264E-84  0.1600E+02
 -62.608  0.8264E-84  0.1600E+02
 -62.598  0.8264E-84  0.1600E+02
 -62.588  0.8264E-84  0.1600E+02
 -62.578  0.8264E-84  0.1600E+02
 -62.568  0.8264E-84  0.1600E+02
 -62.558  0.8264E-84  0.1600E+02
 -62.548  0.8264E-84  0.1600E+02
 -62.538  0.8264E-84  0.1600E+02
 -62.528  0.8264E-84  0.1600E+02
 -62.518  0.8264E-84  0.1600E+02
 -62.508  0.8264E-84  0.1600E+02
 -62.498  0.8264E-84  0.1600E+02
 -62.488  0.8264E-84  0.1600E+02
 -62.478  0.8264E-84  0.1600E+02
 -62.468  0.8264E-84  0.1600E+02
 -62.458  0.8264E-84  0.1600E+02
 -62.448  0.8264E-84  0.1600E+02
 -62.438  0.8264E-84  0.1600E+02
 -62.428  0.8264E-84  0.1600E+02
 -62.418  0.8264E-84  0.1600E+02
 -62.408  0.8264E-84  0.1600E+02
 -62.398  0.8264E-84  0.1600E+02
 -62.388  0.8264E-84  0.1600E+02
 -62.378  0.8264E-84  0.1600E+02
 -62.368  0.8264E-84  0.1600E+02
 -62.358  0.8264E-84  0.1600E+02
 -62.348  0.8264E-84  0.1600E+02
 -62.338  0.8264E-84  0.1600E+02
 -62.328  0.8264E-84  0.1600E+02
 -62.318  0.8264E-84  0.1600E+02
 -62.308  0.8264E-84  0.1600E+02
 -62.298  0.8264E-84  0.1600E+02
 -62.288  0.8264E-84  0.1600E+02
 -62.278  0.8264E-84  0.1600E+02
 -62.268  0.8264E-84  0.1600E+02
 -62.258  0.8264E-84  0.1600E+02
 -62.248  0.8264E-84  0.1600E+02
 -62.238  0.8264E-84  0.1600E+02
 -62.228  0.8264E-84  0.1600E+02
 -62.218  0.8264E-84  0.1600E+02
 -62.208  0.8264E-84  0.1600E+02
 -62.198  0.8264E-84  0.1600E+02
 -62.188  0.8264E-84  0.1600E+02
 -62.178  0.8264E-84  0.1600E+02
 -62.168  0.8264E-84  0.1600E+02
 -62.158  0.8264E-84  0.1600E+02
 -62.148  0.8264E-84  0.1600E+02
 -62.138  0.8264E-84  0.1600E+02
 -62.128  0.8264E-84  0.1600E+02
 -62.118  0.8264E-84  0.1600E+02
 -62.108  0.8264E-84  0.1600E+02
 -62.098  0.8264E-84  0.1600E+02
 -62.088  0.8264E-84  0.1600E+02
 -62.078  0.8264E-84  0.1600E+02
 -62.068  0.8264E-84  0.1600E+02
 -62.058  0.8264E-84  0.1600E+02
 -62.048  0.8264E-84  0.1600E+02
 -62.038  0.8264E-84  0.1600E+02
 -62.028  0.8264E-84  0.1600E+02
 -62.018  0.8264E-84  0.1600E+02
 -62.008  0.8264E-84  0.1600E+02
 -61.998  0.8264E-84  0.1600E+02
 -61.988  0.8264E-84  0.1600E+02
 -61.978  0.8264E-84  0.1600E+02
 -61.968  0.8264E-84  0.1600E+02
 -61.958  0.8264E-84  0.1600E+02
 -61.948  0.8264E-84  0.1600E+02
 -61.938  0.8264E-84  0.1600E+02
 -61.928  0.8264E-84  0.1600E+02
 -61.918  0.8264E-84  0.1600E+02
 -61.908  0.8264E-84  0.1600E+02
 -61.898  0.8264E-84  0.1600E+02
 -61.888  0.8264E-84  0.1600E+02
 -61.878  0.8264E-84  0.1600E+02
 -61.868  0.8264E-84  0.1600E+02
 -61.858  0.8264E-84  0.1600E+02
 -61.848  0.8264E-84  0.1600E+02
 -61.838  0.8264E-84  0.1600E+02
 -61.828  0.8264E-84  0.1600E+02
 -61.818  0.8264E-84  0.1600E+02
 -61.808  0.8264E-84  0.1600E+02
 -61.798  0.8264E-84  0.1600E+02
 -61.788  0.8264E-84  0.1600E+02
 -61.778  0.8264E-84  0.1600E+02
 -61.768  0.8264E-84  0.1600E+02
 -61.758  0.8264E-84  0.1600E+02
 -61.748  0.8264E-84  0.1600E+02
 -61.738  0.8264E-84  0.1600E+02
 -61.728  0.8264E-84  0.1600E+02
 -61.718  0.8264E-84  0.1600E+02
 -61.708  0.8264E-84  0.1600E+02
 -61.698  0.8264E-84  0.1600E+02
 -61.688  0.8264E-84  0.1600E+02
 -61.678  0.8264E-84  0.1600E+02
 -61.668  0.8264E-84  0.1600E+02
 -61.658  0.8264E-84  0.1600E+02
 -61.648  0.8264E-84  0.1600E+02
 -61.638  0.8264E-84  0.1600E+02
 -61.628  0.8264E-84  0.1600E+02
 -61.618  0.8264E-84  0.1600E+02
 -61.608  0.8264E-84  0.1600E+02
 -61.598  0.8264E-84  0.1600E+02
 -61.588  0.8264E-84  0.1600E+02
 -61.578  0.8264E-84  0.1600E+02
 -61.568  0.8264E-84  0.1600E+02
 -61.558  0.8264E-84  0.1600E+02
 -61.548  0.8264E-84  0.1600E+02
 -61.538  0.8264E-84  0.1600E+02
 -61.528  0.8264E-84  0.1600E+02
 -61.518  0.8264E-84  0.1600E+02
 -61.508  0.8264E-84  0.1600E+02
 -61.498  0.8264E-84  0.1600E+02
 -61.488  0.8264E-84  0.1600E+02
 -61.478  0.8264E-84  0.1600E+02
 -61.468  0.8264E-84  0.1600E+02
 -61.458  0.8264E-84  0.1600E+02
 -61.448  0.8264E-84  0.1600E+02
 -61.438  0.8264E-84  0.1600E+02
 -61.428  0.8264E-84  0.1600E+02
 -61.418  0.8264E-84  0.1600E+02
 -61.408  0.8264E-84  0.1600E+02
 -61.398  0.8264E-84  0.1600E+02
 -61.388  0.8264E-84  0.1600E+02
 -61.378  0.8264E-84  0.1600E+02
 -61.368  0.8264E-84  0.1600E+02
 -61.358  0.8264E-84  0.1600E+02
 -61.348  0.8264E-84  0.1600E+02
 -61.338  0.8264E-84  0.1600E+02
 -61.328  0.8264E-84  0.1600E+02
 -61.318  0.8264E-84  0.1600E+02
 -61.308  0.8264E-84  0.1600E+02
 -61.298  0.8264E-84  0.1600E+02
 -61.288  0.8264E-84  0.1600E+02
 -61.278  0.8264E-84  0.1600E+02
 -61.268  0.8264E-84  0.1600E+02
 -61.258  0.8264E-84  0.1600E+02
 -61.248  0.8264E-84  0.1600E+02
 -61.238  0.8264E-84  0.1600E+02
 -61.228  0.8264E-84  0.1600E+02
 -61.218  0.8264E-84  0.1600E+02
 -61.208  0.8264E-84  0.1600E+02
 -61.198  0.8264E-84  0.1600E+02
 -61.188  0.8264E-84  0.1600E+02
 -61.178  0.8264E-84  0.1600E+02
 -61.168  0.8264E-84  0.1600E+02
 -61.158  0.8264E-84  0.1600E+02
 -61.148  0.8264E-84  0.1600E+02
 -61.138  0.8264E-84  0.1600E+02
 -61.128  0.8264E-84  0.1600E+02
 -61.118  0.8264E-84  0.1600E+02
 -61.108  0.8264E-84  0.1600E+02
 -61.098  0.8264E-84  0.1600E+02
 -61.088  0.8264E-84  0.1600E+02
 -61.078  0.8264E-84  0.1600E+02
 -61.068  0.8264E-84  0.1600E+02
 -61.058  0.8264E-84  0.1600E+02
 -61.048  0.8264E-84  0.1600E+02
 -61.038  0.8264E-84  0.1600E+02
 -61.028  0.8264E-84  0.1600E+02
 -61.018  0.8264E-84  0.1600E+02
 -61.008  0.8264E-84  0.1600E+02
 -60.998  0.8264E-84  0.1600E+02
 -60.988  0.8264E-84  0.1600E+02
 -60.978  0.8264E-84  0.1600E+02
 -60.968  0.8264E-84  0.1600E+02
 -60.958  0.8264E-84  0.1600E+02
 -60.948  0.8264E-84  0.1600E+02
 -60.938  0.8264E-84  0.1600E+02
 -60.928  0.8264E-84  0.1600E+02
 -60.918  0.8264E-84  0.1600E+02
 -60.908  0.8264E-84  0.1600E+02
 -60.898  0.8264E-84  0.1600E+02
 -60.888  0.8264E-84  0.1600E+02
 -60.878  0.8264E-84  0.1600E+02
 -60.868  0.8264E-84  0.1600E+02
 -60.858  0.8264E-84  0.1600E+02
 -60.848  0.8264E-84  0.1600E+02
 -60.838  0.8264E-84  0.1600E+02
 -60.828  0.8264E-84  0.1600E+02
 -60.818  0.8264E-84  0.1600E+02
 -60.808  0.8264E-84  0.1600E+02
 -60.798  0.8264E-84  0.1600E+02
 -60.788  0.8264E-84  0.1600E+02
 -60.778  0.8264E-84  0.1600E+02
 -60.768  0.8264E-84  0.1600E+02
 -60.758  0.8264E-84  0.1600E+02
 -60.748  0.8264E-84  0.1600E+02
 -60.738  0.8264E-84  0.1600E+02
 -60.728  0.8264E-84  0.1600E+02
 -60.718  0.8264E-84  0.1600E+02
 -60.708  0.8264E-84  0.1600E+02
 -60.698  0.8264E-84  0.1600E+02
 -60.688  0.8264E-84  0.1600E+02
 -60.678  0.8264E-84  0.1600E+02
 -60.668  0.8264E-84  0.1600E+02
 -60.658  0.8264E-84  0.1600E+02
 -60.648  0.8264E-84  0.1600E+02
 -60.638  0.8264E-84  0.1600E+02
 -60.628  0.8264E-84  0.1600E+02
 -60.618  0.8264E-84  0.1600E+02
 -60.608  0.8264E-84  0.1600E+02
 -60.598  0.8264E-84  0.1600E+02
 -60.588  0.8264E-84  0.1600E+02
 -60.578  0.8264E-84  0.1600E+02
 -60.568  0.8264E-84  0.1600E+02
 -60.558  0.8264E-84  0.1600E+02
 -60.548  0.8264E-84  0.1600E+02
 -60.538  0.8264E-84  0.1600E+02
 -60.528  0.8264E-84  0.1600E+02
 -60.518  0.8264E-84  0.1600E+02
 -60.508  0.8264E-84  0.1600E+02
 -60.498  0.8264E-84  0.1600E+02
 -60.488  0.8264E-84  0.1600E+02
 -60.478  0.8264E-84  0.1600E+02
 -60.468  0.8264E-84  0.1600E+02
 -60.458  0.8264E-84  0.1600E+02
 -60.448  0.8264E-84  0.1600E+02
 -60.438  0.8264E-84  0.1600E+02
 -60.428  0.8264E-84  0.1600E+02
 -60.418  0.8264E-84  0.1600E+02
 -60.408  0.8264E-84  0.1600E+02
 -60.398  0.8264E-84  0.1600E+02
 -60.388  0.8264E-84  0.1600E+02
 -60.378  0.8264E-84  0.1600E+02
 -60.368  0.8264E-84  0.1600E+02
 -60.358  0.8264E-84  0.1600E+02
 -60.348  0.8264E-84  0.1600E+02
 -60.338  0.8264E-84  0.1600E+02
 -60.328  0.8264E-84  0.1600E+02
 -60.318  0.8264E-84  0.1600E+02
 -60.308  0.8264E-84  0.1600E+02
 -60.298  0.8264E-84  0.1600E+02
 -60.288  0.8264E-84  0.1600E+02
 -60.278  0.8264E-84  0.1600E+02
 -60.268  0.8264E-84  0.1600E+02
 -60.258  0.8264E-84  0.1600E+02
 -60.248  0.8264E-84  0.1600E+02
 -60.238  0.8264E-84  0.1600E+02
 -60.228  0.8264E-84  0.1600E+02
 -60.218  0.8264E-84  0.1600E+02
 -60.208  0.8264E-84  0.1600E+02
 -60.198  0.8264E-84  0.1600E+02
 -60.188  0.8264E-84  0.1600E+02
 -60.178  0.8264E-84  0.1600E+02
 -60.168  0.8264E-84  0.1600E+02
 -60.158  0.8264E-84  0.1600E+02
 -60.148  0.8264E-84  0.1600E+02
 -60.138  0.8264E-84  0.1600E+02
 -60.128  0.8264E-84  0.1600E+02
 -60.118  0.8264E-84  0.1600E+02
 -60.108  0.8264E-84  0.1600E+02
 -60.098  0.8264E-84  0.1600E+02
 -60.088  0.8264E-84  0.1600E+02
 -60.078  0.8264E-84  0.1600E+02
 -60.068  0.8264E-84  0.1600E+02
 -60.058  0.8264E-84  0.1600E+02
 -60.048  0.8264E-84  0.1600E+02
 -60.038  0.8264E-84  0.1600E+02
 -60.028  0.8264E-84  0.1600E+02
 -60.018  0.8264E-84  0.1600E+02
 -60.008  0.8264E-84  0.1600E+02
 -59.998  0.8264E-84  0.1600E+02
 -59.988  0.8264E-84  0.1600E+02
 -59.978  0.8264E-84  0.1600E+02
 -59.968  0.8264E-84  0.1600E+02
 -59.958  0.8264E-84  0.1600E+02
 -59.948  0.8264E-84  0.1600E+02
 -59.938  0.8264E-84  0.1600E+02
 -59.928  0.8264E-84  0.1600E+02
 -59.918  0.8264E-84  0.1600E+02
 -59.908  0.8264E-84  0.1600E+02
 -59.898  0.8264E-84  0.1600E+02
 -59.888  0.8264E-84  0.1600E+02
 -59.878  0.8264E-84  0.1600E+02
 -59.868  0.8264E-84  0.1600E+02
 -59.858  0.8264E-84  0.1600E+02
 -59.848  0.8264E-84  0.1600E+02
 -59.838  0.8264E-84  0.1600E+02
 -59.828  0.8264E-84  0.1600E+02
 -59.818  0.8264E-84  0.1600E+02
 -59.808  0.8264E-84  0.1600E+02
 -59.798  0.8264E-84  0.1600E+02
 -59.788  0.8264E-84  0.1600E+02
 -59.778  0.8264E-84  0.1600E+02
 -59.768  0.8264E-84  0.1600E+02
 -59.758  0.8264E-84  0.1600E+02
 -59.748  0.8264E-84  0.1600E+02
 -59.738  0.8264E-84  0.1600E+02
 -59.728  0.8264E-84  0.1600E+02
 -59.718  0.8264E-84  0.1600E+02
 -59.708  0.8264E-84  0.1600E+02
 -59.698  0.8264E-84  0.1600E+02
 -59.688  0.8264E-84  0.1600E+02
 -59.678  0.8264E-84  0.1600E+02
 -59.668  0.8264E-84  0.1600E+02
 -59.658  0.8264E-84  0.1600E+02
 -59.648  0.8264E-84  0.1600E+02
 -59.638  0.8264E-84  0.1600E+02
 -59.628  0.8264E-84  0.1600E+02
 -59.618  0.8264E-84  0.1600E+02
 -59.608  0.8264E-84  0.1600E+02
 -59.598  0.8264E-84  0.1600E+02
 -59.588  0.8264E-84  0.1600E+02
 -59.578  0.8264E-84  0.1600E+02
 -59.568  0.8264E-84  0.1600E+02
 -59.558  0.8264E-84  0.1600E+02
 -59.548  0.8264E-84  0.1600E+02
 -59.538  0.8264E-84  0.1600E+02
 -59.528  0.8264E-84  0.1600E+02
 -59.518  0.8264E-84  0.1600E+02
 -59.508  0.8264E-84  0.1600E+02
 -59.498  0.8264E-84  0.1600E+02
 -59.488  0.8264E-84  0.1600E+02
 -59.478  0.8264E-84  0.1600E+02
 -59.468  0.8264E-84  0.1600E+02
 -59.458  0.8264E-84  0.1600E+02
 -59.448  0.8264E-84  0.1600E+02
 -59.438  0.8264E-84  0.1600E+02
 -59.428  0.8264E-84  0.1600E+02
 -59.418  0.8264E-84  0.1600E+02
 -59.408  0.8264E-84  0.1600E+02
 -59.398  0.8264E-84  0.1600E+02
 -59.388  0.8264E-84  0.1600E+02
 -59.378  0.8264E-84  0.1600E+02
 -59.368  0.8264E-84  0.1600E+02
 -59.358  0.8264E-84  0.1600E+02
 -59.348  0.8264E-84  0.1600E+02
 -59.338  0.8264E-84  0.1600E+02
 -59.328  0.8264E-84  0.1600E+02
 -59.318  0.8264E-84  0.1600E+02
 -59.308  0.8264E-84  0.1600E+02
 -59.298  0.8264E-84  0.1600E+02
 -59.288  0.8264E-84  0.1600E+02
 -59.278  0.8264E-84  0.1600E+02
 -59.268  0.8264E-84  0.1600E+02
 -59.258  0.8264E-84  0.1600E+02
 -59.248  0.8264E-84  0.1600E+02
 -59.238  0.8264E-84  0.1600E+02
 -59.228  0.8264E-84  0.1600E+02
 -59.218  0.8264E-84  0.1600E+02
 -59.208  0.8264E-84  0.1600E+02
 -59.198  0.8264E-84  0.1600E+02
 -59.188  0.8264E-84  0.1600E+02
 -59.178  0.8264E-84  0.1600E+02
 -59.168  0.8264E-84  0.1600E+02
 -59.158  0.8264E-84  0.1600E+02
 -59.148  0.8264E-84  0.1600E+02
 -59.138  0.8264E-84  0.1600E+02
 -59.128  0.8264E-84  0.1600E+02
 -59.118  0.8264E-84  0.1600E+02
 -59.108  0.8264E-84  0.1600E+02
 -59.098  0.8264E-84  0.1600E+02
 -59.088  0.8264E-84  0.1600E+02
 -59.078  0.8264E-84  0.1600E+02
 -59.068  0.8264E-84  0.1600E+02
 -59.058  0.8264E-84  0.1600E+02
 -59.048  0.8264E-84  0.1600E+02
 -59.038  0.8264E-84  0.1600E+02
 -59.028  0.8264E-84  0.1600E+02
 -59.018  0.8264E-84  0.1600E+02
 -59.008  0.8264E-84  0.1600E+02
 -58.998  0.8264E-84  0.1600E+02
 -58.988  0.8264E-84  0.1600E+02
 -58.978  0.8264E-84  0.1600E+02
 -58.968  0.8264E-84  0.1600E+02
 -58.958  0.8264E-84  0.1600E+02
 -58.948  0.8264E-84  0.1600E+02
 -58.938  0.8264E-84  0.1600E+02
 -58.928  0.8264E-84  0.1600E+02
 -58.918  0.8264E-84  0.1600E+02
 -58.908  0.8264E-84  0.1600E+02
 -58.898  0.8264E-84  0.1600E+02
 -58.888  0.8264E-84  0.1600E+02
 -58.878  0.8264E-84  0.1600E+02
 -58.868  0.8264E-84  0.1600E+02
 -58.858  0.8264E-84  0.1600E+02
 -58.848  0.8264E-84  0.1600E+02
 -58.838  0.8264E-84  0.1600E+02
 -58.828  0.8264E-84  0.1600E+02
 -58.818  0.8264E-84  0.1600E+02
 -58.808  0.8264E-84  0.1600E+02
 -58.798  0.8264E-84  0.1600E+02
 -58.788  0.8264E-84  0.1600E+02
 -58.778  0.8264E-84  0.1600E+02
 -58.768  0.8264E-84  0.1600E+02
 -58.758  0.8264E-84  0.1600E+02
 -58.748  0.8264E-84  0.1600E+02
 -58.738  0.8264E-84  0.1600E+02
 -58.728  0.8264E-84  0.1600E+02
 -58.718  0.8264E-84  0.1600E+02
 -58.708  0.8264E-84  0.1600E+02
 -58.698  0.8264E-84  0.1600E+02
 -58.688  0.8264E-84  0.1600E+02
 -58.678  0.8264E-84  0.1600E+02
 -58.668  0.8264E-84  0.1600E+02
 -58.658  0.8264E-84  0.1600E+02
 -58.648  0.8264E-84  0.1600E+02
 -58.638  0.8264E-84  0.1600E+02
 -58.628  0.8264E-84  0.1600E+02
 -58.618  0.8264E-84  0.1600E+02
 -58.608  0.8264E-84  0.1600E+02
 -58.598  0.8264E-84  0.1600E+02
 -58.588  0.8264E-84  0.1600E+02
 -58.578  0.8264E-84  0.1600E+02
 -58.568  0.8264E-84  0.1600E+02
 -58.558  0.8264E-84  0.1600E+02
 -58.548  0.8264E-84  0.1600E+02
 -58.538  0.8264E-84  0.1600E+02
 -58.528  0.8264E-84  0.1600E+02
 -58.518  0.8264E-84  0.1600E+02
 -58.508  0.8264E-84  0.1600E+02
 -58.498  0.8264E-84  0.1600E+02
 -58.488  0.8264E-84  0.1600E+02
 -58.478  0.8264E-84  0.1600E+02
 -58.468  0.8264E-84  0.1600E+02
 -58.458  0.8264E-84  0.1600E+02
 -58.448  0.8264E-84  0.1600E+02
 -58.438  0.8264E-84  0.1600E+02
 -58.428  0.8264E-84  0.1600E+02
 -58.418  0.8264E-84  0.1600E+02
 -58.408  0.8264E-84  0.1600E+02
 -58.398  0.8264E-84  0.1600E+02
 -58.388  0.8264E-84  0.1600E+02
 -58.378  0.8264E-84  0.1600E+02
 -58.368  0.8264E-84  0.1600E+02
 -58.358  0.8264E-84  0.1600E+02
 -58.348  0.8264E-84  0.1600E+02
 -58.338  0.8264E-84  0.1600E+02
 -58.328  0.8264E-84  0.1600E+02
 -58.318  0.8264E-84  0.1600E+02
 -58.308  0.8264E-84  0.1600E+02
 -58.298  0.8264E-84  0.1600E+02
 -58.288  0.8264E-84  0.1600E+02
 -58.278  0.8264E-84  0.1600E+02
 -58.268  0.8264E-84  0.1600E+02
 -58.258  0.8264E-84  0.1600E+02
 -58.248  0.8264E-84  0.1600E+02
 -58.238  0.8264E-84  0.1600E+02
 -58.228  0.8264E-84  0.1600E+02
 -58.218  0.8264E-84  0.1600E+02
 -58.208  0.8264E-84  0.1600E+02
 -58.198  0.8264E-84  0.1600E+02
 -58.188  0.8264E-84  0.1600E+02
 -58.178  0.8264E-84  0.1600E+02
 -58.168  0.8264E-84  0.1600E+02
 -58.158  0.8264E-84  0.1600E+02
 -58.148  0.8264E-84  0.1600E+02
 -58.138  0.8264E-84  0.1600E+02
 -58.128  0.8264E-84  0.1600E+02
 -58.118  0.8264E-84  0.1600E+02
 -58.108  0.8264E-84  0.1600E+02
 -58.098  0.8264E-84  0.1600E+02
 -58.088  0.8264E-84  0.1600E+02
 -58.078  0.8264E-84  0.1600E+02
 -58.068  0.8264E-84  0.1600E+02
 -58.058  0.8264E-84  0.1600E+02
 -58.048  0.8264E-84  0.1600E+02
 -58.038  0.8264E-84  0.1600E+02
 -58.028  0.8264E-84  0.1600E+02
 -58.018  0.8264E-84  0.1600E+02
 -58.008  0.8264E-84  0.1600E+02
 -57.998  0.8264E-84  0.1600E+02
 -57.988  0.8264E-84  0.1600E+02
 -57.978  0.8264E-84  0.1600E+02
 -57.968  0.8264E-84  0.1600E+02
 -57.958  0.8264E-84  0.1600E+02
 -57.948  0.8264E-84  0.1600E+02
 -57.938  0.8264E-84  0.1600E+02
 -57.928  0.8264E-84  0.1600E+02
 -57.918  0.8264E-84  0.1600E+02
 -57.908  0.8264E-84  0.1600E+02
 -57.898  0.8264E-84  0.1600E+02
 -57.888  0.8264E-84  0.1600E+02
 -57.878  0.8264E-84  0.1600E+02
 -57.868  0.8264E-84  0.1600E+02
 -57.858  0.8264E-84  0.1600E+02
 -57.848  0.8264E-84  0.1600E+02
 -57.838  0.8264E-84  0.1600E+02
 -57.828  0.8264E-84  0.1600E+02
 -57.818  0.8264E-84  0.1600E+02
 -57.808  0.8264E-84  0.1600E+02
 -57.798  0.8264E-84  0.1600E+02
 -57.788  0.8264E-84  0.1600E+02
 -57.778  0.8264E-84  0.1600E+02
 -57.768  0.8264E-84  0.1600E+02
 -57.758  0.8264E-84  0.1600E+02
 -57.748  0.8264E-84  0.1600E+02
 -57.738  0.8264E-84  0.1600E+02
 -57.728  0.8264E-84  0.1600E+02
 -57.718  0.8264E-84  0.1600E+02
 -57.708  0.8264E-84  0.1600E+02
 -57.698  0.8264E-84  0.1600E+02
 -57.688  0.8264E-84  0.1600E+02
 -57.678  0.8264E-84  0.1600E+02
 -57.668  0.8264E-84  0.1600E+02
 -57.658  0.8264E-84  0.1600E+02
 -57.648  0.8264E-84  0.1600E+02
 -57.638  0.8264E-84  0.1600E+02
 -57.628  0.8264E-84  0.1600E+02
 -57.618  0.8264E-84  0.1600E+02
 -57.608  0.8264E-84  0.1600E+02
 -57.598  0.8264E-84  0.1600E+02
 -57.588  0.8264E-84  0.1600E+02
 -57.578  0.8264E-84  0.1600E+02
 -57.568  0.8264E-84  0.1600E+02
 -57.558  0.8264E-84  0.1600E+02
 -57.548  0.8264E-84  0.1600E+02
 -57.538  0.8264E-84  0.1600E+02
 -57.528  0.8264E-84  0.1600E+02
 -57.518  0.8264E-84  0.1600E+02
 -57.508  0.8264E-84  0.1600E+02
 -57.498  0.8264E-84  0.1600E+02
 -57.488  0.8264E-84  0.1600E+02
 -57.478  0.8264E-84  0.1600E+02
 -57.468  0.8264E-84  0.1600E+02
 -57.458  0.8264E-84  0.1600E+02
 -57.448  0.8264E-84  0.1600E+02
 -57.438  0.8264E-84  0.1600E+02
 -57.428  0.8264E-84  0.1600E+02
 -57.418  0.8264E-84  0.1600E+02
 -57.408  0.8264E-84  0.1600E+02
 -57.398  0.8264E-84  0.1600E+02
 -57.388  0.8264E-84  0.1600E+02
 -57.378  0.8264E-84  0.1600E+02
 -57.368  0.8264E-84  0.1600E+02
 -57.358  0.8264E-84  0.1600E+02
 -57.348  0.8264E-84  0.1600E+02
 -57.338  0.8264E-84  0.1600E+02
 -57.328  0.8264E-84  0.1600E+02
 -57.318  0.8264E-84  0.1600E+02
 -57.308  0.8264E-84  0.1600E+02
 -57.298  0.8264E-84  0.1600E+02
 -57.288  0.8264E-84  0.1600E+02
 -57.278  0.8264E-84  0.1600E+02
 -57.268  0.8264E-84  0.1600E+02
 -57.258  0.8264E-84  0.1600E+02
 -57.248  0.8264E-84  0.1600E+02
 -57.238  0.8264E-84  0.1600E+02
 -57.228  0.8264E-84  0.1600E+02
 -57.218  0.8264E-84  0.1600E+02
 -57.208  0.8264E-84  0.1600E+02
 -57.198  0.8264E-84  0.1600E+02
 -57.188  0.8264E-84  0.1600E+02
 -57.178  0.8264E-84  0.1600E+02
 -57.168  0.8264E-84  0.1600E+02
 -57.158  0.8264E-84  0.1600E+02
 -57.148  0.8264E-84  0.1600E+02
 -57.138  0.8264E-84  0.1600E+02
 -57.128  0.8264E-84  0.1600E+02
 -57.118  0.8264E-84  0.1600E+02
 -57.108  0.8264E-84  0.1600E+02
 -57.098  0.8264E-84  0.1600E+02
 -57.088  0.8264E-84  0.1600E+02
 -57.078  0.8264E-84  0.1600E+02
 -57.068  0.8264E-84  0.1600E+02
 -57.058  0.8264E-84  0.1600E+02
 -57.048  0.8264E-84  0.1600E+02
 -57.038  0.8264E-84  0.1600E+02
 -57.028  0.8264E-84  0.1600E+02
 -57.018  0.8264E-84  0.1600E+02
 -57.008  0.8264E-84  0.1600E+02
 -56.998  0.8264E-84  0.1600E+02
 -56.988  0.8264E-84  0.1600E+02
 -56.978  0.8264E-84  0.1600E+02
 -56.968  0.8264E-84  0.1600E+02
 -56.958  0.8264E-84  0.1600E+02
 -56.948  0.8264E-84  0.1600E+02
 -56.938  0.8264E-84  0.1600E+02
 -56.928  0.8264E-84  0.1600E+02
 -56.918  0.8264E-84  0.1600E+02
 -56.908  0.8264E-84  0.1600E+02
 -56.898  0.8264E-84  0.1600E+02
 -56.888  0.8264E-84  0.1600E+02
 -56.878  0.8264E-84  0.1600E+02
 -56.868  0.8264E-84  0.1600E+02
 -56.858  0.8264E-84  0.1600E+02
 -56.848  0.8264E-84  0.1600E+02
 -56.838  0.8264E-84  0.1600E+02
 -56.828  0.8264E-84  0.1600E+02
 -56.818  0.8264E-84  0.1600E+02
 -56.808  0.8264E-84  0.1600E+02
 -56.798  0.8264E-84  0.1600E+02
 -56.788  0.8264E-84  0.1600E+02
 -56.778  0.8264E-84  0.1600E+02
 -56.768  0.8264E-84  0.1600E+02
 -56.758  0.8264E-84  0.1600E+02
 -56.748  0.8264E-84  0.1600E+02
 -56.738  0.8264E-84  0.1600E+02
 -56.728  0.8264E-84  0.1600E+02
 -56.718  0.8264E-84  0.1600E+02
 -56.708  0.8264E-84  0.1600E+02
 -56.698  0.8264E-84  0.1600E+02
 -56.688  0.8264E-84  0.1600E+02
 -56.678  0.8264E-84  0.1600E+02
 -56.668  0.8264E-84  0.1600E+02
 -56.658  0.8264E-84  0.1600E+02
 -56.648  0.8264E-84  0.1600E+02
 -56.638  0.8264E-84  0.1600E+02
 -56.628  0.8264E-84  0.1600E+02
 -56.618  0.8264E-84  0.1600E+02
 -56.608  0.8264E-84  0.1600E+02
 -56.598  0.8264E-84  0.1600E+02
 -56.588  0.8264E-84  0.1600E+02
 -56.578  0.8264E-84  0.1600E+02
 -56.568  0.8264E-84  0.1600E+02
 -56.558  0.8264E-84  0.1600E+02
 -56.548  0.8264E-84  0.1600E+02
 -56.538  0.8264E-84  0.1600E+02
 -56.528  0.8264E-84  0.1600E+02
 -56.518  0.8264E-84  0.1600E+02
 -56.508  0.8264E-84  0.1600E+02
 -56.498  0.8264E-84  0.1600E+02
 -56.488  0.8264E-84  0.1600E+02
 -56.478  0.8264E-84  0.1600E+02
 -56.468  0.8264E-84  0.1600E+02
 -56.458  0.8264E-84  0.1600E+02
 -56.448  0.8264E-84  0.1600E+02
 -56.438  0.8264E-84  0.1600E+02
 -56.428  0.8264E-84  0.1600E+02
 -56.418  0.8264E-84  0.1600E+02
 -56.408  0.8264E-84  0.1600E+02
 -56.398  0.8264E-84  0.1600E+02
 -56.388  0.8264E-84  0.1600E+02
 -56.378  0.8264E-84  0.1600E+02
 -56.368  0.8264E-84  0.1600E+02
 -56.358  0.8264E-84  0.1600E+02
 -56.348  0.8264E-84  0.1600E+02
 -56.338  0.8264E-84  0.1600E+02
 -56.328  0.8264E-84  0.1600E+02
 -56.318  0.8264E-84  0.1600E+02
 -56.308  0.8264E-84  0.1600E+02
 -56.298  0.8264E-84  0.1600E+02
 -56.288  0.8264E-84  0.1600E+02
 -56.278  0.8264E-84  0.1600E+02
 -56.268  0.8264E-84  0.1600E+02
 -56.258  0.8264E-84  0.1600E+02
 -56.248  0.8264E-84  0.1600E+02
 -56.238  0.8264E-84  0.1600E+02
 -56.228  0.8264E-84  0.1600E+02
 -56.218  0.8264E-84  0.1600E+02
 -56.208  0.8264E-84  0.1600E+02
 -56.198  0.8264E-84  0.1600E+02
 -56.188  0.8264E-84  0.1600E+02
 -56.178  0.8264E-84  0.1600E+02
 -56.168  0.8264E-84  0.1600E+02
 -56.158  0.8264E-84  0.1600E+02
 -56.148  0.8264E-84  0.1600E+02
 -56.138  0.8264E-84  0.1600E+02
 -56.128  0.8264E-84  0.1600E+02
 -56.118  0.8264E-84  0.1600E+02
 -56.108  0.8264E-84  0.1600E+02
 -56.098  0.8264E-84  0.1600E+02
 -56.088  0.8264E-84  0.1600E+02
 -56.078  0.8264E-84  0.1600E+02
 -56.068  0.8264E-84  0.1600E+02
 -56.058  0.8264E-84  0.1600E+02
 -56.048  0.8264E-84  0.1600E+02
 -56.038  0.8264E-84  0.1600E+02
 -56.028  0.8264E-84  0.1600E+02
 -56.018  0.8264E-84  0.1600E+02
 -56.008  0.8264E-84  0.1600E+02
 -55.998  0.8264E-84  0.1600E+02
 -55.988  0.8264E-84  0.1600E+02
 -55.978  0.8264E-84  0.1600E+02
 -55.968  0.8264E-84  0.1600E+02
 -55.958  0.8264E-84  0.1600E+02
 -55.948  0.8264E-84  0.1600E+02
 -55.938  0.8264E-84  0.1600E+02
 -55.928  0.8264E-84  0.1600E+02
 -55.918  0.8264E-84  0.1600E+02
 -55.908  0.8264E-84  0.1600E+02
 -55.898  0.8264E-84  0.1600E+02
 -55.888  0.8264E-84  0.1600E+02
 -55.878  0.8264E-84  0.1600E+02
 -55.868  0.8264E-84  0.1600E+02
 -55.858  0.8264E-84  0.1600E+02
 -55.848  0.8264E-84  0.1600E+02
 -55.838  0.8264E-84  0.1600E+02
 -55.828  0.8264E-84  0.1600E+02
 -55.818  0.8264E-84  0.1600E+02
 -55.808  0.8264E-84  0.1600E+02
 -55.798  0.8264E-84  0.1600E+02
 -55.788  0.8264E-84  0.1600E+02
 -55.778  0.8264E-84  0.1600E+02
 -55.768  0.8264E-84  0.1600E+02
 -55.758  0.8264E-84  0.1600E+02
 -55.748  0.8264E-84  0.1600E+02
 -55.738  0.8264E-84  0.1600E+02
 -55.728  0.8264E-84  0.1600E+02
 -55.718  0.8264E-84  0.1600E+02
 -55.708  0.8264E-84  0.1600E+02
 -55.698  0.8264E-84  0.1600E+02
 -55.688  0.8264E-84  0.1600E+02
 -55.678  0.8264E-84  0.1600E+02
 -55.668  0.8264E-84  0.1600E+02
 -55.658  0.8264E-84  0.1600E+02
 -55.648  0.8264E-84  0.1600E+02
 -55.638  0.8264E-84  0.1600E+02
 -55.628  0.8264E-84  0.1600E+02
 -55.618  0.8264E-84  0.1600E+02
 -55.608  0.8264E-84  0.1600E+02
 -55.598  0.8264E-84  0.1600E+02
 -55.588  0.8264E-84  0.1600E+02
 -55.578  0.8264E-84  0.1600E+02
 -55.568  0.8264E-84  0.1600E+02
 -55.558  0.8264E-84  0.1600E+02
 -55.548  0.8264E-84  0.1600E+02
 -55.538  0.8264E-84  0.1600E+02
 -55.528  0.8264E-84  0.1600E+02
 -55.518  0.8264E-84  0.1600E+02
 -55.508  0.8264E-84  0.1600E+02
 -55.498  0.8264E-84  0.1600E+02
 -55.488  0.8264E-84  0.1600E+02
 -55.478  0.8264E-84  0.1600E+02
 -55.468  0.8264E-84  0.1600E+02
 -55.458  0.8264E-84  0.1600E+02
 -55.448  0.8264E-84  0.1600E+02
 -55.438  0.8264E-84  0.1600E+02
 -55.428  0.8264E-84  0.1600E+02
 -55.418  0.8264E-84  0.1600E+02
 -55.408  0.8264E-84  0.1600E+02
 -55.398  0.8264E-84  0.1600E+02
 -55.388  0.8264E-84  0.1600E+02
 -55.378  0.8264E-84  0.1600E+02
 -55.368  0.8264E-84  0.1600E+02
 -55.358  0.8264E-84  0.1600E+02
 -55.348  0.8264E-84  0.1600E+02
 -55.338  0.8264E-84  0.1600E+02
 -55.328  0.8264E-84  0.1600E+02
 -55.318  0.8264E-84  0.1600E+02
 -55.308  0.8264E-84  0.1600E+02
 -55.298  0.8264E-84  0.1600E+02
 -55.288  0.8264E-84  0.1600E+02
 -55.278  0.8264E-84  0.1600E+02
 -55.268  0.8264E-84  0.1600E+02
 -55.258  0.8264E-84  0.1600E+02
 -55.248  0.8264E-84  0.1600E+02
 -55.238  0.8264E-84  0.1600E+02
 -55.228  0.8264E-84  0.1600E+02
 -55.218  0.8264E-84  0.1600E+02
 -55.208  0.8264E-84  0.1600E+02
 -55.198  0.8264E-84  0.1600E+02
 -55.188  0.8264E-84  0.1600E+02
 -55.178  0.8264E-84  0.1600E+02
 -55.168  0.8264E-84  0.1600E+02
 -55.158  0.8264E-84  0.1600E+02
 -55.148  0.8264E-84  0.1600E+02
 -55.138  0.8264E-84  0.1600E+02
 -55.128  0.8264E-84  0.1600E+02
 -55.118  0.8264E-84  0.1600E+02
 -55.108  0.8264E-84  0.1600E+02
 -55.098  0.8264E-84  0.1600E+02
 -55.088  0.8264E-84  0.1600E+02
 -55.078  0.8264E-84  0.1600E+02
 -55.068  0.8264E-84  0.1600E+02
 -55.058  0.8264E-84  0.1600E+02
 -55.048  0.8264E-84  0.1600E+02
 -55.038  0.8264E-84  0.1600E+02
 -55.028  0.8264E-84  0.1600E+02
 -55.018  0.8264E-84  0.1600E+02
 -55.008  0.8264E-84  0.1600E+02
 -54.998  0.8264E-84  0.1600E+02
 -54.988  0.8264E-84  0.1600E+02
 -54.978  0.8264E-84  0.1600E+02
 -54.968  0.8264E-84  0.1600E+02
 -54.958  0.8264E-84  0.1600E+02
 -54.948  0.8264E-84  0.1600E+02
 -54.938  0.8264E-84  0.1600E+02
 -54.928  0.8264E-84  0.1600E+02
 -54.918  0.8264E-84  0.1600E+02
 -54.908  0.8264E-84  0.1600E+02
 -54.898  0.8264E-84  0.1600E+02
 -54.888  0.8264E-84  0.1600E+02
 -54.878  0.8264E-84  0.1600E+02
 -54.868  0.8264E-84  0.1600E+02
 -54.858  0.8264E-84  0.1600E+02
 -54.848  0.8264E-84  0.1600E+02
 -54.838  0.8264E-84  0.1600E+02
 -54.828  0.8264E-84  0.1600E+02
 -54.818  0.8264E-84  0.1600E+02
 -54.808  0.8264E-84  0.1600E+02
 -54.798  0.8264E-84  0.1600E+02
 -54.788  0.8264E-84  0.1600E+02
 -54.778  0.8264E-84  0.1600E+02
 -54.768  0.8264E-84  0.1600E+02
 -54.758  0.8264E-84  0.1600E+02
 -54.748  0.8264E-84  0.1600E+02
 -54.738  0.8264E-84  0.1600E+02
 -54.728  0.8264E-84  0.1600E+02
 -54.718  0.8264E-84  0.1600E+02
 -54.708  0.8264E-84  0.1600E+02
 -54.698  0.8264E-84  0.1600E+02
 -54.688  0.8264E-84  0.1600E+02
 -54.678  0.8264E-84  0.1600E+02
 -54.668  0.8264E-84  0.1600E+02
 -54.658  0.8264E-84  0.1600E+02
 -54.648  0.8264E-84  0.1600E+02
 -54.638  0.8264E-84  0.1600E+02
 -54.628  0.8264E-84  0.1600E+02
 -54.618  0.8264E-84  0.1600E+02
 -54.608  0.8264E-84  0.1600E+02
 -54.598  0.8264E-84  0.1600E+02
 -54.588  0.8264E-84  0.1600E+02
 -54.578  0.8264E-84  0.1600E+02
 -54.568  0.8264E-84  0.1600E+02
 -54.558  0.8264E-84  0.1600E+02
 -54.548  0.8264E-84  0.1600E+02
 -54.538  0.8264E-84  0.1600E+02
 -54.528  0.8264E-84  0.1600E+02
 -54.518  0.8264E-84  0.1600E+02
 -54.508  0.8264E-84  0.1600E+02
 -54.498  0.8264E-84  0.1600E+02
 -54.488  0.8264E-84  0.1600E+02
 -54.478  0.8264E-84  0.1600E+02
 -54.468  0.8264E-84  0.1600E+02
 -54.458  0.8264E-84  0.1600E+02
 -54.448  0.8264E-84  0.1600E+02
 -54.438  0.8264E-84  0.1600E+02
 -54.428  0.8264E-84  0.1600E+02
 -54.418  0.8264E-84  0.1600E+02
 -54.408  0.8264E-84  0.1600E+02
 -54.398  0.8264E-84  0.1600E+02
 -54.388  0.8264E-84  0.1600E+02
 -54.378  0.8264E-84  0.1600E+02
 -54.368  0.8264E-84  0.1600E+02
 -54.358  0.8264E-84  0.1600E+02
 -54.348  0.8264E-84  0.1600E+02
 -54.338  0.8264E-84  0.1600E+02
 -54.328  0.8264E-84  0.1600E+02
 -54.318  0.8264E-84  0.1600E+02
 -54.308  0.8264E-84  0.1600E+02
 -54.298  0.8264E-84  0.1600E+02
 -54.288  0.8264E-84  0.1600E+02
 -54.278  0.8264E-84  0.1600E+02
 -54.268  0.8264E-84  0.1600E+02
 -54.258  0.8264E-84  0.1600E+02
 -54.248  0.8264E-84  0.1600E+02
 -54.238  0.8264E-84  0.1600E+02
 -54.228  0.8264E-84  0.1600E+02
 -54.218  0.8264E-84  0.1600E+02
 -54.208  0.8264E-84  0.1600E+02
 -54.198  0.8264E-84  0.1600E+02
 -54.188  0.8264E-84  0.1600E+02
 -54.178  0.8264E-84  0.1600E+02
 -54.168  0.8264E-84  0.1600E+02
 -54.158  0.8264E-84  0.1600E+02
 -54.148  0.8264E-84  0.1600E+02
 -54.138  0.8264E-84  0.1600E+02
 -54.128  0.8264E-84  0.1600E+02
 -54.118  0.8264E-84  0.1600E+02
 -54.108  0.8264E-84  0.1600E+02
 -54.098  0.8264E-84  0.1600E+02
 -54.088  0.8264E-84  0.1600E+02
 -54.078  0.8264E-84  0.1600E+02
 -54.068  0.8264E-84  0.1600E+02
 -54.058  0.8264E-84  0.1600E+02
 -54.048  0.8264E-84  0.1600E+02
 -54.038  0.8264E-84  0.1600E+02
 -54.028  0.8264E-84  0.1600E+02
 -54.018  0.8264E-84  0.1600E+02
 -54.008  0.8264E-84  0.1600E+02
 -53.998  0.8264E-84  0.1600E+02
 -53.988  0.8264E-84  0.1600E+02
 -53.978  0.8264E-84  0.1600E+02
 -53.968  0.8264E-84  0.1600E+02
 -53.958  0.8264E-84  0.1600E+02
 -53.948  0.8264E-84  0.1600E+02
 -53.938  0.8264E-84  0.1600E+02
 -53.928  0.8264E-84  0.1600E+02
 -53.918  0.8264E-84  0.1600E+02
 -53.908  0.8264E-84  0.1600E+02
 -53.898  0.8264E-84  0.1600E+02
 -53.888  0.8264E-84  0.1600E+02
 -53.878  0.8264E-84  0.1600E+02
 -53.868  0.8264E-84  0.1600E+02
 -53.858  0.8264E-84  0.1600E+02
 -53.848  0.8264E-84  0.1600E+02
 -53.838  0.8264E-84  0.1600E+02
 -53.828  0.8264E-84  0.1600E+02
 -53.818  0.8264E-84  0.1600E+02
 -53.808  0.8264E-84  0.1600E+02
 -53.798  0.8264E-84  0.1600E+02
 -53.788  0.8264E-84  0.1600E+02
 -53.778  0.8264E-84  0.1600E+02
 -53.768  0.8264E-84  0.1600E+02
 -53.758  0.8264E-84  0.1600E+02
 -53.748  0.8264E-84  0.1600E+02
 -53.738  0.8264E-84  0.1600E+02
 -53.728  0.8264E-84  0.1600E+02
 -53.718  0.8264E-84  0.1600E+02
 -53.708  0.8264E-84  0.1600E+02
 -53.698  0.8264E-84  0.1600E+02
 -53.688  0.8264E-84  0.1600E+02
 -53.678  0.8264E-84  0.1600E+02
 -53.668  0.8264E-84  0.1600E+02
 -53.658  0.8264E-84  0.1600E+02
 -53.648  0.8264E-84  0.1600E+02
 -53.638  0.8264E-84  0.1600E+02
 -53.628  0.8264E-84  0.1600E+02
 -53.618  0.8264E-84  0.1600E+02
 -53.608  0.8264E-84  0.1600E+02
 -53.598  0.8264E-84  0.1600E+02
 -53.588  0.8264E-84  0.1600E+02
 -53.578  0.8264E-84  0.1600E+02
 -53.568  0.8264E-84  0.1600E+02
 -53.558  0.8264E-84  0.1600E+02
 -53.548  0.8264E-84  0.1600E+02
 -53.538  0.8264E-84  0.1600E+02
 -53.528  0.8264E-84  0.1600E+02
 -53.518  0.8264E-84  0.1600E+02
 -53.508  0.8264E-84  0.1600E+02
 -53.498  0.8264E-84  0.1600E+02
 -53.488  0.8264E-84  0.1600E+02
 -53.478  0.8264E-84  0.1600E+02
 -53.468  0.8264E-84  0.1600E+02
 -53.458  0.8264E-84  0.1600E+02
 -53.448  0.8264E-84  0.1600E+02
 -53.438  0.8264E-84  0.1600E+02
 -53.428  0.8264E-84  0.1600E+02
 -53.418  0.8264E-84  0.1600E+02
 -53.408  0.8264E-84  0.1600E+02
 -53.398  0.8264E-84  0.1600E+02
 -53.388  0.8264E-84  0.1600E+02
 -53.378  0.8264E-84  0.1600E+02
 -53.368  0.8264E-84  0.1600E+02
 -53.358  0.8264E-84  0.1600E+02
 -53.348  0.8264E-84  0.1600E+02
 -53.338  0.8264E-84  0.1600E+02
 -53.328  0.8264E-84  0.1600E+02
 -53.318  0.8264E-84  0.1600E+02
 -53.308  0.8264E-84  0.1600E+02
 -53.298  0.8264E-84  0.1600E+02
 -53.288  0.8264E-84  0.1600E+02
 -53.278  0.8264E-84  0.1600E+02
 -53.268  0.8264E-84  0.1600E+02
 -53.258  0.8264E-84  0.1600E+02
 -53.248  0.8264E-84  0.1600E+02
 -53.238  0.8264E-84  0.1600E+02
 -53.228  0.8264E-84  0.1600E+02
 -53.218  0.8264E-84  0.1600E+02
 -53.208  0.8264E-84  0.1600E+02
 -53.198  0.8264E-84  0.1600E+02
 -53.188  0.8264E-84  0.1600E+02
 -53.178  0.8264E-84  0.1600E+02
 -53.168  0.8264E-84  0.1600E+02
 -53.158  0.8264E-84  0.1600E+02
 -53.148  0.8264E-84  0.1600E+02
 -53.138  0.8264E-84  0.1600E+02
 -53.128  0.8264E-84  0.1600E+02
 -53.118  0.8264E-84  0.1600E+02
 -53.108  0.8264E-84  0.1600E+02
 -53.098  0.8264E-84  0.1600E+02
 -53.088  0.8264E-84  0.1600E+02
 -53.078  0.8264E-84  0.1600E+02
 -53.068  0.8264E-84  0.1600E+02
 -53.058  0.8264E-84  0.1600E+02
 -53.048  0.8264E-84  0.1600E+02
 -53.038  0.8264E-84  0.1600E+02
 -53.028  0.8264E-84  0.1600E+02
 -53.018  0.8264E-84  0.1600E+02
 -53.008  0.8264E-84  0.1600E+02
 -52.998  0.8264E-84  0.1600E+02
 -52.988  0.8264E-84  0.1600E+02
 -52.978  0.8264E-84  0.1600E+02
 -52.968  0.8264E-84  0.1600E+02
 -52.958  0.8264E-84  0.1600E+02
 -52.948  0.8264E-84  0.1600E+02
 -52.938  0.8264E-84  0.1600E+02
 -52.928  0.8264E-84  0.1600E+02
 -52.918  0.8264E-84  0.1600E+02
 -52.908  0.8264E-84  0.1600E+02
 -52.898  0.8264E-84  0.1600E+02
 -52.888  0.8264E-84  0.1600E+02
 -52.878  0.8264E-84  0.1600E+02
 -52.868  0.8264E-84  0.1600E+02
 -52.858  0.8264E-84  0.1600E+02
 -52.848  0.8264E-84  0.1600E+02
 -52.838  0.8264E-84  0.1600E+02
 -52.828  0.8264E-84  0.1600E+02
 -52.818  0.8264E-84  0.1600E+02
 -52.808  0.8264E-84  0.1600E+02
 -52.798  0.8264E-84  0.1600E+02
 -52.788  0.8264E-84  0.1600E+02
 -52.778  0.8264E-84  0.1600E+02
 -52.768  0.8264E-84  0.1600E+02
 -52.758  0.8264E-84  0.1600E+02
 -52.748  0.8264E-84  0.1600E+02
 -52.738  0.8264E-84  0.1600E+02
 -52.728  0.8264E-84  0.1600E+02
 -52.718  0.8264E-84  0.1600E+02
 -52.708  0.8264E-84  0.1600E+02
 -52.698  0.8264E-84  0.1600E+02
 -52.688  0.8264E-84  0.1600E+02
 -52.678  0.8264E-84  0.1600E+02
 -52.668  0.8264E-84  0.1600E+02
 -52.658  0.8264E-84  0.1600E+02
 -52.648  0.8264E-84  0.1600E+02
 -52.638  0.8264E-84  0.1600E+02
 -52.628  0.8264E-84  0.1600E+02
 -52.618  0.8264E-84  0.1600E+02
 -52.608  0.8264E-84  0.1600E+02
 -52.598  0.8264E-84  0.1600E+02
 -52.588  0.8264E-84  0.1600E+02
 -52.578  0.8264E-84  0.1600E+02
 -52.568  0.8264E-84  0.1600E+02
 -52.558  0.8264E-84  0.1600E+02
 -52.548  0.8264E-84  0.1600E+02
 -52.538  0.8264E-84  0.1600E+02
 -52.528  0.8264E-84  0.1600E+02
 -52.518  0.8264E-84  0.1600E+02
 -52.508  0.8264E-84  0.1600E+02
 -52.498  0.8264E-84  0.1600E+02
 -52.488  0.8264E-84  0.1600E+02
 -52.478  0.8264E-84  0.1600E+02
 -52.468  0.8264E-84  0.1600E+02
 -52.458  0.8264E-84  0.1600E+02
 -52.448  0.8264E-84  0.1600E+02
 -52.438  0.8264E-84  0.1600E+02
 -52.428  0.8264E-84  0.1600E+02
 -52.418  0.8264E-84  0.1600E+02
 -52.408  0.8264E-84  0.1600E+02
 -52.398  0.8264E-84  0.1600E+02
 -52.388  0.8264E-84  0.1600E+02
 -52.378  0.8264E-84  0.1600E+02
 -52.368  0.8264E-84  0.1600E+02
 -52.358  0.8264E-84  0.1600E+02
 -52.348  0.8264E-84  0.1600E+02
 -52.338  0.8264E-84  0.1600E+02
 -52.328  0.8264E-84  0.1600E+02
 -52.318  0.8264E-84  0.1600E+02
 -52.308  0.8264E-84  0.1600E+02
 -52.298  0.8264E-84  0.1600E+02
 -52.288  0.8264E-84  0.1600E+02
 -52.278  0.8264E-84  0.1600E+02
 -52.268  0.8264E-84  0.1600E+02
 -52.258  0.8264E-84  0.1600E+02
 -52.248  0.8264E-84  0.1600E+02
 -52.238  0.8264E-84  0.1600E+02
 -52.228  0.8264E-84  0.1600E+02
 -52.218  0.8264E-84  0.1600E+02
 -52.208  0.8264E-84  0.1600E+02
 -52.198  0.8264E-84  0.1600E+02
 -52.188  0.8264E-84  0.1600E+02
 -52.178  0.8264E-84  0.1600E+02
 -52.168  0.8264E-84  0.1600E+02
 -52.158  0.8264E-84  0.1600E+02
 -52.148  0.8264E-84  0.1600E+02
 -52.138  0.8264E-84  0.1600E+02
 -52.128  0.8264E-84  0.1600E+02
 -52.118  0.8264E-84  0.1600E+02
 -52.108  0.8264E-84  0.1600E+02
 -52.098  0.8264E-84  0.1600E+02
 -52.088  0.8264E-84  0.1600E+02
 -52.078  0.8264E-84  0.1600E+02
 -52.068  0.8264E-84  0.1600E+02
 -52.058  0.8264E-84  0.1600E+02
 -52.048  0.8264E-84  0.1600E+02
 -52.038  0.8264E-84  0.1600E+02
 -52.028  0.8264E-84  0.1600E+02
 -52.018  0.8264E-84  0.1600E+02
 -52.008  0.8264E-84  0.1600E+02
 -51.998  0.8264E-84  0.1600E+02
 -51.988  0.8264E-84  0.1600E+02
 -51.978  0.8264E-84  0.1600E+02
 -51.968  0.8264E-84  0.1600E+02
 -51.958  0.8264E-84  0.1600E+02
 -51.948  0.8264E-84  0.1600E+02
 -51.938  0.8264E-84  0.1600E+02
 -51.928  0.8264E-84  0.1600E+02
 -51.918  0.8264E-84  0.1600E+02
 -51.908  0.8264E-84  0.1600E+02
 -51.898  0.8264E-84  0.1600E+02
 -51.888  0.8264E-84  0.1600E+02
 -51.878  0.8264E-84  0.1600E+02
 -51.868  0.8264E-84  0.1600E+02
 -51.858  0.8264E-84  0.1600E+02
 -51.848  0.8264E-84  0.1600E+02
 -51.838  0.8264E-84  0.1600E+02
 -51.828  0.8264E-84  0.1600E+02
 -51.818  0.8264E-84  0.1600E+02
 -51.808  0.8264E-84  0.1600E+02
 -51.798  0.8264E-84  0.1600E+02
 -51.788  0.8264E-84  0.1600E+02
 -51.778  0.8264E-84  0.1600E+02
 -51.768  0.8264E-84  0.1600E+02
 -51.758  0.8264E-84  0.1600E+02
 -51.748  0.8264E-84  0.1600E+02
 -51.738  0.8264E-84  0.1600E+02
 -51.728  0.8264E-84  0.1600E+02
 -51.718  0.8264E-84  0.1600E+02
 -51.708  0.8264E-84  0.1600E+02
 -51.698  0.8264E-84  0.1600E+02
 -51.688  0.8264E-84  0.1600E+02
 -51.678  0.8264E-84  0.1600E+02
 -51.668  0.8264E-84  0.1600E+02
 -51.658  0.8264E-84  0.1600E+02
 -51.648  0.8264E-84  0.1600E+02
 -51.638  0.8264E-84  0.1600E+02
 -51.628  0.8264E-84  0.1600E+02
 -51.618  0.8264E-84  0.1600E+02
 -51.608  0.8264E-84  0.1600E+02
 -51.598  0.8264E-84  0.1600E+02
 -51.588  0.8264E-84  0.1600E+02
 -51.578  0.8264E-84  0.1600E+02
 -51.568  0.8264E-84  0.1600E+02
 -51.558  0.8264E-84  0.1600E+02
 -51.548  0.8264E-84  0.1600E+02
 -51.538  0.8264E-84  0.1600E+02
 -51.528  0.8264E-84  0.1600E+02
 -51.518  0.8264E-84  0.1600E+02
 -51.508  0.8264E-84  0.1600E+02
 -51.498  0.8264E-84  0.1600E+02
 -51.488  0.8264E-84  0.1600E+02
 -51.478  0.8264E-84  0.1600E+02
 -51.468  0.8264E-84  0.1600E+02
 -51.458  0.8264E-84  0.1600E+02
 -51.448  0.8264E-84  0.1600E+02
 -51.438  0.8264E-84  0.1600E+02
 -51.428  0.8264E-84  0.1600E+02
 -51.418  0.8264E-84  0.1600E+02
 -51.408  0.8264E-84  0.1600E+02
 -51.398  0.8264E-84  0.1600E+02
 -51.388  0.8264E-84  0.1600E+02
 -51.378  0.8264E-84  0.1600E+02
 -51.368  0.8264E-84  0.1600E+02
 -51.358  0.8264E-84  0.1600E+02
 -51.348  0.8264E-84  0.1600E+02
 -51.338  0.8264E-84  0.1600E+02
 -51.328  0.8264E-84  0.1600E+02
 -51.318  0.8264E-84  0.1600E+02
 -51.308  0.8264E-84  0.1600E+02
 -51.298  0.8264E-84  0.1600E+02
 -51.288  0.8264E-84  0.1600E+02
 -51.278  0.8264E-84  0.1600E+02
 -51.268  0.8264E-84  0.1600E+02
 -51.258  0.8264E-84  0.1600E+02
 -51.248  0.8264E-84  0.1600E+02
 -51.238  0.8264E-84  0.1600E+02
 -51.228  0.8264E-84  0.1600E+02
 -51.218  0.8264E-84  0.1600E+02
 -51.208  0.8264E-84  0.1600E+02
 -51.198  0.8264E-84  0.1600E+02
 -51.188  0.8264E-84  0.1600E+02
 -51.178  0.8264E-84  0.1600E+02
 -51.168  0.8264E-84  0.1600E+02
 -51.158  0.8264E-84  0.1600E+02
 -51.148  0.8264E-84  0.1600E+02
 -51.138  0.8264E-84  0.1600E+02
 -51.128  0.8264E-84  0.1600E+02
 -51.118  0.8264E-84  0.1600E+02
 -51.108  0.8264E-84  0.1600E+02
 -51.098  0.8264E-84  0.1600E+02
 -51.088  0.8264E-84  0.1600E+02
 -51.078  0.8264E-84  0.1600E+02
 -51.068  0.8264E-84  0.1600E+02
 -51.058  0.8264E-84  0.1600E+02
 -51.048  0.8264E-84  0.1600E+02
 -51.038  0.8264E-84  0.1600E+02
 -51.028  0.8264E-84  0.1600E+02
 -51.018  0.8264E-84  0.1600E+02
 -51.008  0.8264E-84  0.1600E+02
 -50.998  0.8264E-84  0.1600E+02
 -50.988  0.8264E-84  0.1600E+02
 -50.978  0.8264E-84  0.1600E+02
 -50.968  0.8264E-84  0.1600E+02
 -50.958  0.8264E-84  0.1600E+02
 -50.948  0.8264E-84  0.1600E+02
 -50.938  0.8264E-84  0.1600E+02
 -50.928  0.8264E-84  0.1600E+02
 -50.918  0.8264E-84  0.1600E+02
 -50.908  0.8264E-84  0.1600E+02
 -50.898  0.8264E-84  0.1600E+02
 -50.888  0.8264E-84  0.1600E+02
 -50.878  0.8264E-84  0.1600E+02
 -50.868  0.8264E-84  0.1600E+02
 -50.858  0.8264E-84  0.1600E+02
 -50.848  0.8264E-84  0.1600E+02
 -50.838  0.8264E-84  0.1600E+02
 -50.828  0.8264E-84  0.1600E+02
 -50.818  0.8264E-84  0.1600E+02
 -50.808  0.8264E-84  0.1600E+02
 -50.798  0.8264E-84  0.1600E+02
 -50.788  0.8264E-84  0.1600E+02
 -50.778  0.8264E-84  0.1600E+02
 -50.768  0.8264E-84  0.1600E+02
 -50.758  0.8264E-84  0.1600E+02
 -50.748  0.8264E-84  0.1600E+02
 -50.738  0.8264E-84  0.1600E+02
 -50.728  0.8264E-84  0.1600E+02
 -50.718  0.8264E-84  0.1600E+02
 -50.708  0.8264E-84  0.1600E+02
 -50.698  0.8264E-84  0.1600E+02
 -50.688  0.8264E-84  0.1600E+02
 -50.678  0.8264E-84  0.1600E+02
 -50.668  0.8264E-84  0.1600E+02
 -50.658  0.8264E-84  0.1600E+02
 -50.648  0.8264E-84  0.1600E+02
 -50.638  0.8264E-84  0.1600E+02
 -50.628  0.8264E-84  0.1600E+02
 -50.618  0.8264E-84  0.1600E+02
 -50.608  0.8264E-84  0.1600E+02
 -50.598  0.8264E-84  0.1600E+02
 -50.588  0.8264E-84  0.1600E+02
 -50.578  0.8264E-84  0.1600E+02
 -50.568  0.8264E-84  0.1600E+02
 -50.558  0.8264E-84  0.1600E+02
 -50.548  0.8264E-84  0.1600E+02
 -50.538  0.8264E-84  0.1600E+02
 -50.528  0.8264E-84  0.1600E+02
 -50.518  0.8264E-84  0.1600E+02
 -50.508  0.8264E-84  0.1600E+02
 -50.498  0.8264E-84  0.1600E+02
 -50.488  0.8264E-84  0.1600E+02
 -50.478  0.8264E-84  0.1600E+02
 -50.468  0.8264E-84  0.1600E+02
 -50.458  0.8264E-84  0.1600E+02
 -50.448  0.8264E-84  0.1600E+02
 -50.438  0.8264E-84  0.1600E+02
 -50.428  0.8264E-84  0.1600E+02
 -50.418  0.8264E-84  0.1600E+02
 -50.408  0.8264E-84  0.1600E+02
 -50.398  0.8264E-84  0.1600E+02
 -50.388  0.8264E-84  0.1600E+02
 -50.378  0.8264E-84  0.1600E+02
 -50.368  0.8264E-84  0.1600E+02
 -50.358  0.8264E-84  0.1600E+02
 -50.348  0.8264E-84  0.1600E+02
 -50.338  0.8264E-84  0.1600E+02
 -50.328  0.8264E-84  0.1600E+02
 -50.318  0.8264E-84  0.1600E+02
 -50.308  0.8264E-84  0.1600E+02
 -50.298  0.8264E-84  0.1600E+02
 -50.288  0.8264E-84  0.1600E+02
 -50.278  0.8264E-84  0.1600E+02
 -50.268  0.8264E-84  0.1600E+02
 -50.258  0.8264E-84  0.1600E+02
 -50.248  0.8264E-84  0.1600E+02
 -50.238  0.8264E-84  0.1600E+02
 -50.228  0.8264E-84  0.1600E+02
 -50.218  0.8264E-84  0.1600E+02
 -50.208  0.8264E-84  0.1600E+02
 -50.198  0.8264E-84  0.1600E+02
 -50.188  0.8264E-84  0.1600E+02
 -50.178  0.8264E-84  0.1600E+02
 -50.168  0.8264E-84  0.1600E+02
 -50.158  0.8264E-84  0.1600E+02
 -50.148  0.8264E-84  0.1600E+02
 -50.138  0.8264E-84  0.1600E+02
 -50.128  0.8264E-84  0.1600E+02
 -50.118  0.8264E-84  0.1600E+02
 -50.108  0.8264E-84  0.1600E+02
 -50.098  0.8264E-84  0.1600E+02
 -50.088  0.8264E-84  0.1600E+02
 -50.078  0.8264E-84  0.1600E+02
 -50.068  0.8264E-84  0.1600E+02
 -50.058  0.8264E-84  0.1600E+02
 -50.048  0.8264E-84  0.1600E+02
 -50.038  0.8264E-84  0.1600E+02
 -50.028  0.8264E-84  0.1600E+02
 -50.018  0.8264E-84  0.1600E+02
 -50.008  0.8264E-84  0.1600E+02
 -49.998  0.8264E-84  0.1600E+02
 -49.988  0.8264E-84  0.1600E+02
 -49.978  0.8264E-84  0.1600E+02
 -49.968  0.8264E-84  0.1600E+02
 -49.958  0.8264E-84  0.1600E+02
 -49.948  0.8264E-84  0.1600E+02
 -49.938  0.8264E-84  0.1600E+02
 -49.928  0.8264E-84  0.1600E+02
 -49.918  0.8264E-84  0.1600E+02
 -49.908  0.8264E-84  0.1600E+02
 -49.898  0.8264E-84  0.1600E+02
 -49.888  0.8264E-84  0.1600E+02
 -49.878  0.8264E-84  0.1600E+02
 -49.868  0.8264E-84  0.1600E+02
 -49.858  0.8264E-84  0.1600E+02
 -49.848  0.8264E-84  0.1600E+02
 -49.838  0.8264E-84  0.1600E+02
 -49.828  0.8264E-84  0.1600E+02
 -49.818  0.8264E-84  0.1600E+02
 -49.808  0.8264E-84  0.1600E+02
 -49.798  0.8264E-84  0.1600E+02
 -49.788  0.8264E-84  0.1600E+02
 -49.778  0.8264E-84  0.1600E+02
 -49.768  0.8264E-84  0.1600E+02
 -49.758  0.8264E-84  0.1600E+02
 -49.748  0.8264E-84  0.1600E+02
 -49.738  0.8264E-84  0.1600E+02
 -49.728  0.8264E-84  0.1600E+02
 -49.718  0.8264E-84  0.1600E+02
 -49.708  0.8264E-84  0.1600E+02
 -49.698  0.8264E-84  0.1600E+02
 -49.688  0.8264E-84  0.1600E+02
 -49.678  0.8264E-84  0.1600E+02
 -49.668  0.8264E-84  0.1600E+02
 -49.658  0.8264E-84  0.1600E+02
 -49.648  0.8264E-84  0.1600E+02
 -49.638  0.8264E-84  0.1600E+02
 -49.628  0.8264E-84  0.1600E+02
 -49.618  0.8264E-84  0.1600E+02
 -49.608  0.8264E-84  0.1600E+02
 -49.598  0.8264E-84  0.1600E+02
 -49.588  0.8264E-84  0.1600E+02
 -49.578  0.8264E-84  0.1600E+02
 -49.568  0.8264E-84  0.1600E+02
 -49.558  0.8264E-84  0.1600E+02
 -49.548  0.8264E-84  0.1600E+02
 -49.538  0.8264E-84  0.1600E+02
 -49.528  0.8264E-84  0.1600E+02
 -49.518  0.8264E-84  0.1600E+02
 -49.508  0.8264E-84  0.1600E+02
 -49.498  0.8264E-84  0.1600E+02
 -49.488  0.8264E-84  0.1600E+02
 -49.478  0.8264E-84  0.1600E+02
 -49.468  0.8264E-84  0.1600E+02
 -49.458  0.8264E-84  0.1600E+02
 -49.448  0.8264E-84  0.1600E+02
 -49.438  0.8264E-84  0.1600E+02
 -49.428  0.8264E-84  0.1600E+02
 -49.418  0.8264E-84  0.1600E+02
 -49.408  0.8264E-84  0.1600E+02
 -49.398  0.8264E-84  0.1600E+02
 -49.388  0.8264E-84  0.1600E+02
 -49.378  0.8264E-84  0.1600E+02
 -49.368  0.8264E-84  0.1600E+02
 -49.358  0.8264E-84  0.1600E+02
 -49.348  0.8264E-84  0.1600E+02
 -49.338  0.8264E-84  0.1600E+02
 -49.328  0.8264E-84  0.1600E+02
 -49.318  0.8264E-84  0.1600E+02
 -49.308  0.8264E-84  0.1600E+02
 -49.298  0.8264E-84  0.1600E+02
 -49.288  0.8264E-84  0.1600E+02
 -49.278  0.8264E-84  0.1600E+02
 -49.268  0.8264E-84  0.1600E+02
 -49.258  0.8264E-84  0.1600E+02
 -49.248  0.8264E-84  0.1600E+02
 -49.238  0.8264E-84  0.1600E+02
 -49.228  0.8264E-84  0.1600E+02
 -49.218  0.8264E-84  0.1600E+02
 -49.208  0.8264E-84  0.1600E+02
 -49.198  0.8264E-84  0.1600E+02
 -49.188  0.8264E-84  0.1600E+02
 -49.178  0.8264E-84  0.1600E+02
 -49.168  0.8264E-84  0.1600E+02
 -49.158  0.8264E-84  0.1600E+02
 -49.148  0.8264E-84  0.1600E+02
 -49.138  0.8264E-84  0.1600E+02
 -49.128  0.8264E-84  0.1600E+02
 -49.118  0.8264E-84  0.1600E+02
 -49.108  0.8264E-84  0.1600E+02
 -49.098  0.8264E-84  0.1600E+02
 -49.088  0.8264E-84  0.1600E+02
 -49.078  0.8264E-84  0.1600E+02
 -49.068  0.8264E-84  0.1600E+02
 -49.058  0.8264E-84  0.1600E+02
 -49.048  0.8264E-84  0.1600E+02
 -49.038  0.8264E-84  0.1600E+02
 -49.028  0.8264E-84  0.1600E+02
 -49.018  0.8264E-84  0.1600E+02
 -49.008  0.8264E-84  0.1600E+02
 -48.998  0.8264E-84  0.1600E+02
 -48.988  0.8264E-84  0.1600E+02
 -48.978  0.8264E-84  0.1600E+02
 -48.968  0.8264E-84  0.1600E+02
 -48.958  0.8264E-84  0.1600E+02
 -48.948  0.8264E-84  0.1600E+02
 -48.938  0.8264E-84  0.1600E+02
 -48.928  0.8264E-84  0.1600E+02
 -48.918  0.8264E-84  0.1600E+02
 -48.908  0.8264E-84  0.1600E+02
 -48.898  0.8264E-84  0.1600E+02
 -48.888  0.8264E-84  0.1600E+02
 -48.878  0.8264E-84  0.1600E+02
 -48.868  0.8264E-84  0.1600E+02
 -48.858  0.8264E-84  0.1600E+02
 -48.848  0.8264E-84  0.1600E+02
 -48.838  0.8264E-84  0.1600E+02
 -48.828  0.8264E-84  0.1600E+02
 -48.818  0.8264E-84  0.1600E+02
 -48.808  0.8264E-84  0.1600E+02
 -48.798  0.8264E-84  0.1600E+02
 -48.788  0.8264E-84  0.1600E+02
 -48.778  0.8264E-84  0.1600E+02
 -48.768  0.8264E-84  0.1600E+02
 -48.758  0.8264E-84  0.1600E+02
 -48.748  0.8264E-84  0.1600E+02
 -48.738  0.8264E-84  0.1600E+02
 -48.728  0.8264E-84  0.1600E+02
 -48.718  0.8264E-84  0.1600E+02
 -48.708  0.8264E-84  0.1600E+02
 -48.698  0.8264E-84  0.1600E+02
 -48.688  0.8264E-84  0.1600E+02
 -48.678  0.8264E-84  0.1600E+02
 -48.668  0.8264E-84  0.1600E+02
 -48.658  0.8264E-84  0.1600E+02
 -48.648  0.8264E-84  0.1600E+02
 -48.638  0.8264E-84  0.1600E+02
 -48.628  0.8264E-84  0.1600E+02
 -48.618  0.8264E-84  0.1600E+02
 -48.608  0.8264E-84  0.1600E+02
 -48.598  0.8264E-84  0.1600E+02
 -48.588  0.8264E-84  0.1600E+02
 -48.578  0.8264E-84  0.1600E+02
 -48.568  0.8264E-84  0.1600E+02
 -48.558  0.8264E-84  0.1600E+02
 -48.548  0.8264E-84  0.1600E+02
 -48.538  0.8264E-84  0.1600E+02
 -48.528  0.8264E-84  0.1600E+02
 -48.518  0.8264E-84  0.1600E+02
 -48.508  0.8264E-84  0.1600E+02
 -48.498  0.8264E-84  0.1600E+02
 -48.488  0.8264E-84  0.1600E+02
 -48.478  0.8264E-84  0.1600E+02
 -48.468  0.8264E-84  0.1600E+02
 -48.458  0.8264E-84  0.1600E+02
 -48.448  0.8264E-84  0.1600E+02
 -48.438  0.8264E-84  0.1600E+02
 -48.428  0.8264E-84  0.1600E+02
 -48.418  0.8264E-84  0.1600E+02
 -48.408  0.8264E-84  0.1600E+02
 -48.398  0.8264E-84  0.1600E+02
 -48.388  0.8264E-84  0.1600E+02
 -48.378  0.8264E-84  0.1600E+02
 -48.368  0.8264E-84  0.1600E+02
 -48.358  0.8264E-84  0.1600E+02
 -48.348  0.8264E-84  0.1600E+02
 -48.338  0.8264E-84  0.1600E+02
 -48.328  0.8264E-84  0.1600E+02
 -48.318  0.8264E-84  0.1600E+02
 -48.308  0.8264E-84  0.1600E+02
 -48.298  0.8264E-84  0.1600E+02
 -48.288  0.8264E-84  0.1600E+02
 -48.278  0.8264E-84  0.1600E+02
 -48.268  0.8264E-84  0.1600E+02
 -48.258  0.8264E-84  0.1600E+02
 -48.248  0.8264E-84  0.1600E+02
 -48.238  0.8264E-84  0.1600E+02
 -48.228  0.8264E-84  0.1600E+02
 -48.218  0.8264E-84  0.1600E+02
 -48.208  0.8264E-84  0.1600E+02
 -48.198  0.8264E-84  0.1600E+02
 -48.188  0.8264E-84  0.1600E+02
 -48.178  0.8264E-84  0.1600E+02
 -48.168  0.8264E-84  0.1600E+02
 -48.158  0.8264E-84  0.1600E+02
 -48.148  0.8264E-84  0.1600E+02
 -48.138  0.8264E-84  0.1600E+02
 -48.128  0.8264E-84  0.1600E+02
 -48.118  0.8264E-84  0.1600E+02
 -48.108  0.8264E-84  0.1600E+02
 -48.098  0.8264E-84  0.1600E+02
 -48.088  0.8264E-84  0.1600E+02
 -48.078  0.8264E-84  0.1600E+02
 -48.068  0.8264E-84  0.1600E+02
 -48.058  0.8264E-84  0.1600E+02
 -48.048  0.8264E-84  0.1600E+02
 -48.038  0.8264E-84  0.1600E+02
 -48.028  0.8264E-84  0.1600E+02
 -48.018  0.8264E-84  0.1600E+02
 -48.008  0.8264E-84  0.1600E+02
 -47.998  0.8264E-84  0.1600E+02
 -47.988  0.8264E-84  0.1600E+02
 -47.978  0.8264E-84  0.1600E+02
 -47.968  0.8264E-84  0.1600E+02
 -47.958  0.8264E-84  0.1600E+02
 -47.948  0.8264E-84  0.1600E+02
 -47.938  0.8264E-84  0.1600E+02
 -47.928  0.8264E-84  0.1600E+02
 -47.918  0.8264E-84  0.1600E+02
 -47.908  0.8264E-84  0.1600E+02
 -47.898  0.8264E-84  0.1600E+02
 -47.888  0.8264E-84  0.1600E+02
 -47.878  0.8264E-84  0.1600E+02
 -47.868  0.8264E-84  0.1600E+02
 -47.858  0.8264E-84  0.1600E+02
 -47.848  0.8264E-84  0.1600E+02
 -47.838  0.8264E-84  0.1600E+02
 -47.828  0.8264E-84  0.1600E+02
 -47.818  0.8264E-84  0.1600E+02
 -47.808  0.8264E-84  0.1600E+02
 -47.798  0.8264E-84  0.1600E+02
 -47.788  0.8264E-84  0.1600E+02
 -47.778  0.8264E-84  0.1600E+02
 -47.768  0.8264E-84  0.1600E+02
 -47.758  0.8264E-84  0.1600E+02
 -47.748  0.8264E-84  0.1600E+02
 -47.738  0.8264E-84  0.1600E+02
 -47.728  0.8264E-84  0.1600E+02
 -47.718  0.8264E-84  0.1600E+02
 -47.708  0.8264E-84  0.1600E+02
 -47.698  0.8264E-84  0.1600E+02
 -47.688  0.8264E-84  0.1600E+02
 -47.678  0.8264E-84  0.1600E+02
 -47.668  0.8264E-84  0.1600E+02
 -47.658  0.8264E-84  0.1600E+02
 -47.648  0.8264E-84  0.1600E+02
 -47.638  0.8264E-84  0.1600E+02
 -47.628  0.8264E-84  0.1600E+02
 -47.618  0.8264E-84  0.1600E+02
 -47.608  0.8264E-84  0.1600E+02
 -47.598  0.8264E-84  0.1600E+02
 -47.588  0.8264E-84  0.1600E+02
 -47.578  0.8264E-84  0.1600E+02
 -47.568  0.8264E-84  0.1600E+02
 -47.558  0.8264E-84  0.1600E+02
 -47.548  0.8264E-84  0.1600E+02
 -47.538  0.8264E-84  0.1600E+02
 -47.528  0.8264E-84  0.1600E+02
 -47.518  0.8264E-84  0.1600E+02
 -47.508  0.8264E-84  0.1600E+02
 -47.498  0.8264E-84  0.1600E+02
 -47.488  0.8264E-84  0.1600E+02
 -47.478  0.8264E-84  0.1600E+02
 -47.468  0.8264E-84  0.1600E+02
 -47.458  0.8264E-84  0.1600E+02
 -47.448  0.8264E-84  0.1600E+02
 -47.438  0.8264E-84  0.1600E+02
 -47.428  0.8264E-84  0.1600E+02
 -47.418  0.8264E-84  0.1600E+02
 -47.408  0.8264E-84  0.1600E+02
 -47.398  0.8264E-84  0.1600E+02
 -47.388  0.8264E-84  0.1600E+02
 -47.378  0.8264E-84  0.1600E+02
 -47.368  0.8264E-84  0.1600E+02
 -47.358  0.8264E-84  0.1600E+02
 -47.348  0.8264E-84  0.1600E+02
 -47.338  0.8264E-84  0.1600E+02
 -47.328  0.8264E-84  0.1600E+02
 -47.318  0.8264E-84  0.1600E+02
 -47.308  0.8264E-84  0.1600E+02
 -47.298  0.8264E-84  0.1600E+02
 -47.288  0.8264E-84  0.1600E+02
 -47.278  0.8264E-84  0.1600E+02
 -47.268  0.8264E-84  0.1600E+02
 -47.258  0.8264E-84  0.1600E+02
 -47.248  0.8264E-84  0.1600E+02
 -47.238  0.8264E-84  0.1600E+02
 -47.228  0.8264E-84  0.1600E+02
 -47.218  0.8264E-84  0.1600E+02
 -47.208  0.8264E-84  0.1600E+02
 -47.198  0.8264E-84  0.1600E+02
 -47.188  0.8264E-84  0.1600E+02
 -47.178  0.8264E-84  0.1600E+02
 -47.168  0.8264E-84  0.1600E+02
 -47.158  0.8264E-84  0.1600E+02
 -47.148  0.8264E-84  0.1600E+02
 -47.138  0.8264E-84  0.1600E+02
 -47.128  0.8264E-84  0.1600E+02
 -47.118  0.8264E-84  0.1600E+02
 -47.108  0.8264E-84  0.1600E+02
 -47.098  0.8264E-84  0.1600E+02
 -47.088  0.8264E-84  0.1600E+02
 -47.078  0.8264E-84  0.1600E+02
 -47.068  0.8264E-84  0.1600E+02
 -47.058  0.8264E-84  0.1600E+02
 -47.048  0.8264E-84  0.1600E+02
 -47.038  0.8264E-84  0.1600E+02
 -47.028  0.8264E-84  0.1600E+02
 -47.018  0.8264E-84  0.1600E+02
 -47.008  0.8264E-84  0.1600E+02
 -46.998  0.8264E-84  0.1600E+02
 -46.988  0.8264E-84  0.1600E+02
 -46.978  0.8264E-84  0.1600E+02
 -46.968  0.8264E-84  0.1600E+02
 -46.958  0.8264E-84  0.1600E+02
 -46.948  0.8264E-84  0.1600E+02
 -46.938  0.8264E-84  0.1600E+02
 -46.928  0.8264E-84  0.1600E+02
 -46.918  0.8264E-84  0.1600E+02
 -46.908  0.8264E-84  0.1600E+02
 -46.898  0.8264E-84  0.1600E+02
 -46.888  0.8264E-84  0.1600E+02
 -46.878  0.8264E-84  0.1600E+02
 -46.868  0.8264E-84  0.1600E+02
 -46.858  0.8264E-84  0.1600E+02
 -46.848  0.8264E-84  0.1600E+02
 -46.838  0.8264E-84  0.1600E+02
 -46.828  0.8264E-84  0.1600E+02
 -46.818  0.8264E-84  0.1600E+02
 -46.808  0.8264E-84  0.1600E+02
 -46.798  0.8264E-84  0.1600E+02
 -46.788  0.8264E-84  0.1600E+02
 -46.778  0.8264E-84  0.1600E+02
 -46.768  0.8264E-84  0.1600E+02
 -46.758  0.8264E-84  0.1600E+02
 -46.748  0.8264E-84  0.1600E+02
 -46.738  0.8264E-84  0.1600E+02
 -46.728  0.8264E-84  0.1600E+02
 -46.718  0.8264E-84  0.1600E+02
 -46.708  0.8264E-84  0.1600E+02
 -46.698  0.8264E-84  0.1600E+02
 -46.688  0.8264E-84  0.1600E+02
 -46.678  0.8264E-84  0.1600E+02
 -46.668  0.8264E-84  0.1600E+02
 -46.658  0.8264E-84  0.1600E+02
 -46.648  0.8264E-84  0.1600E+02
 -46.638  0.8264E-84  0.1600E+02
 -46.628  0.8264E-84  0.1600E+02
 -46.618  0.8264E-84  0.1600E+02
 -46.608  0.8264E-84  0.1600E+02
 -46.598  0.8264E-84  0.1600E+02
 -46.588  0.8264E-84  0.1600E+02
 -46.578  0.8264E-84  0.1600E+02
 -46.568  0.8264E-84  0.1600E+02
 -46.558  0.8264E-84  0.1600E+02
 -46.548  0.8264E-84  0.1600E+02
 -46.538  0.8264E-84  0.1600E+02
 -46.528  0.8264E-84  0.1600E+02
 -46.518  0.8264E-84  0.1600E+02
 -46.508  0.8264E-84  0.1600E+02
 -46.498  0.8264E-84  0.1600E+02
 -46.488  0.8264E-84  0.1600E+02
 -46.478  0.8264E-84  0.1600E+02
 -46.468  0.8264E-84  0.1600E+02
 -46.458  0.8264E-84  0.1600E+02
 -46.448  0.8264E-84  0.1600E+02
 -46.438  0.8264E-84  0.1600E+02
 -46.428  0.8264E-84  0.1600E+02
 -46.418  0.8264E-84  0.1600E+02
 -46.408  0.8264E-84  0.1600E+02
 -46.398  0.8264E-84  0.1600E+02
 -46.388  0.8264E-84  0.1600E+02
 -46.378  0.8264E-84  0.1600E+02
 -46.368  0.8264E-84  0.1600E+02
 -46.358  0.8264E-84  0.1600E+02
 -46.348  0.8264E-84  0.1600E+02
 -46.338  0.8264E-84  0.1600E+02
 -46.328  0.8264E-84  0.1600E+02
 -46.318  0.8264E-84  0.1600E+02
 -46.308  0.8264E-84  0.1600E+02
 -46.298  0.8264E-84  0.1600E+02
 -46.288  0.8264E-84  0.1600E+02
 -46.278  0.8264E-84  0.1600E+02
 -46.268  0.8264E-84  0.1600E+02
 -46.258  0.8264E-84  0.1600E+02
 -46.248  0.8264E-84  0.1600E+02
 -46.238  0.8264E-84  0.1600E+02
 -46.228  0.8264E-84  0.1600E+02
 -46.218  0.8264E-84  0.1600E+02
 -46.208  0.8264E-84  0.1600E+02
 -46.198  0.8264E-84  0.1600E+02
 -46.188  0.8264E-84  0.1600E+02
 -46.178  0.8264E-84  0.1600E+02
 -46.168  0.8264E-84  0.1600E+02
 -46.158  0.8264E-84  0.1600E+02
 -46.148  0.8264E-84  0.1600E+02
 -46.138  0.8264E-84  0.1600E+02
 -46.128  0.8264E-84  0.1600E+02
 -46.118  0.8264E-84  0.1600E+02
 -46.108  0.8264E-84  0.1600E+02
 -46.098  0.8264E-84  0.1600E+02
 -46.088  0.8264E-84  0.1600E+02
 -46.078  0.8264E-84  0.1600E+02
 -46.068  0.8264E-84  0.1600E+02
 -46.058  0.8264E-84  0.1600E+02
 -46.048  0.8264E-84  0.1600E+02
 -46.038  0.8264E-84  0.1600E+02
 -46.028  0.8264E-84  0.1600E+02
 -46.018  0.8264E-84  0.1600E+02
 -46.008  0.8264E-84  0.1600E+02
 -45.998  0.8264E-84  0.1600E+02
 -45.988  0.8264E-84  0.1600E+02
 -45.978  0.8264E-84  0.1600E+02
 -45.968  0.8264E-84  0.1600E+02
 -45.958  0.8264E-84  0.1600E+02
 -45.948  0.8264E-84  0.1600E+02
 -45.938  0.8264E-84  0.1600E+02
 -45.928  0.8264E-84  0.1600E+02
 -45.918  0.8264E-84  0.1600E+02
 -45.908  0.8264E-84  0.1600E+02
 -45.898  0.8264E-84  0.1600E+02
 -45.888  0.8264E-84  0.1600E+02
 -45.878  0.8264E-84  0.1600E+02
 -45.868  0.8264E-84  0.1600E+02
 -45.858  0.8264E-84  0.1600E+02
 -45.848  0.8264E-84  0.1600E+02
 -45.838  0.8264E-84  0.1600E+02
 -45.828  0.8264E-84  0.1600E+02
 -45.818  0.8264E-84  0.1600E+02
 -45.808  0.8264E-84  0.1600E+02
 -45.798  0.8264E-84  0.1600E+02
 -45.788  0.8264E-84  0.1600E+02
 -45.778  0.8264E-84  0.1600E+02
 -45.768  0.8264E-84  0.1600E+02
 -45.758  0.8264E-84  0.1600E+02
 -45.748  0.8264E-84  0.1600E+02
 -45.738  0.8264E-84  0.1600E+02
 -45.728  0.8264E-84  0.1600E+02
 -45.718  0.8264E-84  0.1600E+02
 -45.708  0.8264E-84  0.1600E+02
 -45.698  0.8264E-84  0.1600E+02
 -45.688  0.8264E-84  0.1600E+02
 -45.678  0.8264E-84  0.1600E+02
 -45.668  0.8264E-84  0.1600E+02
 -45.658  0.8264E-84  0.1600E+02
 -45.648  0.8264E-84  0.1600E+02
 -45.638  0.8264E-84  0.1600E+02
 -45.628  0.8264E-84  0.1600E+02
 -45.618  0.8264E-84  0.1600E+02
 -45.608  0.8264E-84  0.1600E+02
 -45.598  0.8264E-84  0.1600E+02
 -45.588  0.8264E-84  0.1600E+02
 -45.578  0.8264E-84  0.1600E+02
 -45.568  0.8264E-84  0.1600E+02
 -45.558  0.8264E-84  0.1600E+02
 -45.548  0.8264E-84  0.1600E+02
 -45.538  0.8264E-84  0.1600E+02
 -45.528  0.8264E-84  0.1600E+02
 -45.518  0.8264E-84  0.1600E+02
 -45.508  0.8264E-84  0.1600E+02
 -45.498  0.8264E-84  0.1600E+02
 -45.488  0.8264E-84  0.1600E+02
 -45.478  0.8264E-84  0.1600E+02
 -45.468  0.8264E-84  0.1600E+02
 -45.458  0.8264E-84  0.1600E+02
 -45.448  0.8264E-84  0.1600E+02
 -45.438  0.8264E-84  0.1600E+02
 -45.428  0.8264E-84  0.1600E+02
 -45.418  0.8264E-84  0.1600E+02
 -45.408  0.8264E-84  0.1600E+02
 -45.398  0.8264E-84  0.1600E+02
 -45.388  0.8264E-84  0.1600E+02
 -45.378  0.8264E-84  0.1600E+02
 -45.368  0.8264E-84  0.1600E+02
 -45.358  0.8264E-84  0.1600E+02
 -45.348  0.8264E-84  0.1600E+02
 -45.338  0.8264E-84  0.1600E+02
 -45.328  0.8264E-84  0.1600E+02
 -45.318  0.8264E-84  0.1600E+02
 -45.308  0.8264E-84  0.1600E+02
 -45.298  0.8264E-84  0.1600E+02
 -45.288  0.8264E-84  0.1600E+02
 -45.278  0.8264E-84  0.1600E+02
 -45.268  0.8264E-84  0.1600E+02
 -45.258  0.8264E-84  0.1600E+02
 -45.248  0.8264E-84  0.1600E+02
 -45.238  0.8264E-84  0.1600E+02
 -45.228  0.8264E-84  0.1600E+02
 -45.218  0.8264E-84  0.1600E+02
 -45.208  0.8264E-84  0.1600E+02
 -45.198  0.8264E-84  0.1600E+02
 -45.188  0.8264E-84  0.1600E+02
 -45.178  0.8264E-84  0.1600E+02
 -45.168  0.8264E-84  0.1600E+02
 -45.158  0.8264E-84  0.1600E+02
 -45.148  0.8264E-84  0.1600E+02
 -45.138  0.8264E-84  0.1600E+02
 -45.128  0.8264E-84  0.1600E+02
 -45.118  0.8264E-84  0.1600E+02
 -45.108  0.8264E-84  0.1600E+02
 -45.098  0.8264E-84  0.1600E+02
 -45.088  0.8264E-84  0.1600E+02
 -45.078  0.8264E-84  0.1600E+02
 -45.068  0.8264E-84  0.1600E+02
 -45.058  0.8264E-84  0.1600E+02
 -45.048  0.8264E-84  0.1600E+02
 -45.038  0.8264E-84  0.1600E+02
 -45.028  0.8264E-84  0.1600E+02
 -45.018  0.8264E-84  0.1600E+02
 -45.008  0.8264E-84  0.1600E+02
 -44.998  0.8264E-84  0.1600E+02
 -44.988  0.8264E-84  0.1600E+02
 -44.978  0.8264E-84  0.1600E+02
 -44.968  0.8264E-84  0.1600E+02
 -44.958  0.8264E-84  0.1600E+02
 -44.948  0.8264E-84  0.1600E+02
 -44.938  0.8264E-84  0.1600E+02
 -44.928  0.8264E-84  0.1600E+02
 -44.918  0.8264E-84  0.1600E+02
 -44.908  0.8264E-84  0.1600E+02
 -44.898  0.8264E-84  0.1600E+02
 -44.888  0.8264E-84  0.1600E+02
 -44.878  0.8264E-84  0.1600E+02
 -44.868  0.8264E-84  0.1600E+02
 -44.858  0.8264E-84  0.1600E+02
 -44.848  0.8264E-84  0.1600E+02
 -44.838  0.8264E-84  0.1600E+02
 -44.828  0.8264E-84  0.1600E+02
 -44.818  0.8264E-84  0.1600E+02
 -44.808  0.8264E-84  0.1600E+02
 -44.798  0.8264E-84  0.1600E+02
 -44.788  0.8264E-84  0.1600E+02
 -44.778  0.8264E-84  0.1600E+02
 -44.768  0.8264E-84  0.1600E+02
 -44.758  0.8264E-84  0.1600E+02
 -44.748  0.8264E-84  0.1600E+02
 -44.738  0.8264E-84  0.1600E+02
 -44.728  0.8264E-84  0.1600E+02
 -44.718  0.8264E-84  0.1600E+02
 -44.708  0.8264E-84  0.1600E+02
 -44.698  0.8264E-84  0.1600E+02
 -44.688  0.8264E-84  0.1600E+02
 -44.678  0.8264E-84  0.1600E+02
 -44.668  0.8264E-84  0.1600E+02
 -44.658  0.8264E-84  0.1600E+02
 -44.648  0.8264E-84  0.1600E+02
 -44.638  0.8264E-84  0.1600E+02
 -44.628  0.8264E-84  0.1600E+02
 -44.618  0.8264E-84  0.1600E+02
 -44.608  0.8264E-84  0.1600E+02
 -44.598  0.8264E-84  0.1600E+02
 -44.588  0.8264E-84  0.1600E+02
 -44.578  0.8264E-84  0.1600E+02
 -44.568  0.8264E-84  0.1600E+02
 -44.558  0.8264E-84  0.1600E+02
 -44.548  0.8264E-84  0.1600E+02
 -44.538  0.8264E-84  0.1600E+02
 -44.528  0.8264E-84  0.1600E+02
 -44.518  0.8264E-84  0.1600E+02
 -44.508  0.8264E-84  0.1600E+02
 -44.498  0.8264E-84  0.1600E+02
 -44.488  0.8264E-84  0.1600E+02
 -44.478  0.8264E-84  0.1600E+02
 -44.468  0.8264E-84  0.1600E+02
 -44.458  0.8264E-84  0.1600E+02
 -44.448  0.8264E-84  0.1600E+02
 -44.438  0.8264E-84  0.1600E+02
 -44.428  0.8264E-84  0.1600E+02
 -44.418  0.8264E-84  0.1600E+02
 -44.408  0.8264E-84  0.1600E+02
 -44.398  0.8264E-84  0.1600E+02
 -44.388  0.8264E-84  0.1600E+02
 -44.378  0.8264E-84  0.1600E+02
 -44.368  0.8264E-84  0.1600E+02
 -44.358  0.8264E-84  0.1600E+02
 -44.348  0.8264E-84  0.1600E+02
 -44.338  0.8264E-84  0.1600E+02
 -44.328  0.8264E-84  0.1600E+02
 -44.318  0.8264E-84  0.1600E+02
 -44.308  0.8264E-84  0.1600E+02
 -44.298  0.8264E-84  0.1600E+02
 -44.288  0.8264E-84  0.1600E+02
 -44.278  0.8264E-84  0.1600E+02
 -44.268  0.8264E-84  0.1600E+02
 -44.258  0.8264E-84  0.1600E+02
 -44.248  0.8264E-84  0.1600E+02
 -44.238  0.8264E-84  0.1600E+02
 -44.228  0.8264E-84  0.1600E+02
 -44.218  0.8264E-84  0.1600E+02
 -44.208  0.8264E-84  0.1600E+02
 -44.198  0.8264E-84  0.1600E+02
 -44.188  0.8264E-84  0.1600E+02
 -44.178  0.8264E-84  0.1600E+02
 -44.168  0.8264E-84  0.1600E+02
 -44.158  0.8264E-84  0.1600E+02
 -44.148  0.8264E-84  0.1600E+02
 -44.138  0.8264E-84  0.1600E+02
 -44.128  0.8264E-84  0.1600E+02
 -44.118  0.8264E-84  0.1600E+02
 -44.108  0.8264E-84  0.1600E+02
 -44.098  0.8264E-84  0.1600E+02
 -44.088  0.8264E-84  0.1600E+02
 -44.078  0.8264E-84  0.1600E+02
 -44.068  0.8264E-84  0.1600E+02
 -44.058  0.8264E-84  0.1600E+02
 -44.048  0.8264E-84  0.1600E+02
 -44.038  0.8264E-84  0.1600E+02
 -44.028  0.8264E-84  0.1600E+02
 -44.018  0.8264E-84  0.1600E+02
 -44.008  0.8264E-84  0.1600E+02
 -43.998  0.8264E-84  0.1600E+02
 -43.988  0.8264E-84  0.1600E+02
 -43.978  0.8264E-84  0.1600E+02
 -43.968  0.8264E-84  0.1600E+02
 -43.958  0.8264E-84  0.1600E+02
 -43.948  0.8264E-84  0.1600E+02
 -43.938  0.8264E-84  0.1600E+02
 -43.928  0.8264E-84  0.1600E+02
 -43.918  0.8264E-84  0.1600E+02
 -43.908  0.8264E-84  0.1600E+02
 -43.898  0.8264E-84  0.1600E+02
 -43.888  0.8264E-84  0.1600E+02
 -43.878  0.8264E-84  0.1600E+02
 -43.868  0.8264E-84  0.1600E+02
 -43.858  0.8264E-84  0.1600E+02
 -43.848  0.8264E-84  0.1600E+02
 -43.838  0.8264E-84  0.1600E+02
 -43.828  0.8264E-84  0.1600E+02
 -43.818  0.8264E-84  0.1600E+02
 -43.808  0.8264E-84  0.1600E+02
 -43.798  0.8264E-84  0.1600E+02
 -43.788  0.8264E-84  0.1600E+02
 -43.778  0.8264E-84  0.1600E+02
 -43.768  0.8264E-84  0.1600E+02
 -43.758  0.8264E-84  0.1600E+02
 -43.748  0.8264E-84  0.1600E+02
 -43.738  0.8264E-84  0.1600E+02
 -43.728  0.8264E-84  0.1600E+02
 -43.718  0.8264E-84  0.1600E+02
 -43.708  0.8264E-84  0.1600E+02
 -43.698  0.8264E-84  0.1600E+02
 -43.688  0.8264E-84  0.1600E+02
 -43.678  0.8264E-84  0.1600E+02
 -43.668  0.8264E-84  0.1600E+02
 -43.658  0.8264E-84  0.1600E+02
 -43.648  0.8264E-84  0.1600E+02
 -43.638  0.8264E-84  0.1600E+02
 -43.628  0.8264E-84  0.1600E+02
 -43.618  0.8264E-84  0.1600E+02
 -43.608  0.8264E-84  0.1600E+02
 -43.598  0.8264E-84  0.1600E+02
 -43.588  0.8264E-84  0.1600E+02
 -43.578  0.8264E-84  0.1600E+02
 -43.568  0.8264E-84  0.1600E+02
 -43.558  0.8264E-84  0.1600E+02
 -43.548  0.8264E-84  0.1600E+02
 -43.538  0.8264E-84  0.1600E+02
 -43.528  0.8264E-84  0.1600E+02
 -43.518  0.8264E-84  0.1600E+02
 -43.508  0.8264E-84  0.1600E+02
 -43.498  0.8264E-84  0.1600E+02
 -43.488  0.8264E-84  0.1600E+02
 -43.478  0.8264E-84  0.1600E+02
 -43.468  0.8264E-84  0.1600E+02
 -43.458  0.8264E-84  0.1600E+02
 -43.448  0.8264E-84  0.1600E+02
 -43.438  0.8264E-84  0.1600E+02
 -43.428  0.8264E-84  0.1600E+02
 -43.418  0.8264E-84  0.1600E+02
 -43.408  0.8264E-84  0.1600E+02
 -43.398  0.8264E-84  0.1600E+02
 -43.388  0.8264E-84  0.1600E+02
 -43.378  0.8264E-84  0.1600E+02
 -43.368  0.8264E-84  0.1600E+02
 -43.358  0.8264E-84  0.1600E+02
 -43.348  0.8264E-84  0.1600E+02
 -43.338  0.8264E-84  0.1600E+02
 -43.328  0.8264E-84  0.1600E+02
 -43.318  0.8264E-84  0.1600E+02
 -43.308  0.8264E-84  0.1600E+02
 -43.298  0.8264E-84  0.1600E+02
 -43.288  0.8264E-84  0.1600E+02
 -43.278  0.8264E-84  0.1600E+02
 -43.268  0.8264E-84  0.1600E+02
 -43.258  0.8264E-84  0.1600E+02
 -43.248  0.8264E-84  0.1600E+02
 -43.238  0.8264E-84  0.1600E+02
 -43.228  0.8264E-84  0.1600E+02
 -43.218  0.8264E-84  0.1600E+02
 -43.208  0.8264E-84  0.1600E+02
 -43.198  0.8264E-84  0.1600E+02
 -43.188  0.8264E-84  0.1600E+02
 -43.178  0.8264E-84  0.1600E+02
 -43.168  0.8264E-84  0.1600E+02
 -43.158  0.8264E-84  0.1600E+02
 -43.148  0.8264E-84  0.1600E+02
 -43.138  0.8264E-84  0.1600E+02
 -43.128  0.8264E-84  0.1600E+02
 -43.118  0.8264E-84  0.1600E+02
 -43.108  0.8264E-84  0.1600E+02
 -43.098  0.8264E-84  0.1600E+02
 -43.088  0.8264E-84  0.1600E+02
 -43.078  0.8264E-84  0.1600E+02
 -43.068  0.8264E-84  0.1600E+02
 -43.058  0.8264E-84  0.1600E+02
 -43.048  0.8264E-84  0.1600E+02
 -43.038  0.8264E-84  0.1600E+02
 -43.028  0.8264E-84  0.1600E+02
 -43.018  0.8264E-84  0.1600E+02
 -43.008  0.8264E-84  0.1600E+02
 -42.998  0.8264E-84  0.1600E+02
 -42.988  0.8264E-84  0.1600E+02
 -42.978  0.8264E-84  0.1600E+02
 -42.968  0.8264E-84  0.1600E+02
 -42.958  0.8264E-84  0.1600E+02
 -42.948  0.8264E-84  0.1600E+02
 -42.938  0.8264E-84  0.1600E+02
 -42.928  0.8264E-84  0.1600E+02
 -42.918  0.8264E-84  0.1600E+02
 -42.908  0.8264E-84  0.1600E+02
 -42.898  0.8264E-84  0.1600E+02
 -42.888  0.8264E-84  0.1600E+02
 -42.878  0.8264E-84  0.1600E+02
 -42.868  0.8264E-84  0.1600E+02
 -42.858  0.8264E-84  0.1600E+02
 -42.848  0.8264E-84  0.1600E+02
 -42.838  0.8264E-84  0.1600E+02
 -42.828  0.8264E-84  0.1600E+02
 -42.818  0.8264E-84  0.1600E+02
 -42.808  0.8264E-84  0.1600E+02
 -42.798  0.8264E-84  0.1600E+02
 -42.788  0.8264E-84  0.1600E+02
 -42.778  0.8264E-84  0.1600E+02
 -42.768  0.8264E-84  0.1600E+02
 -42.758  0.8264E-84  0.1600E+02
 -42.748  0.8264E-84  0.1600E+02
 -42.738  0.8264E-84  0.1600E+02
 -42.728  0.8264E-84  0.1600E+02
 -42.718  0.8264E-84  0.1600E+02
 -42.708  0.8264E-84  0.1600E+02
 -42.698  0.8264E-84  0.1600E+02
 -42.688  0.8264E-84  0.1600E+02
 -42.678  0.8264E-84  0.1600E+02
 -42.668  0.8264E-84  0.1600E+02
 -42.658  0.8264E-84  0.1600E+02
 -42.648  0.8264E-84  0.1600E+02
 -42.638  0.8264E-84  0.1600E+02
 -42.628  0.8264E-84  0.1600E+02
 -42.618  0.8264E-84  0.1600E+02
 -42.608  0.8264E-84  0.1600E+02
 -42.598  0.8264E-84  0.1600E+02
 -42.588  0.8264E-84  0.1600E+02
 -42.578  0.8264E-84  0.1600E+02
 -42.568  0.8264E-84  0.1600E+02
 -42.558  0.8264E-84  0.1600E+02
 -42.548  0.8264E-84  0.1600E+02
 -42.538  0.8264E-84  0.1600E+02
 -42.528  0.8264E-84  0.1600E+02
 -42.518  0.8264E-84  0.1600E+02
 -42.508  0.8264E-84  0.1600E+02
 -42.498  0.8264E-84  0.1600E+02
 -42.488  0.8264E-84  0.1600E+02
 -42.478  0.8264E-84  0.1600E+02
 -42.468  0.8264E-84  0.1600E+02
 -42.458  0.8264E-84  0.1600E+02
 -42.448  0.8264E-84  0.1600E+02
 -42.438  0.8264E-84  0.1600E+02
 -42.428  0.8264E-84  0.1600E+02
 -42.418  0.8264E-84  0.1600E+02
 -42.408  0.8264E-84  0.1600E+02
 -42.398  0.8264E-84  0.1600E+02
 -42.388  0.8264E-84  0.1600E+02
 -42.378  0.8264E-84  0.1600E+02
 -42.368  0.8264E-84  0.1600E+02
 -42.358  0.8264E-84  0.1600E+02
 -42.348  0.8264E-84  0.1600E+02
 -42.338  0.8264E-84  0.1600E+02
 -42.328  0.8264E-84  0.1600E+02
 -42.318  0.8264E-84  0.1600E+02
 -42.308  0.8264E-84  0.1600E+02
 -42.298  0.8264E-84  0.1600E+02
 -42.288  0.8264E-84  0.1600E+02
 -42.278  0.8264E-84  0.1600E+02
 -42.268  0.8264E-84  0.1600E+02
 -42.258  0.8264E-84  0.1600E+02
 -42.248  0.8264E-84  0.1600E+02
 -42.238  0.8264E-84  0.1600E+02
 -42.228  0.8264E-84  0.1600E+02
 -42.218  0.8264E-84  0.1600E+02
 -42.208  0.8264E-84  0.1600E+02
 -42.198  0.8264E-84  0.1600E+02
 -42.188  0.8264E-84  0.1600E+02
 -42.178  0.8264E-84  0.1600E+02
 -42.168  0.8264E-84  0.1600E+02
 -42.158  0.8264E-84  0.1600E+02
 -42.148  0.8264E-84  0.1600E+02
 -42.138  0.8264E-84  0.1600E+02
 -42.128  0.8264E-84  0.1600E+02
 -42.118  0.8264E-84  0.1600E+02
 -42.108  0.8264E-84  0.1600E+02
 -42.098  0.8264E-84  0.1600E+02
 -42.088  0.8264E-84  0.1600E+02
 -42.078  0.8264E-84  0.1600E+02
 -42.068  0.8264E-84  0.1600E+02
 -42.058  0.8264E-84  0.1600E+02
 -42.048  0.8264E-84  0.1600E+02
 -42.038  0.8264E-84  0.1600E+02
 -42.028  0.8264E-84  0.1600E+02
 -42.018  0.8264E-84  0.1600E+02
 -42.008  0.8264E-84  0.1600E+02
 -41.998  0.8264E-84  0.1600E+02
 -41.988  0.8264E-84  0.1600E+02
 -41.978  0.8264E-84  0.1600E+02
 -41.968  0.8264E-84  0.1600E+02
 -41.958  0.8264E-84  0.1600E+02
 -41.948  0.8264E-84  0.1600E+02
 -41.938  0.8264E-84  0.1600E+02
 -41.928  0.8264E-84  0.1600E+02
 -41.918  0.8264E-84  0.1600E+02
 -41.908  0.8264E-84  0.1600E+02
 -41.898  0.8264E-84  0.1600E+02
 -41.888  0.8264E-84  0.1600E+02
 -41.878  0.8264E-84  0.1600E+02
 -41.868  0.8264E-84  0.1600E+02
 -41.858  0.8264E-84  0.1600E+02
 -41.848  0.8264E-84  0.1600E+02
 -41.838  0.8264E-84  0.1600E+02
 -41.828  0.8264E-84  0.1600E+02
 -41.818  0.8264E-84  0.1600E+02
 -41.808  0.8264E-84  0.1600E+02
 -41.798  0.8264E-84  0.1600E+02
 -41.788  0.8264E-84  0.1600E+02
 -41.778  0.8264E-84  0.1600E+02
 -41.768  0.8264E-84  0.1600E+02
 -41.758  0.8264E-84  0.1600E+02
 -41.748  0.8264E-84  0.1600E+02
 -41.738  0.8264E-84  0.1600E+02
 -41.728  0.8264E-84  0.1600E+02
 -41.718  0.8264E-84  0.1600E+02
 -41.708  0.8264E-84  0.1600E+02
 -41.698  0.8264E-84  0.1600E+02
 -41.688  0.8264E-84  0.1600E+02
 -41.678  0.8264E-84  0.1600E+02
 -41.668  0.8264E-84  0.1600E+02
 -41.658  0.8264E-84  0.1600E+02
 -41.648  0.8264E-84  0.1600E+02
 -41.638  0.8264E-84  0.1600E+02
 -41.628  0.8264E-84  0.1600E+02
 -41.618  0.8264E-84  0.1600E+02
 -41.608  0.8264E-84  0.1600E+02
 -41.598  0.8264E-84  0.1600E+02
 -41.588  0.8264E-84  0.1600E+02
 -41.578  0.8264E-84  0.1600E+02
 -41.568  0.8264E-84  0.1600E+02
 -41.558  0.8264E-84  0.1600E+02
 -41.548  0.8264E-84  0.1600E+02
 -41.538  0.8264E-84  0.1600E+02
 -41.528  0.8264E-84  0.1600E+02
 -41.518  0.8264E-84  0.1600E+02
 -41.508  0.8264E-84  0.1600E+02
 -41.498  0.8264E-84  0.1600E+02
 -41.488  0.8264E-84  0.1600E+02
 -41.478  0.8264E-84  0.1600E+02
 -41.468  0.8264E-84  0.1600E+02
 -41.458  0.8264E-84  0.1600E+02
 -41.448  0.8264E-84  0.1600E+02
 -41.438  0.8264E-84  0.1600E+02
 -41.428  0.8264E-84  0.1600E+02
 -41.418  0.8264E-84  0.1600E+02
 -41.408  0.8264E-84  0.1600E+02
 -41.398  0.8264E-84  0.1600E+02
 -41.388  0.8264E-84  0.1600E+02
 -41.378  0.8264E-84  0.1600E+02
 -41.368  0.8264E-84  0.1600E+02
 -41.358  0.8264E-84  0.1600E+02
 -41.348  0.8264E-84  0.1600E+02
 -41.338  0.8264E-84  0.1600E+02
 -41.328  0.8264E-84  0.1600E+02
 -41.318  0.8264E-84  0.1600E+02
 -41.308  0.8264E-84  0.1600E+02
 -41.298  0.8264E-84  0.1600E+02
 -41.288  0.8264E-84  0.1600E+02
 -41.278  0.8264E-84  0.1600E+02
 -41.268  0.8264E-84  0.1600E+02
 -41.258  0.8264E-84  0.1600E+02
 -41.248  0.8264E-84  0.1600E+02
 -41.238  0.8264E-84  0.1600E+02
 -41.228  0.8264E-84  0.1600E+02
 -41.218  0.8264E-84  0.1600E+02
 -41.208  0.8264E-84  0.1600E+02
 -41.198  0.8264E-84  0.1600E+02
 -41.188  0.8264E-84  0.1600E+02
 -41.178  0.8264E-84  0.1600E+02
 -41.168  0.8264E-84  0.1600E+02
 -41.158  0.8264E-84  0.1600E+02
 -41.148  0.8264E-84  0.1600E+02
 -41.138  0.8264E-84  0.1600E+02
 -41.128  0.8264E-84  0.1600E+02
 -41.118  0.8264E-84  0.1600E+02
 -41.108  0.8264E-84  0.1600E+02
 -41.098  0.8264E-84  0.1600E+02
 -41.088  0.8264E-84  0.1600E+02
 -41.078  0.8264E-84  0.1600E+02
 -41.068  0.8264E-84  0.1600E+02
 -41.058  0.8264E-84  0.1600E+02
 -41.048  0.8264E-84  0.1600E+02
 -41.038  0.8264E-84  0.1600E+02
 -41.028  0.8264E-84  0.1600E+02
 -41.018  0.8264E-84  0.1600E+02
 -41.008  0.8264E-84  0.1600E+02
 -40.998  0.8264E-84  0.1600E+02
 -40.988  0.8264E-84  0.1600E+02
 -40.978  0.8264E-84  0.1600E+02
 -40.968  0.8264E-84  0.1600E+02
 -40.958  0.8264E-84  0.1600E+02
 -40.948  0.8264E-84  0.1600E+02
 -40.938  0.8264E-84  0.1600E+02
 -40.928  0.8264E-84  0.1600E+02
 -40.918  0.8264E-84  0.1600E+02
 -40.908  0.8264E-84  0.1600E+02
 -40.898  0.8264E-84  0.1600E+02
 -40.888  0.8264E-84  0.1600E+02
 -40.878  0.8264E-84  0.1600E+02
 -40.868  0.8264E-84  0.1600E+02
 -40.858  0.8264E-84  0.1600E+02
 -40.848  0.8264E-84  0.1600E+02
 -40.838  0.8264E-84  0.1600E+02
 -40.828  0.8264E-84  0.1600E+02
 -40.818  0.8264E-84  0.1600E+02
 -40.808  0.8264E-84  0.1600E+02
 -40.798  0.8264E-84  0.1600E+02
 -40.788  0.8264E-84  0.1600E+02
 -40.778  0.8264E-84  0.1600E+02
 -40.768  0.8264E-84  0.1600E+02
 -40.758  0.8264E-84  0.1600E+02
 -40.748  0.8264E-84  0.1600E+02
 -40.738  0.8264E-84  0.1600E+02
 -40.728  0.8264E-84  0.1600E+02
 -40.718  0.8264E-84  0.1600E+02
 -40.708  0.8264E-84  0.1600E+02
 -40.698  0.8264E-84  0.1600E+02
 -40.688  0.8264E-84  0.1600E+02
 -40.678  0.8264E-84  0.1600E+02
 -40.668  0.8264E-84  0.1600E+02
 -40.658  0.8264E-84  0.1600E+02
 -40.648  0.8264E-84  0.1600E+02
 -40.638  0.8264E-84  0.1600E+02
 -40.628  0.8264E-84  0.1600E+02
 -40.618  0.8264E-84  0.1600E+02
 -40.608  0.8264E-84  0.1600E+02
 -40.598  0.8264E-84  0.1600E+02
 -40.588  0.8264E-84  0.1600E+02
 -40.578  0.8264E-84  0.1600E+02
 -40.568  0.8264E-84  0.1600E+02
 -40.558  0.8264E-84  0.1600E+02
 -40.548  0.8264E-84  0.1600E+02
 -40.538  0.8264E-84  0.1600E+02
 -40.528  0.8264E-84  0.1600E+02
 -40.518  0.8264E-84  0.1600E+02
 -40.508  0.8264E-84  0.1600E+02
 -40.498  0.8264E-84  0.1600E+02
 -40.488  0.8264E-84  0.1600E+02
 -40.478  0.8264E-84  0.1600E+02
 -40.468  0.8264E-84  0.1600E+02
 -40.458  0.8264E-84  0.1600E+02
 -40.448  0.8264E-84  0.1600E+02
 -40.438  0.8264E-84  0.1600E+02
 -40.428  0.8264E-84  0.1600E+02
 -40.418  0.8264E-84  0.1600E+02
 -40.408  0.8264E-84  0.1600E+02
 -40.398  0.8264E-84  0.1600E+02
 -40.388  0.8264E-84  0.1600E+02
 -40.378  0.8264E-84  0.1600E+02
 -40.368  0.8264E-84  0.1600E+02
 -40.358  0.8264E-84  0.1600E+02
 -40.348  0.8264E-84  0.1600E+02
 -40.338  0.8264E-84  0.1600E+02
 -40.328  0.8264E-84  0.1600E+02
 -40.318  0.8264E-84  0.1600E+02
 -40.308  0.8264E-84  0.1600E+02
 -40.298  0.8264E-84  0.1600E+02
 -40.288  0.8264E-84  0.1600E+02
 -40.278  0.8264E-84  0.1600E+02
 -40.268  0.8264E-84  0.1600E+02
 -40.258  0.8264E-84  0.1600E+02
 -40.248  0.8264E-84  0.1600E+02
 -40.238  0.8264E-84  0.1600E+02
 -40.228  0.8264E-84  0.1600E+02
 -40.218  0.8264E-84  0.1600E+02
 -40.208  0.8264E-84  0.1600E+02
 -40.198  0.8264E-84  0.1600E+02
 -40.188  0.8264E-84  0.1600E+02
 -40.178  0.8264E-84  0.1600E+02
 -40.168  0.8264E-84  0.1600E+02
 -40.158  0.8264E-84  0.1600E+02
 -40.148  0.8264E-84  0.1600E+02
 -40.138  0.8264E-84  0.1600E+02
 -40.128  0.8264E-84  0.1600E+02
 -40.118  0.8264E-84  0.1600E+02
 -40.108  0.8264E-84  0.1600E+02
 -40.098  0.8264E-84  0.1600E+02
 -40.088  0.8264E-84  0.1600E+02
 -40.078  0.8264E-84  0.1600E+02
 -40.068  0.8264E-84  0.1600E+02
 -40.058  0.8264E-84  0.1600E+02
 -40.048  0.8264E-84  0.1600E+02
 -40.038  0.8264E-84  0.1600E+02
 -40.028  0.8264E-84  0.1600E+02
 -40.018  0.8264E-84  0.1600E+02
 -40.008  0.8264E-84  0.1600E+02
 -39.998  0.8264E-84  0.1600E+02
 -39.988  0.8264E-84  0.1600E+02
 -39.978  0.8264E-84  0.1600E+02
 -39.968  0.8264E-84  0.1600E+02
 -39.958  0.8264E-84  0.1600E+02
 -39.948  0.8264E-84  0.1600E+02
 -39.938  0.8264E-84  0.1600E+02
 -39.928  0.8264E-84  0.1600E+02
 -39.918  0.8264E-84  0.1600E+02
 -39.908  0.8264E-84  0.1600E+02
 -39.898  0.8264E-84  0.1600E+02
 -39.888  0.8264E-84  0.1600E+02
 -39.878  0.8264E-84  0.1600E+02
 -39.868  0.8264E-84  0.1600E+02
 -39.858  0.8264E-84  0.1600E+02
 -39.848  0.8264E-84  0.1600E+02
 -39.838  0.8264E-84  0.1600E+02
 -39.828  0.8264E-84  0.1600E+02
 -39.818  0.8264E-84  0.1600E+02
 -39.808  0.8264E-84  0.1600E+02
 -39.798  0.8264E-84  0.1600E+02
 -39.788  0.8264E-84  0.1600E+02
 -39.778  0.8264E-84  0.1600E+02
 -39.768  0.8264E-84  0.1600E+02
 -39.758  0.8264E-84  0.1600E+02
 -39.748  0.8264E-84  0.1600E+02
 -39.738  0.8264E-84  0.1600E+02
 -39.728  0.8264E-84  0.1600E+02
 -39.718  0.8264E-84  0.1600E+02
 -39.708  0.8264E-84  0.1600E+02
 -39.698  0.8264E-84  0.1600E+02
 -39.688  0.8264E-84  0.1600E+02
 -39.678  0.8264E-84  0.1600E+02
 -39.668  0.8264E-84  0.1600E+02
 -39.658  0.8264E-84  0.1600E+02
 -39.648  0.8264E-84  0.1600E+02
 -39.638  0.8264E-84  0.1600E+02
 -39.628  0.8264E-84  0.1600E+02
 -39.618  0.8264E-84  0.1600E+02
 -39.608  0.8264E-84  0.1600E+02
 -39.598  0.8264E-84  0.1600E+02
 -39.588  0.8264E-84  0.1600E+02
 -39.578  0.8264E-84  0.1600E+02
 -39.568  0.8264E-84  0.1600E+02
 -39.558  0.8264E-84  0.1600E+02
 -39.548  0.8264E-84  0.1600E+02
 -39.538  0.8264E-84  0.1600E+02
 -39.528  0.8264E-84  0.1600E+02
 -39.518  0.8264E-84  0.1600E+02
 -39.508  0.8264E-84  0.1600E+02
 -39.498  0.8264E-84  0.1600E+02
 -39.488  0.8264E-84  0.1600E+02
 -39.478  0.8264E-84  0.1600E+02
 -39.468  0.8264E-84  0.1600E+02
 -39.458  0.8264E-84  0.1600E+02
 -39.448  0.8264E-84  0.1600E+02
 -39.438  0.8264E-84  0.1600E+02
 -39.428  0.8264E-84  0.1600E+02
 -39.418  0.8264E-84  0.1600E+02
 -39.408  0.8264E-84  0.1600E+02
 -39.398  0.8264E-84  0.1600E+02
 -39.388  0.8264E-84  0.1600E+02
 -39.378  0.8264E-84  0.1600E+02
 -39.368  0.8264E-84  0.1600E+02
 -39.358  0.8264E-84  0.1600E+02
 -39.348  0.8264E-84  0.1600E+02
 -39.338  0.8264E-84  0.1600E+02
 -39.328  0.8264E-84  0.1600E+02
 -39.318  0.8264E-84  0.1600E+02
 -39.308  0.8264E-84  0.1600E+02
 -39.298  0.8264E-84  0.1600E+02
 -39.288  0.8264E-84  0.1600E+02
 -39.278  0.8264E-84  0.1600E+02
 -39.268  0.8264E-84  0.1600E+02
 -39.258  0.8264E-84  0.1600E+02
 -39.248  0.8264E-84  0.1600E+02
 -39.238  0.8264E-84  0.1600E+02
 -39.228  0.8264E-84  0.1600E+02
 -39.218  0.8264E-84  0.1600E+02
 -39.208  0.8264E-84  0.1600E+02
 -39.198  0.8264E-84  0.1600E+02
 -39.188  0.8264E-84  0.1600E+02
 -39.178  0.8264E-84  0.1600E+02
 -39.168  0.8264E-84  0.1600E+02
 -39.158  0.8264E-84  0.1600E+02
 -39.148  0.8264E-84  0.1600E+02
 -39.138  0.8264E-84  0.1600E+02
 -39.128  0.8264E-84  0.1600E+02
 -39.118  0.8264E-84  0.1600E+02
 -39.108  0.8264E-84  0.1600E+02
 -39.098  0.8264E-84  0.1600E+02
 -39.088  0.8264E-84  0.1600E+02
 -39.078  0.8264E-84  0.1600E+02
 -39.068  0.8264E-84  0.1600E+02
 -39.058  0.8264E-84  0.1600E+02
 -39.048  0.8264E-84  0.1600E+02
 -39.038  0.8264E-84  0.1600E+02
 -39.028  0.8264E-84  0.1600E+02
 -39.018  0.8264E-84  0.1600E+02
 -39.008  0.8264E-84  0.1600E+02
 -38.998  0.8264E-84  0.1600E+02
 -38.988  0.8264E-84  0.1600E+02
 -38.978  0.8264E-84  0.1600E+02
 -38.968  0.8264E-84  0.1600E+02
 -38.958  0.8264E-84  0.1600E+02
 -38.948  0.8264E-84  0.1600E+02
 -38.938  0.8264E-84  0.1600E+02
 -38.928  0.8264E-84  0.1600E+02
 -38.918  0.8264E-84  0.1600E+02
 -38.908  0.8264E-84  0.1600E+02
 -38.898  0.8264E-84  0.1600E+02
 -38.888  0.8264E-84  0.1600E+02
 -38.878  0.8264E-84  0.1600E+02
 -38.868  0.8264E-84  0.1600E+02
 -38.858  0.8264E-84  0.1600E+02
 -38.848  0.8264E-84  0.1600E+02
 -38.838  0.8264E-84  0.1600E+02
 -38.828  0.8264E-84  0.1600E+02
 -38.818  0.8264E-84  0.1600E+02
 -38.808  0.8264E-84  0.1600E+02
 -38.798  0.8264E-84  0.1600E+02
 -38.788  0.8264E-84  0.1600E+02
 -38.778  0.8264E-84  0.1600E+02
 -38.768  0.8264E-84  0.1600E+02
 -38.758  0.8264E-84  0.1600E+02
 -38.748  0.8264E-84  0.1600E+02
 -38.738  0.8264E-84  0.1600E+02
 -38.728  0.8264E-84  0.1600E+02
 -38.718  0.8264E-84  0.1600E+02
 -38.708  0.8264E-84  0.1600E+02
 -38.698  0.8264E-84  0.1600E+02
 -38.688  0.8264E-84  0.1600E+02
 -38.678  0.8264E-84  0.1600E+02
 -38.668  0.8264E-84  0.1600E+02
 -38.658  0.8264E-84  0.1600E+02
 -38.648  0.8264E-84  0.1600E+02
 -38.638  0.8264E-84  0.1600E+02
 -38.628  0.8264E-84  0.1600E+02
 -38.618  0.8264E-84  0.1600E+02
 -38.608  0.8264E-84  0.1600E+02
 -38.598  0.8264E-84  0.1600E+02
 -38.588  0.8264E-84  0.1600E+02
 -38.578  0.8264E-84  0.1600E+02
 -38.568  0.8264E-84  0.1600E+02
 -38.558  0.8264E-84  0.1600E+02
 -38.548  0.8264E-84  0.1600E+02
 -38.538  0.8264E-84  0.1600E+02
 -38.528  0.8264E-84  0.1600E+02
 -38.518  0.8264E-84  0.1600E+02
 -38.508  0.8264E-84  0.1600E+02
 -38.498  0.8264E-84  0.1600E+02
 -38.488  0.8264E-84  0.1600E+02
 -38.478  0.8264E-84  0.1600E+02
 -38.468  0.8264E-84  0.1600E+02
 -38.458  0.8264E-84  0.1600E+02
 -38.448  0.8264E-84  0.1600E+02
 -38.438  0.8264E-84  0.1600E+02
 -38.428  0.8264E-84  0.1600E+02
 -38.418  0.8264E-84  0.1600E+02
 -38.408  0.8264E-84  0.1600E+02
 -38.398  0.8264E-84  0.1600E+02
 -38.388  0.8264E-84  0.1600E+02
 -38.378  0.8264E-84  0.1600E+02
 -38.368  0.8264E-84  0.1600E+02
 -38.358  0.8264E-84  0.1600E+02
 -38.348  0.8264E-84  0.1600E+02
 -38.338  0.8264E-84  0.1600E+02
 -38.328  0.8264E-84  0.1600E+02
 -38.318  0.8264E-84  0.1600E+02
 -38.308  0.8264E-84  0.1600E+02
 -38.298  0.8264E-84  0.1600E+02
 -38.288  0.8264E-84  0.1600E+02
 -38.278  0.8264E-84  0.1600E+02
 -38.268  0.8264E-84  0.1600E+02
 -38.258  0.8264E-84  0.1600E+02
 -38.248  0.8264E-84  0.1600E+02
 -38.238  0.8264E-84  0.1600E+02
 -38.228  0.8264E-84  0.1600E+02
 -38.218  0.8264E-84  0.1600E+02
 -38.208  0.8264E-84  0.1600E+02
 -38.198  0.8264E-84  0.1600E+02
 -38.188  0.8264E-84  0.1600E+02
 -38.178  0.8264E-84  0.1600E+02
 -38.168  0.8264E-84  0.1600E+02
 -38.158  0.8264E-84  0.1600E+02
 -38.148  0.8264E-84  0.1600E+02
 -38.138  0.8264E-84  0.1600E+02
 -38.128  0.8264E-84  0.1600E+02
 -38.118  0.8264E-84  0.1600E+02
 -38.108  0.8264E-84  0.1600E+02
 -38.098  0.8264E-84  0.1600E+02
 -38.088  0.8264E-84  0.1600E+02
 -38.078  0.8264E-84  0.1600E+02
 -38.068  0.8264E-84  0.1600E+02
 -38.058  0.8264E-84  0.1600E+02
 -38.048  0.8264E-84  0.1600E+02
 -38.038  0.8264E-84  0.1600E+02
 -38.028  0.8264E-84  0.1600E+02
 -38.018  0.8264E-84  0.1600E+02
 -38.008  0.8264E-84  0.1600E+02
 -37.998  0.8264E-84  0.1600E+02
 -37.988  0.8264E-84  0.1600E+02
 -37.978  0.8264E-84  0.1600E+02
 -37.968  0.8264E-84  0.1600E+02
 -37.958  0.8264E-84  0.1600E+02
 -37.948  0.8264E-84  0.1600E+02
 -37.938  0.8264E-84  0.1600E+02
 -37.928  0.8264E-84  0.1600E+02
 -37.918  0.8264E-84  0.1600E+02
 -37.908  0.8264E-84  0.1600E+02
 -37.898  0.8264E-84  0.1600E+02
 -37.888  0.8264E-84  0.1600E+02
 -37.878  0.8264E-84  0.1600E+02
 -37.868  0.8264E-84  0.1600E+02
 -37.858  0.8264E-84  0.1600E+02
 -37.848  0.8264E-84  0.1600E+02
 -37.838  0.8264E-84  0.1600E+02
 -37.828  0.8264E-84  0.1600E+02
 -37.818  0.8264E-84  0.1600E+02
 -37.808  0.8264E-84  0.1600E+02
 -37.798  0.8264E-84  0.1600E+02
 -37.788  0.8264E-84  0.1600E+02
 -37.778  0.8264E-84  0.1600E+02
 -37.768  0.8264E-84  0.1600E+02
 -37.758  0.8264E-84  0.1600E+02
 -37.748  0.8264E-84  0.1600E+02
 -37.738  0.8264E-84  0.1600E+02
 -37.728  0.8264E-84  0.1600E+02
 -37.718  0.8264E-84  0.1600E+02
 -37.708  0.8264E-84  0.1600E+02
 -37.698  0.8264E-84  0.1600E+02
 -37.688  0.8264E-84  0.1600E+02
 -37.678  0.8264E-84  0.1600E+02
 -37.668  0.8264E-84  0.1600E+02
 -37.658  0.8264E-84  0.1600E+02
 -37.648  0.8264E-84  0.1600E+02
 -37.638  0.8264E-84  0.1600E+02
 -37.628  0.8264E-84  0.1600E+02
 -37.618  0.8264E-84  0.1600E+02
 -37.608  0.8264E-84  0.1600E+02
 -37.598  0.8264E-84  0.1600E+02
 -37.588  0.8264E-84  0.1600E+02
 -37.578  0.8264E-84  0.1600E+02
 -37.568  0.8264E-84  0.1600E+02
 -37.558  0.8264E-84  0.1600E+02
 -37.548  0.8264E-84  0.1600E+02
 -37.538  0.8264E-84  0.1600E+02
 -37.528  0.8264E-84  0.1600E+02
 -37.518  0.8264E-84  0.1600E+02
 -37.508  0.8264E-84  0.1600E+02
 -37.498  0.8264E-84  0.1600E+02
 -37.488  0.8264E-84  0.1600E+02
 -37.478  0.8264E-84  0.1600E+02
 -37.468  0.8264E-84  0.1600E+02
 -37.458  0.8264E-84  0.1600E+02
 -37.448  0.8264E-84  0.1600E+02
 -37.438  0.8264E-84  0.1600E+02
 -37.428  0.8264E-84  0.1600E+02
 -37.418  0.8264E-84  0.1600E+02
 -37.408  0.8264E-84  0.1600E+02
 -37.398  0.8264E-84  0.1600E+02
 -37.388  0.8264E-84  0.1600E+02
 -37.378  0.8264E-84  0.1600E+02
 -37.368  0.8264E-84  0.1600E+02
 -37.358  0.8264E-84  0.1600E+02
 -37.348  0.8264E-84  0.1600E+02
 -37.338  0.8264E-84  0.1600E+02
 -37.328  0.8264E-84  0.1600E+02
 -37.318  0.8264E-84  0.1600E+02
 -37.308  0.8264E-84  0.1600E+02
 -37.298  0.8264E-84  0.1600E+02
 -37.288  0.8264E-84  0.1600E+02
 -37.278  0.8264E-84  0.1600E+02
 -37.268  0.8264E-84  0.1600E+02
 -37.258  0.8264E-84  0.1600E+02
 -37.248  0.8264E-84  0.1600E+02
 -37.238  0.8264E-84  0.1600E+02
 -37.228  0.8264E-84  0.1600E+02
 -37.218  0.8264E-84  0.1600E+02
 -37.208  0.8264E-84  0.1600E+02
 -37.198  0.8264E-84  0.1600E+02
 -37.188  0.8264E-84  0.1600E+02
 -37.178  0.8264E-84  0.1600E+02
 -37.168  0.8264E-84  0.1600E+02
 -37.158  0.8264E-84  0.1600E+02
 -37.148  0.8264E-84  0.1600E+02
 -37.138  0.8264E-84  0.1600E+02
 -37.128  0.8264E-84  0.1600E+02
 -37.118  0.8264E-84  0.1600E+02
 -37.108  0.8264E-84  0.1600E+02
 -37.098  0.8264E-84  0.1600E+02
 -37.088  0.8264E-84  0.1600E+02
 -37.078  0.8264E-84  0.1600E+02
 -37.068  0.8264E-84  0.1600E+02
 -37.058  0.8264E-84  0.1600E+02
 -37.048  0.8264E-84  0.1600E+02
 -37.038  0.8264E-84  0.1600E+02
 -37.028  0.8264E-84  0.1600E+02
 -37.018  0.8264E-84  0.1600E+02
 -37.008  0.8264E-84  0.1600E+02
 -36.998  0.8264E-84  0.1600E+02
 -36.988  0.8264E-84  0.1600E+02
 -36.978  0.8264E-84  0.1600E+02
 -36.968  0.8264E-84  0.1600E+02
 -36.958  0.8264E-84  0.1600E+02
 -36.948  0.8264E-84  0.1600E+02
 -36.938  0.8264E-84  0.1600E+02
 -36.928  0.8264E-84  0.1600E+02
 -36.918  0.8264E-84  0.1600E+02
 -36.908  0.8264E-84  0.1600E+02
 -36.898  0.8264E-84  0.1600E+02
 -36.888  0.8264E-84  0.1600E+02
 -36.878  0.8264E-84  0.1600E+02
 -36.868  0.8264E-84  0.1600E+02
 -36.858  0.8264E-84  0.1600E+02
 -36.848  0.8264E-84  0.1600E+02
 -36.838  0.8264E-84  0.1600E+02
 -36.828  0.8264E-84  0.1600E+02
 -36.818  0.8264E-84  0.1600E+02
 -36.808  0.8264E-84  0.1600E+02
 -36.798  0.8264E-84  0.1600E+02
 -36.788  0.8264E-84  0.1600E+02
 -36.778  0.8264E-84  0.1600E+02
 -36.768  0.8264E-84  0.1600E+02
 -36.758  0.8264E-84  0.1600E+02
 -36.748  0.8264E-84  0.1600E+02
 -36.738  0.8264E-84  0.1600E+02
 -36.728  0.8264E-84  0.1600E+02
 -36.718  0.8264E-84  0.1600E+02
 -36.708  0.8264E-84  0.1600E+02
 -36.698  0.8264E-84  0.1600E+02
 -36.688  0.8264E-84  0.1600E+02
 -36.678  0.8264E-84  0.1600E+02
 -36.668  0.8264E-84  0.1600E+02
 -36.658  0.8264E-84  0.1600E+02
 -36.648  0.8264E-84  0.1600E+02
 -36.638  0.8264E-84  0.1600E+02
 -36.628  0.8264E-84  0.1600E+02
 -36.618  0.8264E-84  0.1600E+02
 -36.608  0.8264E-84  0.1600E+02
 -36.598  0.8264E-84  0.1600E+02
 -36.588  0.8264E-84  0.1600E+02
 -36.578  0.8264E-84  0.1600E+02
 -36.568  0.8264E-84  0.1600E+02
 -36.558  0.8264E-84  0.1600E+02
 -36.548  0.8264E-84  0.1600E+02
 -36.538  0.8264E-84  0.1600E+02
 -36.528  0.8264E-84  0.1600E+02
 -36.518  0.8264E-84  0.1600E+02
 -36.508  0.8264E-84  0.1600E+02
 -36.498  0.8264E-84  0.1600E+02
 -36.488  0.8264E-84  0.1600E+02
 -36.478  0.8264E-84  0.1600E+02
 -36.468  0.8264E-84  0.1600E+02
 -36.458  0.8264E-84  0.1600E+02
 -36.448  0.8264E-84  0.1600E+02
 -36.438  0.8264E-84  0.1600E+02
 -36.428  0.8264E-84  0.1600E+02
 -36.418  0.8264E-84  0.1600E+02
 -36.408  0.8264E-84  0.1600E+02
 -36.398  0.8264E-84  0.1600E+02
 -36.388  0.8264E-84  0.1600E+02
 -36.378  0.8264E-84  0.1600E+02
 -36.368  0.8264E-84  0.1600E+02
 -36.358  0.8264E-84  0.1600E+02
 -36.348  0.8264E-84  0.1600E+02
 -36.338  0.8264E-84  0.1600E+02
 -36.328  0.8264E-84  0.1600E+02
 -36.318  0.8264E-84  0.1600E+02
 -36.308  0.8264E-84  0.1600E+02
 -36.298  0.8264E-84  0.1600E+02
 -36.288  0.8264E-84  0.1600E+02
 -36.278  0.8264E-84  0.1600E+02
 -36.268  0.8264E-84  0.1600E+02
 -36.258  0.8264E-84  0.1600E+02
 -36.248  0.8264E-84  0.1600E+02
 -36.238  0.8264E-84  0.1600E+02
 -36.228  0.8264E-84  0.1600E+02
 -36.218  0.8264E-84  0.1600E+02
 -36.208  0.8264E-84  0.1600E+02
 -36.198  0.8264E-84  0.1600E+02
 -36.188  0.8264E-84  0.1600E+02
 -36.178  0.8264E-84  0.1600E+02
 -36.168  0.8264E-84  0.1600E+02
 -36.158  0.8264E-84  0.1600E+02
 -36.148  0.8264E-84  0.1600E+02
 -36.138  0.8264E-84  0.1600E+02
 -36.128  0.8264E-84  0.1600E+02
 -36.118  0.8264E-84  0.1600E+02
 -36.108  0.8264E-84  0.1600E+02
 -36.098  0.8264E-84  0.1600E+02
 -36.088  0.8264E-84  0.1600E+02
 -36.078  0.8264E-84  0.1600E+02
 -36.068  0.8264E-84  0.1600E+02
 -36.058  0.8264E-84  0.1600E+02
 -36.048  0.8264E-84  0.1600E+02
 -36.038  0.8264E-84  0.1600E+02
 -36.028  0.8264E-84  0.1600E+02
 -36.018  0.8264E-84  0.1600E+02
 -36.008  0.8264E-84  0.1600E+02
 -35.998  0.8264E-84  0.1600E+02
 -35.988  0.8264E-84  0.1600E+02
 -35.978  0.8264E-84  0.1600E+02
 -35.968  0.8264E-84  0.1600E+02
 -35.958  0.8264E-84  0.1600E+02
 -35.948  0.8264E-84  0.1600E+02
 -35.938  0.8264E-84  0.1600E+02
 -35.928  0.8264E-84  0.1600E+02
 -35.918  0.8264E-84  0.1600E+02
 -35.908  0.8264E-84  0.1600E+02
 -35.898  0.8264E-84  0.1600E+02
 -35.888  0.8264E-84  0.1600E+02
 -35.878  0.8264E-84  0.1600E+02
 -35.868  0.8264E-84  0.1600E+02
 -35.858  0.8264E-84  0.1600E+02
 -35.848  0.8264E-84  0.1600E+02
 -35.838  0.8264E-84  0.1600E+02
 -35.828  0.8264E-84  0.1600E+02
 -35.818  0.8264E-84  0.1600E+02
 -35.808  0.8264E-84  0.1600E+02
 -35.798  0.8264E-84  0.1600E+02
 -35.788  0.8264E-84  0.1600E+02
 -35.778  0.8264E-84  0.1600E+02
 -35.768  0.8264E-84  0.1600E+02
 -35.758  0.8264E-84  0.1600E+02
 -35.748  0.8264E-84  0.1600E+02
 -35.738  0.8264E-84  0.1600E+02
 -35.728  0.8264E-84  0.1600E+02
 -35.718  0.8264E-84  0.1600E+02
 -35.708  0.8264E-84  0.1600E+02
 -35.698  0.8264E-84  0.1600E+02
 -35.688  0.8264E-84  0.1600E+02
 -35.678  0.8264E-84  0.1600E+02
 -35.668  0.8264E-84  0.1600E+02
 -35.658  0.8264E-84  0.1600E+02
 -35.648  0.8264E-84  0.1600E+02
 -35.638  0.8264E-84  0.1600E+02
 -35.628  0.8264E-84  0.1600E+02
 -35.618  0.8264E-84  0.1600E+02
 -35.608  0.8264E-84  0.1600E+02
 -35.598  0.8264E-84  0.1600E+02
 -35.588  0.8264E-84  0.1600E+02
 -35.578  0.8264E-84  0.1600E+02
 -35.568  0.8264E-84  0.1600E+02
 -35.558  0.8264E-84  0.1600E+02
 -35.548  0.8264E-84  0.1600E+02
 -35.538  0.8264E-84  0.1600E+02
 -35.528  0.8264E-84  0.1600E+02
 -35.518  0.8264E-84  0.1600E+02
 -35.508  0.8264E-84  0.1600E+02
 -35.498  0.8264E-84  0.1600E+02
 -35.488  0.8264E-84  0.1600E+02
 -35.478  0.8264E-84  0.1600E+02
 -35.468  0.8264E-84  0.1600E+02
 -35.458  0.8264E-84  0.1600E+02
 -35.448  0.8264E-84  0.1600E+02
 -35.438  0.8264E-84  0.1600E+02
 -35.428  0.8264E-84  0.1600E+02
 -35.418  0.8264E-84  0.1600E+02
 -35.408  0.8264E-84  0.1600E+02
 -35.398  0.8264E-84  0.1600E+02
 -35.388  0.8264E-84  0.1600E+02
 -35.378  0.8264E-84  0.1600E+02
 -35.368  0.8264E-84  0.1600E+02
 -35.358  0.8264E-84  0.1600E+02
 -35.348  0.8264E-84  0.1600E+02
 -35.338  0.8264E-84  0.1600E+02
 -35.328  0.8264E-84  0.1600E+02
 -35.318  0.8264E-84  0.1600E+02
 -35.308  0.8264E-84  0.1600E+02
 -35.298  0.8264E-84  0.1600E+02
 -35.288  0.8264E-84  0.1600E+02
 -35.278  0.8264E-84  0.1600E+02
 -35.268  0.8264E-84  0.1600E+02
 -35.258  0.8264E-84  0.1600E+02
 -35.248  0.8264E-84  0.1600E+02
 -35.238  0.8264E-84  0.1600E+02
 -35.228  0.8264E-84  0.1600E+02
 -35.218  0.8264E-84  0.1600E+02
 -35.208  0.8264E-84  0.1600E+02
 -35.198  0.8264E-84  0.1600E+02
 -35.188  0.8264E-84  0.1600E+02
 -35.178  0.8264E-84  0.1600E+02
 -35.168  0.8264E-84  0.1600E+02
 -35.158  0.8264E-84  0.1600E+02
 -35.148  0.8264E-84  0.1600E+02
 -35.138  0.8264E-84  0.1600E+02
 -35.128  0.8264E-84  0.1600E+02
 -35.118  0.8264E-84  0.1600E+02
 -35.108  0.8264E-84  0.1600E+02
 -35.098  0.8264E-84  0.1600E+02
 -35.088  0.8264E-84  0.1600E+02
 -35.078  0.8264E-84  0.1600E+02
 -35.068  0.8264E-84  0.1600E+02
 -35.058  0.8264E-84  0.1600E+02
 -35.048  0.8264E-84  0.1600E+02
 -35.038  0.8264E-84  0.1600E+02
 -35.028  0.8264E-84  0.1600E+02
 -35.018  0.8264E-84  0.1600E+02
 -35.008  0.8264E-84  0.1600E+02
 -34.998  0.8264E-84  0.1600E+02
 -34.988  0.8264E-84  0.1600E+02
 -34.978  0.8264E-84  0.1600E+02
 -34.968  0.8264E-84  0.1600E+02
 -34.958  0.8264E-84  0.1600E+02
 -34.948  0.8264E-84  0.1600E+02
 -34.938  0.8264E-84  0.1600E+02
 -34.928  0.8264E-84  0.1600E+02
 -34.918  0.8264E-84  0.1600E+02
 -34.908  0.8264E-84  0.1600E+02
 -34.898  0.8264E-84  0.1600E+02
 -34.888  0.8264E-84  0.1600E+02
 -34.878  0.8264E-84  0.1600E+02
 -34.868  0.8264E-84  0.1600E+02
 -34.858  0.8264E-84  0.1600E+02
 -34.848  0.8264E-84  0.1600E+02
 -34.838  0.8264E-84  0.1600E+02
 -34.828  0.8264E-84  0.1600E+02
 -34.818  0.8264E-84  0.1600E+02
 -34.808  0.8264E-84  0.1600E+02
 -34.798  0.8264E-84  0.1600E+02
 -34.788  0.8264E-84  0.1600E+02
 -34.778  0.8264E-84  0.1600E+02
 -34.768  0.8264E-84  0.1600E+02
 -34.758  0.8264E-84  0.1600E+02
 -34.748  0.8264E-84  0.1600E+02
 -34.738  0.8264E-84  0.1600E+02
 -34.728  0.8264E-84  0.1600E+02
 -34.718  0.8264E-84  0.1600E+02
 -34.708  0.8264E-84  0.1600E+02
 -34.698  0.8264E-84  0.1600E+02
 -34.688  0.8264E-84  0.1600E+02
 -34.678  0.8264E-84  0.1600E+02
 -34.668  0.8264E-84  0.1600E+02
 -34.658  0.8264E-84  0.1600E+02
 -34.648  0.8264E-84  0.1600E+02
 -34.638  0.8264E-84  0.1600E+02
 -34.628  0.8264E-84  0.1600E+02
 -34.618  0.8264E-84  0.1600E+02
 -34.608  0.8264E-84  0.1600E+02
 -34.598  0.8264E-84  0.1600E+02
 -34.588  0.8264E-84  0.1600E+02
 -34.578  0.8264E-84  0.1600E+02
 -34.568  0.8264E-84  0.1600E+02
 -34.558  0.8264E-84  0.1600E+02
 -34.548  0.8264E-84  0.1600E+02
 -34.538  0.8264E-84  0.1600E+02
 -34.528  0.8264E-84  0.1600E+02
 -34.518  0.8264E-84  0.1600E+02
 -34.508  0.8264E-84  0.1600E+02
 -34.498  0.8264E-84  0.1600E+02
 -34.488  0.8264E-84  0.1600E+02
 -34.478  0.8264E-84  0.1600E+02
 -34.468  0.8264E-84  0.1600E+02
 -34.458  0.8264E-84  0.1600E+02
 -34.448  0.8264E-84  0.1600E+02
 -34.438  0.8264E-84  0.1600E+02
 -34.428  0.8264E-84  0.1600E+02
 -34.418  0.8264E-84  0.1600E+02
 -34.408  0.8264E-84  0.1600E+02
 -34.398  0.8264E-84  0.1600E+02
 -34.388  0.8264E-84  0.1600E+02
 -34.378  0.8264E-84  0.1600E+02
 -34.368  0.8264E-84  0.1600E+02
 -34.358  0.8264E-84  0.1600E+02
 -34.348  0.8264E-84  0.1600E+02
 -34.338  0.8264E-84  0.1600E+02
 -34.328  0.8264E-84  0.1600E+02
 -34.318  0.8264E-84  0.1600E+02
 -34.308  0.8264E-84  0.1600E+02
 -34.298  0.8264E-84  0.1600E+02
 -34.288  0.8264E-84  0.1600E+02
 -34.278  0.8264E-84  0.1600E+02
 -34.268  0.8264E-84  0.1600E+02
 -34.258  0.8264E-84  0.1600E+02
 -34.248  0.8264E-84  0.1600E+02
 -34.238  0.8264E-84  0.1600E+02
 -34.228  0.8264E-84  0.1600E+02
 -34.218  0.8264E-84  0.1600E+02
 -34.208  0.8264E-84  0.1600E+02
 -34.198  0.8264E-84  0.1600E+02
 -34.188  0.8264E-84  0.1600E+02
 -34.178  0.8264E-84  0.1600E+02
 -34.168  0.8264E-84  0.1600E+02
 -34.158  0.8264E-84  0.1600E+02
 -34.148  0.8264E-84  0.1600E+02
 -34.138  0.8264E-84  0.1600E+02
 -34.128  0.8264E-84  0.1600E+02
 -34.118  0.8264E-84  0.1600E+02
 -34.108  0.8264E-84  0.1600E+02
 -34.098  0.8264E-84  0.1600E+02
 -34.088  0.8264E-84  0.1600E+02
 -34.078  0.8264E-84  0.1600E+02
 -34.068  0.8264E-84  0.1600E+02
 -34.058  0.8264E-84  0.1600E+02
 -34.048  0.8264E-84  0.1600E+02
 -34.038  0.8264E-84  0.1600E+02
 -34.028  0.8264E-84  0.1600E+02
 -34.018  0.8264E-84  0.1600E+02
 -34.008  0.8264E-84  0.1600E+02
 -33.998  0.8264E-84  0.1600E+02
 -33.988  0.8264E-84  0.1600E+02
 -33.978  0.8264E-84  0.1600E+02
 -33.968  0.8264E-84  0.1600E+02
 -33.958  0.8264E-84  0.1600E+02
 -33.948  0.8264E-84  0.1600E+02
 -33.938  0.8264E-84  0.1600E+02
 -33.928  0.8264E-84  0.1600E+02
 -33.918  0.8264E-84  0.1600E+02
 -33.908  0.8264E-84  0.1600E+02
 -33.898  0.8264E-84  0.1600E+02
 -33.888  0.8264E-84  0.1600E+02
 -33.878  0.8264E-84  0.1600E+02
 -33.868  0.8264E-84  0.1600E+02
 -33.858  0.8264E-84  0.1600E+02
 -33.848  0.8264E-84  0.1600E+02
 -33.838  0.8264E-84  0.1600E+02
 -33.828  0.8264E-84  0.1600E+02
 -33.818  0.8264E-84  0.1600E+02
 -33.808  0.8264E-84  0.1600E+02
 -33.798  0.8264E-84  0.1600E+02
 -33.788  0.8264E-84  0.1600E+02
 -33.778  0.8264E-84  0.1600E+02
 -33.768  0.8264E-84  0.1600E+02
 -33.758  0.8264E-84  0.1600E+02
 -33.748  0.8264E-84  0.1600E+02
 -33.738  0.8264E-84  0.1600E+02
 -33.728  0.8264E-84  0.1600E+02
 -33.718  0.8264E-84  0.1600E+02
 -33.708  0.8264E-84  0.1600E+02
 -33.698  0.8264E-84  0.1600E+02
 -33.688  0.8264E-84  0.1600E+02
 -33.678  0.8264E-84  0.1600E+02
 -33.668  0.8264E-84  0.1600E+02
 -33.658  0.8264E-84  0.1600E+02
 -33.648  0.8264E-84  0.1600E+02
 -33.638  0.8264E-84  0.1600E+02
 -33.628  0.8264E-84  0.1600E+02
 -33.618  0.8264E-84  0.1600E+02
 -33.608  0.8264E-84  0.1600E+02
 -33.598  0.8264E-84  0.1600E+02
 -33.588  0.8264E-84  0.1600E+02
 -33.578  0.8264E-84  0.1600E+02
 -33.568  0.8264E-84  0.1600E+02
 -33.558  0.8264E-84  0.1600E+02
 -33.548  0.8264E-84  0.1600E+02
 -33.538  0.8264E-84  0.1600E+02
 -33.528  0.8264E-84  0.1600E+02
 -33.518  0.8264E-84  0.1600E+02
 -33.508  0.8264E-84  0.1600E+02
 -33.498  0.8264E-84  0.1600E+02
 -33.488  0.8264E-84  0.1600E+02
 -33.478  0.8264E-84  0.1600E+02
 -33.468  0.8264E-84  0.1600E+02
 -33.458  0.8264E-84  0.1600E+02
 -33.448  0.8264E-84  0.1600E+02
 -33.438  0.8264E-84  0.1600E+02
 -33.428  0.8264E-84  0.1600E+02
 -33.418  0.8264E-84  0.1600E+02
 -33.408  0.8264E-84  0.1600E+02
 -33.398  0.8264E-84  0.1600E+02
 -33.388  0.8264E-84  0.1600E+02
 -33.378  0.8264E-84  0.1600E+02
 -33.368  0.8264E-84  0.1600E+02
 -33.358  0.8264E-84  0.1600E+02
 -33.348  0.8264E-84  0.1600E+02
 -33.338  0.8264E-84  0.1600E+02
 -33.328  0.8264E-84  0.1600E+02
 -33.318  0.8264E-84  0.1600E+02
 -33.308  0.8264E-84  0.1600E+02
 -33.298  0.8264E-84  0.1600E+02
 -33.288  0.8264E-84  0.1600E+02
 -33.278  0.8264E-84  0.1600E+02
 -33.268  0.8264E-84  0.1600E+02
 -33.258  0.8264E-84  0.1600E+02
 -33.248  0.8264E-84  0.1600E+02
 -33.238  0.8264E-84  0.1600E+02
 -33.228  0.8264E-84  0.1600E+02
 -33.218  0.8264E-84  0.1600E+02
 -33.208  0.8264E-84  0.1600E+02
 -33.198  0.8264E-84  0.1600E+02
 -33.188  0.8264E-84  0.1600E+02
 -33.178  0.8264E-84  0.1600E+02
 -33.168  0.8264E-84  0.1600E+02
 -33.158  0.8264E-84  0.1600E+02
 -33.148  0.8264E-84  0.1600E+02
 -33.138  0.8264E-84  0.1600E+02
 -33.128  0.8264E-84  0.1600E+02
 -33.118  0.8264E-84  0.1600E+02
 -33.108  0.8264E-84  0.1600E+02
 -33.098  0.8264E-84  0.1600E+02
 -33.088  0.8264E-84  0.1600E+02
 -33.078  0.8264E-84  0.1600E+02
 -33.068  0.8264E-84  0.1600E+02
 -33.058  0.8264E-84  0.1600E+02
 -33.048  0.8264E-84  0.1600E+02
 -33.038  0.8264E-84  0.1600E+02
 -33.028  0.8264E-84  0.1600E+02
 -33.018  0.8264E-84  0.1600E+02
 -33.008  0.8264E-84  0.1600E+02
 -32.998  0.8264E-84  0.1600E+02
 -32.988  0.8264E-84  0.1600E+02
 -32.978  0.8264E-84  0.1600E+02
 -32.968  0.8264E-84  0.1600E+02
 -32.958  0.8264E-84  0.1600E+02
 -32.948  0.8264E-84  0.1600E+02
 -32.938  0.8264E-84  0.1600E+02
 -32.928  0.8264E-84  0.1600E+02
 -32.918  0.8264E-84  0.1600E+02
 -32.908  0.8264E-84  0.1600E+02
 -32.898  0.8264E-84  0.1600E+02
 -32.888  0.8264E-84  0.1600E+02
 -32.878  0.8264E-84  0.1600E+02
 -32.868  0.8264E-84  0.1600E+02
 -32.858  0.8264E-84  0.1600E+02
 -32.848  0.8264E-84  0.1600E+02
 -32.838  0.8264E-84  0.1600E+02
 -32.828  0.8264E-84  0.1600E+02
 -32.818  0.8264E-84  0.1600E+02
 -32.808  0.8264E-84  0.1600E+02
 -32.798  0.8264E-84  0.1600E+02
 -32.788  0.8264E-84  0.1600E+02
 -32.778  0.8264E-84  0.1600E+02
 -32.768  0.8264E-84  0.1600E+02
 -32.758  0.8264E-84  0.1600E+02
 -32.748  0.8264E-84  0.1600E+02
 -32.738  0.8264E-84  0.1600E+02
 -32.728  0.8264E-84  0.1600E+02
 -32.718  0.8264E-84  0.1600E+02
 -32.708  0.8264E-84  0.1600E+02
 -32.698  0.8264E-84  0.1600E+02
 -32.688  0.8264E-84  0.1600E+02
 -32.678  0.8264E-84  0.1600E+02
 -32.668  0.8264E-84  0.1600E+02
 -32.658  0.8264E-84  0.1600E+02
 -32.648  0.8264E-84  0.1600E+02
 -32.638  0.8264E-84  0.1600E+02
 -32.628  0.8264E-84  0.1600E+02
 -32.618  0.8264E-84  0.1600E+02
 -32.608  0.8264E-84  0.1600E+02
 -32.598  0.8264E-84  0.1600E+02
 -32.588  0.8264E-84  0.1600E+02
 -32.578  0.8264E-84  0.1600E+02
 -32.568  0.8264E-84  0.1600E+02
 -32.558  0.8264E-84  0.1600E+02
 -32.548  0.8264E-84  0.1600E+02
 -32.538  0.8264E-84  0.1600E+02
 -32.528  0.8264E-84  0.1600E+02
 -32.518  0.8264E-84  0.1600E+02
 -32.508  0.8264E-84  0.1600E+02
 -32.498  0.8264E-84  0.1600E+02
 -32.488  0.8264E-84  0.1600E+02
 -32.478  0.8264E-84  0.1600E+02
 -32.468  0.8264E-84  0.1600E+02
 -32.458  0.8264E-84  0.1600E+02
 -32.448  0.8264E-84  0.1600E+02
 -32.438  0.8264E-84  0.1600E+02
 -32.428  0.8264E-84  0.1600E+02
 -32.418  0.8264E-84  0.1600E+02
 -32.408  0.8264E-84  0.1600E+02
 -32.398  0.8264E-84  0.1600E+02
 -32.388  0.8264E-84  0.1600E+02
 -32.378  0.8264E-84  0.1600E+02
 -32.368  0.8264E-84  0.1600E+02
 -32.358  0.8264E-84  0.1600E+02
 -32.348  0.8264E-84  0.1600E+02
 -32.338  0.8264E-84  0.1600E+02
 -32.328  0.8264E-84  0.1600E+02
 -32.318  0.8264E-84  0.1600E+02
 -32.308  0.8264E-84  0.1600E+02
 -32.298  0.8264E-84  0.1600E+02
 -32.288  0.8264E-84  0.1600E+02
 -32.278  0.8264E-84  0.1600E+02
 -32.268  0.8264E-84  0.1600E+02
 -32.258  0.8264E-84  0.1600E+02
 -32.248  0.8264E-84  0.1600E+02
 -32.238  0.8264E-84  0.1600E+02
 -32.228  0.8264E-84  0.1600E+02
 -32.218  0.8264E-84  0.1600E+02
 -32.208  0.8264E-84  0.1600E+02
 -32.198  0.8264E-84  0.1600E+02
 -32.188  0.8264E-84  0.1600E+02
 -32.178  0.8264E-84  0.1600E+02
 -32.168  0.8264E-84  0.1600E+02
 -32.158  0.8264E-84  0.1600E+02
 -32.148  0.8264E-84  0.1600E+02
 -32.138  0.8264E-84  0.1600E+02
 -32.128  0.8264E-84  0.1600E+02
 -32.118  0.8264E-84  0.1600E+02
 -32.108  0.8264E-84  0.1600E+02
 -32.098  0.8264E-84  0.1600E+02
 -32.088  0.8264E-84  0.1600E+02
 -32.078  0.8264E-84  0.1600E+02
 -32.068  0.8264E-84  0.1600E+02
 -32.058  0.8264E-84  0.1600E+02
 -32.048  0.8264E-84  0.1600E+02
 -32.038  0.8264E-84  0.1600E+02
 -32.028  0.8264E-84  0.1600E+02
 -32.018  0.8264E-84  0.1600E+02
 -32.008  0.8264E-84  0.1600E+02
 -31.998  0.8264E-84  0.1600E+02
 -31.988  0.8264E-84  0.1600E+02
 -31.978  0.8264E-84  0.1600E+02
 -31.968  0.8264E-84  0.1600E+02
 -31.958  0.8264E-84  0.1600E+02
 -31.948  0.8264E-84  0.1600E+02
 -31.938  0.8264E-84  0.1600E+02
 -31.928  0.8264E-84  0.1600E+02
 -31.918  0.8264E-84  0.1600E+02
 -31.908  0.8264E-84  0.1600E+02
 -31.898  0.8264E-84  0.1600E+02
 -31.888  0.8264E-84  0.1600E+02
 -31.878  0.8264E-84  0.1600E+02
 -31.868  0.8264E-84  0.1600E+02
 -31.858  0.8264E-84  0.1600E+02
 -31.848  0.8264E-84  0.1600E+02
 -31.838  0.8264E-84  0.1600E+02
 -31.828  0.8264E-84  0.1600E+02
 -31.818  0.8264E-84  0.1600E+02
 -31.808  0.8264E-84  0.1600E+02
 -31.798  0.8264E-84  0.1600E+02
 -31.788  0.8264E-84  0.1600E+02
 -31.778  0.8264E-84  0.1600E+02
 -31.768  0.8264E-84  0.1600E+02
 -31.758  0.8264E-84  0.1600E+02
 -31.748  0.8264E-84  0.1600E+02
 -31.738  0.8264E-84  0.1600E+02
 -31.728  0.8264E-84  0.1600E+02
 -31.718  0.8264E-84  0.1600E+02
 -31.708  0.8264E-84  0.1600E+02
 -31.698  0.8264E-84  0.1600E+02
 -31.688  0.8264E-84  0.1600E+02
 -31.678  0.8264E-84  0.1600E+02
 -31.668  0.8264E-84  0.1600E+02
 -31.658  0.8264E-84  0.1600E+02
 -31.648  0.8264E-84  0.1600E+02
 -31.638  0.8264E-84  0.1600E+02
 -31.628  0.8264E-84  0.1600E+02
 -31.618  0.8264E-84  0.1600E+02
 -31.608  0.8264E-84  0.1600E+02
 -31.598  0.8264E-84  0.1600E+02
 -31.588  0.8264E-84  0.1600E+02
 -31.578  0.8264E-84  0.1600E+02
 -31.568  0.8264E-84  0.1600E+02
 -31.558  0.8264E-84  0.1600E+02
 -31.548  0.8264E-84  0.1600E+02
 -31.538  0.8264E-84  0.1600E+02
 -31.528  0.8264E-84  0.1600E+02
 -31.518  0.8264E-84  0.1600E+02
 -31.508  0.8264E-84  0.1600E+02
 -31.498  0.8264E-84  0.1600E+02
 -31.488  0.8264E-84  0.1600E+02
 -31.478  0.8264E-84  0.1600E+02
 -31.468  0.8264E-84  0.1600E+02
 -31.458  0.8264E-84  0.1600E+02
 -31.448  0.8264E-84  0.1600E+02
 -31.438  0.8264E-84  0.1600E+02
 -31.428  0.8264E-84  0.1600E+02
 -31.418  0.8264E-84  0.1600E+02
 -31.408  0.8264E-84  0.1600E+02
 -31.398  0.8264E-84  0.1600E+02
 -31.388  0.8264E-84  0.1600E+02
 -31.378  0.8264E-84  0.1600E+02
 -31.368  0.8264E-84  0.1600E+02
 -31.358  0.8264E-84  0.1600E+02
 -31.348  0.8264E-84  0.1600E+02
 -31.338  0.8264E-84  0.1600E+02
 -31.328  0.8264E-84  0.1600E+02
 -31.318  0.8264E-84  0.1600E+02
 -31.308  0.8264E-84  0.1600E+02
 -31.298  0.8264E-84  0.1600E+02
 -31.288  0.8264E-84  0.1600E+02
 -31.278  0.8264E-84  0.1600E+02
 -31.268  0.8264E-84  0.1600E+02
 -31.258  0.8264E-84  0.1600E+02
 -31.248  0.8264E-84  0.1600E+02
 -31.238  0.8264E-84  0.1600E+02
 -31.228  0.8264E-84  0.1600E+02
 -31.218  0.8264E-84  0.1600E+02
 -31.208  0.8264E-84  0.1600E+02
 -31.198  0.8264E-84  0.1600E+02
 -31.188  0.8264E-84  0.1600E+02
 -31.178  0.8264E-84  0.1600E+02
 -31.168  0.8264E-84  0.1600E+02
 -31.158  0.8264E-84  0.1600E+02
 -31.148  0.8264E-84  0.1600E+02
 -31.138  0.8264E-84  0.1600E+02
 -31.128  0.8264E-84  0.1600E+02
 -31.118  0.8264E-84  0.1600E+02
 -31.108  0.8264E-84  0.1600E+02
 -31.098  0.8264E-84  0.1600E+02
 -31.088  0.8264E-84  0.1600E+02
 -31.078  0.8264E-84  0.1600E+02
 -31.068  0.8264E-84  0.1600E+02
 -31.058  0.8264E-84  0.1600E+02
 -31.048  0.8264E-84  0.1600E+02
 -31.038  0.8264E-84  0.1600E+02
 -31.028  0.8264E-84  0.1600E+02
 -31.018  0.8264E-84  0.1600E+02
 -31.008  0.8264E-84  0.1600E+02
 -30.998  0.8264E-84  0.1600E+02
 -30.988  0.8264E-84  0.1600E+02
 -30.978  0.8264E-84  0.1600E+02
 -30.968  0.8264E-84  0.1600E+02
 -30.958  0.8264E-84  0.1600E+02
 -30.948  0.8264E-84  0.1600E+02
 -30.938  0.8264E-84  0.1600E+02
 -30.928  0.8264E-84  0.1600E+02
 -30.918  0.8264E-84  0.1600E+02
 -30.908  0.8264E-84  0.1600E+02
 -30.898  0.8264E-84  0.1600E+02
 -30.888  0.8264E-84  0.1600E+02
 -30.878  0.8264E-84  0.1600E+02
 -30.868  0.8264E-84  0.1600E+02
 -30.858  0.8264E-84  0.1600E+02
 -30.848  0.8264E-84  0.1600E+02
 -30.838  0.8264E-84  0.1600E+02
 -30.828  0.8264E-84  0.1600E+02
 -30.818  0.8264E-84  0.1600E+02
 -30.808  0.8264E-84  0.1600E+02
 -30.798  0.8264E-84  0.1600E+02
 -30.788  0.8264E-84  0.1600E+02
 -30.778  0.8264E-84  0.1600E+02
 -30.768  0.8264E-84  0.1600E+02
 -30.758  0.8264E-84  0.1600E+02
 -30.748  0.8264E-84  0.1600E+02
 -30.738  0.8264E-84  0.1600E+02
 -30.728  0.8264E-84  0.1600E+02
 -30.718  0.8264E-84  0.1600E+02
 -30.708  0.8264E-84  0.1600E+02
 -30.698  0.8264E-84  0.1600E+02
 -30.688  0.8264E-84  0.1600E+02
 -30.678  0.8264E-84  0.1600E+02
 -30.668  0.8264E-84  0.1600E+02
 -30.658  0.8264E-84  0.1600E+02
 -30.648  0.8264E-84  0.1600E+02
 -30.638  0.8264E-84  0.1600E+02
 -30.628  0.8264E-84  0.1600E+02
 -30.618  0.8264E-84  0.1600E+02
 -30.608  0.8264E-84  0.1600E+02
 -30.598  0.8264E-84  0.1600E+02
 -30.588  0.8264E-84  0.1600E+02
 -30.578  0.8264E-84  0.1600E+02
 -30.568  0.8264E-84  0.1600E+02
 -30.558  0.8264E-84  0.1600E+02
 -30.548  0.8264E-84  0.1600E+02
 -30.538  0.8264E-84  0.1600E+02
 -30.528  0.8264E-84  0.1600E+02
 -30.518  0.8264E-84  0.1600E+02
 -30.508  0.8264E-84  0.1600E+02
 -30.498  0.8264E-84  0.1600E+02
 -30.488  0.8264E-84  0.1600E+02
 -30.478  0.8264E-84  0.1600E+02
 -30.468  0.8264E-84  0.1600E+02
 -30.458  0.8264E-84  0.1600E+02
 -30.448  0.8264E-84  0.1600E+02
 -30.438  0.8264E-84  0.1600E+02
 -30.428  0.8264E-84  0.1600E+02
 -30.418  0.8264E-84  0.1600E+02
 -30.408  0.8264E-84  0.1600E+02
 -30.398  0.8264E-84  0.1600E+02
 -30.388  0.8264E-84  0.1600E+02
 -30.378  0.8264E-84  0.1600E+02
 -30.368  0.8264E-84  0.1600E+02
 -30.358  0.8264E-84  0.1600E+02
 -30.348  0.8264E-84  0.1600E+02
 -30.338  0.8264E-84  0.1600E+02
 -30.328  0.8264E-84  0.1600E+02
 -30.318  0.8264E-84  0.1600E+02
 -30.308  0.8264E-84  0.1600E+02
 -30.298  0.8264E-84  0.1600E+02
 -30.288  0.8264E-84  0.1600E+02
 -30.278  0.8264E-84  0.1600E+02
 -30.268  0.8264E-84  0.1600E+02
 -30.258  0.8264E-84  0.1600E+02
 -30.248  0.8264E-84  0.1600E+02
 -30.238  0.8264E-84  0.1600E+02
 -30.228  0.8264E-84  0.1600E+02
 -30.218  0.8264E-84  0.1600E+02
 -30.208  0.8264E-84  0.1600E+02
 -30.198  0.8264E-84  0.1600E+02
 -30.188  0.8264E-84  0.1600E+02
 -30.178  0.8264E-84  0.1600E+02
 -30.168  0.8264E-84  0.1600E+02
 -30.158  0.8264E-84  0.1600E+02
 -30.148  0.8264E-84  0.1600E+02
 -30.138  0.8264E-84  0.1600E+02
 -30.128  0.8264E-84  0.1600E+02
 -30.118  0.8264E-84  0.1600E+02
 -30.108  0.8264E-84  0.1600E+02
 -30.098  0.8264E-84  0.1600E+02
 -30.088  0.8264E-84  0.1600E+02
 -30.078  0.8264E-84  0.1600E+02
 -30.068  0.8264E-84  0.1600E+02
 -30.058  0.8264E-84  0.1600E+02
 -30.048  0.8264E-84  0.1600E+02
 -30.038  0.8264E-84  0.1600E+02
 -30.028  0.8264E-84  0.1600E+02
 -30.018  0.8264E-84  0.1600E+02
 -30.008  0.8264E-84  0.1600E+02
 -29.998  0.8264E-84  0.1600E+02
 -29.988  0.8264E-84  0.1600E+02
 -29.978  0.8264E-84  0.1600E+02
 -29.968  0.8264E-84  0.1600E+02
 -29.958  0.8264E-84  0.1600E+02
 -29.948  0.8264E-84  0.1600E+02
 -29.938  0.8264E-84  0.1600E+02
 -29.928  0.8264E-84  0.1600E+02
 -29.918  0.8264E-84  0.1600E+02
 -29.908  0.8264E-84  0.1600E+02
 -29.898  0.8264E-84  0.1600E+02
 -29.888  0.8264E-84  0.1600E+02
 -29.878  0.8264E-84  0.1600E+02
 -29.868  0.8264E-84  0.1600E+02
 -29.858  0.8264E-84  0.1600E+02
 -29.848  0.8264E-84  0.1600E+02
 -29.838  0.8264E-84  0.1600E+02
 -29.828  0.8264E-84  0.1600E+02
 -29.818  0.8264E-84  0.1600E+02
 -29.808  0.8264E-84  0.1600E+02
 -29.798  0.8264E-84  0.1600E+02
 -29.788  0.8264E-84  0.1600E+02
 -29.778  0.8264E-84  0.1600E+02
 -29.768  0.8264E-84  0.1600E+02
 -29.758  0.8264E-84  0.1600E+02
 -29.748  0.8264E-84  0.1600E+02
 -29.738  0.8264E-84  0.1600E+02
 -29.728  0.8264E-84  0.1600E+02
 -29.718  0.8264E-84  0.1600E+02
 -29.708  0.8264E-84  0.1600E+02
 -29.698  0.8264E-84  0.1600E+02
 -29.688  0.8264E-84  0.1600E+02
 -29.678  0.8264E-84  0.1600E+02
 -29.668  0.8264E-84  0.1600E+02
 -29.658  0.8264E-84  0.1600E+02
 -29.648  0.8264E-84  0.1600E+02
 -29.638  0.8264E-84  0.1600E+02
 -29.628  0.8264E-84  0.1600E+02
 -29.618  0.8264E-84  0.1600E+02
 -29.608  0.8264E-84  0.1600E+02
 -29.598  0.8264E-84  0.1600E+02
 -29.588  0.8264E-84  0.1600E+02
 -29.578  0.8264E-84  0.1600E+02
 -29.568  0.8264E-84  0.1600E+02
 -29.558  0.8264E-84  0.1600E+02
 -29.548  0.8264E-84  0.1600E+02
 -29.538  0.8264E-84  0.1600E+02
 -29.528  0.8264E-84  0.1600E+02
 -29.518  0.8264E-84  0.1600E+02
 -29.508  0.8264E-84  0.1600E+02
 -29.498  0.8264E-84  0.1600E+02
 -29.488  0.8264E-84  0.1600E+02
 -29.478  0.8264E-84  0.1600E+02
 -29.468  0.8264E-84  0.1600E+02
 -29.458  0.8264E-84  0.1600E+02
 -29.448  0.8264E-84  0.1600E+02
 -29.438  0.8264E-84  0.1600E+02
 -29.428  0.8264E-84  0.1600E+02
 -29.418  0.8264E-84  0.1600E+02
 -29.408  0.8264E-84  0.1600E+02
 -29.398  0.8264E-84  0.1600E+02
 -29.388  0.8264E-84  0.1600E+02
 -29.378  0.8264E-84  0.1600E+02
 -29.368  0.8264E-84  0.1600E+02
 -29.358  0.8264E-84  0.1600E+02
 -29.348  0.8264E-84  0.1600E+02
 -29.338  0.8264E-84  0.1600E+02
 -29.328  0.8264E-84  0.1600E+02
 -29.318  0.8264E-84  0.1600E+02
 -29.308  0.8264E-84  0.1600E+02
 -29.298  0.8264E-84  0.1600E+02
 -29.288  0.8264E-84  0.1600E+02
 -29.278  0.8264E-84  0.1600E+02
 -29.268  0.8264E-84  0.1600E+02
 -29.258  0.8264E-84  0.1600E+02
 -29.248  0.8264E-84  0.1600E+02
 -29.238  0.8264E-84  0.1600E+02
 -29.228  0.8264E-84  0.1600E+02
 -29.218  0.8264E-84  0.1600E+02
 -29.208  0.8264E-84  0.1600E+02
 -29.198  0.8264E-84  0.1600E+02
 -29.188  0.8264E-84  0.1600E+02
 -29.178  0.8264E-84  0.1600E+02
 -29.168  0.8264E-84  0.1600E+02
 -29.158  0.8264E-84  0.1600E+02
 -29.148  0.8264E-84  0.1600E+02
 -29.138  0.8264E-84  0.1600E+02
 -29.128  0.8264E-84  0.1600E+02
 -29.118  0.8264E-84  0.1600E+02
 -29.108  0.8264E-84  0.1600E+02
 -29.098  0.8264E-84  0.1600E+02
 -29.088  0.8264E-84  0.1600E+02
 -29.078  0.8264E-84  0.1600E+02
 -29.068  0.8264E-84  0.1600E+02
 -29.058  0.8264E-84  0.1600E+02
 -29.048  0.8264E-84  0.1600E+02
 -29.038  0.8264E-84  0.1600E+02
 -29.028  0.8264E-84  0.1600E+02
 -29.018  0.8264E-84  0.1600E+02
 -29.008  0.8264E-84  0.1600E+02
 -28.998  0.8264E-84  0.1600E+02
 -28.988  0.8264E-84  0.1600E+02
 -28.978  0.8264E-84  0.1600E+02
 -28.968  0.8264E-84  0.1600E+02
 -28.958  0.8264E-84  0.1600E+02
 -28.948  0.8264E-84  0.1600E+02
 -28.938  0.8264E-84  0.1600E+02
 -28.928  0.8264E-84  0.1600E+02
 -28.918  0.8264E-84  0.1600E+02
 -28.908  0.8264E-84  0.1600E+02
 -28.898  0.8264E-84  0.1600E+02
 -28.888  0.8264E-84  0.1600E+02
 -28.878  0.8264E-84  0.1600E+02
 -28.868  0.8264E-84  0.1600E+02
 -28.858  0.8264E-84  0.1600E+02
 -28.848  0.8264E-84  0.1600E+02
 -28.838  0.8264E-84  0.1600E+02
 -28.828  0.8264E-84  0.1600E+02
 -28.818  0.8264E-84  0.1600E+02
 -28.808  0.8264E-84  0.1600E+02
 -28.798  0.8264E-84  0.1600E+02
 -28.788  0.8264E-84  0.1600E+02
 -28.778  0.8264E-84  0.1600E+02
 -28.768  0.8264E-84  0.1600E+02
 -28.758  0.8264E-84  0.1600E+02
 -28.748  0.8264E-84  0.1600E+02
 -28.738  0.8264E-84  0.1600E+02
 -28.728  0.8264E-84  0.1600E+02
 -28.718  0.8264E-84  0.1600E+02
 -28.708  0.8264E-84  0.1600E+02
 -28.698  0.8264E-84  0.1600E+02
 -28.688  0.8264E-84  0.1600E+02
 -28.678  0.8264E-84  0.1600E+02
 -28.668  0.8264E-84  0.1600E+02
 -28.658  0.8264E-84  0.1600E+02
 -28.648  0.8264E-84  0.1600E+02
 -28.638  0.8264E-84  0.1600E+02
 -28.628  0.8264E-84  0.1600E+02
 -28.618  0.8264E-84  0.1600E+02
 -28.608  0.8264E-84  0.1600E+02
 -28.598  0.8264E-84  0.1600E+02
 -28.588  0.8264E-84  0.1600E+02
 -28.578  0.8264E-84  0.1600E+02
 -28.568  0.8264E-84  0.1600E+02
 -28.558  0.8264E-84  0.1600E+02
 -28.548  0.8264E-84  0.1600E+02
 -28.538  0.8264E-84  0.1600E+02
 -28.528  0.8264E-84  0.1600E+02
 -28.518  0.8264E-84  0.1600E+02
 -28.508  0.8264E-84  0.1600E+02
 -28.498  0.8264E-84  0.1600E+02
 -28.488  0.8264E-84  0.1600E+02
 -28.478  0.8264E-84  0.1600E+02
 -28.468  0.8264E-84  0.1600E+02
 -28.458  0.8264E-84  0.1600E+02
 -28.448  0.8264E-84  0.1600E+02
 -28.438  0.8264E-84  0.1600E+02
 -28.428  0.8264E-84  0.1600E+02
 -28.418  0.8264E-84  0.1600E+02
 -28.408  0.8264E-84  0.1600E+02
 -28.398  0.8264E-84  0.1600E+02
 -28.388  0.8264E-84  0.1600E+02
 -28.378  0.8264E-84  0.1600E+02
 -28.368  0.8264E-84  0.1600E+02
 -28.358  0.8264E-84  0.1600E+02
 -28.348  0.8264E-84  0.1600E+02
 -28.338  0.8264E-84  0.1600E+02
 -28.328  0.8264E-84  0.1600E+02
 -28.318  0.8264E-84  0.1600E+02
 -28.308  0.8264E-84  0.1600E+02
 -28.298  0.8264E-84  0.1600E+02
 -28.288  0.8264E-84  0.1600E+02
 -28.278  0.8264E-84  0.1600E+02
 -28.268  0.8264E-84  0.1600E+02
 -28.258  0.8264E-84  0.1600E+02
 -28.248  0.8264E-84  0.1600E+02
 -28.238  0.8264E-84  0.1600E+02
 -28.228  0.8264E-84  0.1600E+02
 -28.218  0.8264E-84  0.1600E+02
 -28.208  0.8264E-84  0.1600E+02
 -28.198  0.8264E-84  0.1600E+02
 -28.188  0.8264E-84  0.1600E+02
 -28.178  0.8264E-84  0.1600E+02
 -28.168  0.8264E-84  0.1600E+02
 -28.158  0.8264E-84  0.1600E+02
 -28.148  0.8264E-84  0.1600E+02
 -28.138  0.8264E-84  0.1600E+02
 -28.128  0.8264E-84  0.1600E+02
 -28.118  0.8264E-84  0.1600E+02
 -28.108  0.8264E-84  0.1600E+02
 -28.098  0.8264E-84  0.1600E+02
 -28.088  0.8264E-84  0.1600E+02
 -28.078  0.8264E-84  0.1600E+02
 -28.068  0.8264E-84  0.1600E+02
 -28.058  0.8264E-84  0.1600E+02
 -28.048  0.8264E-84  0.1600E+02
 -28.038  0.8264E-84  0.1600E+02
 -28.028  0.8264E-84  0.1600E+02
 -28.018  0.8264E-84  0.1600E+02
 -28.008  0.8264E-84  0.1600E+02
 -27.998  0.8264E-84  0.1600E+02
 -27.988  0.8264E-84  0.1600E+02
 -27.978  0.8264E-84  0.1600E+02
 -27.968  0.8264E-84  0.1600E+02
 -27.958  0.8264E-84  0.1600E+02
 -27.948  0.8264E-84  0.1600E+02
 -27.938  0.8264E-84  0.1600E+02
 -27.928  0.8264E-84  0.1600E+02
 -27.918  0.8264E-84  0.1600E+02
 -27.908  0.8264E-84  0.1600E+02
 -27.898  0.8264E-84  0.1600E+02
 -27.888  0.8264E-84  0.1600E+02
 -27.878  0.8264E-84  0.1600E+02
 -27.868  0.8264E-84  0.1600E+02
 -27.858  0.8264E-84  0.1600E+02
 -27.848  0.8264E-84  0.1600E+02
 -27.838  0.8264E-84  0.1600E+02
 -27.828  0.8264E-84  0.1600E+02
 -27.818  0.8264E-84  0.1600E+02
 -27.808  0.8264E-84  0.1600E+02
 -27.798  0.8264E-84  0.1600E+02
 -27.788  0.8264E-84  0.1600E+02
 -27.778  0.8264E-84  0.1600E+02
 -27.768  0.8264E-84  0.1600E+02
 -27.758  0.8264E-84  0.1600E+02
 -27.748  0.8264E-84  0.1600E+02
 -27.738  0.8264E-84  0.1600E+02
 -27.728  0.8264E-84  0.1600E+02
 -27.718  0.8264E-84  0.1600E+02
 -27.708  0.8264E-84  0.1600E+02
 -27.698  0.8264E-84  0.1600E+02
 -27.688  0.8264E-84  0.1600E+02
 -27.678  0.8264E-84  0.1600E+02
 -27.668  0.8264E-84  0.1600E+02
 -27.658  0.8264E-84  0.1600E+02
 -27.648  0.8264E-84  0.1600E+02
 -27.638  0.8264E-84  0.1600E+02
 -27.628  0.8264E-84  0.1600E+02
 -27.618  0.8264E-84  0.1600E+02
 -27.608  0.8264E-84  0.1600E+02
 -27.598  0.8264E-84  0.1600E+02
 -27.588  0.8264E-84  0.1600E+02
 -27.578  0.8264E-84  0.1600E+02
 -27.568  0.8264E-84  0.1600E+02
 -27.558  0.8264E-84  0.1600E+02
 -27.548  0.8264E-84  0.1600E+02
 -27.538  0.8264E-84  0.1600E+02
 -27.528  0.8264E-84  0.1600E+02
 -27.518  0.8264E-84  0.1600E+02
 -27.508  0.8264E-84  0.1600E+02
 -27.498  0.8264E-84  0.1600E+02
 -27.488  0.8264E-84  0.1600E+02
 -27.478  0.8264E-84  0.1600E+02
 -27.468  0.8264E-84  0.1600E+02
 -27.458  0.8264E-84  0.1600E+02
 -27.448  0.8264E-84  0.1600E+02
 -27.438  0.8264E-84  0.1600E+02
 -27.428  0.8264E-84  0.1600E+02
 -27.418  0.8264E-84  0.1600E+02
 -27.408  0.8264E-84  0.1600E+02
 -27.398  0.8264E-84  0.1600E+02
 -27.388  0.8264E-84  0.1600E+02
 -27.378  0.8264E-84  0.1600E+02
 -27.368  0.8264E-84  0.1600E+02
 -27.358  0.8264E-84  0.1600E+02
 -27.348  0.8264E-84  0.1600E+02
 -27.338  0.8264E-84  0.1600E+02
 -27.328  0.8264E-84  0.1600E+02
 -27.318  0.8264E-84  0.1600E+02
 -27.308  0.8264E-84  0.1600E+02
 -27.298  0.8264E-84  0.1600E+02
 -27.288  0.8264E-84  0.1600E+02
 -27.278  0.8264E-84  0.1600E+02
 -27.268  0.8264E-84  0.1600E+02
 -27.258  0.8264E-84  0.1600E+02
 -27.248  0.8264E-84  0.1600E+02
 -27.238  0.8264E-84  0.1600E+02
 -27.228  0.8264E-84  0.1600E+02
 -27.218  0.8264E-84  0.1600E+02
 -27.208  0.8264E-84  0.1600E+02
 -27.198  0.8264E-84  0.1600E+02
 -27.188  0.8264E-84  0.1600E+02
 -27.178  0.8264E-84  0.1600E+02
 -27.168  0.8264E-84  0.1600E+02
 -27.158  0.8264E-84  0.1600E+02
 -27.148  0.8264E-84  0.1600E+02
 -27.138  0.8264E-84  0.1600E+02
 -27.128  0.8264E-84  0.1600E+02
 -27.118  0.8264E-84  0.1600E+02
 -27.108  0.8264E-84  0.1600E+02
 -27.098  0.8264E-84  0.1600E+02
 -27.088  0.8264E-84  0.1600E+02
 -27.078  0.8264E-84  0.1600E+02
 -27.068  0.8264E-84  0.1600E+02
 -27.058  0.8264E-84  0.1600E+02
 -27.048  0.8264E-84  0.1600E+02
 -27.038  0.8264E-84  0.1600E+02
 -27.028  0.8264E-84  0.1600E+02
 -27.018  0.8264E-84  0.1600E+02
 -27.008  0.8264E-84  0.1600E+02
 -26.998  0.8264E-84  0.1600E+02
 -26.988  0.8264E-84  0.1600E+02
 -26.978  0.8264E-84  0.1600E+02
 -26.968  0.8264E-84  0.1600E+02
 -26.958  0.8264E-84  0.1600E+02
 -26.948  0.8264E-84  0.1600E+02
 -26.938  0.8264E-84  0.1600E+02
 -26.928  0.8264E-84  0.1600E+02
 -26.918  0.8264E-84  0.1600E+02
 -26.908  0.8264E-84  0.1600E+02
 -26.898  0.8264E-84  0.1600E+02
 -26.888  0.8264E-84  0.1600E+02
 -26.878  0.8264E-84  0.1600E+02
 -26.868  0.8264E-84  0.1600E+02
 -26.858  0.8264E-84  0.1600E+02
 -26.848  0.8264E-84  0.1600E+02
 -26.838  0.8264E-84  0.1600E+02
 -26.828  0.8264E-84  0.1600E+02
 -26.818  0.8264E-84  0.1600E+02
 -26.808  0.8264E-84  0.1600E+02
 -26.798  0.8264E-84  0.1600E+02
 -26.788  0.8264E-84  0.1600E+02
 -26.778  0.8264E-84  0.1600E+02
 -26.768  0.8264E-84  0.1600E+02
 -26.758  0.8264E-84  0.1600E+02
 -26.748  0.8264E-84  0.1600E+02
 -26.738  0.8264E-84  0.1600E+02
 -26.728  0.8264E-84  0.1600E+02
 -26.718  0.8264E-84  0.1600E+02
 -26.708  0.8264E-84  0.1600E+02
 -26.698  0.8264E-84  0.1600E+02
 -26.688  0.8264E-84  0.1600E+02
 -26.678  0.8264E-84  0.1600E+02
 -26.668  0.8264E-84  0.1600E+02
 -26.658  0.8264E-84  0.1600E+02
 -26.648  0.8264E-84  0.1600E+02
 -26.638  0.8264E-84  0.1600E+02
 -26.628  0.8264E-84  0.1600E+02
 -26.618  0.8264E-84  0.1600E+02
 -26.608  0.8264E-84  0.1600E+02
 -26.598  0.8264E-84  0.1600E+02
 -26.588  0.8264E-84  0.1600E+02
 -26.578  0.8264E-84  0.1600E+02
 -26.568  0.8264E-84  0.1600E+02
 -26.558  0.8264E-84  0.1600E+02
 -26.548  0.8264E-84  0.1600E+02
 -26.538  0.8264E-84  0.1600E+02
 -26.528  0.8264E-84  0.1600E+02
 -26.518  0.8264E-84  0.1600E+02
 -26.508  0.8264E-84  0.1600E+02
 -26.498  0.8264E-84  0.1600E+02
 -26.488  0.8264E-84  0.1600E+02
 -26.478  0.8264E-84  0.1600E+02
 -26.468  0.8264E-84  0.1600E+02
 -26.458  0.8264E-84  0.1600E+02
 -26.448  0.8264E-84  0.1600E+02
 -26.438  0.8264E-84  0.1600E+02
 -26.428  0.8264E-84  0.1600E+02
 -26.418  0.8264E-84  0.1600E+02
 -26.408  0.8264E-84  0.1600E+02
 -26.398  0.8264E-84  0.1600E+02
 -26.388  0.8264E-84  0.1600E+02
 -26.378  0.8264E-84  0.1600E+02
 -26.368  0.8264E-84  0.1600E+02
 -26.358  0.8264E-84  0.1600E+02
 -26.348  0.8264E-84  0.1600E+02
 -26.338  0.8264E-84  0.1600E+02
 -26.328  0.8264E-84  0.1600E+02
 -26.318  0.8264E-84  0.1600E+02
 -26.308  0.8264E-84  0.1600E+02
 -26.298  0.8264E-84  0.1600E+02
 -26.288  0.8264E-84  0.1600E+02
 -26.278  0.8264E-84  0.1600E+02
 -26.268  0.8264E-84  0.1600E+02
 -26.258  0.8264E-84  0.1600E+02
 -26.248  0.8264E-84  0.1600E+02
 -26.238  0.8264E-84  0.1600E+02
 -26.228  0.8264E-84  0.1600E+02
 -26.218  0.8264E-84  0.1600E+02
 -26.208  0.8264E-84  0.1600E+02
 -26.198  0.8264E-84  0.1600E+02
 -26.188  0.8264E-84  0.1600E+02
 -26.178  0.8264E-84  0.1600E+02
 -26.168  0.8264E-84  0.1600E+02
 -26.158  0.8264E-84  0.1600E+02
 -26.148  0.8264E-84  0.1600E+02
 -26.138  0.8264E-84  0.1600E+02
 -26.128  0.8264E-84  0.1600E+02
 -26.118  0.8264E-84  0.1600E+02
 -26.108  0.8264E-84  0.1600E+02
 -26.098  0.8264E-84  0.1600E+02
 -26.088  0.8264E-84  0.1600E+02
 -26.078  0.8264E-84  0.1600E+02
 -26.068  0.8264E-84  0.1600E+02
 -26.058  0.8264E-84  0.1600E+02
 -26.048  0.8264E-84  0.1600E+02
 -26.038  0.8264E-84  0.1600E+02
 -26.028  0.8264E-84  0.1600E+02
 -26.018  0.8264E-84  0.1600E+02
 -26.008  0.8264E-84  0.1600E+02
 -25.998  0.8264E-84  0.1600E+02
 -25.988  0.8264E-84  0.1600E+02
 -25.978  0.8264E-84  0.1600E+02
 -25.968  0.8264E-84  0.1600E+02
 -25.958  0.8264E-84  0.1600E+02
 -25.948  0.8264E-84  0.1600E+02
 -25.938  0.8264E-84  0.1600E+02
 -25.928  0.8264E-84  0.1600E+02
 -25.918  0.8264E-84  0.1600E+02
 -25.908  0.8264E-84  0.1600E+02
 -25.898  0.8264E-84  0.1600E+02
 -25.888  0.8264E-84  0.1600E+02
 -25.878  0.8264E-84  0.1600E+02
 -25.868  0.8264E-84  0.1600E+02
 -25.858  0.8264E-84  0.1600E+02
 -25.848  0.8264E-84  0.1600E+02
 -25.838  0.8264E-84  0.1600E+02
 -25.828  0.8264E-84  0.1600E+02
 -25.818  0.8264E-84  0.1600E+02
 -25.808  0.8264E-84  0.1600E+02
 -25.798  0.8264E-84  0.1600E+02
 -25.788  0.8264E-84  0.1600E+02
 -25.778  0.8264E-84  0.1600E+02
 -25.768  0.8264E-84  0.1600E+02
 -25.758  0.8264E-84  0.1600E+02
 -25.748  0.8264E-84  0.1600E+02
 -25.738  0.8264E-84  0.1600E+02
 -25.728  0.8264E-84  0.1600E+02
 -25.718  0.8264E-84  0.1600E+02
 -25.708  0.8264E-84  0.1600E+02
 -25.698  0.8264E-84  0.1600E+02
 -25.688  0.8264E-84  0.1600E+02
 -25.678  0.8264E-84  0.1600E+02
 -25.668  0.8264E-84  0.1600E+02
 -25.658  0.8264E-84  0.1600E+02
 -25.648  0.8264E-84  0.1600E+02
 -25.638  0.8264E-84  0.1600E+02
 -25.628  0.8264E-84  0.1600E+02
 -25.618  0.8264E-84  0.1600E+02
 -25.608  0.8264E-84  0.1600E+02
 -25.598  0.8264E-84  0.1600E+02
 -25.588  0.8264E-84  0.1600E+02
 -25.578  0.8264E-84  0.1600E+02
 -25.568  0.8264E-84  0.1600E+02
 -25.558  0.8264E-84  0.1600E+02
 -25.548  0.8264E-84  0.1600E+02
 -25.538  0.8264E-84  0.1600E+02
 -25.528  0.8264E-84  0.1600E+02
 -25.518  0.8264E-84  0.1600E+02
 -25.508  0.8264E-84  0.1600E+02
 -25.498  0.8264E-84  0.1600E+02
 -25.488  0.8264E-84  0.1600E+02
 -25.478  0.8264E-84  0.1600E+02
 -25.468  0.8264E-84  0.1600E+02
 -25.458  0.8264E-84  0.1600E+02
 -25.448  0.8264E-84  0.1600E+02
 -25.438  0.8264E-84  0.1600E+02
 -25.428  0.8264E-84  0.1600E+02
 -25.418  0.8264E-84  0.1600E+02
 -25.408  0.8264E-84  0.1600E+02
 -25.398  0.8264E-84  0.1600E+02
 -25.388  0.8264E-84  0.1600E+02
 -25.378  0.8264E-84  0.1600E+02
 -25.368  0.8264E-84  0.1600E+02
 -25.358  0.8264E-84  0.1600E+02
 -25.348  0.8264E-84  0.1600E+02
 -25.338  0.8264E-84  0.1600E+02
 -25.328  0.8264E-84  0.1600E+02
 -25.318  0.8264E-84  0.1600E+02
 -25.308  0.8264E-84  0.1600E+02
 -25.298  0.8264E-84  0.1600E+02
 -25.288  0.8264E-84  0.1600E+02
 -25.278  0.8264E-84  0.1600E+02
 -25.268  0.8264E-84  0.1600E+02
 -25.258  0.8264E-84  0.1600E+02
 -25.248  0.8264E-84  0.1600E+02
 -25.238  0.8264E-84  0.1600E+02
 -25.228  0.8264E-84  0.1600E+02
 -25.218  0.8264E-84  0.1600E+02
 -25.208  0.8264E-84  0.1600E+02
 -25.198  0.8264E-84  0.1600E+02
 -25.188  0.8264E-84  0.1600E+02
 -25.178  0.8264E-84  0.1600E+02
 -25.168  0.8264E-84  0.1600E+02
 -25.158  0.8264E-84  0.1600E+02
 -25.148  0.8264E-84  0.1600E+02
 -25.138  0.8264E-84  0.1600E+02
 -25.128  0.8264E-84  0.1600E+02
 -25.118  0.8264E-84  0.1600E+02
 -25.108  0.8264E-84  0.1600E+02
 -25.098  0.8264E-84  0.1600E+02
 -25.088  0.8264E-84  0.1600E+02
 -25.078  0.8264E-84  0.1600E+02
 -25.068  0.8264E-84  0.1600E+02
 -25.058  0.8264E-84  0.1600E+02
 -25.048  0.8264E-84  0.1600E+02
 -25.038  0.8264E-84  0.1600E+02
 -25.028  0.8264E-84  0.1600E+02
 -25.018  0.8264E-84  0.1600E+02
 -25.008  0.8264E-84  0.1600E+02
 -24.998  0.8264E-84  0.1600E+02
 -24.988  0.8264E-84  0.1600E+02
 -24.978  0.8264E-84  0.1600E+02
 -24.968  0.8264E-84  0.1600E+02
 -24.958  0.8264E-84  0.1600E+02
 -24.948  0.8264E-84  0.1600E+02
 -24.938  0.8264E-84  0.1600E+02
 -24.928  0.8264E-84  0.1600E+02
 -24.918  0.8264E-84  0.1600E+02
 -24.908  0.8264E-84  0.1600E+02
 -24.898  0.8264E-84  0.1600E+02
 -24.888  0.8264E-84  0.1600E+02
 -24.878  0.8264E-84  0.1600E+02
 -24.868  0.8264E-84  0.1600E+02
 -24.858  0.8264E-84  0.1600E+02
 -24.848  0.8264E-84  0.1600E+02
 -24.838  0.8264E-84  0.1600E+02
 -24.828  0.8264E-84  0.1600E+02
 -24.818  0.8264E-84  0.1600E+02
 -24.808  0.8264E-84  0.1600E+02
 -24.798  0.8264E-84  0.1600E+02
 -24.788  0.8264E-84  0.1600E+02
 -24.778  0.8264E-84  0.1600E+02
 -24.768  0.8264E-84  0.1600E+02
 -24.758  0.8264E-84  0.1600E+02
 -24.748  0.8264E-84  0.1600E+02
 -24.738  0.8264E-84  0.1600E+02
 -24.728  0.8264E-84  0.1600E+02
 -24.718  0.8264E-84  0.1600E+02
 -24.708  0.8264E-84  0.1600E+02
 -24.698  0.8264E-84  0.1600E+02
 -24.688  0.8264E-84  0.1600E+02
 -24.678  0.8264E-84  0.1600E+02
 -24.668  0.8264E-84  0.1600E+02
 -24.658  0.8264E-84  0.1600E+02
 -24.648  0.8264E-84  0.1600E+02
 -24.638  0.8264E-84  0.1600E+02
 -24.628  0.8264E-84  0.1600E+02
 -24.618  0.8264E-84  0.1600E+02
 -24.608  0.8264E-84  0.1600E+02
 -24.598  0.8264E-84  0.1600E+02
 -24.588  0.8264E-84  0.1600E+02
 -24.578  0.8264E-84  0.1600E+02
 -24.568  0.8264E-84  0.1600E+02
 -24.558  0.8264E-84  0.1600E+02
 -24.548  0.8264E-84  0.1600E+02
 -24.538  0.8264E-84  0.1600E+02
 -24.528  0.8264E-84  0.1600E+02
 -24.518  0.8264E-84  0.1600E+02
 -24.508  0.8264E-84  0.1600E+02
 -24.498  0.8264E-84  0.1600E+02
 -24.488  0.8264E-84  0.1600E+02
 -24.478  0.8264E-84  0.1600E+02
 -24.468  0.8264E-84  0.1600E+02
 -24.458  0.8264E-84  0.1600E+02
 -24.448  0.8264E-84  0.1600E+02
 -24.438  0.8264E-84  0.1600E+02
 -24.428  0.8264E-84  0.1600E+02
 -24.418  0.8264E-84  0.1600E+02
 -24.408  0.8264E-84  0.1600E+02
 -24.398  0.8264E-84  0.1600E+02
 -24.388  0.8264E-84  0.1600E+02
 -24.378  0.8264E-84  0.1600E+02
 -24.368  0.8264E-84  0.1600E+02
 -24.358  0.8264E-84  0.1600E+02
 -24.348  0.8264E-84  0.1600E+02
 -24.338  0.8264E-84  0.1600E+02
 -24.328  0.8264E-84  0.1600E+02
 -24.318  0.8264E-84  0.1600E+02
 -24.308  0.8264E-84  0.1600E+02
 -24.298  0.8264E-84  0.1600E+02
 -24.288  0.8264E-84  0.1600E+02
 -24.278  0.8264E-84  0.1600E+02
 -24.268  0.8264E-84  0.1600E+02
 -24.258  0.8264E-84  0.1600E+02
 -24.248  0.8264E-84  0.1600E+02
 -24.238  0.8264E-84  0.1600E+02
 -24.228  0.8264E-84  0.1600E+02
 -24.218  0.8264E-84  0.1600E+02
 -24.208  0.8264E-84  0.1600E+02
 -24.198  0.8264E-84  0.1600E+02
 -24.188  0.8264E-84  0.1600E+02
 -24.178  0.8264E-84  0.1600E+02
 -24.168  0.8264E-84  0.1600E+02
 -24.158  0.8264E-84  0.1600E+02
 -24.148  0.8264E-84  0.1600E+02
 -24.138  0.8264E-84  0.1600E+02
 -24.128  0.8264E-84  0.1600E+02
 -24.118  0.8264E-84  0.1600E+02
 -24.108  0.8264E-84  0.1600E+02
 -24.098  0.8264E-84  0.1600E+02
 -24.088  0.8264E-84  0.1600E+02
 -24.078  0.8264E-84  0.1600E+02
 -24.068  0.8264E-84  0.1600E+02
 -24.058  0.8264E-84  0.1600E+02
 -24.048  0.8264E-84  0.1600E+02
 -24.038  0.8264E-84  0.1600E+02
 -24.028  0.8264E-84  0.1600E+02
 -24.018  0.8264E-84  0.1600E+02
 -24.008  0.8264E-84  0.1600E+02
 -23.998  0.8264E-84  0.1600E+02
 -23.988  0.8264E-84  0.1600E+02
 -23.978  0.8264E-84  0.1600E+02
 -23.968  0.8264E-84  0.1600E+02
 -23.958  0.8264E-84  0.1600E+02
 -23.948  0.8264E-84  0.1600E+02
 -23.938  0.8264E-84  0.1600E+02
 -23.928  0.8264E-84  0.1600E+02
 -23.918  0.8264E-84  0.1600E+02
 -23.908  0.8264E-84  0.1600E+02
 -23.898  0.8264E-84  0.1600E+02
 -23.888  0.8264E-84  0.1600E+02
 -23.878  0.8264E-84  0.1600E+02
 -23.868  0.8264E-84  0.1600E+02
 -23.858  0.8264E-84  0.1600E+02
 -23.848  0.8264E-84  0.1600E+02
 -23.838  0.8264E-84  0.1600E+02
 -23.828  0.8264E-84  0.1600E+02
 -23.818  0.8264E-84  0.1600E+02
 -23.808  0.8264E-84  0.1600E+02
 -23.798  0.8264E-84  0.1600E+02
 -23.788  0.8264E-84  0.1600E+02
 -23.778  0.8264E-84  0.1600E+02
 -23.768  0.8264E-84  0.1600E+02
 -23.758  0.8264E-84  0.1600E+02
 -23.748  0.8264E-84  0.1600E+02
 -23.738  0.8264E-84  0.1600E+02
 -23.728  0.8264E-84  0.1600E+02
 -23.718  0.8264E-84  0.1600E+02
 -23.708  0.8264E-84  0.1600E+02
 -23.698  0.8264E-84  0.1600E+02
 -23.688  0.8264E-84  0.1600E+02
 -23.678  0.8264E-84  0.1600E+02
 -23.668  0.8264E-84  0.1600E+02
 -23.658  0.8264E-84  0.1600E+02
 -23.648  0.8264E-84  0.1600E+02
 -23.638  0.8264E-84  0.1600E+02
 -23.628  0.8264E-84  0.1600E+02
 -23.618  0.8264E-84  0.1600E+02
 -23.608  0.8264E-84  0.1600E+02
 -23.598  0.8264E-84  0.1600E+02
 -23.588  0.8264E-84  0.1600E+02
 -23.578  0.8264E-84  0.1600E+02
 -23.568  0.8264E-84  0.1600E+02
 -23.558  0.8264E-84  0.1600E+02
 -23.548  0.8264E-84  0.1600E+02
 -23.538  0.8264E-84  0.1600E+02
 -23.528  0.8264E-84  0.1600E+02
 -23.518  0.8264E-84  0.1600E+02
 -23.508  0.8264E-84  0.1600E+02
 -23.498  0.8264E-84  0.1600E+02
 -23.488  0.8264E-84  0.1600E+02
 -23.478  0.8264E-84  0.1600E+02
 -23.468  0.8264E-84  0.1600E+02
 -23.458  0.8264E-84  0.1600E+02
 -23.448  0.8264E-84  0.1600E+02
 -23.438  0.8264E-84  0.1600E+02
 -23.428  0.8264E-84  0.1600E+02
 -23.418  0.8264E-84  0.1600E+02
 -23.408  0.8264E-84  0.1600E+02
 -23.398  0.8264E-84  0.1600E+02
 -23.388  0.8264E-84  0.1600E+02
 -23.378  0.8264E-84  0.1600E+02
 -23.368  0.8264E-84  0.1600E+02
 -23.358  0.8264E-84  0.1600E+02
 -23.348  0.8264E-84  0.1600E+02
 -23.338  0.8264E-84  0.1600E+02
 -23.328  0.8264E-84  0.1600E+02
 -23.318  0.8264E-84  0.1600E+02
 -23.308  0.8264E-84  0.1600E+02
 -23.298  0.8264E-84  0.1600E+02
 -23.288  0.8264E-84  0.1600E+02
 -23.278  0.8264E-84  0.1600E+02
 -23.268  0.8264E-84  0.1600E+02
 -23.258  0.8264E-84  0.1600E+02
 -23.248  0.8264E-84  0.1600E+02
 -23.238  0.8264E-84  0.1600E+02
 -23.228  0.8264E-84  0.1600E+02
 -23.218  0.8264E-84  0.1600E+02
 -23.208  0.8264E-84  0.1600E+02
 -23.198  0.8264E-84  0.1600E+02
 -23.188  0.8264E-84  0.1600E+02
 -23.178  0.8264E-84  0.1600E+02
 -23.168  0.8264E-84  0.1600E+02
 -23.158  0.8264E-84  0.1600E+02
 -23.148  0.8264E-84  0.1600E+02
 -23.138  0.8264E-84  0.1600E+02
 -23.128  0.8264E-84  0.1600E+02
 -23.118  0.8264E-84  0.1600E+02
 -23.108  0.8264E-84  0.1600E+02
 -23.098  0.8264E-84  0.1600E+02
 -23.088  0.8264E-84  0.1600E+02
 -23.078  0.8264E-84  0.1600E+02
 -23.068  0.8264E-84  0.1600E+02
 -23.058  0.8264E-84  0.1600E+02
 -23.048  0.8264E-84  0.1600E+02
 -23.038  0.8264E-84  0.1600E+02
 -23.028  0.8264E-84  0.1600E+02
 -23.018  0.8264E-84  0.1600E+02
 -23.008  0.8264E-84  0.1600E+02
 -22.998  0.8264E-84  0.1600E+02
 -22.988  0.8264E-84  0.1600E+02
 -22.978  0.8264E-84  0.1600E+02
 -22.968  0.8264E-84  0.1600E+02
 -22.958  0.8264E-84  0.1600E+02
 -22.948  0.8264E-84  0.1600E+02
 -22.938  0.8264E-84  0.1600E+02
 -22.928  0.8264E-84  0.1600E+02
 -22.918  0.8264E-84  0.1600E+02
 -22.908  0.8264E-84  0.1600E+02
 -22.898  0.8264E-84  0.1600E+02
 -22.888  0.8264E-84  0.1600E+02
 -22.878  0.8264E-84  0.1600E+02
 -22.868  0.8264E-84  0.1600E+02
 -22.858  0.8264E-84  0.1600E+02
 -22.848  0.8264E-84  0.1600E+02
 -22.838  0.8264E-84  0.1600E+02
 -22.828  0.8264E-84  0.1600E+02
 -22.818  0.8264E-84  0.1600E+02
 -22.808  0.8264E-84  0.1600E+02
 -22.798  0.8264E-84  0.1600E+02
 -22.788  0.8264E-84  0.1600E+02
 -22.778  0.8264E-84  0.1600E+02
 -22.768  0.8264E-84  0.1600E+02
 -22.758  0.8264E-84  0.1600E+02
 -22.748  0.8264E-84  0.1600E+02
 -22.738  0.8264E-84  0.1600E+02
 -22.728  0.8264E-84  0.1600E+02
 -22.718  0.8264E-84  0.1600E+02
 -22.708  0.8264E-84  0.1600E+02
 -22.698  0.8264E-84  0.1600E+02
 -22.688  0.8264E-84  0.1600E+02
 -22.678  0.8264E-84  0.1600E+02
 -22.668  0.8264E-84  0.1600E+02
 -22.658  0.8264E-84  0.1600E+02
 -22.648  0.8264E-84  0.1600E+02
 -22.638  0.8264E-84  0.1600E+02
 -22.628  0.8264E-84  0.1600E+02
 -22.618  0.8264E-84  0.1600E+02
 -22.608  0.8264E-84  0.1600E+02
 -22.598  0.8264E-84  0.1600E+02
 -22.588  0.8264E-84  0.1600E+02
 -22.578  0.8264E-84  0.1600E+02
 -22.568  0.8264E-84  0.1600E+02
 -22.558  0.8264E-84  0.1600E+02
 -22.548  0.8264E-84  0.1600E+02
 -22.538  0.8264E-84  0.1600E+02
 -22.528  0.8264E-84  0.1600E+02
 -22.518  0.8264E-84  0.1600E+02
 -22.508  0.8264E-84  0.1600E+02
 -22.498  0.8264E-84  0.1600E+02
 -22.488  0.8264E-84  0.1600E+02
 -22.478  0.8264E-84  0.1600E+02
 -22.468  0.8264E-84  0.1600E+02
 -22.458  0.8264E-84  0.1600E+02
 -22.448  0.8264E-84  0.1600E+02
 -22.438  0.8264E-84  0.1600E+02
 -22.428  0.8264E-84  0.1600E+02
 -22.418  0.8264E-84  0.1600E+02
 -22.408  0.8264E-84  0.1600E+02
 -22.398  0.8264E-84  0.1600E+02
 -22.388  0.8264E-84  0.1600E+02
 -22.378  0.8264E-84  0.1600E+02
 -22.368  0.8264E-84  0.1600E+02
 -22.358  0.8264E-84  0.1600E+02
 -22.348  0.8264E-84  0.1600E+02
 -22.338  0.8264E-84  0.1600E+02
 -22.328  0.8264E-84  0.1600E+02
 -22.318  0.8264E-84  0.1600E+02
 -22.308  0.8264E-84  0.1600E+02
 -22.298  0.8264E-84  0.1600E+02
 -22.288  0.8264E-84  0.1600E+02
 -22.278  0.8264E-84  0.1600E+02
 -22.268  0.8264E-84  0.1600E+02
 -22.258  0.8264E-84  0.1600E+02
 -22.248  0.8264E-84  0.1600E+02
 -22.238  0.8264E-84  0.1600E+02
 -22.228  0.8264E-84  0.1600E+02
 -22.218  0.8264E-84  0.1600E+02
 -22.208  0.8264E-84  0.1600E+02
 -22.198  0.8264E-84  0.1600E+02
 -22.188  0.8264E-84  0.1600E+02
 -22.178  0.8264E-84  0.1600E+02
 -22.168  0.8264E-84  0.1600E+02
 -22.158  0.8264E-84  0.1600E+02
 -22.148  0.8264E-84  0.1600E+02
 -22.138  0.8264E-84  0.1600E+02
 -22.128  0.8264E-84  0.1600E+02
 -22.118  0.8264E-84  0.1600E+02
 -22.108  0.8264E-84  0.1600E+02
 -22.098  0.8264E-84  0.1600E+02
 -22.088  0.8264E-84  0.1600E+02
 -22.078  0.8264E-84  0.1600E+02
 -22.068  0.8264E-84  0.1600E+02
 -22.058  0.8264E-84  0.1600E+02
 -22.048  0.8264E-84  0.1600E+02
 -22.038  0.8264E-84  0.1600E+02
 -22.028  0.8264E-84  0.1600E+02
 -22.018  0.8264E-84  0.1600E+02
 -22.008  0.8264E-84  0.1600E+02
 -21.998  0.8264E-84  0.1600E+02
 -21.988  0.8264E-84  0.1600E+02
 -21.978  0.8264E-84  0.1600E+02
 -21.968  0.8264E-84  0.1600E+02
 -21.958  0.8264E-84  0.1600E+02
 -21.948  0.8264E-84  0.1600E+02
 -21.938  0.8264E-84  0.1600E+02
 -21.928  0.8264E-84  0.1600E+02
 -21.918  0.8264E-84  0.1600E+02
 -21.908  0.8264E-84  0.1600E+02
 -21.898  0.8264E-84  0.1600E+02
 -21.888  0.8264E-84  0.1600E+02
 -21.878  0.8264E-84  0.1600E+02
 -21.868  0.8264E-84  0.1600E+02
 -21.858  0.8264E-84  0.1600E+02
 -21.848  0.8264E-84  0.1600E+02
 -21.838  0.8264E-84  0.1600E+02
 -21.828  0.8264E-84  0.1600E+02
 -21.818  0.8264E-84  0.1600E+02
 -21.808  0.8264E-84  0.1600E+02
 -21.798  0.8264E-84  0.1600E+02
 -21.788  0.8264E-84  0.1600E+02
 -21.778  0.8264E-84  0.1600E+02
 -21.768  0.8264E-84  0.1600E+02
 -21.758  0.8264E-84  0.1600E+02
 -21.748  0.8264E-84  0.1600E+02
 -21.738  0.8264E-84  0.1600E+02
 -21.728  0.8264E-84  0.1600E+02
 -21.718  0.8264E-84  0.1600E+02
 -21.708  0.8264E-84  0.1600E+02
 -21.698  0.8264E-84  0.1600E+02
 -21.688  0.8264E-84  0.1600E+02
 -21.678  0.8264E-84  0.1600E+02
 -21.668  0.8264E-84  0.1600E+02
 -21.658  0.8264E-84  0.1600E+02
 -21.648  0.8264E-84  0.1600E+02
 -21.638  0.8264E-84  0.1600E+02
 -21.628  0.8264E-84  0.1600E+02
 -21.618  0.8264E-84  0.1600E+02
 -21.608  0.8264E-84  0.1600E+02
 -21.598  0.8264E-84  0.1600E+02
 -21.588  0.8264E-84  0.1600E+02
 -21.578  0.8264E-84  0.1600E+02
 -21.568  0.8264E-84  0.1600E+02
 -21.558  0.8264E-84  0.1600E+02
 -21.548  0.8264E-84  0.1600E+02
 -21.538  0.8264E-84  0.1600E+02
 -21.528  0.8264E-84  0.1600E+02
 -21.518  0.8264E-84  0.1600E+02
 -21.508  0.8264E-84  0.1600E+02
 -21.498  0.8264E-84  0.1600E+02
 -21.488  0.8264E-84  0.1600E+02
 -21.478  0.8264E-84  0.1600E+02
 -21.468  0.8264E-84  0.1600E+02
 -21.458  0.8264E-84  0.1600E+02
 -21.448  0.8264E-84  0.1600E+02
 -21.438  0.8264E-84  0.1600E+02
 -21.428  0.8264E-84  0.1600E+02
 -21.418  0.8264E-84  0.1600E+02
 -21.408  0.8264E-84  0.1600E+02
 -21.398  0.8264E-84  0.1600E+02
 -21.388  0.8264E-84  0.1600E+02
 -21.378  0.8264E-84  0.1600E+02
 -21.368  0.8264E-84  0.1600E+02
 -21.358  0.8264E-84  0.1600E+02
 -21.348  0.8264E-84  0.1600E+02
 -21.338  0.8264E-84  0.1600E+02
 -21.328  0.8264E-84  0.1600E+02
 -21.318  0.8264E-84  0.1600E+02
 -21.308  0.8264E-84  0.1600E+02
 -21.298  0.8264E-84  0.1600E+02
 -21.288  0.8264E-84  0.1600E+02
 -21.278  0.8264E-84  0.1600E+02
 -21.268  0.8264E-84  0.1600E+02
 -21.258  0.8264E-84  0.1600E+02
 -21.248  0.8264E-84  0.1600E+02
 -21.238  0.8264E-84  0.1600E+02
 -21.228  0.8264E-84  0.1600E+02
 -21.218  0.8264E-84  0.1600E+02
 -21.208  0.8264E-84  0.1600E+02
 -21.198  0.8264E-84  0.1600E+02
 -21.188  0.8264E-84  0.1600E+02
 -21.178  0.8264E-84  0.1600E+02
 -21.168  0.8264E-84  0.1600E+02
 -21.158  0.8264E-84  0.1600E+02
 -21.148  0.8264E-84  0.1600E+02
 -21.138  0.8264E-84  0.1600E+02
 -21.128  0.8264E-84  0.1600E+02
 -21.118  0.8264E-84  0.1600E+02
 -21.108  0.8264E-84  0.1600E+02
 -21.098  0.8264E-84  0.1600E+02
 -21.088  0.8264E-84  0.1600E+02
 -21.078  0.8264E-84  0.1600E+02
 -21.068  0.8264E-84  0.1600E+02
 -21.058  0.8264E-84  0.1600E+02
 -21.048  0.8264E-84  0.1600E+02
 -21.038  0.8264E-84  0.1600E+02
 -21.028  0.8264E-84  0.1600E+02
 -21.018  0.8264E-84  0.1600E+02
 -21.008  0.8264E-84  0.1600E+02
 -20.998  0.8264E-84  0.1600E+02
 -20.988  0.8264E-84  0.1600E+02
 -20.978  0.8264E-84  0.1600E+02
 -20.968  0.8264E-84  0.1600E+02
 -20.958  0.8264E-84  0.1600E+02
 -20.948  0.8264E-84  0.1600E+02
 -20.938  0.8264E-84  0.1600E+02
 -20.928  0.8264E-84  0.1600E+02
 -20.918  0.8264E-84  0.1600E+02
 -20.908  0.8264E-84  0.1600E+02
 -20.898  0.8264E-84  0.1600E+02
 -20.888  0.8264E-84  0.1600E+02
 -20.878  0.8264E-84  0.1600E+02
 -20.868  0.8264E-84  0.1600E+02
 -20.858  0.8264E-84  0.1600E+02
 -20.848  0.8264E-84  0.1600E+02
 -20.838  0.8264E-84  0.1600E+02
 -20.828  0.8264E-84  0.1600E+02
 -20.818  0.8264E-84  0.1600E+02
 -20.808  0.8264E-84  0.1600E+02
 -20.798  0.8264E-84  0.1600E+02
 -20.788  0.8264E-84  0.1600E+02
 -20.778  0.8264E-84  0.1600E+02
 -20.768  0.8264E-84  0.1600E+02
 -20.758  0.8264E-84  0.1600E+02
 -20.748  0.8264E-84  0.1600E+02
 -20.738  0.8264E-84  0.1600E+02
 -20.728  0.8264E-84  0.1600E+02
 -20.718  0.8264E-84  0.1600E+02
 -20.708  0.8264E-84  0.1600E+02
 -20.698  0.8264E-84  0.1600E+02
 -20.688  0.8264E-84  0.1600E+02
 -20.678  0.8264E-84  0.1600E+02
 -20.668  0.8264E-84  0.1600E+02
 -20.658  0.8264E-84  0.1600E+02
 -20.648  0.8264E-84  0.1600E+02
 -20.638  0.8264E-84  0.1600E+02
 -20.628  0.8264E-84  0.1600E+02
 -20.618  0.8264E-84  0.1600E+02
 -20.608  0.8264E-84  0.1600E+02
 -20.598  0.8264E-84  0.1600E+02
 -20.588  0.8264E-84  0.1600E+02
 -20.578  0.8264E-84  0.1600E+02
 -20.568  0.8264E-84  0.1600E+02
 -20.558  0.8264E-84  0.1600E+02
 -20.548  0.8264E-84  0.1600E+02
 -20.538  0.8264E-84  0.1600E+02
 -20.528  0.8264E-84  0.1600E+02
 -20.518  0.8264E-84  0.1600E+02
 -20.508  0.8264E-84  0.1600E+02
 -20.498  0.8264E-84  0.1600E+02
 -20.488  0.8264E-84  0.1600E+02
 -20.478  0.8264E-84  0.1600E+02
 -20.468  0.8264E-84  0.1600E+02
 -20.458  0.8264E-84  0.1600E+02
 -20.448  0.8264E-84  0.1600E+02
 -20.438  0.8264E-84  0.1600E+02
 -20.428  0.8264E-84  0.1600E+02
 -20.418  0.8264E-84  0.1600E+02
 -20.408  0.8264E-84  0.1600E+02
 -20.398  0.8264E-84  0.1600E+02
 -20.388  0.8264E-84  0.1600E+02
 -20.378  0.8264E-84  0.1600E+02
 -20.368  0.8264E-84  0.1600E+02
 -20.358  0.8264E-84  0.1600E+02
 -20.348  0.8264E-84  0.1600E+02
 -20.338  0.8264E-84  0.1600E+02
 -20.328  0.8264E-84  0.1600E+02
 -20.318  0.8264E-84  0.1600E+02
 -20.308  0.8264E-84  0.1600E+02
 -20.298  0.8264E-84  0.1600E+02
 -20.288  0.8264E-84  0.1600E+02
 -20.278  0.8264E-84  0.1600E+02
 -20.268  0.8264E-84  0.1600E+02
 -20.258  0.8264E-84  0.1600E+02
 -20.248  0.8264E-84  0.1600E+02
 -20.238  0.8264E-84  0.1600E+02
 -20.228  0.8264E-84  0.1600E+02
 -20.218  0.8264E-84  0.1600E+02
 -20.208  0.8264E-84  0.1600E+02
 -20.198  0.8264E-84  0.1600E+02
 -20.188  0.8264E-84  0.1600E+02
 -20.178  0.8264E-84  0.1600E+02
 -20.168  0.8264E-84  0.1600E+02
 -20.158  0.8264E-84  0.1600E+02
 -20.148  0.8264E-84  0.1600E+02
 -20.138  0.8264E-84  0.1600E+02
 -20.128  0.8264E-84  0.1600E+02
 -20.118  0.8264E-84  0.1600E+02
 -20.108  0.8264E-84  0.1600E+02
 -20.098  0.8264E-84  0.1600E+02
 -20.088  0.8264E-84  0.1600E+02
 -20.078  0.8264E-84  0.1600E+02
 -20.068  0.8264E-84  0.1600E+02
 -20.058  0.8264E-84  0.1600E+02
 -20.048  0.8264E-84  0.1600E+02
 -20.038  0.8264E-84  0.1600E+02
 -20.028  0.8264E-84  0.1600E+02
 -20.018  0.8264E-84  0.1600E+02
 -20.008  0.8264E-84  0.1600E+02
 -19.998  0.8264E-84  0.1600E+02
 -19.988  0.8264E-84  0.1600E+02
 -19.978  0.8264E-84  0.1600E+02
 -19.968  0.8264E-84  0.1600E+02
 -19.958  0.8264E-84  0.1600E+02
 -19.948  0.8264E-84  0.1600E+02
 -19.938  0.8264E-84  0.1600E+02
 -19.928  0.8264E-84  0.1600E+02
 -19.918  0.8264E-84  0.1600E+02
 -19.908  0.8264E-84  0.1600E+02
 -19.898  0.8264E-84  0.1600E+02
 -19.888  0.8264E-84  0.1600E+02
 -19.878  0.8264E-84  0.1600E+02
 -19.868  0.8264E-84  0.1600E+02
 -19.858  0.8264E-84  0.1600E+02
 -19.848  0.8264E-84  0.1600E+02
 -19.838  0.8264E-84  0.1600E+02
 -19.828  0.8264E-84  0.1600E+02
 -19.818  0.8264E-84  0.1600E+02
 -19.808  0.8264E-84  0.1600E+02
 -19.798  0.8264E-84  0.1600E+02
 -19.788  0.8264E-84  0.1600E+02
 -19.778  0.8264E-84  0.1600E+02
 -19.768  0.8264E-84  0.1600E+02
 -19.758  0.8264E-84  0.1600E+02
 -19.748  0.8264E-84  0.1600E+02
 -19.738  0.8264E-84  0.1600E+02
 -19.728  0.8264E-84  0.1600E+02
 -19.718  0.8264E-84  0.1600E+02
 -19.708  0.8264E-84  0.1600E+02
 -19.698  0.8264E-84  0.1600E+02
 -19.688  0.8264E-84  0.1600E+02
 -19.678  0.8264E-84  0.1600E+02
 -19.668  0.8264E-84  0.1600E+02
 -19.658  0.8264E-84  0.1600E+02
 -19.648  0.8264E-84  0.1600E+02
 -19.638  0.8264E-84  0.1600E+02
 -19.628  0.8264E-84  0.1600E+02
 -19.618  0.8264E-84  0.1600E+02
 -19.608  0.8264E-84  0.1600E+02
 -19.598  0.8264E-84  0.1600E+02
 -19.588  0.8264E-84  0.1600E+02
 -19.578  0.8264E-84  0.1600E+02
 -19.568  0.8264E-84  0.1600E+02
 -19.558  0.8264E-84  0.1600E+02
 -19.548  0.8264E-84  0.1600E+02
 -19.538  0.8264E-84  0.1600E+02
 -19.528  0.8264E-84  0.1600E+02
 -19.518  0.8264E-84  0.1600E+02
 -19.508  0.8264E-84  0.1600E+02
 -19.498  0.8264E-84  0.1600E+02
 -19.488  0.8264E-84  0.1600E+02
 -19.478  0.8264E-84  0.1600E+02
 -19.468  0.8264E-84  0.1600E+02
 -19.458  0.8264E-84  0.1600E+02
 -19.448  0.8264E-84  0.1600E+02
 -19.438  0.8264E-84  0.1600E+02
 -19.428  0.8264E-84  0.1600E+02
 -19.418  0.8264E-84  0.1600E+02
 -19.408  0.8264E-84  0.1600E+02
 -19.398  0.8264E-84  0.1600E+02
 -19.388  0.8264E-84  0.1600E+02
 -19.378  0.8264E-84  0.1600E+02
 -19.368  0.8264E-84  0.1600E+02
 -19.358  0.8264E-84  0.1600E+02
 -19.348  0.8264E-84  0.1600E+02
 -19.338  0.8264E-84  0.1600E+02
 -19.328  0.8264E-84  0.1600E+02
 -19.318  0.8264E-84  0.1600E+02
 -19.308  0.8264E-84  0.1600E+02
 -19.298  0.8264E-84  0.1600E+02
 -19.288  0.8264E-84  0.1600E+02
 -19.278  0.8264E-84  0.1600E+02
 -19.268  0.8264E-84  0.1600E+02
 -19.258  0.8264E-84  0.1600E+02
 -19.248  0.8264E-84  0.1600E+02
 -19.238  0.8264E-84  0.1600E+02
 -19.228  0.8264E-84  0.1600E+02
 -19.218  0.8264E-84  0.1600E+02
 -19.208  0.8264E-84  0.1600E+02
 -19.198  0.8264E-84  0.1600E+02
 -19.188  0.8264E-84  0.1600E+02
 -19.178  0.8264E-84  0.1600E+02
 -19.168  0.8264E-84  0.1600E+02
 -19.158  0.8264E-84  0.1600E+02
 -19.148  0.8264E-84  0.1600E+02
 -19.138  0.8264E-84  0.1600E+02
 -19.128  0.8264E-84  0.1600E+02
 -19.118  0.8264E-84  0.1600E+02
 -19.108  0.8264E-84  0.1600E+02
 -19.098  0.8264E-84  0.1600E+02
 -19.088  0.8264E-84  0.1600E+02
 -19.078  0.8264E-84  0.1600E+02
 -19.068  0.8264E-84  0.1600E+02
 -19.058  0.8264E-84  0.1600E+02
 -19.048  0.8264E-84  0.1600E+02
 -19.038  0.8264E-84  0.1600E+02
 -19.028  0.8264E-84  0.1600E+02
 -19.018  0.8264E-84  0.1600E+02
 -19.008  0.8264E-84  0.1600E+02
 -18.998  0.8264E-84  0.1600E+02
 -18.988  0.8264E-84  0.1600E+02
 -18.978  0.8264E-84  0.1600E+02
 -18.968  0.8264E-84  0.1600E+02
 -18.958  0.8264E-84  0.1600E+02
 -18.948  0.8264E-84  0.1600E+02
 -18.938  0.8264E-84  0.1600E+02
 -18.928  0.8264E-84  0.1600E+02
 -18.918  0.8264E-84  0.1600E+02
 -18.908  0.8264E-84  0.1600E+02
 -18.898  0.8264E-84  0.1600E+02
 -18.888  0.8264E-84  0.1600E+02
 -18.878  0.8264E-84  0.1600E+02
 -18.868  0.8264E-84  0.1600E+02
 -18.858  0.8264E-84  0.1600E+02
 -18.848  0.8264E-84  0.1600E+02
 -18.838  0.8264E-84  0.1600E+02
 -18.828  0.8264E-84  0.1600E+02
 -18.818  0.8264E-84  0.1600E+02
 -18.808  0.8264E-84  0.1600E+02
 -18.798  0.8264E-84  0.1600E+02
 -18.788  0.8264E-84  0.1600E+02
 -18.778  0.8264E-84  0.1600E+02
 -18.768  0.8264E-84  0.1600E+02
 -18.758  0.8264E-84  0.1600E+02
 -18.748  0.8264E-84  0.1600E+02
 -18.738  0.8264E-84  0.1600E+02
 -18.728  0.8264E-84  0.1600E+02
 -18.718  0.8264E-84  0.1600E+02
 -18.708  0.8264E-84  0.1600E+02
 -18.698  0.8264E-84  0.1600E+02
 -18.688  0.8264E-84  0.1600E+02
 -18.678  0.8264E-84  0.1600E+02
 -18.668  0.8264E-84  0.1600E+02
 -18.658  0.8264E-84  0.1600E+02
 -18.648  0.8264E-84  0.1600E+02
 -18.638  0.8264E-84  0.1600E+02
 -18.628  0.8264E-84  0.1600E+02
 -18.618  0.8264E-84  0.1600E+02
 -18.608  0.8264E-84  0.1600E+02
 -18.598  0.8264E-84  0.1600E+02
 -18.588  0.8264E-84  0.1600E+02
 -18.578  0.8264E-84  0.1600E+02
 -18.568  0.8264E-84  0.1600E+02
 -18.558  0.8264E-84  0.1600E+02
 -18.548  0.8264E-84  0.1600E+02
 -18.538  0.8264E-84  0.1600E+02
 -18.528  0.8264E-84  0.1600E+02
 -18.518  0.8264E-84  0.1600E+02
 -18.508  0.8264E-84  0.1600E+02
 -18.498  0.8264E-84  0.1600E+02
 -18.488  0.8264E-84  0.1600E+02
 -18.478  0.8264E-84  0.1600E+02
 -18.468  0.8264E-84  0.1600E+02
 -18.458  0.8264E-84  0.1600E+02
 -18.448  0.8264E-84  0.1600E+02
 -18.438  0.8264E-84  0.1600E+02
 -18.428  0.8264E-84  0.1600E+02
 -18.418  0.8264E-84  0.1600E+02
 -18.408  0.8264E-84  0.1600E+02
 -18.398  0.8264E-84  0.1600E+02
 -18.388  0.8264E-84  0.1600E+02
 -18.378  0.8264E-84  0.1600E+02
 -18.368  0.8264E-84  0.1600E+02
 -18.358  0.8264E-84  0.1600E+02
 -18.348  0.8264E-84  0.1600E+02
 -18.338  0.8264E-84  0.1600E+02
 -18.328  0.8264E-84  0.1600E+02
 -18.318  0.8264E-84  0.1600E+02
 -18.308  0.8264E-84  0.1600E+02
 -18.298  0.8264E-84  0.1600E+02
 -18.288  0.8264E-84  0.1600E+02
 -18.278  0.8264E-84  0.1600E+02
 -18.268  0.8264E-84  0.1600E+02
 -18.258  0.8264E-84  0.1600E+02
 -18.248  0.8264E-84  0.1600E+02
 -18.238  0.8264E-84  0.1600E+02
 -18.228  0.8264E-84  0.1600E+02
 -18.218  0.8264E-84  0.1600E+02
 -18.208  0.8264E-84  0.1600E+02
 -18.198  0.8264E-84  0.1600E+02
 -18.188  0.8264E-84  0.1600E+02
 -18.178  0.8264E-84  0.1600E+02
 -18.168  0.8264E-84  0.1600E+02
 -18.158  0.8264E-84  0.1600E+02
 -18.148  0.8264E-84  0.1600E+02
 -18.138  0.8264E-84  0.1600E+02
 -18.128  0.8264E-84  0.1600E+02
 -18.118  0.8264E-84  0.1600E+02
 -18.108  0.8264E-84  0.1600E+02
 -18.098  0.8264E-84  0.1600E+02
 -18.088  0.8264E-84  0.1600E+02
 -18.078  0.8264E-84  0.1600E+02
 -18.068  0.8264E-84  0.1600E+02
 -18.058  0.8264E-84  0.1600E+02
 -18.048  0.8264E-84  0.1600E+02
 -18.038  0.8264E-84  0.1600E+02
 -18.028  0.8264E-84  0.1600E+02
 -18.018  0.8264E-84  0.1600E+02
 -18.008  0.8264E-84  0.1600E+02
 -17.998  0.8264E-84  0.1600E+02
 -17.988  0.8264E-84  0.1600E+02
 -17.978  0.8264E-84  0.1600E+02
 -17.968  0.8264E-84  0.1600E+02
 -17.958  0.8264E-84  0.1600E+02
 -17.948  0.8264E-84  0.1600E+02
 -17.938  0.8264E-84  0.1600E+02
 -17.928  0.8264E-84  0.1600E+02
 -17.918  0.8264E-84  0.1600E+02
 -17.908  0.8264E-84  0.1600E+02
 -17.898  0.8264E-84  0.1600E+02
 -17.888  0.8264E-84  0.1600E+02
 -17.878  0.8264E-84  0.1600E+02
 -17.868  0.8264E-84  0.1600E+02
 -17.858  0.8264E-84  0.1600E+02
 -17.848  0.8264E-84  0.1600E+02
 -17.838  0.8264E-84  0.1600E+02
 -17.828  0.8264E-84  0.1600E+02
 -17.818  0.8264E-84  0.1600E+02
 -17.808  0.8264E-84  0.1600E+02
 -17.798  0.8264E-84  0.1600E+02
 -17.788  0.8264E-84  0.1600E+02
 -17.778  0.8264E-84  0.1600E+02
 -17.768  0.8264E-84  0.1600E+02
 -17.758  0.8264E-84  0.1600E+02
 -17.748  0.8264E-84  0.1600E+02
 -17.738  0.8264E-84  0.1600E+02
 -17.728  0.8264E-84  0.1600E+02
 -17.718  0.8264E-84  0.1600E+02
 -17.708  0.8264E-84  0.1600E+02
 -17.698  0.8264E-84  0.1600E+02
 -17.688  0.8264E-84  0.1600E+02
 -17.678  0.8264E-84  0.1600E+02
 -17.668  0.8264E-84  0.1600E+02
 -17.658  0.8264E-84  0.1600E+02
 -17.648  0.8264E-84  0.1600E+02
 -17.638  0.8264E-84  0.1600E+02
 -17.628  0.8264E-84  0.1600E+02
 -17.618  0.8264E-84  0.1600E+02
 -17.608  0.8264E-84  0.1600E+02
 -17.598  0.8264E-84  0.1600E+02
 -17.588  0.8264E-84  0.1600E+02
 -17.578  0.8264E-84  0.1600E+02
 -17.568  0.8264E-84  0.1600E+02
 -17.558  0.8264E-84  0.1600E+02
 -17.548  0.8264E-84  0.1600E+02
 -17.538  0.8264E-84  0.1600E+02
 -17.528  0.8264E-84  0.1600E+02
 -17.518  0.8264E-84  0.1600E+02
 -17.508  0.8264E-84  0.1600E+02
 -17.498  0.8264E-84  0.1600E+02
 -17.488  0.8264E-84  0.1600E+02
 -17.478  0.8264E-84  0.1600E+02
 -17.468  0.8264E-84  0.1600E+02
 -17.458  0.8264E-84  0.1600E+02
 -17.448  0.8264E-84  0.1600E+02
 -17.438  0.8264E-84  0.1600E+02
 -17.428  0.8264E-84  0.1600E+02
 -17.418  0.8264E-84  0.1600E+02
 -17.408  0.8264E-84  0.1600E+02
 -17.398  0.8264E-84  0.1600E+02
 -17.388  0.8264E-84  0.1600E+02
 -17.378  0.8264E-84  0.1600E+02
 -17.368  0.8264E-84  0.1600E+02
 -17.358  0.8264E-84  0.1600E+02
 -17.348  0.8264E-84  0.1600E+02
 -17.338  0.8264E-84  0.1600E+02
 -17.328  0.8264E-84  0.1600E+02
 -17.318  0.8264E-84  0.1600E+02
 -17.308  0.8264E-84  0.1600E+02
 -17.298  0.8264E-84  0.1600E+02
 -17.288  0.8264E-84  0.1600E+02
 -17.278  0.8264E-84  0.1600E+02
 -17.268  0.8264E-84  0.1600E+02
 -17.258  0.8264E-84  0.1600E+02
 -17.248  0.8264E-84  0.1600E+02
 -17.238  0.8264E-84  0.1600E+02
 -17.228  0.8264E-84  0.1600E+02
 -17.218  0.8264E-84  0.1600E+02
 -17.208  0.8264E-84  0.1600E+02
 -17.198  0.8264E-84  0.1600E+02
 -17.188  0.8264E-84  0.1600E+02
 -17.178  0.8264E-84  0.1600E+02
 -17.168  0.8264E-84  0.1600E+02
 -17.158  0.8264E-84  0.1600E+02
 -17.148  0.8264E-84  0.1600E+02
 -17.138  0.8264E-84  0.1600E+02
 -17.128  0.8264E-84  0.1600E+02
 -17.118  0.8264E-84  0.1600E+02
 -17.108  0.8264E-84  0.1600E+02
 -17.098  0.8264E-84  0.1600E+02
 -17.088  0.8264E-84  0.1600E+02
 -17.078  0.8264E-84  0.1600E+02
 -17.068  0.8264E-84  0.1600E+02
 -17.058  0.8264E-84  0.1600E+02
 -17.048  0.8264E-84  0.1600E+02
 -17.038  0.8264E-84  0.1600E+02
 -17.028  0.8264E-84  0.1600E+02
 -17.018  0.8264E-84  0.1600E+02
 -17.008  0.8264E-84  0.1600E+02
 -16.998  0.8264E-84  0.1600E+02
 -16.988  0.8264E-84  0.1600E+02
 -16.978  0.8264E-84  0.1600E+02
 -16.968  0.8264E-84  0.1600E+02
 -16.958  0.8264E-84  0.1600E+02
 -16.948  0.8264E-84  0.1600E+02
 -16.938  0.8264E-84  0.1600E+02
 -16.928  0.8264E-84  0.1600E+02
 -16.918  0.8264E-84  0.1600E+02
 -16.908  0.8264E-84  0.1600E+02
 -16.898  0.8264E-84  0.1600E+02
 -16.888  0.8264E-84  0.1600E+02
 -16.878  0.8264E-84  0.1600E+02
 -16.868  0.8264E-84  0.1600E+02
 -16.858  0.8264E-84  0.1600E+02
 -16.848  0.8264E-84  0.1600E+02
 -16.838  0.8264E-84  0.1600E+02
 -16.828  0.8264E-84  0.1600E+02
 -16.818  0.8264E-84  0.1600E+02
 -16.808  0.8264E-84  0.1600E+02
 -16.798  0.8264E-84  0.1600E+02
 -16.788  0.8264E-84  0.1600E+02
 -16.778  0.8264E-84  0.1600E+02
 -16.768  0.8264E-84  0.1600E+02
 -16.758  0.8264E-84  0.1600E+02
 -16.748  0.8264E-84  0.1600E+02
 -16.738  0.8264E-84  0.1600E+02
 -16.728  0.8264E-84  0.1600E+02
 -16.718  0.8264E-84  0.1600E+02
 -16.708  0.8264E-84  0.1600E+02
 -16.698  0.8264E-84  0.1600E+02
 -16.688  0.8264E-84  0.1600E+02
 -16.678  0.8264E-84  0.1600E+02
 -16.668  0.8264E-84  0.1600E+02
 -16.658  0.8264E-84  0.1600E+02
 -16.648  0.8264E-84  0.1600E+02
 -16.638  0.8264E-84  0.1600E+02
 -16.628  0.8264E-84  0.1600E+02
 -16.618  0.8264E-84  0.1600E+02
 -16.608  0.8264E-84  0.1600E+02
 -16.598  0.8264E-84  0.1600E+02
 -16.588  0.8264E-84  0.1600E+02
 -16.578  0.8264E-84  0.1600E+02
 -16.568  0.8264E-84  0.1600E+02
 -16.558  0.8264E-84  0.1600E+02
 -16.548  0.8264E-84  0.1600E+02
 -16.538  0.8264E-84  0.1600E+02
 -16.528  0.8264E-84  0.1600E+02
 -16.518  0.8264E-84  0.1600E+02
 -16.508  0.8264E-84  0.1600E+02
 -16.498  0.8264E-84  0.1600E+02
 -16.488  0.8264E-84  0.1600E+02
 -16.478  0.8264E-84  0.1600E+02
 -16.468  0.8264E-84  0.1600E+02
 -16.458  0.8264E-84  0.1600E+02
 -16.448  0.8264E-84  0.1600E+02
 -16.438  0.8264E-84  0.1600E+02
 -16.428  0.8264E-84  0.1600E+02
 -16.418  0.8264E-84  0.1600E+02
 -16.408  0.8264E-84  0.1600E+02
 -16.398  0.8264E-84  0.1600E+02
 -16.388  0.8264E-84  0.1600E+02
 -16.378  0.8264E-84  0.1600E+02
 -16.368  0.8264E-84  0.1600E+02
 -16.358  0.8264E-84  0.1600E+02
 -16.348  0.8264E-84  0.1600E+02
 -16.338  0.8264E-84  0.1600E+02
 -16.328  0.8264E-84  0.1600E+02
 -16.318  0.8264E-84  0.1600E+02
 -16.308  0.8264E-84  0.1600E+02
 -16.298  0.8264E-84  0.1600E+02
 -16.288  0.8264E-84  0.1600E+02
 -16.278  0.8264E-84  0.1600E+02
 -16.268  0.8264E-84  0.1600E+02
 -16.258  0.8264E-84  0.1600E+02
 -16.248  0.8264E-84  0.1600E+02
 -16.238  0.8264E-84  0.1600E+02
 -16.228  0.8264E-84  0.1600E+02
 -16.218  0.8264E-84  0.1600E+02
 -16.208  0.8264E-84  0.1600E+02
 -16.198  0.8264E-84  0.1600E+02
 -16.188  0.8264E-84  0.1600E+02
 -16.178  0.8264E-84  0.1600E+02
 -16.168  0.8264E-84  0.1600E+02
 -16.158  0.8264E-84  0.1600E+02
 -16.148  0.8264E-84  0.1600E+02
 -16.138  0.8264E-84  0.1600E+02
 -16.128  0.8264E-84  0.1600E+02
 -16.118  0.8264E-84  0.1600E+02
 -16.108  0.8264E-84  0.1600E+02
 -16.098  0.8264E-84  0.1600E+02
 -16.088  0.8264E-84  0.1600E+02
 -16.078  0.8264E-84  0.1600E+02
 -16.068  0.8264E-84  0.1600E+02
 -16.058  0.8264E-84  0.1600E+02
 -16.048  0.8264E-84  0.1600E+02
 -16.038  0.8264E-84  0.1600E+02
 -16.028  0.8264E-84  0.1600E+02
 -16.018  0.8264E-84  0.1600E+02
 -16.008  0.8264E-84  0.1600E+02
 -15.998  0.8264E-84  0.1600E+02
 -15.988  0.8264E-84  0.1600E+02
 -15.978  0.8264E-84  0.1600E+02
 -15.968  0.8264E-84  0.1600E+02
 -15.958  0.8264E-84  0.1600E+02
 -15.948  0.8264E-84  0.1600E+02
 -15.938  0.8264E-84  0.1600E+02
 -15.928  0.8264E-84  0.1600E+02
 -15.918  0.8264E-84  0.1600E+02
 -15.908  0.8264E-84  0.1600E+02
 -15.898  0.8264E-84  0.1600E+02
 -15.888  0.8264E-84  0.1600E+02
 -15.878  0.8264E-84  0.1600E+02
 -15.868  0.8264E-84  0.1600E+02
 -15.858  0.8264E-84  0.1600E+02
 -15.848  0.8264E-84  0.1600E+02
 -15.838  0.8264E-84  0.1600E+02
 -15.828  0.8264E-84  0.1600E+02
 -15.818  0.8264E-84  0.1600E+02
 -15.808  0.8264E-84  0.1600E+02
 -15.798  0.8264E-84  0.1600E+02
 -15.788  0.8264E-84  0.1600E+02
 -15.778  0.8264E-84  0.1600E+02
 -15.768  0.8264E-84  0.1600E+02
 -15.758  0.8264E-84  0.1600E+02
 -15.748  0.8264E-84  0.1600E+02
 -15.738  0.8264E-84  0.1600E+02
 -15.728  0.8264E-84  0.1600E+02
 -15.718  0.8264E-84  0.1600E+02
 -15.708  0.8264E-84  0.1600E+02
 -15.698  0.8264E-84  0.1600E+02
 -15.688  0.8264E-84  0.1600E+02
 -15.678  0.8264E-84  0.1600E+02
 -15.668  0.8264E-84  0.1600E+02
 -15.658  0.8264E-84  0.1600E+02
 -15.648  0.8264E-84  0.1600E+02
 -15.638  0.8264E-84  0.1600E+02
 -15.628  0.8264E-84  0.1600E+02
 -15.618  0.8264E-84  0.1600E+02
 -15.608  0.8264E-84  0.1600E+02
 -15.598  0.8264E-84  0.1600E+02
 -15.588  0.8264E-84  0.1600E+02
 -15.578  0.8264E-84  0.1600E+02
 -15.568  0.8264E-84  0.1600E+02
 -15.558  0.8264E-84  0.1600E+02
 -15.548  0.8264E-84  0.1600E+02
 -15.538  0.8264E-84  0.1600E+02
 -15.528  0.8264E-84  0.1600E+02
 -15.518  0.8264E-84  0.1600E+02
 -15.508  0.8264E-84  0.1600E+02
 -15.498  0.8264E-84  0.1600E+02
 -15.488  0.8264E-84  0.1600E+02
 -15.478  0.8264E-84  0.1600E+02
 -15.468  0.8264E-84  0.1600E+02
 -15.458  0.8264E-84  0.1600E+02
 -15.448  0.8264E-84  0.1600E+02
 -15.438  0.8264E-84  0.1600E+02
 -15.428  0.8264E-84  0.1600E+02
 -15.418  0.8264E-84  0.1600E+02
 -15.408  0.8264E-84  0.1600E+02
 -15.398  0.8264E-84  0.1600E+02
 -15.388  0.8264E-84  0.1600E+02
 -15.378  0.8264E-84  0.1600E+02
 -15.368  0.8264E-84  0.1600E+02
 -15.358  0.8264E-84  0.1600E+02
 -15.348  0.8264E-84  0.1600E+02
 -15.338  0.8264E-84  0.1600E+02
 -15.328  0.8264E-84  0.1600E+02
 -15.318  0.8264E-84  0.1600E+02
 -15.308  0.8264E-84  0.1600E+02
 -15.298  0.8264E-84  0.1600E+02
 -15.288  0.8264E-84  0.1600E+02
 -15.278  0.8264E-84  0.1600E+02
 -15.268  0.8264E-84  0.1600E+02
 -15.258  0.8264E-84  0.1600E+02
 -15.248  0.8264E-84  0.1600E+02
 -15.238  0.8264E-84  0.1600E+02
 -15.228  0.8264E-84  0.1600E+02
 -15.218  0.8264E-84  0.1600E+02
 -15.208  0.8264E-84  0.1600E+02
 -15.198  0.8264E-84  0.1600E+02
 -15.188  0.8264E-84  0.1600E+02
 -15.178  0.8264E-84  0.1600E+02
 -15.168  0.8264E-84  0.1600E+02
 -15.158  0.8264E-84  0.1600E+02
 -15.148  0.8264E-84  0.1600E+02
 -15.138  0.8264E-84  0.1600E+02
 -15.128  0.8264E-84  0.1600E+02
 -15.118  0.8264E-84  0.1600E+02
 -15.108  0.8264E-84  0.1600E+02
 -15.098  0.8264E-84  0.1600E+02
 -15.088  0.8264E-84  0.1600E+02
 -15.078  0.8264E-84  0.1600E+02
 -15.068  0.8264E-84  0.1600E+02
 -15.058  0.8264E-84  0.1600E+02
 -15.048  0.8264E-84  0.1600E+02
 -15.038  0.8264E-84  0.1600E+02
 -15.028  0.8264E-84  0.1600E+02
 -15.018  0.8264E-84  0.1600E+02
 -15.008  0.8264E-84  0.1600E+02
 -14.998  0.8264E-84  0.1600E+02
 -14.988  0.8264E-84  0.1600E+02
 -14.978  0.8264E-84  0.1600E+02
 -14.968  0.8264E-84  0.1600E+02
 -14.958  0.8264E-84  0.1600E+02
 -14.948  0.8264E-84  0.1600E+02
 -14.938  0.8264E-84  0.1600E+02
 -14.928  0.8264E-84  0.1600E+02
 -14.918  0.8264E-84  0.1600E+02
 -14.908  0.8264E-84  0.1600E+02
 -14.898  0.8264E-84  0.1600E+02
 -14.888  0.8264E-84  0.1600E+02
 -14.878  0.8264E-84  0.1600E+02
 -14.868  0.8264E-84  0.1600E+02
 -14.858  0.8264E-84  0.1600E+02
 -14.848  0.8264E-84  0.1600E+02
 -14.838  0.8264E-84  0.1600E+02
 -14.828  0.8264E-84  0.1600E+02
 -14.818  0.8264E-84  0.1600E+02
 -14.808  0.8264E-84  0.1600E+02
 -14.798  0.8264E-84  0.1600E+02
 -14.788  0.8264E-84  0.1600E+02
 -14.778  0.8264E-84  0.1600E+02
 -14.768  0.8264E-84  0.1600E+02
 -14.758  0.8264E-84  0.1600E+02
 -14.748  0.8264E-84  0.1600E+02
 -14.738  0.8264E-84  0.1600E+02
 -14.728  0.8264E-84  0.1600E+02
 -14.718  0.8264E-84  0.1600E+02
 -14.708  0.8264E-84  0.1600E+02
 -14.698  0.8264E-84  0.1600E+02
 -14.688  0.8264E-84  0.1600E+02
 -14.678  0.8264E-84  0.1600E+02
 -14.668  0.8264E-84  0.1600E+02
 -14.658  0.8264E-84  0.1600E+02
 -14.648  0.8264E-84  0.1600E+02
 -14.638  0.8264E-84  0.1600E+02
 -14.628  0.8264E-84  0.1600E+02
 -14.618  0.8264E-84  0.1600E+02
 -14.608  0.8264E-84  0.1600E+02
 -14.598  0.8264E-84  0.1600E+02
 -14.588  0.8264E-84  0.1600E+02
 -14.578  0.8264E-84  0.1600E+02
 -14.568  0.8264E-84  0.1600E+02
 -14.558  0.8264E-84  0.1600E+02
 -14.548  0.8264E-84  0.1600E+02
 -14.538  0.8264E-84  0.1600E+02
 -14.528  0.8264E-84  0.1600E+02
 -14.518  0.8264E-84  0.1600E+02
 -14.508  0.8264E-84  0.1600E+02
 -14.498  0.8264E-84  0.1600E+02
 -14.488  0.8264E-84  0.1600E+02
 -14.478  0.8264E-84  0.1600E+02
 -14.468  0.8264E-84  0.1600E+02
 -14.458  0.8264E-84  0.1600E+02
 -14.448  0.8264E-84  0.1600E+02
 -14.438  0.8264E-84  0.1600E+02
 -14.428  0.8264E-84  0.1600E+02
 -14.418  0.8264E-84  0.1600E+02
 -14.408  0.8264E-84  0.1600E+02
 -14.398  0.8264E-84  0.1600E+02
 -14.388  0.8264E-84  0.1600E+02
 -14.378  0.8264E-84  0.1600E+02
 -14.368  0.8264E-84  0.1600E+02
 -14.358  0.8264E-84  0.1600E+02
 -14.348  0.8264E-84  0.1600E+02
 -14.338  0.8264E-84  0.1600E+02
 -14.328  0.8264E-84  0.1600E+02
 -14.318  0.8264E-84  0.1600E+02
 -14.308  0.8264E-84  0.1600E+02
 -14.298  0.8264E-84  0.1600E+02
 -14.288  0.8264E-84  0.1600E+02
 -14.278  0.8264E-84  0.1600E+02
 -14.268  0.8264E-84  0.1600E+02
 -14.258  0.8264E-84  0.1600E+02
 -14.248  0.8264E-84  0.1600E+02
 -14.238  0.8264E-84  0.1600E+02
 -14.228  0.8264E-84  0.1600E+02
 -14.218  0.8264E-84  0.1600E+02
 -14.208  0.8264E-84  0.1600E+02
 -14.198  0.8264E-84  0.1600E+02
 -14.188  0.8264E-84  0.1600E+02
 -14.178  0.8264E-84  0.1600E+02
 -14.168  0.8264E-84  0.1600E+02
 -14.158  0.8264E-84  0.1600E+02
 -14.148  0.8264E-84  0.1600E+02
 -14.138  0.8264E-84  0.1600E+02
 -14.128  0.8264E-84  0.1600E+02
 -14.118  0.8264E-84  0.1600E+02
 -14.108  0.8264E-84  0.1600E+02
 -14.098  0.8264E-84  0.1600E+02
 -14.088  0.8264E-84  0.1600E+02
 -14.078  0.8264E-84  0.1600E+02
 -14.068  0.8264E-84  0.1600E+02
 -14.058  0.8264E-84  0.1600E+02
 -14.048  0.8264E-84  0.1600E+02
 -14.038  0.8264E-84  0.1600E+02
 -14.028  0.8264E-84  0.1600E+02
 -14.018  0.8264E-84  0.1600E+02
 -14.008  0.8264E-84  0.1600E+02
 -13.998  0.8264E-84  0.1600E+02
 -13.988  0.8264E-84  0.1600E+02
 -13.978  0.8264E-84  0.1600E+02
 -13.968  0.8264E-84  0.1600E+02
 -13.958  0.8264E-84  0.1600E+02
 -13.948  0.8264E-84  0.1600E+02
 -13.938  0.8264E-84  0.1600E+02
 -13.928  0.8264E-84  0.1600E+02
 -13.918  0.8264E-84  0.1600E+02
 -13.908  0.8264E-84  0.1600E+02
 -13.898  0.8264E-84  0.1600E+02
 -13.888  0.8264E-84  0.1600E+02
 -13.878  0.8264E-84  0.1600E+02
 -13.868  0.8264E-84  0.1600E+02
 -13.858  0.8264E-84  0.1600E+02
 -13.848  0.8264E-84  0.1600E+02
 -13.838  0.8264E-84  0.1600E+02
 -13.828  0.8264E-84  0.1600E+02
 -13.818  0.8264E-84  0.1600E+02
 -13.808  0.8264E-84  0.1600E+02
 -13.798  0.8264E-84  0.1600E+02
 -13.788  0.8264E-84  0.1600E+02
 -13.778  0.8264E-84  0.1600E+02
 -13.768  0.8264E-84  0.1600E+02
 -13.758  0.8264E-84  0.1600E+02
 -13.748  0.8264E-84  0.1600E+02
 -13.738  0.8264E-84  0.1600E+02
 -13.728  0.8264E-84  0.1600E+02
 -13.718  0.8264E-84  0.1600E+02
 -13.708  0.8264E-84  0.1600E+02
 -13.698  0.8264E-84  0.1600E+02
 -13.688  0.8264E-84  0.1600E+02
 -13.678  0.8264E-84  0.1600E+02
 -13.668  0.8264E-84  0.1600E+02
 -13.658  0.8264E-84  0.1600E+02
 -13.648  0.8264E-84  0.1600E+02
 -13.638  0.8264E-84  0.1600E+02
 -13.628  0.8264E-84  0.1600E+02
 -13.618  0.8264E-84  0.1600E+02
 -13.608  0.8264E-84  0.1600E+02
 -13.598  0.8264E-84  0.1600E+02
 -13.588  0.8264E-84  0.1600E+02
 -13.578  0.8264E-84  0.1600E+02
 -13.568  0.8264E-84  0.1600E+02
 -13.558  0.8264E-84  0.1600E+02
 -13.548  0.8264E-84  0.1600E+02
 -13.538  0.8264E-84  0.1600E+02
 -13.528  0.8264E-84  0.1600E+02
 -13.518  0.8264E-84  0.1600E+02
 -13.508  0.8264E-84  0.1600E+02
 -13.498  0.8264E-84  0.1600E+02
 -13.488  0.8264E-84  0.1600E+02
 -13.478  0.8264E-84  0.1600E+02
 -13.468  0.8264E-84  0.1600E+02
 -13.458  0.8264E-84  0.1600E+02
 -13.448  0.8264E-84  0.1600E+02
 -13.438  0.8264E-84  0.1600E+02
 -13.428  0.8264E-84  0.1600E+02
 -13.418  0.8264E-84  0.1600E+02
 -13.408  0.8264E-84  0.1600E+02
 -13.398  0.8264E-84  0.1600E+02
 -13.388  0.8264E-84  0.1600E+02
 -13.378  0.8264E-84  0.1600E+02
 -13.368  0.8264E-84  0.1600E+02
 -13.358  0.8264E-84  0.1600E+02
 -13.348  0.8264E-84  0.1600E+02
 -13.338  0.8264E-84  0.1600E+02
 -13.328  0.8264E-84  0.1600E+02
 -13.318  0.8264E-84  0.1600E+02
 -13.308  0.8264E-84  0.1600E+02
 -13.298  0.8264E-84  0.1600E+02
 -13.288  0.8264E-84  0.1600E+02
 -13.278  0.8264E-84  0.1600E+02
 -13.268  0.8264E-84  0.1600E+02
 -13.258  0.8264E-84  0.1600E+02
 -13.248  0.8264E-84  0.1600E+02
 -13.238  0.8264E-84  0.1600E+02
 -13.228  0.8264E-84  0.1600E+02
 -13.218  0.8264E-84  0.1600E+02
 -13.208  0.8264E-84  0.1600E+02
 -13.198  0.8264E-84  0.1600E+02
 -13.188  0.8264E-84  0.1600E+02
 -13.178  0.8264E-84  0.1600E+02
 -13.168  0.8264E-84  0.1600E+02
 -13.158  0.8264E-84  0.1600E+02
 -13.148  0.8264E-84  0.1600E+02
 -13.138  0.8264E-84  0.1600E+02
 -13.128  0.8264E-84  0.1600E+02
 -13.118  0.8264E-84  0.1600E+02
 -13.108  0.8264E-84  0.1600E+02
 -13.098  0.8264E-84  0.1600E+02
 -13.088  0.8264E-84  0.1600E+02
 -13.078  0.8264E-84  0.1600E+02
 -13.068  0.8264E-84  0.1600E+02
 -13.058  0.8264E-84  0.1600E+02
 -13.048  0.8264E-84  0.1600E+02
 -13.038  0.8264E-84  0.1600E+02
 -13.028  0.8264E-84  0.1600E+02
 -13.018  0.8264E-84  0.1600E+02
 -13.008  0.8264E-84  0.1600E+02
 -12.998  0.8264E-84  0.1600E+02
 -12.988  0.8264E-84  0.1600E+02
 -12.978  0.8264E-84  0.1600E+02
 -12.968  0.8264E-84  0.1600E+02
 -12.958  0.8264E-84  0.1600E+02
 -12.948  0.8264E-84  0.1600E+02
 -12.938  0.8264E-84  0.1600E+02
 -12.928  0.8264E-84  0.1600E+02
 -12.918  0.8264E-84  0.1600E+02
 -12.908  0.8264E-84  0.1600E+02
 -12.898  0.8264E-84  0.1600E+02
 -12.888  0.8264E-84  0.1600E+02
 -12.878  0.8264E-84  0.1600E+02
 -12.868  0.8264E-84  0.1600E+02
 -12.858  0.8264E-84  0.1600E+02
 -12.848  0.8264E-84  0.1600E+02
 -12.838  0.8264E-84  0.1600E+02
 -12.828  0.8264E-84  0.1600E+02
 -12.818  0.8264E-84  0.1600E+02
 -12.808  0.8264E-84  0.1600E+02
 -12.798  0.8264E-84  0.1600E+02
 -12.788  0.8264E-84  0.1600E+02
 -12.778  0.8264E-84  0.1600E+02
 -12.768  0.8264E-84  0.1600E+02
 -12.758  0.8264E-84  0.1600E+02
 -12.748  0.8264E-84  0.1600E+02
 -12.738  0.8264E-84  0.1600E+02
 -12.728  0.8264E-84  0.1600E+02
 -12.718  0.8264E-84  0.1600E+02
 -12.708  0.8264E-84  0.1600E+02
 -12.698  0.8264E-84  0.1600E+02
 -12.688  0.8264E-84  0.1600E+02
 -12.678  0.8264E-84  0.1600E+02
 -12.668  0.8264E-84  0.1600E+02
 -12.658  0.8264E-84  0.1600E+02
 -12.648  0.8264E-84  0.1600E+02
 -12.638  0.8264E-84  0.1600E+02
 -12.628  0.8264E-84  0.1600E+02
 -12.618  0.8264E-84  0.1600E+02
 -12.608  0.8264E-84  0.1600E+02
 -12.598  0.8264E-84  0.1600E+02
 -12.588  0.8264E-84  0.1600E+02
 -12.578  0.8264E-84  0.1600E+02
 -12.568  0.8264E-84  0.1600E+02
 -12.558  0.8264E-84  0.1600E+02
 -12.548  0.8264E-84  0.1600E+02
 -12.538  0.8264E-84  0.1600E+02
 -12.528  0.8264E-84  0.1600E+02
 -12.518  0.8264E-84  0.1600E+02
 -12.508  0.8264E-84  0.1600E+02
 -12.498  0.8264E-84  0.1600E+02
 -12.488  0.8264E-84  0.1600E+02
 -12.478  0.8264E-84  0.1600E+02
 -12.468  0.8264E-84  0.1600E+02
 -12.458  0.8264E-84  0.1600E+02
 -12.448  0.8264E-84  0.1600E+02
 -12.438  0.8264E-84  0.1600E+02
 -12.428  0.8264E-84  0.1600E+02
 -12.418  0.8264E-84  0.1600E+02
 -12.408  0.8264E-84  0.1600E+02
 -12.398  0.8264E-84  0.1600E+02
 -12.388  0.8264E-84  0.1600E+02
 -12.378  0.8264E-84  0.1600E+02
 -12.368  0.8264E-84  0.1600E+02
 -12.358  0.8264E-84  0.1600E+02
 -12.348  0.8264E-84  0.1600E+02
 -12.338  0.8264E-84  0.1600E+02
 -12.328  0.8264E-84  0.1600E+02
 -12.318  0.8264E-84  0.1600E+02
 -12.308  0.8264E-84  0.1600E+02
 -12.298  0.8264E-84  0.1600E+02
 -12.288  0.8264E-84  0.1600E+02
 -12.278  0.8264E-84  0.1600E+02
 -12.268  0.8264E-84  0.1600E+02
 -12.258  0.8264E-84  0.1600E+02
 -12.248  0.8264E-84  0.1600E+02
 -12.238  0.8264E-84  0.1600E+02
 -12.228  0.8264E-84  0.1600E+02
 -12.218  0.8264E-84  0.1600E+02
 -12.208  0.8264E-84  0.1600E+02
 -12.198  0.8264E-84  0.1600E+02
 -12.188  0.8264E-84  0.1600E+02
 -12.178  0.8264E-84  0.1600E+02
 -12.168  0.8264E-84  0.1600E+02
 -12.158  0.8264E-84  0.1600E+02
 -12.148  0.8264E-84  0.1600E+02
 -12.138  0.8264E-84  0.1600E+02
 -12.128  0.8264E-84  0.1600E+02
 -12.118  0.8264E-84  0.1600E+02
 -12.108  0.8264E-84  0.1600E+02
 -12.098  0.8264E-84  0.1600E+02
 -12.088  0.8264E-84  0.1600E+02
 -12.078  0.8264E-84  0.1600E+02
 -12.068  0.8264E-84  0.1600E+02
 -12.058  0.8264E-84  0.1600E+02
 -12.048  0.8264E-84  0.1600E+02
 -12.038  0.8264E-84  0.1600E+02
 -12.028  0.8264E-84  0.1600E+02
 -12.018  0.8264E-84  0.1600E+02
 -12.008  0.8264E-84  0.1600E+02
 -11.998  0.8264E-84  0.1600E+02
 -11.988  0.8264E-84  0.1600E+02
 -11.978  0.8264E-84  0.1600E+02
 -11.968  0.8264E-84  0.1600E+02
 -11.958  0.8264E-84  0.1600E+02
 -11.948  0.8264E-84  0.1600E+02
 -11.938  0.8264E-84  0.1600E+02
 -11.928  0.8264E-84  0.1600E+02
 -11.918  0.8264E-84  0.1600E+02
 -11.908  0.8264E-84  0.1600E+02
 -11.898  0.8264E-84  0.1600E+02
 -11.888  0.8264E-84  0.1600E+02
 -11.878  0.8264E-84  0.1600E+02
 -11.868  0.8264E-84  0.1600E+02
 -11.858  0.8264E-84  0.1600E+02
 -11.848  0.8264E-84  0.1600E+02
 -11.838  0.8264E-84  0.1600E+02
 -11.828  0.8264E-84  0.1600E+02
 -11.818  0.8264E-84  0.1600E+02
 -11.808  0.8264E-84  0.1600E+02
 -11.798  0.8264E-84  0.1600E+02
 -11.788  0.8264E-84  0.1600E+02
 -11.778  0.8264E-84  0.1600E+02
 -11.768  0.8264E-84  0.1600E+02
 -11.758  0.8264E-84  0.1600E+02
 -11.748  0.8264E-84  0.1600E+02
 -11.738  0.8264E-84  0.1600E+02
 -11.728  0.8264E-84  0.1600E+02
 -11.718  0.8264E-84  0.1600E+02
 -11.708  0.8264E-84  0.1600E+02
 -11.698  0.8264E-84  0.1600E+02
 -11.688  0.8264E-84  0.1600E+02
 -11.678  0.8264E-84  0.1600E+02
 -11.668  0.8264E-84  0.1600E+02
 -11.658  0.8264E-84  0.1600E+02
 -11.648  0.8264E-84  0.1600E+02
 -11.638  0.8264E-84  0.1600E+02
 -11.628  0.8264E-84  0.1600E+02
 -11.618  0.8264E-84  0.1600E+02
 -11.608  0.8264E-84  0.1600E+02
 -11.598  0.8264E-84  0.1600E+02
 -11.588  0.8264E-84  0.1600E+02
 -11.578  0.8264E-84  0.1600E+02
 -11.568  0.8264E-84  0.1600E+02
 -11.558  0.8264E-84  0.1600E+02
 -11.548  0.8264E-84  0.1600E+02
 -11.538  0.8264E-84  0.1600E+02
 -11.528  0.8264E-84  0.1600E+02
 -11.518  0.8264E-84  0.1600E+02
 -11.508  0.8264E-84  0.1600E+02
 -11.498  0.8264E-84  0.1600E+02
 -11.488  0.8264E-84  0.1600E+02
 -11.478  0.8264E-84  0.1600E+02
 -11.468  0.8264E-84  0.1600E+02
 -11.458  0.8264E-84  0.1600E+02
 -11.448  0.8264E-84  0.1600E+02
 -11.438  0.8264E-84  0.1600E+02
 -11.428  0.8264E-84  0.1600E+02
 -11.418  0.8264E-84  0.1600E+02
 -11.408  0.8264E-84  0.1600E+02
 -11.398  0.8264E-84  0.1600E+02
 -11.388  0.8264E-84  0.1600E+02
 -11.378  0.8264E-84  0.1600E+02
 -11.368  0.8264E-84  0.1600E+02
 -11.358  0.8264E-84  0.1600E+02
 -11.348  0.8264E-84  0.1600E+02
 -11.338  0.8264E-84  0.1600E+02
 -11.328  0.8264E-84  0.1600E+02
 -11.318  0.8264E-84  0.1600E+02
 -11.308  0.8264E-84  0.1600E+02
 -11.298  0.8264E-84  0.1600E+02
 -11.288  0.8264E-84  0.1600E+02
 -11.278  0.8264E-84  0.1600E+02
 -11.268  0.8264E-84  0.1600E+02
 -11.258  0.8264E-84  0.1600E+02
 -11.248  0.8264E-84  0.1600E+02
 -11.238  0.8264E-84  0.1600E+02
 -11.228  0.8264E-84  0.1600E+02
 -11.218  0.8264E-84  0.1600E+02
 -11.208  0.8264E-84  0.1600E+02
 -11.198  0.8264E-84  0.1600E+02
 -11.188  0.8264E-84  0.1600E+02
 -11.178  0.8264E-84  0.1600E+02
 -11.168  0.8264E-84  0.1600E+02
 -11.158  0.8264E-84  0.1600E+02
 -11.148  0.8264E-84  0.1600E+02
 -11.138  0.8264E-84  0.1600E+02
 -11.128  0.8264E-84  0.1600E+02
 -11.118  0.8264E-84  0.1600E+02
 -11.108  0.8264E-84  0.1600E+02
 -11.098  0.8264E-84  0.1600E+02
 -11.088  0.8264E-84  0.1600E+02
 -11.078  0.8264E-84  0.1600E+02
 -11.068  0.8264E-84  0.1600E+02
 -11.058  0.8264E-84  0.1600E+02
 -11.048  0.8264E-84  0.1600E+02
 -11.038  0.8264E-84  0.1600E+02
 -11.028  0.8264E-84  0.1600E+02
 -11.018  0.8264E-84  0.1600E+02
 -11.008  0.8264E-84  0.1600E+02
 -10.998  0.8264E-84  0.1600E+02
 -10.988  0.8264E-84  0.1600E+02
 -10.978  0.8264E-84  0.1600E+02
 -10.968  0.8264E-84  0.1600E+02
 -10.958  0.8264E-84  0.1600E+02
 -10.948  0.8264E-84  0.1600E+02
 -10.938  0.8264E-84  0.1600E+02
 -10.928  0.8264E-84  0.1600E+02
 -10.918  0.8264E-84  0.1600E+02
 -10.908  0.8264E-84  0.1600E+02
 -10.898  0.8264E-84  0.1600E+02
 -10.888  0.8264E-84  0.1600E+02
 -10.878  0.8264E-84  0.1600E+02
 -10.868  0.8264E-84  0.1600E+02
 -10.858  0.8264E-84  0.1600E+02
 -10.848  0.8264E-84  0.1600E+02
 -10.838  0.8264E-84  0.1600E+02
 -10.828  0.8264E-84  0.1600E+02
 -10.818  0.8264E-84  0.1600E+02
 -10.808  0.8264E-84  0.1600E+02
 -10.798  0.8264E-84  0.1600E+02
 -10.788  0.8264E-84  0.1600E+02
 -10.778  0.8264E-84  0.1600E+02
 -10.768  0.8264E-84  0.1600E+02
 -10.758  0.8264E-84  0.1600E+02
 -10.748  0.8264E-84  0.1600E+02
 -10.738  0.8264E-84  0.1600E+02
 -10.728  0.8264E-84  0.1600E+02
 -10.718  0.8264E-84  0.1600E+02
 -10.708  0.8264E-84  0.1600E+02
 -10.698  0.8264E-84  0.1600E+02
 -10.688  0.8264E-84  0.1600E+02
 -10.678  0.8264E-84  0.1600E+02
 -10.668  0.8264E-84  0.1600E+02
 -10.658  0.8264E-84  0.1600E+02
 -10.648  0.8264E-84  0.1600E+02
 -10.638  0.8264E-84  0.1600E+02
 -10.628  0.8264E-84  0.1600E+02
 -10.618  0.8264E-84  0.1600E+02
 -10.608  0.8264E-84  0.1600E+02
 -10.598  0.8264E-84  0.1600E+02
 -10.588  0.8264E-84  0.1600E+02
 -10.578  0.8264E-84  0.1600E+02
 -10.568  0.8264E-84  0.1600E+02
 -10.558  0.8264E-84  0.1600E+02
 -10.548  0.8264E-84  0.1600E+02
 -10.538  0.8264E-84  0.1600E+02
 -10.528  0.8264E-84  0.1600E+02
 -10.518  0.8264E-84  0.1600E+02
 -10.508  0.8264E-84  0.1600E+02
 -10.498  0.8264E-84  0.1600E+02
 -10.488  0.8264E-84  0.1600E+02
 -10.478  0.8264E-84  0.1600E+02
 -10.468  0.8264E-84  0.1600E+02
 -10.458  0.8264E-84  0.1600E+02
 -10.448  0.8264E-84  0.1600E+02
 -10.438  0.8264E-84  0.1600E+02
 -10.428  0.8264E-84  0.1600E+02
 -10.418  0.8264E-84  0.1600E+02
 -10.408  0.8264E-84  0.1600E+02
 -10.398  0.8264E-84  0.1600E+02
 -10.388  0.8264E-84  0.1600E+02
 -10.378  0.8264E-84  0.1600E+02
 -10.368  0.8264E-84  0.1600E+02
 -10.358  0.8264E-84  0.1600E+02
 -10.348  0.8264E-84  0.1600E+02
 -10.338  0.8264E-84  0.1600E+02
 -10.328  0.8264E-84  0.1600E+02
 -10.318  0.8264E-84  0.1600E+02
 -10.308  0.8264E-84  0.1600E+02
 -10.298  0.8264E-84  0.1600E+02
 -10.288  0.8264E-84  0.1600E+02
 -10.278  0.8264E-84  0.1600E+02
 -10.268  0.8264E-84  0.1600E+02
 -10.258  0.8264E-84  0.1600E+02
 -10.248  0.8264E-84  0.1600E+02
 -10.238  0.8264E-84  0.1600E+02
 -10.228  0.8264E-84  0.1600E+02
 -10.218  0.8264E-84  0.1600E+02
 -10.208  0.8264E-84  0.1600E+02
 -10.198  0.8264E-84  0.1600E+02
 -10.188  0.8264E-84  0.1600E+02
 -10.178  0.8264E-84  0.1600E+02
 -10.168  0.8264E-84  0.1600E+02
 -10.158  0.8264E-84  0.1600E+02
 -10.148  0.8264E-84  0.1600E+02
 -10.138  0.8264E-84  0.1600E+02
 -10.128  0.8264E-84  0.1600E+02
 -10.118  0.8264E-84  0.1600E+02
 -10.108  0.8264E-84  0.1600E+02
 -10.098  0.8264E-84  0.1600E+02
 -10.088  0.8264E-84  0.1600E+02
 -10.078  0.8264E-84  0.1600E+02
 -10.068  0.8264E-84  0.1600E+02
 -10.058  0.8264E-84  0.1600E+02
 -10.048  0.8264E-84  0.1600E+02
 -10.038  0.8264E-84  0.1600E+02
 -10.028  0.8264E-84  0.1600E+02
 -10.018  0.8264E-84  0.1600E+02
 -10.008  0.8264E-84  0.1600E+02
  -9.998  0.8264E-84  0.1600E+02
  -9.988  0.8264E-84  0.1600E+02
  -9.978  0.8264E-84  0.1600E+02
  -9.968  0.8264E-84  0.1600E+02
  -9.958  0.8264E-84  0.1600E+02
  -9.948  0.8264E-84  0.1600E+02
  -9.938  0.8264E-84  0.1600E+02
  -9.928  0.8264E-84  0.1600E+02
  -9.918  0.8264E-84  0.1600E+02
  -9.908  0.8264E-84  0.1600E+02
  -9.898  0.8264E-84  0.1600E+02
  -9.888  0.8264E-84  0.1600E+02
  -9.878  0.8264E-84  0.1600E+02
  -9.868  0.8264E-84  0.1600E+02
  -9.858  0.8264E-84  0.1600E+02
  -9.848  0.8264E-84  0.1600E+02
  -9.838  0.8264E-84  0.1600E+02
  -9.828  0.8264E-84  0.1600E+02
  -9.818  0.8264E-84  0.1600E+02
  -9.808  0.8264E-84  0.1600E+02
  -9.798  0.8264E-84  0.1600E+02
  -9.788  0.8264E-84  0.1600E+02
  -9.778  0.8264E-84  0.1600E+02
  -9.768  0.8264E-84  0.1600E+02
  -9.758  0.8264E-84  0.1600E+02
  -9.748  0.8264E-84  0.1600E+02
  -9.738  0.8264E-84  0.1600E+02
  -9.728  0.8264E-84  0.1600E+02
  -9.718  0.8264E-84  0.1600E+02
  -9.708  0.8264E-84  0.1600E+02
  -9.698  0.8264E-84  0.1600E+02
  -9.688  0.8264E-84  0.1600E+02
  -9.678  0.8264E-84  0.1600E+02
  -9.668  0.8264E-84  0.1600E+02
  -9.658  0.8264E-84  0.1600E+02
  -9.648  0.8264E-84  0.1600E+02
  -9.638  0.8264E-84  0.1600E+02
  -9.628  0.8264E-84  0.1600E+02
  -9.618  0.8264E-84  0.1600E+02
  -9.608  0.8264E-84  0.1600E+02
  -9.598  0.8264E-84  0.1600E+02
  -9.588  0.8264E-84  0.1600E+02
  -9.578  0.8264E-84  0.1600E+02
  -9.568  0.8264E-84  0.1600E+02
  -9.558  0.8264E-84  0.1600E+02
  -9.548  0.8264E-84  0.1600E+02
  -9.538  0.8264E-84  0.1600E+02
  -9.528  0.8264E-84  0.1600E+02
  -9.518  0.8264E-84  0.1600E+02
  -9.508  0.8264E-84  0.1600E+02
  -9.498  0.8264E-84  0.1600E+02
  -9.488  0.8264E-84  0.1600E+02
  -9.478  0.8264E-84  0.1600E+02
  -9.468  0.8264E-84  0.1600E+02
  -9.458  0.8264E-84  0.1600E+02
  -9.448  0.8264E-84  0.1600E+02
  -9.438  0.8264E-84  0.1600E+02
  -9.428  0.8264E-84  0.1600E+02
  -9.418  0.8264E-84  0.1600E+02
  -9.408  0.8264E-84  0.1600E+02
  -9.398  0.8264E-84  0.1600E+02
  -9.388  0.8264E-84  0.1600E+02
  -9.378  0.8264E-84  0.1600E+02
  -9.368  0.8264E-84  0.1600E+02
  -9.358  0.8264E-84  0.1600E+02
  -9.348  0.8264E-84  0.1600E+02
  -9.338  0.8264E-84  0.1600E+02
  -9.328  0.8264E-84  0.1600E+02
  -9.318  0.8264E-84  0.1600E+02
  -9.308  0.8264E-84  0.1600E+02
  -9.298  0.8264E-84  0.1600E+02
  -9.288  0.8264E-84  0.1600E+02
  -9.278  0.8264E-84  0.1600E+02
  -9.268  0.8264E-84  0.1600E+02
  -9.258  0.8264E-84  0.1600E+02
  -9.248  0.8264E-84  0.1600E+02
  -9.238  0.8264E-84  0.1600E+02
  -9.228  0.8264E-84  0.1600E+02
  -9.218  0.8264E-84  0.1600E+02
  -9.208  0.8264E-84  0.1600E+02
  -9.198  0.8264E-84  0.1600E+02
  -9.188  0.8264E-84  0.1600E+02
  -9.178  0.8264E-84  0.1600E+02
  -9.168  0.8264E-84  0.1600E+02
  -9.158  0.8264E-84  0.1600E+02
  -9.148  0.8264E-84  0.1600E+02
  -9.138  0.8264E-84  0.1600E+02
  -9.128  0.8264E-84  0.1600E+02
  -9.118  0.8264E-84  0.1600E+02
  -9.108  0.8264E-84  0.1600E+02
  -9.098  0.8264E-84  0.1600E+02
  -9.088  0.8264E-84  0.1600E+02
  -9.078  0.8264E-84  0.1600E+02
  -9.068  0.8264E-84  0.1600E+02
  -9.058  0.8264E-84  0.1600E+02
  -9.048  0.8264E-84  0.1600E+02
  -9.038  0.8264E-84  0.1600E+02
  -9.028  0.8264E-84  0.1600E+02
  -9.018  0.8264E-84  0.1600E+02
  -9.008  0.8264E-84  0.1600E+02
  -8.998  0.8264E-84  0.1600E+02
  -8.988  0.8264E-84  0.1600E+02
  -8.978  0.8264E-84  0.1600E+02
  -8.968  0.8264E-84  0.1600E+02
  -8.958  0.8264E-84  0.1600E+02
  -8.948  0.8264E-84  0.1600E+02
  -8.938  0.8264E-84  0.1600E+02
  -8.928  0.8264E-84  0.1600E+02
  -8.918  0.8264E-84  0.1600E+02
  -8.908  0.8264E-84  0.1600E+02
  -8.898  0.8264E-84  0.1600E+02
  -8.888  0.8264E-84  0.1600E+02
  -8.878  0.8264E-84  0.1600E+02
  -8.868  0.8264E-84  0.1600E+02
  -8.858  0.8264E-84  0.1600E+02
  -8.848  0.8264E-84  0.1600E+02
  -8.838  0.8264E-84  0.1600E+02
  -8.828  0.8264E-84  0.1600E+02
  -8.818  0.8264E-84  0.1600E+02
  -8.808  0.8264E-84  0.1600E+02
  -8.798  0.8264E-84  0.1600E+02
  -8.788  0.8264E-84  0.1600E+02
  -8.778  0.8264E-84  0.1600E+02
  -8.768  0.8264E-84  0.1600E+02
  -8.758  0.8264E-84  0.1600E+02
  -8.748  0.8264E-84  0.1600E+02
  -8.738  0.8264E-84  0.1600E+02
  -8.728  0.8264E-84  0.1600E+02
  -8.718  0.8264E-84  0.1600E+02
  -8.708  0.8264E-84  0.1600E+02
  -8.698  0.8264E-84  0.1600E+02
  -8.688  0.8264E-84  0.1600E+02
  -8.678  0.8264E-84  0.1600E+02
  -8.668  0.8264E-84  0.1600E+02
  -8.658  0.8264E-84  0.1600E+02
  -8.648  0.8264E-84  0.1600E+02
  -8.638  0.8264E-84  0.1600E+02
  -8.628  0.8264E-84  0.1600E+02
  -8.618  0.8264E-84  0.1600E+02
  -8.608  0.8264E-84  0.1600E+02
  -8.598  0.8264E-84  0.1600E+02
  -8.588  0.8264E-84  0.1600E+02
  -8.578  0.8264E-84  0.1600E+02
  -8.568  0.8264E-84  0.1600E+02
  -8.558  0.8264E-84  0.1600E+02
  -8.548  0.8264E-84  0.1600E+02
  -8.538  0.8264E-84  0.1600E+02
  -8.528  0.8348E-84  0.1600E+02
  -8.518  0.1343E-83  0.1600E+02
  -8.508  0.3021E-82  0.1600E+02
  -8.498  0.1600E-80  0.1600E+02
  -8.488  0.8337E-79  0.1600E+02
  -8.478  0.4163E-77  0.1600E+02
  -8.468  0.1992E-75  0.1600E+02
  -8.458  0.9129E-74  0.1600E+02
  -8.448  0.4008E-72  0.1600E+02
  -8.438  0.1686E-70  0.1600E+02
  -8.428  0.6792E-69  0.1600E+02
  -8.418  0.2622E-67  0.1600E+02
  -8.408  0.9694E-66  0.1600E+02
  -8.398  0.3434E-64  0.1600E+02
  -8.388  0.1165E-62  0.1600E+02
  -8.378  0.3789E-61  0.1600E+02
  -8.368  0.1180E-59  0.1600E+02
  -8.358  0.3522E-58  0.1600E+02
  -8.348  0.1007E-56  0.1600E+02
  -8.338  0.2758E-55  0.1600E+02
  -8.328  0.7237E-54  0.1600E+02
  -8.318  0.1819E-52  0.1600E+02
  -8.308  0.4382E-51  0.1600E+02
  -8.298  0.1011E-49  0.1600E+02
  -8.288  0.2236E-48  0.1600E+02
  -8.278  0.4736E-47  0.1600E+02
  -8.268  0.9613E-46  0.1600E+02
  -8.258  0.1869E-44  0.1600E+02
  -8.248  0.3483E-43  0.1600E+02
  -8.238  0.6217E-42  0.1600E+02
  -8.228  0.1063E-40  0.1600E+02
  -8.218  0.1743E-39  0.1600E+02
  -8.208  0.2737E-38  0.1600E+02
  -8.198  0.4118E-37  0.1600E+02
  -8.188  0.5938E-36  0.1600E+02
  -8.178  0.8203E-35  0.1600E+02
  -8.168  0.1086E-33  0.1600E+02
  -8.158  0.1377E-32  0.1600E+02
  -8.148  0.1674E-31  0.1600E+02
  -8.138  0.1950E-30  0.1600E+02
  -8.128  0.2176E-29  0.1600E+02
  -8.118  0.2327E-28  0.1600E+02
  -8.108  0.2385E-27  0.1600E+02
  -8.098  0.2343E-26  0.1600E+02
  -8.088  0.2205E-25  0.1600E+02
  -8.078  0.1989E-24  0.1600E+02
  -8.068  0.1719E-23  0.1600E+02
  -8.058  0.1424E-22  0.1600E+02
  -8.048  0.1130E-21  0.1600E+02
  -8.038  0.8601E-21  0.1600E+02
  -8.028  0.6272E-20  0.1600E+02
  -8.018  0.4383E-19  0.1600E+02
  -8.008  0.2936E-18  0.1600E+02
  -7.998  0.1885E-17  0.1600E+02
  -7.988  0.1160E-16  0.1600E+02
  -7.978  0.6840E-16  0.1600E+02
  -7.968  0.3867E-15  0.1600E+02
  -7.958  0.2096E-14  0.1600E+02
  -7.948  0.1089E-13  0.1600E+02
  -7.938  0.5421E-13  0.1600E+02
  -7.928  0.2588E-12  0.1600E+02
  -7.918  0.1185E-11  0.1600E+02
  -7.908  0.5198E-11  0.1600E+02
  -7.898  0.2187E-10  0.1600E+02
  -7.888  0.8823E-10  0.1600E+02
  -7.878  0.3413E-09  0.1600E+02
  -7.868  0.1266E-08  0.1600E+02
  -7.858  0.4505E-08  0.1600E+02
  -7.848  0.1537E-07  0.1600E+02
  -7.838  0.5033E-07  0.1600E+02
  -7.828  0.1580E-06  0.1600E+02
  -7.818  0.4761E-06  0.1600E+02
  -7.808  0.1377E-05  0.1600E+02
  -7.798  0.3819E-05  0.1600E+02
  -7.788  0.1017E-04  0.1600E+02
  -7.778  0.2600E-04  0.1600E+02
  -7.768  0.6381E-04  0.1600E+02
  -7.758  0.1504E-03  0.1600E+02
  -7.748  0.3406E-03  0.1600E+02
  -7.738  0.7409E-03  0.1600E+02
  -7.728  0.1549E-02  0.1600E+02
  -7.718  0.3113E-02  0.1600E+02
  -7.708  0.6018E-02  0.1600E+02
  -7.698  0.1119E-01  0.1600E+02
  -7.688  0.2003E-01  0.1600E+02
  -7.678  0.3453E-01  0.1600E+02
  -7.668  0.5736E-01  0.1600E+02
  -7.658  0.9186E-01  0.1600E+02
  -7.648  0.1419E+00  0.1600E+02
  -7.638  0.2118E+00  0.1601E+02
  -7.628  0.3055E+00  0.1601E+02
  -7.618  0.4263E+00  0.1601E+02
  -7.608  0.5764E+00  0.1602E+02
  -7.598  0.7562E+00  0.1603E+02
  -7.588  0.9638E+00  0.1604E+02
  -7.578  0.1196E+01  0.1605E+02
  -7.568  0.1447E+01  0.1606E+02
  -7.558  0.1711E+01  0.1608E+02
  -7.548  0.1981E+01  0.1610E+02
  -7.538  0.2252E+01  0.1612E+02
  -7.528  0.2519E+01  0.1615E+02
  -7.518  0.2780E+01  0.1617E+02
  -7.508  0.3034E+01  0.1621E+02
  -7.498  0.3283E+01  0.1624E+02
  -7.488  0.3529E+01  0.1627E+02
  -7.478  0.3777E+01  0.1631E+02
  -7.468  0.4031E+01  0.1635E+02
  -7.458  0.4297E+01  0.1639E+02
  -7.448  0.4581E+01  0.1644E+02
  -7.438  0.4890E+01  0.1649E+02
  -7.428  0.5229E+01  0.1654E+02
  -7.418  0.5604E+01  0.1660E+02
  -7.408  0.6020E+01  0.1666E+02
  -7.398  0.6480E+01  0.1672E+02
  -7.388  0.6984E+01  0.1679E+02
  -7.378  0.7531E+01  0.1687E+02
  -7.368  0.8114E+01  0.1695E+02
  -7.358  0.8727E+01  0.1704E+02
  -7.348  0.9359E+01  0.1713E+02
  -7.338  0.1000E+02  0.1723E+02
  -7.328  0.1064E+02  0.1734E+02
  -7.318  0.1129E+02  0.1745E+02
  -7.308  0.1192E+02  0.1757E+02
  -7.298  0.1256E+02  0.1769E+02
  -7.288  0.1319E+02  0.1783E+02
  -7.278  0.1383E+02  0.1796E+02
  -7.268  0.1446E+02  0.1811E+02
  -7.258  0.1506E+02  0.1826E+02
  -7.248  0.1559E+02  0.1841E+02
  -7.238  0.1600E+02  0.1858E+02
  -7.228  0.1623E+02  0.1874E+02
  -7.218  0.1622E+02  0.1890E+02
  -7.208  0.1589E+02  0.1906E+02
  -7.198  0.1524E+02  0.1921E+02
  -7.188  0.1424E+02  0.1935E+02
  -7.178  0.1295E+02  0.1948E+02
  -7.168  0.1142E+02  0.1960E+02
  -7.158  0.9758E+01  0.1969E+02
  -7.148  0.8061E+01  0.1978E+02
  -7.138  0.6431E+01  0.1984E+02
  -7.128  0.4949E+01  0.1989E+02
  -7.118  0.3671E+01  0.1993E+02
  -7.108  0.2622E+01  0.1995E+02
  -7.098  0.1803E+01  0.1997E+02
  -7.088  0.1192E+01  0.1998E+02
  -7.078  0.7582E+00  0.1999E+02
  -7.068  0.4634E+00  0.1999E+02
  -7.058  0.2722E+00  0.2000E+02
  -7.048  0.1536E+00  0.2000E+02
  -7.038  0.8320E-01  0.2000E+02
  -7.028  0.4328E-01  0.2000E+02
  -7.018  0.2162E-01  0.2000E+02
  -7.008  0.1036E-01  0.2000E+02
  -6.998  0.4767E-02  0.2000E+02
  -6.988  0.2104E-02  0.2000E+02
  -6.978  0.8911E-03  0.2000E+02
  -6.968  0.3621E-03  0.2000E+02
  -6.958  0.1411E-03  0.2000E+02
  -6.948  0.5275E-04  0.2000E+02
  -6.938  0.1891E-04  0.2000E+02
  -6.928  0.6502E-05  0.2000E+02
  -6.918  0.2144E-05  0.2000E+02
  -6.908  0.6777E-06  0.2000E+02
  -6.898  0.2054E-06  0.2000E+02
  -6.888  0.5971E-07  0.2000E+02
  -6.878  0.1664E-07  0.2000E+02
  -6.868  0.4444E-08  0.2000E+02
  -6.858  0.1138E-08  0.2000E+02
  -6.848  0.2793E-09  0.2000E+02
  -6.838  0.6573E-10  0.2000E+02
  -6.828  0.1483E-10  0.2000E+02
  -6.818  0.3205E-11  0.2000E+02
  -6.808  0.6641E-12  0.2000E+02
  -6.798  0.1319E-12  0.2000E+02
  -6.788  0.2511E-13  0.2000E+02
  -6.778  0.4580E-14  0.2000E+02
  -6.768  0.8007E-15  0.2000E+02
  -6.758  0.1342E-15  0.2000E+02
  -6.748  0.2154E-16  0.2000E+02
  -6.738  0.3315E-17  0.2000E+02
  -6.728  0.4889E-18  0.2000E+02
  -6.718  0.6908E-19  0.2000E+02
  -6.708  0.9355E-20  0.2000E+02
  -6.698  0.1214E-20  0.2000E+02
  -6.688  0.1509E-21  0.2000E+02
  -6.678  0.1798E-22  0.2000E+02
  -6.668  0.2053E-23  0.2000E+02
  -6.658  0.2246E-24  0.2000E+02
  -6.648  0.2355E-25  0.2000E+02
  -6.638  0.2365E-26  0.2000E+02
  -6.628  0.2276E-27  0.2000E+02
  -6.618  0.2099E-28  0.2000E+02
  -6.608  0.1854E-29  0.2000E+02
  -6.598  0.1570E-30  0.2000E+02
  -6.588  0.1273E-31  0.2000E+02
  -6.578  0.9895E-33  0.2000E+02
  -6.568  0.7368E-34  0.2000E+02
  -6.558  0.5256E-35  0.2000E+02
  -6.548  0.3593E-36  0.2000E+02
  -6.538  0.2353E-37  0.2000E+02
  -6.528  0.1476E-38  0.2000E+02
  -6.518  0.8873E-40  0.2000E+02
  -6.508  0.5110E-41  0.2000E+02
  -6.498  0.2820E-42  0.2000E+02
  -6.488  0.1490E-43  0.2000E+02
  -6.478  0.7548E-45  0.2000E+02
  -6.468  0.3662E-46  0.2000E+02
  -6.458  0.1702E-47  0.2000E+02
  -6.448  0.7582E-49  0.2000E+02
  -6.438  0.3235E-50  0.2000E+02
  -6.428  0.1322E-51  0.2000E+02
  -6.418  0.5177E-53  0.2000E+02
  -6.408  0.1942E-54  0.2000E+02
  -6.398  0.6980E-56  0.2000E+02
  -6.388  0.2403E-57  0.2000E+02
  -6.378  0.7927E-59  0.2000E+02
  -6.368  0.2505E-60  0.2000E+02
  -6.358  0.7582E-62  0.2000E+02
  -6.348  0.2199E-63  0.2000E+02
  -6.338  0.6109E-65  0.2000E+02
  -6.328  0.1626E-66  0.2000E+02
  -6.318  0.4145E-68  0.2000E+02
  -6.308  0.1012E-69  0.2000E+02
  -6.298  0.2369E-71  0.2000E+02
  -6.288  0.5309E-73  0.2000E+02
  -6.278  0.1140E-74  0.2000E+02
  -6.268  0.2344E-76  0.2000E+02
  -6.258  0.4619E-78  0.2000E+02
  -6.248  0.8720E-80  0.2000E+02
  -6.238  0.1585E-81  0.2000E+02
  -6.228  0.3550E-83  0.2000E+02
  -6.218  0.8677E-84  0.2000E+02
  -6.208  0.8265E-84  0.2000E+02
  -6.198  0.8264E-84  0.2000E+02
  -6.188  0.8264E-84  0.2000E+02
  -6.178  0.8264E-84  0.2000E+02
  -6.168  0.8264E-84  0.2000E+02
  -6.158  0.8264E-84  0.2000E+02
  -6.148  0.8264E-84  0.2000E+02
  -6.138  0.8264E-84  0.2000E+02
  -6.128  0.8264E-84  0.2000E+02
  -6.118  0.8264E-84  0.2000E+02
  -6.108  0.8264E-84  0.2000E+02
  -6.098  0.8264E-84  0.2000E+02
  -6.088  0.8264E-84  0.2000E+02
  -6.078  0.8264E-84  0.2000E+02
  -6.068  0.8264E-84  0.2000E+02
  -6.058  0.8264E-84  0.2000E+02
  -6.048  0.8264E-84  0.2000E+02
  -6.038  0.8264E-84  0.2000E+02
  -6.028  0.8264E-84  0.2000E+02
  -6.018  0.8264E-84  0.2000E+02
  -6.008  0.8264E-84  0.2000E+02
  -5.998  0.8264E-84  0.2000E+02
  -5.988  0.8264E-84  0.2000E+02
  -5.978  0.8264E-84  0.2000E+02
  -5.968  0.8264E-84  0.2000E+02
  -5.958  0.8264E-84  0.2000E+02
  -5.948  0.8264E-84  0.2000E+02
  -5.938  0.8264E-84  0.2000E+02
  -5.928  0.8264E-84  0.2000E+02
  -5.918  0.8264E-84  0.2000E+02
  -5.908  0.8264E-84  0.2000E+02
  -5.898  0.8264E-84  0.2000E+02
  -5.888  0.8264E-84  0.2000E+02
  -5.878  0.8264E-84  0.2000E+02
  -5.868  0.8264E-84  0.2000E+02
  -5.858  0.8264E-84  0.2000E+02
  -5.848  0.8264E-84  0.2000E+02
  -5.838  0.8264E-84  0.2000E+02
  -5.828  0.8264E-84  0.2000E+02
  -5.818  0.8264E-84  0.2000E+02
  -5.808  0.8264E-84  0.2000E+02
  -5.798  0.8264E-84  0.2000E+02
  -5.788  0.8264E-84  0.2000E+02
  -5.778  0.8264E-84  0.2000E+02
  -5.768  0.8264E-84  0.2000E+02
  -5.758  0.8264E-84  0.2000E+02
  -5.748  0.8264E-84  0.2000E+02
  -5.738  0.8264E-84  0.2000E+02
  -5.728  0.8264E-84  0.2000E+02
  -5.718  0.8264E-84  0.2000E+02
  -5.708  0.8264E-84  0.2000E+02
  -5.698  0.8264E-84  0.2000E+02
  -5.688  0.8264E-84  0.2000E+02
  -5.678  0.8264E-84  0.2000E+02
  -5.668  0.8264E-84  0.2000E+02
  -5.658  0.8264E-84  0.2000E+02
  -5.648  0.8264E-84  0.2000E+02
  -5.638  0.8264E-84  0.2000E+02
  -5.628  0.8264E-84  0.2000E+02
  -5.618  0.8264E-84  0.2000E+02
  -5.608  0.8264E-84  0.2000E+02
  -5.598  0.8264E-84  0.2000E+02
  -5.588  0.8264E-84  0.2000E+02
  -5.578  0.8264E-84  0.2000E+02
  -5.568  0.8264E-84  0.2000E+02
  -5.558  0.8264E-84  0.2000E+02
  -5.548  0.8264E-84  0.2000E+02
  -5.538  0.8264E-84  0.2000E+02
  -5.528  0.8264E-84  0.2000E+02
  -5.518  0.8264E-84  0.2000E+02
  -5.508  0.8264E-84  0.2000E+02
  -5.498  0.8264E-84  0.2000E+02
  -5.488  0.8264E-84  0.2000E+02
  -5.478  0.8264E-84  0.2000E+02
  -5.468  0.8264E-84  0.2000E+02
  -5.458  0.8264E-84  0.2000E+02
  -5.448  0.8264E-84  0.2000E+02
  -5.438  0.8264E-84  0.2000E+02
  -5.428  0.8264E-84  0.2000E+02
  -5.418  0.8264E-84  0.2000E+02
  -5.408  0.8264E-84  0.2000E+02
  -5.398  0.8264E-84  0.2000E+02
  -5.388  0.8264E-84  0.2000E+02
  -5.378  0.8264E-84  0.2000E+02
  -5.368  0.8264E-84  0.2000E+02
  -5.358  0.8264E-84  0.2000E+02
  -5.348  0.8264E-84  0.2000E+02
  -5.338  0.8264E-84  0.2000E+02
  -5.328  0.8264E-84  0.2000E+02
  -5.318  0.8264E-84  0.2000E+02
  -5.308  0.8264E-84  0.2000E+02
  -5.298  0.8264E-84  0.2000E+02
  -5.288  0.8264E-84  0.2000E+02
  -5.278  0.8264E-84  0.2000E+02
  -5.268  0.8264E-84  0.2000E+02
  -5.258  0.8264E-84  0.2000E+02
  -5.248  0.8264E-84  0.2000E+02
  -5.238  0.8264E-84  0.2000E+02
  -5.228  0.8264E-84  0.2000E+02
  -5.218  0.8264E-84  0.2000E+02
  -5.208  0.8264E-84  0.2000E+02
  -5.198  0.8264E-84  0.2000E+02
  -5.188  0.8264E-84  0.2000E+02
  -5.178  0.8264E-84  0.2000E+02
  -5.168  0.8264E-84  0.2000E+02
  -5.158  0.8264E-84  0.2000E+02
  -5.148  0.8264E-84  0.2000E+02
  -5.138  0.8264E-84  0.2000E+02
  -5.128  0.8264E-84  0.2000E+02
  -5.118  0.8264E-84  0.2000E+02
  -5.108  0.8264E-84  0.2000E+02
  -5.098  0.8264E-84  0.2000E+02
  -5.088  0.8264E-84  0.2000E+02
  -5.078  0.8264E-84  0.2000E+02
  -5.068  0.8264E-84  0.2000E+02
  -5.058  0.8264E-84  0.2000E+02
  -5.048  0.8264E-84  0.2000E+02
  -5.038  0.8264E-84  0.2000E+02
  -5.028  0.8264E-84  0.2000E+02
  -5.018  0.8264E-84  0.2000E+02
  -5.008  0.8264E-84  0.2000E+02
  -4.998  0.8264E-84  0.2000E+02
  -4.988  0.8264E-84  0.2000E+02
  -4.978  0.8264E-84  0.2000E+02
  -4.968  0.8264E-84  0.2000E+02
  -4.958  0.8264E-84  0.2000E+02
  -4.948  0.8264E-84  0.2000E+02
  -4.938  0.8264E-84  0.2000E+02
  -4.928  0.8264E-84  0.2000E+02
  -4.918  0.8264E-84  0.2000E+02
  -4.908  0.8264E-84  0.2000E+02
  -4.898  0.8264E-84  0.2000E+02
  -4.888  0.8264E-84  0.2000E+02
  -4.878  0.8264E-84  0.2000E+02
  -4.868  0.8264E-84  0.2000E+02
  -4.858  0.8264E-84  0.2000E+02
  -4.848  0.8264E-84  0.2000E+02
  -4.838  0.8264E-84  0.2000E+02
  -4.828  0.8264E-84  0.2000E+02
  -4.818  0.8264E-84  0.2000E+02
  -4.808  0.8264E-84  0.2000E+02
  -4.798  0.8264E-84  0.2000E+02
  -4.788  0.8264E-84  0.2000E+02
  -4.778  0.8264E-84  0.2000E+02
  -4.768  0.8264E-84  0.2000E+02
  -4.758  0.8264E-84  0.2000E+02
  -4.748  0.8264E-84  0.2000E+02
  -4.738  0.8264E-84  0.2000E+02
  -4.728  0.8264E-84  0.2000E+02
  -4.718  0.8264E-84  0.2000E+02
  -4.708  0.8264E-84  0.2000E+02
  -4.698  0.8264E-84  0.2000E+02
  -4.688  0.8264E-84  0.2000E+02
  -4.678  0.8264E-84  0.2000E+02
  -4.668  0.8264E-84  0.2000E+02
  -4.658  0.8264E-84  0.2000E+02
  -4.648  0.8264E-84  0.2000E+02
  -4.638  0.8264E-84  0.2000E+02
  -4.628  0.8264E-84  0.2000E+02
  -4.618  0.8264E-84  0.2000E+02
  -4.608  0.8264E-84  0.2000E+02
  -4.598  0.8264E-84  0.2000E+02
  -4.588  0.8264E-84  0.2000E+02
  -4.578  0.8264E-84  0.2000E+02
  -4.568  0.8264E-84  0.2000E+02
  -4.558  0.8264E-84  0.2000E+02
  -4.548  0.8264E-84  0.2000E+02
  -4.538  0.8264E-84  0.2000E+02
  -4.528  0.8264E-84  0.2000E+02
  -4.518  0.8264E-84  0.2000E+02
  -4.508  0.8264E-84  0.2000E+02
  -4.498  0.8264E-84  0.2000E+02
  -4.488  0.8264E-84  0.2000E+02
  -4.478  0.8264E-84  0.2000E+02
  -4.468  0.8264E-84  0.2000E+02
  -4.458  0.8264E-84  0.2000E+02
  -4.448  0.8264E-84  0.2000E+02
  -4.438  0.8264E-84  0.2000E+02
  -4.428  0.8264E-84  0.2000E+02
  -4.418  0.8264E-84  0.2000E+02
  -4.408  0.8264E-84  0.2000E+02
  -4.398  0.8264E-84  0.2000E+02
  -4.388  0.8264E-84  0.2000E+02
  -4.378  0.8264E-84  0.2000E+02
  -4.368  0.8264E-84  0.2000E+02
  -4.358  0.8264E-84  0.2000E+02
  -4.348  0.8264E-84  0.2000E+02
  -4.338  0.8264E-84  0.2000E+02
  -4.328  0.8264E-84  0.2000E+02
  -4.318  0.8264E-84  0.2000E+02
  -4.308  0.8264E-84  0.2000E+02
  -4.298  0.8264E-84  0.2000E+02
  -4.288  0.8264E-84  0.2000E+02
  -4.278  0.8264E-84  0.2000E+02
  -4.268  0.8264E-84  0.2000E+02
  -4.258  0.8264E-84  0.2000E+02
  -4.248  0.8264E-84  0.2000E+02
  -4.238  0.8264E-84  0.2000E+02
  -4.228  0.8264E-84  0.2000E+02
  -4.218  0.8264E-84  0.2000E+02
  -4.208  0.8264E-84  0.2000E+02
  -4.198  0.8264E-84  0.2000E+02
  -4.188  0.8264E-84  0.2000E+02
  -4.178  0.8264E-84  0.2000E+02
  -4.168  0.8264E-84  0.2000E+02
  -4.158  0.8264E-84  0.2000E+02
  -4.148  0.8264E-84  0.2000E+02
  -4.138  0.8264E-84  0.2000E+02
  -4.128  0.8264E-84  0.2000E+02
  -4.118  0.8264E-84  0.2000E+02
  -4.108  0.8264E-84  0.2000E+02
  -4.098  0.8264E-84  0.2000E+02
  -4.088  0.8264E-84  0.2000E+02
  -4.078  0.8264E-84  0.2000E+02
  -4.068  0.8264E-84  0.2000E+02
  -4.058  0.8264E-84  0.2000E+02
  -4.048  0.8264E-84  0.2000E+02
  -4.038  0.8264E-84  0.2000E+02
  -4.028  0.8264E-84  0.2000E+02
  -4.018  0.8264E-84  0.2000E+02
  -4.008  0.8264E-84  0.2000E+02
  -3.998  0.8264E-84  0.2000E+02
  -3.988  0.8264E-84  0.2000E+02
  -3.978  0.8264E-84  0.2000E+02
  -3.968  0.8264E-84  0.2000E+02
  -3.958  0.8264E-84  0.2000E+02
  -3.948  0.8264E-84  0.2000E+02
  -3.938  0.8264E-84  0.2000E+02
  -3.928  0.8264E-84  0.2000E+02
  -3.918  0.8264E-84  0.2000E+02
  -3.908  0.8264E-84  0.2000E+02
  -3.898  0.8264E-84  0.2000E+02
  -3.888  0.8264E-84  0.2000E+02
  -3.878  0.8264E-84  0.2000E+02
  -3.868  0.8264E-84  0.2000E+02
  -3.858  0.8264E-84  0.2000E+02
  -3.848  0.8264E-84  0.2000E+02
  -3.838  0.8264E-84  0.2000E+02
  -3.828  0.8264E-84  0.2000E+02
  -3.818  0.8264E-84  0.2000E+02
  -3.808  0.8264E-84  0.2000E+02
  -3.798  0.8264E-84  0.2000E+02
  -3.788  0.8264E-84  0.2000E+02
  -3.778  0.8264E-84  0.2000E+02
  -3.768  0.8264E-84  0.2000E+02
  -3.758  0.8264E-84  0.2000E+02
  -3.748  0.8264E-84  0.2000E+02
  -3.738  0.8264E-84  0.2000E+02
  -3.728  0.8264E-84  0.2000E+02
  -3.718  0.8264E-84  0.2000E+02
  -3.708  0.8264E-84  0.2000E+02
  -3.698  0.8264E-84  0.2000E+02
  -3.688  0.8264E-84  0.2000E+02
  -3.678  0.8264E-84  0.2000E+02
  -3.668  0.8264E-84  0.2000E+02
  -3.658  0.8264E-84  0.2000E+02
  -3.648  0.8264E-84  0.2000E+02
  -3.638  0.8264E-84  0.2000E+02
  -3.628  0.8264E-84  0.2000E+02
  -3.618  0.8264E-84  0.2000E+02
  -3.608  0.8264E-84  0.2000E+02
  -3.598  0.8264E-84  0.2000E+02
  -3.588  0.8264E-84  0.2000E+02
  -3.578  0.8264E-84  0.2000E+02
  -3.568  0.8264E-84  0.2000E+02
  -3.558  0.8264E-84  0.2000E+02
  -3.548  0.8264E-84  0.2000E+02
  -3.538  0.8264E-84  0.2000E+02
  -3.528  0.8264E-84  0.2000E+02
  -3.518  0.8264E-84  0.2000E+02
  -3.508  0.8264E-84  0.2000E+02
  -3.498  0.8264E-84  0.2000E+02
  -3.488  0.8264E-84  0.2000E+02
  -3.478  0.8264E-84  0.2000E+02
  -3.468  0.8264E-84  0.2000E+02
  -3.458  0.8264E-84  0.2000E+02
  -3.448  0.8264E-84  0.2000E+02
  -3.438  0.8264E-84  0.2000E+02
  -3.428  0.8264E-84  0.2000E+02
  -3.418  0.8264E-84  0.2000E+02
  -3.408  0.8264E-84  0.2000E+02
  -3.398  0.8264E-84  0.2000E+02
  -3.388  0.8264E-84  0.2000E+02
  -3.378  0.8264E-84  0.2000E+02
  -3.368  0.8264E-84  0.2000E+02
  -3.358  0.8264E-84  0.2000E+02
  -3.348  0.8264E-84  0.2000E+02
  -3.338  0.8264E-84  0.2000E+02
  -3.328  0.8264E-84  0.2000E+02
  -3.318  0.8264E-84  0.2000E+02
  -3.308  0.8264E-84  0.2000E+02
  -3.298  0.8264E-84  0.2000E+02
  -3.288  0.8264E-84  0.2000E+02
  -3.278  0.8264E-84  0.2000E+02
  -3.268  0.8264E-84  0.2000E+02
  -3.258  0.8264E-84  0.2000E+02
  -3.248  0.8264E-84  0.2000E+02
  -3.238  0.8264E-84  0.2000E+02
  -3.228  0.8264E-84  0.2000E+02
  -3.218  0.8264E-84  0.2000E+02
  -3.208  0.8264E-84  0.2000E+02
  -3.198  0.8264E-84  0.2000E+02
  -3.188  0.8264E-84  0.2000E+02
  -3.178  0.8264E-84  0.2000E+02
  -3.168  0.8264E-84  0.2000E+02
  -3.158  0.8264E-84  0.2000E+02
  -3.148  0.8264E-84  0.2000E+02
  -3.138  0.8264E-84  0.2000E+02
  -3.128  0.8264E-84  0.2000E+02
  -3.118  0.8264E-84  0.2000E+02
  -3.108  0.8264E-84  0.2000E+02
  -3.098  0.8264E-84  0.2000E+02
  -3.088  0.8264E-84  0.2000E+02
  -3.078  0.8264E-84  0.2000E+02
  -3.068  0.8264E-84  0.2000E+02
  -3.058  0.8264E-84  0.2000E+02
  -3.048  0.8264E-84  0.2000E+02
  -3.038  0.8264E-84  0.2000E+02
  -3.028  0.8264E-84  0.2000E+02
  -3.018  0.8264E-84  0.2000E+02
  -3.008  0.8264E-84  0.2000E+02
  -2.998  0.8264E-84  0.2000E+02
  -2.988  0.8264E-84  0.2000E+02
  -2.978  0.8264E-84  0.2000E+02
  -2.968  0.8264E-84  0.2000E+02
  -2.958  0.8264E-84  0.2000E+02
  -2.948  0.8264E-84  0.2000E+02
  -2.938  0.8264E-84  0.2000E+02
  -2.928  0.8264E-84  0.2000E+02
  -2.918  0.8264E-84  0.2000E+02
  -2.908  0.8264E-84  0.2000E+02
  -2.898  0.8264E-84  0.2000E+02
  -2.888  0.8264E-84  0.2000E+02
  -2.878  0.8264E-84  0.2000E+02
  -2.868  0.8264E-84  0.2000E+02
  -2.858  0.8264E-84  0.2000E+02
  -2.848  0.8264E-84  0.2000E+02
  -2.838  0.8264E-84  0.2000E+02
  -2.828  0.8264E-84  0.2000E+02
  -2.818  0.8264E-84  0.2000E+02
  -2.808  0.8264E-84  0.2000E+02
  -2.798  0.8264E-84  0.2000E+02
  -2.788  0.8264E-84  0.2000E+02
  -2.778  0.8264E-84  0.2000E+02
  -2.768  0.8264E-84  0.2000E+02
  -2.758  0.8264E-84  0.2000E+02
  -2.748  0.8264E-84  0.2000E+02
  -2.738  0.8264E-84  0.2000E+02
  -2.728  0.8264E-84  0.2000E+02
  -2.718  0.8264E-84  0.2000E+02
  -2.708  0.8264E-84  0.2000E+02
  -2.698  0.8264E-84  0.2000E+02
  -2.688  0.8264E-84  0.2000E+02
  -2.678  0.8264E-84  0.2000E+02
  -2.668  0.8264E-84  0.2000E+02
  -2.658  0.8264E-84  0.2000E+02
  -2.648  0.8264E-84  0.2000E+02
  -2.638  0.8264E-84  0.2000E+02
  -2.628  0.8264E-84  0.2000E+02
  -2.618  0.8264E-84  0.2000E+02
  -2.608  0.8264E-84  0.2000E+02
  -2.598  0.8264E-84  0.2000E+02
  -2.588  0.8264E-84  0.2000E+02
  -2.578  0.8264E-84  0.2000E+02
  -2.568  0.8264E-84  0.2000E+02
  -2.558  0.8264E-84  0.2000E+02
  -2.548  0.8264E-84  0.2000E+02
  -2.538  0.8264E-84  0.2000E+02
  -2.528  0.8264E-84  0.2000E+02
  -2.518  0.8264E-84  0.2000E+02
  -2.508  0.8264E-84  0.2000E+02
  -2.498  0.8264E-84  0.2000E+02
  -2.488  0.8264E-84  0.2000E+02
  -2.478  0.8264E-84  0.2000E+02
  -2.468  0.8264E-84  0.2000E+02
  -2.458  0.8264E-84  0.2000E+02
  -2.448  0.8264E-84  0.2000E+02
  -2.438  0.8264E-84  0.2000E+02
  -2.428  0.8264E-84  0.2000E+02
  -2.418  0.8264E-84  0.2000E+02
  -2.408  0.8264E-84  0.2000E+02
  -2.398  0.8264E-84  0.2000E+02
  -2.388  0.8264E-84  0.2000E+02
  -2.378  0.8264E-84  0.2000E+02
  -2.368  0.8264E-84  0.2000E+02
  -2.358  0.8264E-84  0.2000E+02
  -2.348  0.8264E-84  0.2000E+02
  -2.338  0.8264E-84  0.2000E+02
  -2.328  0.8264E-84  0.2000E+02
  -2.318  0.8264E-84  0.2000E+02
  -2.308  0.8264E-84  0.2000E+02
  -2.298  0.8264E-84  0.2000E+02
  -2.288  0.8264E-84  0.2000E+02
  -2.278  0.8264E-84  0.2000E+02
  -2.268  0.8264E-84  0.2000E+02
  -2.258  0.8264E-84  0.2000E+02
  -2.248  0.8264E-84  0.2000E+02
  -2.238  0.8264E-84  0.2000E+02
  -2.228  0.8264E-84  0.2000E+02
  -2.218  0.8264E-84  0.2000E+02
  -2.208  0.8264E-84  0.2000E+02
  -2.198  0.8264E-84  0.2000E+02
  -2.188  0.8264E-84  0.2000E+02
  -2.178  0.8264E-84  0.2000E+02
  -2.168  0.8264E-84  0.2000E+02
  -2.158  0.8264E-84  0.2000E+02
  -2.148  0.8264E-84  0.2000E+02
  -2.138  0.8264E-84  0.2000E+02
  -2.128  0.8264E-84  0.2000E+02
  -2.118  0.8264E-84  0.2000E+02
  -2.108  0.8264E-84  0.2000E+02
  -2.098  0.8264E-84  0.2000E+02
  -2.088  0.8264E-84  0.2000E+02
  -2.078  0.8264E-84  0.2000E+02
  -2.068  0.8267E-84  0.2000E+02
  -2.058  0.8557E-84  0.2000E+02
  -2.048  0.2575E-83  0.2000E+02
  -2.038  0.9962E-82  0.2000E+02
  -2.028  0.5345E-80  0.2000E+02
  -2.018  0.2769E-78  0.2000E+02
  -2.008  0.1374E-76  0.2000E+02
  -1.998  0.6531E-75  0.2000E+02
  -1.988  0.2973E-73  0.2000E+02
  -1.978  0.1296E-71  0.2000E+02
  -1.968  0.5413E-70  0.2000E+02
  -1.958  0.2165E-68  0.2000E+02
  -1.948  0.8292E-67  0.2000E+02
  -1.938  0.3042E-65  0.2000E+02
  -1.928  0.1069E-63  0.2000E+02
  -1.918  0.3598E-62  0.2000E+02
  -1.908  0.1160E-60  0.2000E+02
  -1.898  0.3581E-59  0.2000E+02
  -1.888  0.1059E-57  0.2000E+02
  -1.878  0.2999E-56  0.2000E+02
  -1.868  0.8137E-55  0.2000E+02
  -1.858  0.2114E-53  0.2000E+02
  -1.848  0.5262E-52  0.2000E+02
  -1.838  0.1254E-50  0.2000E+02
  -1.828  0.2864E-49  0.2000E+02
  -1.818  0.6265E-48  0.2000E+02
  -1.808  0.1312E-46  0.2000E+02
  -1.798  0.2634E-45  0.2000E+02
  -1.788  0.5062E-44  0.2000E+02
  -1.778  0.9320E-43  0.2000E+02
  -1.768  0.1644E-41  0.2000E+02
  -1.758  0.2777E-40  0.2000E+02
  -1.748  0.4493E-39  0.2000E+02
  -1.738  0.6965E-38  0.2000E+02
  -1.728  0.1034E-36  0.2000E+02
  -1.718  0.1471E-35  0.2000E+02
  -1.708  0.2004E-34  0.2000E+02
  -1.698  0.2616E-33  0.2000E+02
  -1.688  0.3271E-32  0.2000E+02
  -1.678  0.3919E-31  0.2000E+02
  -1.668  0.4497E-30  0.2000E+02
  -1.658  0.4944E-29  0.2000E+02
  -1.648  0.5207E-28  0.2000E+02
  -1.638  0.5254E-27  0.2000E+02
  -1.628  0.5079E-26  0.2000E+02
  -1.618  0.4705E-25  0.2000E+02
  -1.608  0.4175E-24  0.2000E+02
  -1.598  0.3550E-23  0.2000E+02
  -1.588  0.2892E-22  0.2000E+02
  -1.578  0.2257E-21  0.2000E+02
  -1.568  0.1688E-20  0.2000E+02
  -1.558  0.1210E-19  0.2000E+02
  -1.548  0.8309E-19  0.2000E+02
  -1.538  0.5468E-18  0.2000E+02
  -1.528  0.3449E-17  0.2000E+02
  -1.518  0.2084E-16  0.2000E+02
  -1.508  0.1207E-15  0.2000E+02
  -1.498  0.6702E-15  0.2000E+02
  -1.488  0.3566E-14  0.2000E+02
  -1.478  0.1819E-13  0.2000E+02
  -1.468  0.8890E-13  0.2000E+02
  -1.458  0.4166E-12  0.2000E+02
  -1.448  0.1872E-11  0.2000E+02
  -1.438  0.8060E-11  0.2000E+02
  -1.428  0.3328E-10  0.2000E+02
  -1.418  0.1318E-09  0.2000E+02
  -1.408  0.5002E-09  0.2000E+02
  -1.398  0.1821E-08  0.2000E+02
  -1.388  0.6359E-08  0.2000E+02
  -1.378  0.2130E-07  0.2000E+02
  -1.368  0.6843E-07  0.2000E+02
  -1.358  0.2110E-06  0.2000E+02
  -1.348  0.6240E-06  0.2000E+02
  -1.338  0.1771E-05  0.2000E+02
  -1.328  0.4827E-05  0.2000E+02
  -1.318  0.1263E-04  0.2000E+02
  -1.308  0.3172E-04  0.2000E+02
  -1.298  0.7656E-04  0.2000E+02
  -1.288  0.1775E-03  0.2000E+02
  -1.278  0.3957E-03  0.2000E+02
  -1.268  0.8482E-03  0.2000E+02
  -1.258  0.1749E-02  0.2000E+02
  -1.248  0.3472E-02  0.2000E+02
  -1.238  0.6637E-02  0.2000E+02
  -1.228  0.1223E-01  0.2000E+02
  -1.218  0.2173E-01  0.2000E+02
  -1.208  0.3727E-01  0.2000E+02
  -1.198  0.6177E-01  0.2000E+02
  -1.188  0.9899E-01  0.2000E+02
  -1.178  0.1536E+00  0.2000E+02
  -1.168  0.2310E+00  0.2001E+02
  -1.158  0.3370E+00  0.2001E+02
  -1.148  0.4777E+00  0.2001E+02
  -1.138  0.6586E+00  0.2002E+02
  -1.128  0.8842E+00  0.2003E+02
  -1.118  0.1157E+01  0.2004E+02
  -1.108  0.1478E+01  0.2006E+02
  -1.098  0.1844E+01  0.2007E+02
  -1.088  0.2251E+01  0.2010E+02
  -1.078  0.2691E+01  0.2012E+02
  -1.068  0.3155E+01  0.2016E+02
  -1.058  0.3630E+01  0.2019E+02
  -1.048  0.4109E+01  0.2023E+02
  -1.038  0.4582E+01  0.2028E+02
  -1.028  0.5044E+01  0.2033E+02
  -1.018  0.5495E+01  0.2038E+02
  -1.008  0.5939E+01  0.2044E+02
  -0.998  0.6381E+01  0.2051E+02
  -0.988  0.6832E+01  0.2058E+02
  -0.978  0.7298E+01  0.2065E+02
  -0.968  0.7783E+01  0.2073E+02
  -0.958  0.8284E+01  0.2081E+02
  -0.948  0.8787E+01  0.2090E+02
  -0.938  0.9272E+01  0.2099E+02
  -0.928  0.9713E+01  0.2109E+02
  -0.918  0.1008E+02  0.2119E+02
  -0.908  0.1035E+02  0.2129E+02
  -0.898  0.1051E+02  0.2140E+02
  -0.888  0.1055E+02  0.2150E+02
  -0.878  0.1048E+02  0.2161E+02
  -0.868  0.1031E+02  0.2171E+02
  -0.858  0.1007E+02  0.2181E+02
  -0.848  0.9775E+01  0.2191E+02
  -0.838  0.9451E+01  0.2200E+02
  -0.828  0.9113E+01  0.2209E+02
  -0.818  0.8772E+01  0.2218E+02
  -0.808  0.8435E+01  0.2227E+02
  -0.798  0.8102E+01  0.2235E+02
  -0.788  0.7778E+01  0.2243E+02
  -0.778  0.7464E+01  0.2250E+02
  -0.768  0.7167E+01  0.2257E+02
  -0.758  0.6897E+01  0.2264E+02
  -0.748  0.6667E+01  0.2271E+02
  -0.738  0.6491E+01  0.2277E+02
  -0.728  0.6381E+01  0.2284E+02
  -0.718  0.6347E+01  0.2290E+02
  -0.708  0.6390E+01  0.2296E+02
  -0.698  0.6504E+01  0.2303E+02
  -0.688  0.6674E+01  0.2309E+02
  -0.678  0.6884E+01  0.2316E+02
  -0.668  0.7111E+01  0.2323E+02
  -0.658  0.7337E+01  0.2331E+02
  -0.648  0.7549E+01  0.2338E+02
  -0.638  0.7740E+01  0.2346E+02
  -0.628  0.7911E+01  0.2354E+02
  -0.618  0.8068E+01  0.2362E+02
  -0.608  0.8219E+01  0.2370E+02
  -0.598  0.8375E+01  0.2379E+02
  -0.588  0.8542E+01  0.2387E+02
  -0.578  0.8727E+01  0.2396E+02
  -0.568  0.8932E+01  0.2405E+02
  -0.558  0.9157E+01  0.2414E+02
  -0.548  0.9401E+01  0.2423E+02
  -0.538  0.9659E+01  0.2433E+02
  -0.528  0.9928E+01  0.2443E+02
  -0.518  0.1020E+02  0.2453E+02
  -0.508  0.1047E+02  0.2464E+02
  -0.498  0.1072E+02  0.2474E+02
  -0.488  0.1094E+02  0.2485E+02
  -0.478  0.1113E+02  0.2496E+02
  -0.468  0.1127E+02  0.2508E+02
  -0.458  0.1137E+02  0.2519E+02
  -0.448  0.1143E+02  0.2531E+02
  -0.438  0.1145E+02  0.2542E+02
  -0.428  0.1144E+02  0.2553E+02
  -0.418  0.1142E+02  0.2565E+02
  -0.408  0.1137E+02  0.2576E+02
  -0.398  0.1129E+02  0.2588E+02
  -0.388  0.1119E+02  0.2599E+02
  -0.378  0.1105E+02  0.2610E+02
  -0.368  0.1086E+02  0.2621E+02
  -0.358  0.1062E+02  0.2631E+02
  -0.348  0.1034E+02  0.2642E+02
  -0.338  0.1002E+02  0.2652E+02
  -0.328  0.9691E+01  0.2661E+02
  -0.318  0.9367E+01  0.2671E+02
  -0.308  0.9074E+01  0.2680E+02
  -0.298  0.8830E+01  0.2689E+02
  -0.288  0.8647E+01  0.2697E+02
  -0.278  0.8529E+01  0.2706E+02
  -0.268  0.8469E+01  0.2714E+02
  -0.258  0.8451E+01  0.2723E+02
  -0.248  0.8455E+01  0.2731E+02
  -0.238  0.8460E+01  0.2740E+02
  -0.228  0.8446E+01  0.2748E+02
  -0.218  0.8398E+01  0.2756E+02
  -0.208  0.8309E+01  0.2765E+02
  -0.198  0.8176E+01  0.2773E+02
  -0.188  0.8005E+01  0.2781E+02
  -0.178  0.7806E+01  0.2789E+02
  -0.168  0.7592E+01  0.2796E+02
  -0.158  0.7377E+01  0.2804E+02
  -0.148  0.7178E+01  0.2811E+02
  -0.138  0.7009E+01  0.2818E+02
  -0.128  0.6882E+01  0.2825E+02
  -0.118  0.6804E+01  0.2832E+02
  -0.108  0.6781E+01  0.2838E+02
  -0.098  0.6810E+01  0.2845E+02
  -0.088  0.6889E+01  0.2852E+02
  -0.078  0.7008E+01  0.2859E+02
  -0.068  0.7159E+01  0.2866E+02
  -0.058  0.7330E+01  0.2874E+02
  -0.048  0.7507E+01  0.2881E+02
  -0.038  0.7677E+01  0.2889E+02
  -0.028  0.7830E+01  0.2897E+02
  -0.018  0.7954E+01  0.2904E+02
  -0.008  0.8047E+01  0.2913E+02
   0.002  0.8107E+01  0.2921E+02
   0.012  0.8139E+01  0.2929E+02
   0.022  0.8152E+01  0.2937E+02
   0.032  0.8158E+01  0.2945E+02
   0.042  0.8170E+01  0.2953E+02
   0.052  0.8199E+01  0.2961E+02
   0.062  0.8254E+01  0.2970E+02
   0.072  0.8339E+01  0.2978E+02
   0.082  0.8456E+01  0.2987E+02
   0.092  0.8602E+01  0.2995E+02
   0.102  0.8773E+01  0.3004E+02
   0.112  0.8962E+01  0.3013E+02
   0.122  0.9159E+01  0.3022E+02
   0.132  0.9351E+01  0.3031E+02
   0.142  0.9524E+01  0.3041E+02
   0.152  0.9662E+01  0.3051E+02
   0.162  0.9746E+01  0.3060E+02
   0.172  0.9759E+01  0.3070E+02
   0.182  0.9686E+01  0.3080E+02
   0.192  0.9518E+01  0.3089E+02
   0.202  0.9252E+01  0.3099E+02
   0.212  0.8894E+01  0.3107E+02
   0.222  0.8462E+01  0.3116E+02
   0.232  0.7979E+01  0.3124E+02
   0.242  0.7476E+01  0.3131E+02
   0.252  0.6987E+01  0.3138E+02
   0.262  0.6544E+01  0.3145E+02
   0.272  0.6169E+01  0.3151E+02
   0.282  0.5880E+01  0.3157E+02
   0.292  0.5682E+01  0.3163E+02
   0.302  0.5570E+01  0.3168E+02
   0.312  0.5531E+01  0.3174E+02
   0.322  0.5549E+01  0.3179E+02
   0.332  0.5607E+01  0.3185E+02
   0.342  0.5693E+01  0.3191E+02
   0.352  0.5797E+01  0.3196E+02
   0.362  0.5920E+01  0.3202E+02
   0.372  0.6063E+01  0.3208E+02
   0.382  0.6234E+01  0.3215E+02
   0.392  0.6436E+01  0.3221E+02
   0.402  0.6671E+01  0.3228E+02
   0.412  0.6935E+01  0.3235E+02
   0.422  0.7218E+01  0.3242E+02
   0.432  0.7510E+01  0.3249E+02
   0.442  0.7797E+01  0.3257E+02
   0.452  0.8074E+01  0.3265E+02
   0.462  0.8337E+01  0.3274E+02
   0.472  0.8593E+01  0.3282E+02
   0.482  0.8850E+01  0.3291E+02
   0.492  0.9121E+01  0.3300E+02
   0.502  0.9420E+01  0.3310E+02
   0.512  0.9757E+01  0.3319E+02
   0.522  0.1014E+02  0.3329E+02
   0.532  0.1057E+02  0.3340E+02
   0.542  0.1105E+02  0.3351E+02
   0.552  0.1157E+02  0.3363E+02
   0.562  0.1214E+02  0.3375E+02
   0.572  0.1273E+02  0.3387E+02
   0.582  0.1334E+02  0.3401E+02
   0.592  0.1395E+02  0.3415E+02
   0.602  0.1454E+02  0.3429E+02
   0.612  0.1508E+02  0.3444E+02
   0.622  0.1554E+02  0.3460E+02
   0.632  0.1592E+02  0.3476E+02
   0.642  0.1618E+02  0.3492E+02
   0.652  0.1631E+02  0.3508E+02
   0.662  0.1630E+02  0.3525E+02
   0.672  0.1615E+02  0.3541E+02
   0.682  0.1586E+02  0.3557E+02
   0.692  0.1545E+02  0.3572E+02
   0.702  0.1494E+02  0.3587E+02
   0.712  0.1436E+02  0.3601E+02
   0.722  0.1373E+02  0.3615E+02
   0.732  0.1306E+02  0.3628E+02
   0.742  0.1239E+02  0.3641E+02
   0.752  0.1172E+02  0.3652E+02
   0.762  0.1105E+02  0.3663E+02
   0.772  0.1038E+02  0.3674E+02
   0.782  0.9729E+01  0.3683E+02
   0.792  0.9083E+01  0.3693E+02
   0.802  0.8448E+01  0.3701E+02
   0.812  0.7831E+01  0.3709E+02
   0.822  0.7237E+01  0.3716E+02
   0.832  0.6676E+01  0.3723E+02
   0.842  0.6159E+01  0.3729E+02
   0.852  0.5696E+01  0.3735E+02
   0.862  0.5294E+01  0.3740E+02
   0.872  0.4961E+01  0.3745E+02
   0.882  0.4696E+01  0.3750E+02
   0.892  0.4497E+01  0.3754E+02
   0.902  0.4354E+01  0.3758E+02
   0.912  0.4253E+01  0.3763E+02
   0.922  0.4179E+01  0.3767E+02
   0.932  0.4115E+01  0.3771E+02
   0.942  0.4043E+01  0.3775E+02
   0.952  0.3952E+01  0.3779E+02
   0.962  0.3836E+01  0.3783E+02
   0.972  0.3694E+01  0.3786E+02
   0.982  0.3534E+01  0.3790E+02
   0.992  0.3369E+01  0.3793E+02
   1.002  0.3215E+01  0.3797E+02
   1.012  0.3091E+01  0.3800E+02
   1.022  0.3010E+01  0.3803E+02
   1.032  0.2982E+01  0.3806E+02
   1.042  0.3008E+01  0.3809E+02
   1.052  0.3081E+01  0.3812E+02
   1.062  0.3185E+01  0.3815E+02
   1.072  0.3302E+01  0.3818E+02
   1.082  0.3411E+01  0.3822E+02
   1.092  0.3495E+01  0.3825E+02
   1.102  0.3543E+01  0.3829E+02
   1.112  0.3553E+01  0.3832E+02
   1.122  0.3531E+01  0.3836E+02
   1.132  0.3490E+01  0.3839E+02
   1.142  0.3445E+01  0.3843E+02
   1.152  0.3415E+01  0.3846E+02
   1.162  0.3413E+01  0.3850E+02
   1.172  0.3446E+01  0.3853E+02
   1.182  0.3517E+01  0.3856E+02
   1.192  0.3619E+01  0.3860E+02
   1.202  0.3741E+01  0.3864E+02
   1.212  0.3872E+01  0.3868E+02
   1.222  0.3999E+01  0.3872E+02
   1.232  0.4111E+01  0.3876E+02
   1.242  0.4203E+01  0.3880E+02
   1.252  0.4271E+01  0.3884E+02
   1.262  0.4314E+01  0.3889E+02
   1.272  0.4331E+01  0.3893E+02
   1.282  0.4322E+01  0.3897E+02
   1.292  0.4288E+01  0.3902E+02
   1.302  0.4228E+01  0.3906E+02
   1.312  0.4145E+01  0.3910E+02
   1.322  0.4042E+01  0.3914E+02
   1.332  0.3927E+01  0.3918E+02
   1.342  0.3809E+01  0.3922E+02
   1.352  0.3699E+01  0.3925E+02
   1.362  0.3605E+01  0.3929E+02
   1.372  0.3538E+01  0.3933E+02
   1.382  0.3503E+01  0.3936E+02
   1.392  0.3500E+01  0.3940E+02
   1.402  0.3528E+01  0.3943E+02
   1.412  0.3579E+01  0.3947E+02
   1.422  0.3643E+01  0.3950E+02
   1.432  0.3709E+01  0.3954E+02
   1.442  0.3764E+01  0.3958E+02
   1.452  0.3795E+01  0.3962E+02
   1.462  0.3793E+01  0.3965E+02
   1.472  0.3748E+01  0.3969E+02
   1.482  0.3655E+01  0.3973E+02
   1.492  0.3513E+01  0.3976E+02
   1.502  0.3323E+01  0.3980E+02
   1.512  0.3091E+01  0.3983E+02
   1.522  0.2825E+01  0.3986E+02
   1.532  0.2535E+01  0.3988E+02
   1.542  0.2235E+01  0.3990E+02
   1.552  0.1934E+01  0.3992E+02
   1.562  0.1645E+01  0.3994E+02
   1.572  0.1374E+01  0.3995E+02
   1.582  0.1128E+01  0.3996E+02
   1.592  0.9097E+00  0.3997E+02
   1.602  0.7204E+00  0.3998E+02
   1.612  0.5596E+00  0.3999E+02
   1.622  0.4258E+00  0.3999E+02
   1.632  0.3168E+00  0.3999E+02
   1.642  0.2300E+00  0.4000E+02
   1.652  0.1626E+00  0.4000E+02
   1.662  0.1117E+00  0.4000E+02
   1.672  0.7440E-01  0.4000E+02
   1.682  0.4802E-01  0.4000E+02
   1.692  0.3002E-01  0.4000E+02
   1.702  0.1827E-01  0.4000E+02
   1.712  0.1101E-01  0.4000E+02
   1.722  0.6934E-02  0.4000E+02
   1.732  0.5125E-02  0.4000E+02
   1.742  0.5043E-02  0.4000E+02
   1.752  0.6440E-02  0.4000E+02
   1.762  0.9283E-02  0.4000E+02
   1.772  0.1367E-01  0.4000E+02
   1.782  0.1973E-01  0.4000E+02
   1.792  0.2756E-01  0.4000E+02
   1.802  0.3710E-01  0.4000E+02
   1.812  0.4815E-01  0.4000E+02
   1.822  0.6028E-01  0.4000E+02
   1.832  0.7295E-01  0.4000E+02
   1.842  0.8551E-01  0.4000E+02
   1.852  0.9738E-01  0.4000E+02
   1.862  0.1081E+00  0.4001E+02
   1.872  0.1174E+00  0.4001E+02
   1.882  0.1251E+00  0.4001E+02
   1.892  0.1314E+00  0.4001E+02
   1.902  0.1364E+00  0.4001E+02
   1.912  0.1401E+00  0.4001E+02
   1.922  0.1424E+00  0.4001E+02
   1.932  0.1431E+00  0.4002E+02
   1.942  0.1419E+00  0.4002E+02
   1.952  0.1384E+00  0.4002E+02
   1.962  0.1324E+00  0.4002E+02
   1.972  0.1239E+00  0.4002E+02
   1.982  0.1131E+00  0.4002E+02
   1.992  0.1007E+00  0.4002E+02
   2.002  0.8748E-01  0.4002E+02
   2.012  0.7443E-01  0.4002E+02
   2.022  0.6272E-01  0.4003E+02
   2.032  0.5350E-01  0.4003E+02
   2.042  0.4787E-01  0.4003E+02
   2.052  0.4682E-01  0.4003E+02
   2.062  0.5122E-01  0.4003E+02
   2.072  0.6170E-01  0.4003E+02
   2.082  0.7861E-01  0.4003E+02
   2.092  0.1019E+00  0.4003E+02
   2.102  0.1308E+00  0.4003E+02
   2.112  0.1640E+00  0.4003E+02
   2.122  0.1996E+00  0.4003E+02
   2.132  0.2350E+00  0.4004E+02
   2.142  0.2675E+00  0.4004E+02
   2.152  0.2945E+00  0.4004E+02
   2.162  0.3143E+00  0.4005E+02
   2.172  0.3260E+00  0.4005E+02
   2.182  0.3302E+00  0.4005E+02
   2.192  0.3284E+00  0.4006E+02
   2.202  0.3228E+00  0.4006E+02
   2.212  0.3161E+00  0.4006E+02
   2.222  0.3104E+00  0.4006E+02
   2.232  0.3071E+00  0.4007E+02
   2.242  0.3067E+00  0.4007E+02
   2.252  0.3087E+00  0.4007E+02
   2.262  0.3118E+00  0.4008E+02
   2.272  0.3144E+00  0.4008E+02
   2.282  0.3147E+00  0.4008E+02
   2.292  0.3117E+00  0.4009E+02
   2.302  0.3049E+00  0.4009E+02
   2.312  0.2949E+00  0.4009E+02
   2.322  0.2832E+00  0.4010E+02
   2.332  0.2724E+00  0.4010E+02
   2.342  0.2660E+00  0.4010E+02
   2.352  0.2676E+00  0.4010E+02
   2.362  0.2812E+00  0.4011E+02
   2.372  0.3103E+00  0.4011E+02
   2.382  0.3576E+00  0.4011E+02
   2.392  0.4247E+00  0.4012E+02
   2.402  0.5119E+00  0.4012E+02
   2.412  0.6174E+00  0.4013E+02
   2.422  0.7381E+00  0.4014E+02
   2.432  0.8692E+00  0.4014E+02
   2.442  0.1005E+01  0.4015E+02
   2.452  0.1141E+01  0.4017E+02
   2.462  0.1271E+01  0.4018E+02
   2.472  0.1393E+01  0.4019E+02
   2.482  0.1505E+01  0.4021E+02
   2.492  0.1609E+01  0.4022E+02
   2.502  0.1704E+01  0.4024E+02
   2.512  0.1790E+01  0.4026E+02
   2.522  0.1868E+01  0.4028E+02
   2.532  0.1933E+01  0.4030E+02
   2.542  0.1983E+01  0.4032E+02
   2.552  0.2014E+01  0.4034E+02
   2.562  0.2025E+01  0.4036E+02
   2.572  0.2015E+01  0.4038E+02
   2.582  0.1989E+01  0.4040E+02
   2.592  0.1954E+01  0.4042E+02
   2.602  0.1917E+01  0.4044E+02
   2.612  0.1889E+01  0.4045E+02
   2.622  0.1878E+01  0.4047E+02
   2.632  0.1891E+01  0.4049E+02
   2.642  0.1933E+01  0.4051E+02
   2.652  0.2005E+01  0.4053E+02
   2.662  0.2104E+01  0.4055E+02
   2.672  0.2226E+01  0.4057E+02
   2.682  0.2366E+01  0.4060E+02
   2.692  0.2517E+01  0.4062E+02
   2.702  0.2671E+01  0.4065E+02
   2.712  0.2823E+01  0.4068E+02
   2.722  0.2968E+01  0.4071E+02
   2.732  0.3101E+01  0.4074E+02
   2.742  0.3221E+01  0.4077E+02
   2.752  0.3326E+01  0.4080E+02
   2.762  0.3413E+01  0.4084E+02
   2.772  0.3481E+01  0.4087E+02
   2.782  0.3529E+01  0.4091E+02
   2.792  0.3554E+01  0.4094E+02
   2.802  0.3553E+01  0.4098E+02
   2.812  0.3526E+01  0.4102E+02
   2.822  0.3473E+01  0.4105E+02
   2.832  0.3396E+01  0.4108E+02
   2.842  0.3297E+01  0.4112E+02
   2.852  0.3183E+01  0.4115E+02
   2.862  0.3058E+01  0.4118E+02
   2.872  0.2929E+01  0.4121E+02
   2.882  0.2799E+01  0.4124E+02
   2.892  0.2672E+01  0.4126E+02
   2.902  0.2548E+01  0.4129E+02
   2.912  0.2430E+01  0.4131E+02
   2.922  0.2318E+01  0.4134E+02
   2.932  0.2215E+01  0.4136E+02
   2.942  0.2124E+01  0.4138E+02
   2.952  0.2051E+01  0.4140E+02
   2.962  0.2001E+01  0.4142E+02
   2.972  0.1977E+01  0.4144E+02
   2.982  0.1980E+01  0.4146E+02
   2.992  0.2009E+01  0.4148E+02
   3.002  0.2058E+01  0.4150E+02
   3.012  0.2117E+01  0.4152E+02
   3.022  0.2178E+01  0.4154E+02
   3.032  0.2230E+01  0.4157E+02
   3.042  0.2267E+01  0.4159E+02
   3.052  0.2286E+01  0.4161E+02
   3.062  0.2288E+01  0.4163E+02
   3.072  0.2277E+01  0.4166E+02
   3.082  0.2261E+01  0.4168E+02
   3.092  0.2249E+01  0.4170E+02
   3.102  0.2248E+01  0.4172E+02
   3.112  0.2261E+01  0.4175E+02
   3.122  0.2288E+01  0.4177E+02
   3.132  0.2326E+01  0.4179E+02
   3.142  0.2367E+01  0.4182E+02
   3.152  0.2401E+01  0.4184E+02
   3.162  0.2418E+01  0.4187E+02
   3.172  0.2412E+01  0.4189E+02
   3.182  0.2378E+01  0.4191E+02
   3.192  0.2316E+01  0.4194E+02
   3.202  0.2229E+01  0.4196E+02
   3.212  0.2125E+01  0.4198E+02
   3.222  0.2013E+01  0.4200E+02
   3.232  0.1902E+01  0.4202E+02
   3.242  0.1802E+01  0.4204E+02
   3.252  0.1720E+01  0.4205E+02
   3.262  0.1659E+01  0.4207E+02
   3.272  0.1623E+01  0.4209E+02
   3.282  0.1611E+01  0.4210E+02
   3.292  0.1623E+01  0.4212E+02
   3.302  0.1656E+01  0.4214E+02
   3.312  0.1709E+01  0.4215E+02
   3.322  0.1780E+01  0.4217E+02
   3.332  0.1868E+01  0.4219E+02
   3.342  0.1971E+01  0.4221E+02
   3.352  0.2087E+01  0.4223E+02
   3.362  0.2211E+01  0.4225E+02
   3.372  0.2337E+01  0.4228E+02
   3.382  0.2454E+01  0.4230E+02
   3.392  0.2555E+01  0.4233E+02
   3.402  0.2627E+01  0.4235E+02
   3.412  0.2662E+01  0.4238E+02
   3.422  0.2656E+01  0.4241E+02
   3.432  0.2608E+01  0.4243E+02
   3.442  0.2524E+01  0.4246E+02
   3.452  0.2415E+01  0.4248E+02
   3.462  0.2297E+01  0.4250E+02
   3.472  0.2184E+01  0.4253E+02
   3.482  0.2092E+01  0.4255E+02
   3.492  0.2033E+01  0.4257E+02
   3.502  0.2011E+01  0.4259E+02
   3.512  0.2024E+01  0.4261E+02
   3.522  0.2065E+01  0.4263E+02
   3.532  0.2122E+01  0.4265E+02
   3.542  0.2179E+01  0.4267E+02
   3.552  0.2222E+01  0.4269E+02
   3.562  0.2238E+01  0.4272E+02
   3.572  0.2219E+01  0.4274E+02
   3.582  0.2160E+01  0.4276E+02
   3.592  0.2065E+01  0.4278E+02
   3.602  0.1940E+01  0.4280E+02
   3.612  0.1794E+01  0.4282E+02
   3.622  0.1640E+01  0.4283E+02
   3.632  0.1488E+01  0.4285E+02
   3.642  0.1350E+01  0.4286E+02
   3.652  0.1232E+01  0.4287E+02
   3.662  0.1138E+01  0.4289E+02
   3.672  0.1070E+01  0.4290E+02
   3.682  0.1027E+01  0.4291E+02
   3.692  0.1006E+01  0.4292E+02
   3.702  0.1001E+01  0.4293E+02
   3.712  0.1007E+01  0.4294E+02
   3.722  0.1020E+01  0.4295E+02
   3.732  0.1036E+01  0.4296E+02
   3.742  0.1052E+01  0.4297E+02
   3.752  0.1067E+01  0.4298E+02
   3.762  0.1081E+01  0.4299E+02
   3.772  0.1094E+01  0.4300E+02
   3.782  0.1107E+01  0.4301E+02
   3.792  0.1122E+01  0.4302E+02
   3.802  0.1140E+01  0.4303E+02
   3.812  0.1161E+01  0.4305E+02
   3.822  0.1184E+01  0.4306E+02
   3.832  0.1207E+01  0.4307E+02
   3.842  0.1228E+01  0.4308E+02
   3.852  0.1246E+01  0.4309E+02
   3.862  0.1258E+01  0.4311E+02
   3.872  0.1263E+01  0.4312E+02
   3.882  0.1262E+01  0.4313E+02
   3.892  0.1255E+01  0.4314E+02
   3.902  0.1245E+01  0.4316E+02
   3.912  0.1232E+01  0.4317E+02
   3.922  0.1217E+01  0.4318E+02
   3.932  0.1198E+01  0.4319E+02
   3.942  0.1175E+01  0.4321E+02
   3.952  0.1145E+01  0.4322E+02
   3.962  0.1107E+01  0.4323E+02
   3.972  0.1061E+01  0.4324E+02
   3.982  0.1010E+01  0.4325E+02
   3.992  0.9588E+00  0.4326E+02
   4.002  0.9152E+00  0.4327E+02
   4.012  0.8870E+00  0.4328E+02
   4.022  0.8816E+00  0.4328E+02
   4.032  0.9047E+00  0.4329E+02
   4.042  0.9591E+00  0.4330E+02
   4.052  0.1044E+01  0.4331E+02
   4.062  0.1156E+01  0.4333E+02
   4.072  0.1287E+01  0.4334E+02
   4.082  0.1430E+01  0.4335E+02
   4.092  0.1576E+01  0.4337E+02
   4.102  0.1716E+01  0.4339E+02
   4.112  0.1843E+01  0.4340E+02
   4.122  0.1954E+01  0.4342E+02
   4.132  0.2043E+01  0.4344E+02
   4.142  0.2109E+01  0.4347E+02
   4.152  0.2150E+01  0.4349E+02
   4.162  0.2167E+01  0.4351E+02
   4.172  0.2161E+01  0.4353E+02
   4.182  0.2135E+01  0.4355E+02
   4.192  0.2094E+01  0.4357E+02
   4.202  0.2047E+01  0.4359E+02
   4.212  0.2001E+01  0.4361E+02
   4.222  0.1964E+01  0.4363E+02
   4.232  0.1941E+01  0.4365E+02
   4.242  0.1934E+01  0.4367E+02
   4.252  0.1941E+01  0.4369E+02
   4.262  0.1959E+01  0.4371E+02
   4.272  0.1980E+01  0.4373E+02
   4.282  0.1997E+01  0.4375E+02
   4.292  0.2002E+01  0.4377E+02
   4.302  0.1990E+01  0.4379E+02
   4.312  0.1957E+01  0.4381E+02
   4.322  0.1905E+01  0.4383E+02
   4.332  0.1836E+01  0.4385E+02
   4.342  0.1755E+01  0.4386E+02
   4.352  0.1668E+01  0.4388E+02
   4.362  0.1581E+01  0.4390E+02
   4.372  0.1500E+01  0.4391E+02
   4.382  0.1429E+01  0.4393E+02
   4.392  0.1371E+01  0.4394E+02
   4.402  0.1326E+01  0.4395E+02
   4.412  0.1297E+01  0.4397E+02
   4.422  0.1285E+01  0.4398E+02
   4.432  0.1291E+01  0.4399E+02
   4.442  0.1319E+01  0.4400E+02
   4.452  0.1371E+01  0.4402E+02
   4.462  0.1448E+01  0.4403E+02
   4.472  0.1551E+01  0.4405E+02
   4.482  0.1676E+01  0.4407E+02
   4.492  0.1816E+01  0.4408E+02
   4.502  0.1962E+01  0.4410E+02
   4.512  0.2102E+01  0.4412E+02
   4.522  0.2223E+01  0.4415E+02
   4.532  0.2314E+01  0.4417E+02
   4.542  0.2366E+01  0.4419E+02
   4.552  0.2373E+01  0.4422E+02
   4.562  0.2334E+01  0.4424E+02
   4.572  0.2250E+01  0.4426E+02
   4.582  0.2130E+01  0.4428E+02
   4.592  0.1986E+01  0.4430E+02
   4.602  0.1831E+01  0.4432E+02
   4.612  0.1682E+01  0.4434E+02
   4.622  0.1552E+01  0.4435E+02
   4.632  0.1455E+01  0.4437E+02
   4.642  0.1399E+01  0.4438E+02
   4.652  0.1388E+01  0.4440E+02
   4.662  0.1421E+01  0.4441E+02
   4.672  0.1494E+01  0.4443E+02
   4.682  0.1597E+01  0.4444E+02
   4.692  0.1718E+01  0.4446E+02
   4.702  0.1845E+01  0.4448E+02
   4.712  0.1966E+01  0.4450E+02
   4.722  0.2069E+01  0.4452E+02
   4.732  0.2148E+01  0.4454E+02
   4.742  0.2203E+01  0.4456E+02
   4.752  0.2234E+01  0.4458E+02
   4.762  0.2249E+01  0.4461E+02
   4.772  0.2260E+01  0.4463E+02
   4.782  0.2276E+01  0.4465E+02
   4.792  0.2310E+01  0.4467E+02
   4.802  0.2369E+01  0.4470E+02
   4.812  0.2457E+01  0.4472E+02
   4.822  0.2572E+01  0.4475E+02
   4.832  0.2706E+01  0.4478E+02
   4.842  0.2850E+01  0.4480E+02
   4.852  0.2992E+01  0.4483E+02
   4.862  0.3120E+01  0.4487E+02
   4.872  0.3225E+01  0.4490E+02
   4.882  0.3300E+01  0.4493E+02
   4.892  0.3345E+01  0.4496E+02
   4.902  0.3358E+01  0.4500E+02
   4.912  0.3342E+01  0.4503E+02
   4.922  0.3299E+01  0.4506E+02
   4.932  0.3230E+01  0.4510E+02
   4.942  0.3138E+01  0.4513E+02
   4.952  0.3025E+01  0.4516E+02
   4.962  0.2894E+01  0.4519E+02
   4.972  0.2754E+01  0.4521E+02
   4.982  0.2612E+01  0.4524E+02
   4.992  0.2479E+01  0.4527E+02
   5.002  0.2365E+01  0.4529E+02
   5.012  0.2278E+01  0.4531E+02
   5.022  0.2223E+01  0.4533E+02
   5.032  0.2201E+01  0.4536E+02
   5.042  0.2211E+01  0.4538E+02
   5.052  0.2248E+01  0.4540E+02
   5.062  0.2304E+01  0.4542E+02
   5.072  0.2373E+01  0.4545E+02
   5.082  0.2447E+01  0.4547E+02
   5.092  0.2516E+01  0.4550E+02
   5.102  0.2575E+01  0.4552E+02
   5.112  0.2615E+01  0.4555E+02
   5.122  0.2632E+01  0.4558E+02
   5.132  0.2622E+01  0.4560E+02
   5.142  0.2583E+01  0.4563E+02
   5.152  0.2517E+01  0.4565E+02
   5.162  0.2428E+01  0.4568E+02
   5.172  0.2322E+01  0.4570E+02
   5.182  0.2208E+01  0.4572E+02
   5.192  0.2094E+01  0.4574E+02
   5.202  0.1989E+01  0.4576E+02
   5.212  0.1899E+01  0.4578E+02
   5.222  0.1830E+01  0.4580E+02
   5.232  0.1786E+01  0.4582E+02
   5.242  0.1766E+01  0.4584E+02
   5.252  0.1770E+01  0.4585E+02
   5.262  0.1794E+01  0.4587E+02
   5.272  0.1831E+01  0.4589E+02
   5.282  0.1874E+01  0.4591E+02
   5.292  0.1916E+01  0.4593E+02
   5.302  0.1948E+01  0.4595E+02
   5.312  0.1967E+01  0.4597E+02
   5.322  0.1970E+01  0.4599E+02
   5.332  0.1957E+01  0.4601E+02
   5.342  0.1936E+01  0.4603E+02
   5.352  0.1914E+01  0.4604E+02
   5.362  0.1902E+01  0.4606E+02
   5.372  0.1914E+01  0.4608E+02
   5.382  0.1961E+01  0.4610E+02
   5.392  0.2051E+01  0.4612E+02
   5.402  0.2189E+01  0.4614E+02
   5.412  0.2373E+01  0.4617E+02
   5.422  0.2594E+01  0.4619E+02
   5.432  0.2839E+01  0.4622E+02
   5.442  0.3094E+01  0.4625E+02
   5.452  0.3342E+01  0.4629E+02
   5.462  0.3568E+01  0.4632E+02
   5.472  0.3764E+01  0.4636E+02
   5.482  0.3923E+01  0.4640E+02
   5.492  0.4041E+01  0.4644E+02
   5.502  0.4121E+01  0.4648E+02
   5.512  0.4162E+01  0.4652E+02
   5.522  0.4168E+01  0.4656E+02
   5.532  0.4137E+01  0.4661E+02
   5.542  0.4069E+01  0.4665E+02
   5.552  0.3966E+01  0.4669E+02
   5.562  0.3827E+01  0.4672E+02
   5.572  0.3656E+01  0.4676E+02
   5.582  0.3459E+01  0.4680E+02
   5.592  0.3244E+01  0.4683E+02
   5.602  0.3023E+01  0.4686E+02
   5.612  0.2807E+01  0.4689E+02
   5.622  0.2607E+01  0.4691E+02
   5.632  0.2432E+01  0.4694E+02
   5.642  0.2289E+01  0.4696E+02
   5.652  0.2184E+01  0.4698E+02
   5.662  0.2119E+01  0.4700E+02
   5.672  0.2096E+01  0.4702E+02
   5.682  0.2114E+01  0.4704E+02
   5.692  0.2173E+01  0.4707E+02
   5.702  0.2267E+01  0.4709E+02
   5.712  0.2389E+01  0.4711E+02
   5.722  0.2528E+01  0.4714E+02
   5.732  0.2670E+01  0.4717E+02
   5.742  0.2802E+01  0.4719E+02
   5.752  0.2911E+01  0.4722E+02
   5.762  0.2988E+01  0.4725E+02
   5.772  0.3030E+01  0.4728E+02
   5.782  0.3039E+01  0.4731E+02
   5.792  0.3024E+01  0.4734E+02
   5.802  0.2993E+01  0.4737E+02
   5.812  0.2960E+01  0.4740E+02
   5.822  0.2933E+01  0.4743E+02
   5.832  0.2917E+01  0.4746E+02
   5.842  0.2913E+01  0.4749E+02
   5.852  0.2919E+01  0.4752E+02
   5.862  0.2927E+01  0.4755E+02
   5.872  0.2932E+01  0.4758E+02
   5.882  0.2928E+01  0.4761E+02
   5.892  0.2915E+01  0.4764E+02
   5.902  0.2895E+01  0.4767E+02
   5.912  0.2877E+01  0.4769E+02
   5.922  0.2873E+01  0.4772E+02
   5.932  0.2897E+01  0.4775E+02
   5.942  0.2963E+01  0.4778E+02
   5.952  0.3083E+01  0.4781E+02
   5.962  0.3259E+01  0.4784E+02
   5.972  0.3491E+01  0.4788E+02
   5.982  0.3768E+01  0.4792E+02
   5.992  0.4074E+01  0.4796E+02
   6.002  0.4390E+01  0.4800E+02
   6.012  0.4693E+01  0.4805E+02
   6.022  0.4966E+01  0.4810E+02
   6.032  0.5194E+01  0.4815E+02
   6.042  0.5365E+01  0.4820E+02
   6.052  0.5475E+01  0.4826E+02
   6.062  0.5525E+01  0.4831E+02
   6.072  0.5517E+01  0.4837E+02
   6.082  0.5459E+01  0.4842E+02
   6.092  0.5360E+01  0.4848E+02
   6.102  0.5232E+01  0.4853E+02
   6.112  0.5086E+01  0.4858E+02
   6.122  0.4937E+01  0.4863E+02
   6.132  0.4798E+01  0.4868E+02
   6.142  0.4679E+01  0.4873E+02
   6.152  0.4588E+01  0.4877E+02
   6.162  0.4532E+01  0.4882E+02
   6.172  0.4509E+01  0.4886E+02
   6.182  0.4517E+01  0.4891E+02
   6.192  0.4552E+01  0.4895E+02
   6.202  0.4606E+01  0.4900E+02
   6.212  0.4674E+01  0.4904E+02
   6.222  0.4749E+01  0.4909E+02
   6.232  0.4822E+01  0.4914E+02
   6.242  0.4889E+01  0.4919E+02
   6.252  0.4940E+01  0.4924E+02
   6.262  0.4969E+01  0.4929E+02
   6.272  0.4969E+01  0.4934E+02
   6.282  0.4935E+01  0.4939E+02
   6.292  0.4868E+01  0.4944E+02
   6.302  0.4768E+01  0.4948E+02
   6.312  0.4643E+01  0.4953E+02
   6.322  0.4503E+01  0.4958E+02
   6.332  0.4356E+01  0.4962E+02
   6.342  0.4214E+01  0.4966E+02
   6.352  0.4082E+01  0.4970E+02
   6.362  0.3968E+01  0.4974E+02
   6.372  0.3875E+01  0.4978E+02
   6.382  0.3805E+01  0.4982E+02
   6.392  0.3761E+01  0.4986E+02
   6.402  0.3743E+01  0.4989E+02
   6.412  0.3753E+01  0.4993E+02
   6.422  0.3789E+01  0.4997E+02
   6.432  0.3847E+01  0.5001E+02
   6.442  0.3919E+01  0.5005E+02
   6.452  0.3992E+01  0.5009E+02
   6.462  0.4053E+01  0.5013E+02
   6.472  0.4087E+01  0.5017E+02
   6.482  0.4082E+01  0.5021E+02
   6.492  0.4032E+01  0.5025E+02
   6.502  0.3938E+01  0.5029E+02
   6.512  0.3806E+01  0.5033E+02
   6.522  0.3649E+01  0.5036E+02
   6.532  0.3484E+01  0.5040E+02
   6.542  0.3326E+01  0.5043E+02
   6.552  0.3187E+01  0.5046E+02
   6.562  0.3076E+01  0.5049E+02
   6.572  0.2995E+01  0.5052E+02
   6.582  0.2941E+01  0.5055E+02
   6.592  0.2909E+01  0.5058E+02
   6.602  0.2890E+01  0.5061E+02
   6.612  0.2876E+01  0.5064E+02
   6.622  0.2859E+01  0.5067E+02
   6.632  0.2836E+01  0.5070E+02
   6.642  0.2804E+01  0.5072E+02
   6.652  0.2764E+01  0.5075E+02
   6.662  0.2721E+01  0.5078E+02
   6.672  0.2680E+01  0.5081E+02
   6.682  0.2649E+01  0.5083E+02
   6.692  0.2632E+01  0.5086E+02
   6.702  0.2634E+01  0.5089E+02
   6.712  0.2653E+01  0.5091E+02
   6.722  0.2686E+01  0.5094E+02
   6.732  0.2724E+01  0.5097E+02
   6.742  0.2758E+01  0.5099E+02
   6.752  0.2775E+01  0.5102E+02
   6.762  0.2765E+01  0.5105E+02
   6.772  0.2722E+01  0.5108E+02
   6.782  0.2643E+01  0.5110E+02
   6.792  0.2529E+01  0.5113E+02
   6.802  0.2386E+01  0.5115E+02
   6.812  0.2224E+01  0.5117E+02
   6.822  0.2055E+01  0.5119E+02
   6.832  0.1892E+01  0.5121E+02
   6.842  0.1746E+01  0.5123E+02
   6.852  0.1627E+01  0.5125E+02
   6.862  0.1542E+01  0.5126E+02
   6.872  0.1494E+01  0.5128E+02
   6.882  0.1483E+01  0.5129E+02
   6.892  0.1504E+01  0.5131E+02
   6.902  0.1551E+01  0.5132E+02
   6.912  0.1613E+01  0.5134E+02
   6.922  0.1684E+01  0.5136E+02
   6.932  0.1754E+01  0.5137E+02
   6.942  0.1818E+01  0.5139E+02
   6.952  0.1871E+01  0.5141E+02
   6.962  0.1912E+01  0.5143E+02
   6.972  0.1942E+01  0.5145E+02
   6.982  0.1960E+01  0.5147E+02
   6.992  0.1969E+01  0.5149E+02
   7.002  0.1968E+01  0.5151E+02
   7.012  0.1956E+01  0.5153E+02
   7.022  0.1931E+01  0.5155E+02
   7.032  0.1892E+01  0.5157E+02
   7.042  0.1838E+01  0.5158E+02
   7.052  0.1768E+01  0.5160E+02
   7.062  0.1686E+01  0.5162E+02
   7.072  0.1595E+01  0.5163E+02
   7.082  0.1502E+01  0.5165E+02
   7.092  0.1412E+01  0.5166E+02
   7.102  0.1331E+01  0.5168E+02
   7.112  0.1263E+01  0.5169E+02
   7.122  0.1209E+01  0.5170E+02
   7.132  0.1171E+01  0.5171E+02
   7.142  0.1145E+01  0.5173E+02
   7.152  0.1130E+01  0.5174E+02
   7.162  0.1124E+01  0.5175E+02
   7.172  0.1125E+01  0.5176E+02
   7.182  0.1129E+01  0.5177E+02
   7.192  0.1137E+01  0.5178E+02
   7.202  0.1145E+01  0.5179E+02
   7.212  0.1153E+01  0.5180E+02
   7.222  0.1158E+01  0.5182E+02
   7.232  0.1158E+01  0.5183E+02
   7.242  0.1150E+01  0.5184E+02
   7.252  0.1133E+01  0.5185E+02
   7.262  0.1106E+01  0.5186E+02
   7.272  0.1070E+01  0.5187E+02
   7.282  0.1025E+01  0.5188E+02
   7.292  0.9737E+00  0.5189E+02
   7.302  0.9192E+00  0.5190E+02
   7.312  0.8638E+00  0.5191E+02
   7.322  0.8095E+00  0.5192E+02
   7.332  0.7576E+00  0.5193E+02
   7.342  0.7088E+00  0.5193E+02
   7.352  0.6633E+00  0.5194E+02
   7.362  0.6209E+00  0.5195E+02
   7.372  0.5814E+00  0.5195E+02
   7.382  0.5447E+00  0.5196E+02
   7.392  0.5101E+00  0.5196E+02
   7.402  0.4772E+00  0.5197E+02
   7.412  0.4451E+00  0.5197E+02
   7.422  0.4128E+00  0.5198E+02
   7.432  0.3798E+00  0.5198E+02
   7.442  0.3455E+00  0.5198E+02
   7.452  0.3099E+00  0.5199E+02
   7.462  0.2735E+00  0.5199E+02
   7.472  0.2371E+00  0.5199E+02
   7.482  0.2017E+00  0.5199E+02
   7.492  0.1681E+00  0.5199E+02
   7.502  0.1371E+00  0.5200E+02
   7.512  0.1094E+00  0.5200E+02
   7.522  0.8531E-01  0.5200E+02
   7.532  0.6492E-01  0.5200E+02
   7.542  0.4813E-01  0.5200E+02
   7.552  0.3472E-01  0.5200E+02
   7.562  0.2432E-01  0.5200E+02
   7.572  0.1652E-01  0.5200E+02
   7.582  0.1087E-01  0.5200E+02
   7.592  0.6907E-02  0.5200E+02
   7.602  0.4239E-02  0.5200E+02
   7.612  0.2509E-02  0.5200E+02
   7.622  0.1431E-02  0.5200E+02
   7.632  0.7853E-03  0.5200E+02
   7.642  0.4147E-03  0.5200E+02
   7.652  0.2105E-03  0.5200E+02
   7.662  0.1027E-03  0.5200E+02
   7.672  0.4814E-04  0.5200E+02
   7.682  0.2166E-04  0.5200E+02
   7.692  0.9359E-05  0.5200E+02
   7.702  0.3881E-05  0.5200E+02
   7.712  0.1544E-05  0.5200E+02
   7.722  0.5894E-06  0.5200E+02
   7.732  0.2158E-06  0.5200E+02
   7.742  0.7580E-07  0.5200E+02
   7.752  0.2553E-07  0.5200E+02
   7.762  0.8244E-08  0.5200E+02
   7.772  0.2553E-08  0.5200E+02
   7.782  0.7577E-09  0.5200E+02
   7.792  0.2156E-09  0.5200E+02
   7.802  0.5881E-10  0.5200E+02
   7.812  0.1537E-10  0.5200E+02
   7.822  0.3852E-11  0.5200E+02
   7.832  0.9250E-12  0.5200E+02
   7.842  0.2128E-12  0.5200E+02
   7.852  0.4693E-13  0.5200E+02
   7.862  0.9916E-14  0.5200E+02
   7.872  0.2008E-14  0.5200E+02
   7.882  0.3894E-15  0.5200E+02
   7.892  0.7237E-16  0.5200E+02
   7.902  0.1289E-16  0.5200E+02
   7.912  0.2198E-17  0.5200E+02
   7.922  0.3592E-18  0.5200E+02
   7.932  0.5623E-19  0.5200E+02
   7.942  0.8432E-20  0.5200E+02
   7.952  0.1211E-20  0.5200E+02
   7.962  0.1667E-21  0.5200E+02
   7.972  0.2197E-22  0.5200E+02
   7.982  0.2774E-23  0.5200E+02
   7.992  0.3356E-24  0.5200E+02
   8.002  0.3887E-25  0.5200E+02
   8.012  0.4314E-26  0.5200E+02
   8.022  0.4585E-27  0.5200E+02
   8.032  0.4667E-28  0.5200E+02
   8.042  0.4551E-29  0.5200E+02
   8.052  0.4250E-30  0.5200E+02
   8.062  0.3802E-31  0.5200E+02
   8.072  0.3257E-32  0.5200E+02
   8.082  0.2672E-33  0.5200E+02
   8.092  0.2100E-34  0.5200E+02
   8.102  0.1581E-35  0.5200E+02
   8.112  0.1140E-36  0.5200E+02
   8.122  0.7869E-38  0.5200E+02
   8.132  0.5203E-39  0.5200E+02
   8.142  0.3295E-40  0.5200E+02
   8.152  0.1999E-41  0.5200E+02
   8.162  0.1161E-42  0.5200E+02
   8.172  0.6461E-44  0.5200E+02
   8.182  0.3443E-45  0.5200E+02
   8.192  0.1757E-46  0.5200E+02
   8.202  0.8588E-48  0.5200E+02
   8.212  0.4020E-49  0.5200E+02
   8.222  0.1802E-50  0.5200E+02
   8.232  0.7738E-52  0.5200E+02
   8.242  0.3182E-53  0.5200E+02
   8.252  0.1253E-54  0.5200E+02
   8.262  0.4727E-56  0.5200E+02
   8.272  0.1707E-57  0.5200E+02
   8.282  0.5907E-59  0.5200E+02
   8.292  0.1957E-60  0.5200E+02
   8.302  0.6210E-62  0.5200E+02
   8.312  0.1887E-63  0.5200E+02
   8.322  0.5492E-65  0.5200E+02
   8.332  0.1531E-66  0.5200E+02
   8.342  0.4087E-68  0.5200E+02
   8.352  0.1045E-69  0.5200E+02
   8.362  0.2558E-71  0.5200E+02
   8.372  0.5999E-73  0.5200E+02
   8.382  0.1347E-74  0.5200E+02
   8.392  0.2897E-76  0.5200E+02
   8.402  0.5968E-78  0.5200E+02
   8.412  0.1177E-79  0.5200E+02
   8.422  0.2233E-81  0.5200E+02
   8.432  0.4851E-83  0.5200E+02
   8.442  0.8960E-84  0.5200E+02
   8.452  0.8275E-84  0.5200E+02
   8.462  0.8264E-84  0.5200E+02
   8.472  0.8264E-84  0.5200E+02
   8.482  0.8264E-84  0.5200E+02
   8.492  0.8264E-84  0.5200E+02
   8.502  0.8264E-84  0.5200E+02
   8.512  0.8264E-84  0.5200E+02
   8.522  0.8264E-84  0.5200E+02
   8.532  0.8264E-84  0.5200E+02
   8.542  0.8264E-84  0.5200E+02
   8.552  0.8264E-84  0.5200E+02
   8.562  0.8264E-84  0.5200E+02
   8.572  0.8264E-84  0.5200E+02
   8.582  0.8264E-84  0.5200E+02
   8.592  0.8264E-84  0.5200E+02
   8.602  0.8264E-84  0.5200E+02
   8.612  0.8264E-84  0.5200E+02
   8.622  0.8264E-84  0.5200E+02
   8.632  0.8264E-84  0.5200E+02
   8.642  0.8264E-84  0.5200E+02
   8.652  0.8264E-84  0.5200E+02
   8.662  0.8264E-84  0.5200E+02
   8.672  0.8264E-84  0.5200E+02
   8.682  0.8264E-84  0.5200E+02
   8.692  0.8264E-84  0.5200E+02
   8.702  0.8264E-84  0.5200E+02
   8.712  0.8264E-84  0.5200E+02
   8.722  0.8264E-84  0.5200E+02
   8.732  0.8264E-84  0.5200E+02
   8.742  0.8264E-84  0.5200E+02
   8.752  0.8264E-84  0.5200E+02
   8.762  0.8264E-84  0.5200E+02
   8.772  0.8264E-84  0.5200E+02
   8.782  0.8264E-84  0.5200E+02
   8.792  0.8264E-84  0.5200E+02
   8.802  0.8264E-84  0.5200E+02
   8.812  0.8264E-84  0.5200E+02
   8.822  0.8264E-84  0.5200E+02
   8.832  0.8264E-84  0.5200E+02
   8.842  0.8264E-84  0.5200E+02
   8.852  0.8264E-84  0.5200E+02
   8.862  0.8264E-84  0.5200E+02
   8.872  0.8264E-84  0.5200E+02
   8.882  0.8264E-84  0.5200E+02
   8.892  0.8264E-84  0.5200E+02
   8.902  0.8264E-84  0.5200E+02
   8.912  0.8264E-84  0.5200E+02
   8.922  0.8264E-84  0.5200E+02
   8.932  0.8264E-84  0.5200E+02
   8.942  0.8264E-84  0.5200E+02
   8.952  0.8264E-84  0.5200E+02
   8.962  0.8264E-84  0.5200E+02
   8.972  0.8264E-84  0.5200E+02
   8.982  0.8264E-84  0.5200E+02
   8.992  0.8264E-84  0.5200E+02
   9.002  0.8264E-84  0.5200E+02
   9.012  0.8264E-84  0.5200E+02
   9.022  0.8264E-84  0.5200E+02
   9.032  0.8264E-84  0.5200E+02
   9.042  0.8264E-84  0.5200E+02
   9.052  0.8264E-84  0.5200E+02
   9.062  0.8264E-84  0.5200E+02
   9.072  0.8264E-84  0.5200E+02
   9.082  0.8264E-84  0.5200E+02
   9.092  0.8264E-84  0.5200E+02
   9.102  0.8264E-84  0.5200E+02
   9.112  0.8264E-84  0.5200E+02
   9.122  0.8264E-84  0.5200E+02
   9.132  0.8264E-84  0.5200E+02
   9.142  0.8264E-84  0.5200E+02
   9.152  0.8264E-84  0.5200E+02
   9.162  0.8264E-84  0.5200E+02
   9.172  0.8264E-84  0.5200E+02
   9.182  0.8264E-84  0.5200E+02
   9.192  0.8264E-84  0.5200E+02
   9.202  0.8264E-84  0.5200E+02
   9.212  0.8264E-84  0.5200E+02
   9.222  0.8264E-84  0.5200E+02
   9.232  0.8264E-84  0.5200E+02
   9.242  0.8264E-84  0.5200E+02
   9.252  0.8264E-84  0.5200E+02
   9.262  0.8264E-84  0.5200E+02
   9.272  0.8264E-84  0.5200E+02
   9.282  0.8264E-84  0.5200E+02
   9.292  0.8264E-84  0.5200E+02
   9.302  0.8264E-84  0.5200E+02
   9.312  0.8264E-84  0.5200E+02
   9.322  0.8264E-84  0.5200E+02
   9.332  0.8264E-84  0.5200E+02
   9.342  0.8264E-84  0.5200E+02
   9.352  0.8264E-84  0.5200E+02
   9.362  0.8264E-84  0.5200E+02
   9.372  0.8264E-84  0.5200E+02
   9.382  0.8264E-84  0.5200E+02
   9.392  0.8264E-84  0.5200E+02
   9.402  0.8264E-84  0.5200E+02
   9.412  0.8264E-84  0.5200E+02
   9.422  0.8264E-84  0.5200E+02
   9.432  0.8264E-84  0.5200E+02
   9.442  0.8264E-84  0.5200E+02
   9.452  0.8264E-84  0.5200E+02
   9.462  0.8264E-84  0.5200E+02
   9.472  0.8264E-84  0.5200E+02
   9.482  0.8264E-84  0.5200E+02
   9.492  0.8264E-84  0.5200E+02
   9.502  0.8264E-84  0.5200E+02
   9.512  0.8264E-84  0.5200E+02
   9.522  0.8264E-84  0.5200E+02
   9.532  0.8264E-84  0.5200E+02
   9.542  0.8264E-84  0.5200E+02
   9.552  0.8264E-84  0.5200E+02
   9.562  0.8264E-84  0.5200E+02
   9.572  0.8264E-84  0.5200E+02
   9.582  0.8264E-84  0.5200E+02
   9.592  0.8264E-84  0.5200E+02
   9.602  0.8264E-84  0.5200E+02
   9.612  0.8264E-84  0.5200E+02
   9.622  0.8264E-84  0.5200E+02
   9.632  0.8264E-84  0.5200E+02
   9.642  0.8264E-84  0.5200E+02
   9.652  0.8264E-84  0.5200E+02
   9.662  0.8264E-84  0.5200E+02
   9.672  0.8264E-84  0.5200E+02
   9.682  0.8264E-84  0.5200E+02
   9.692  0.8264E-84  0.5200E+02
   9.702  0.8264E-84  0.5200E+02
   9.712  0.8264E-84  0.5200E+02
   9.722  0.8264E-84  0.5200E+02
   9.732  0.8264E-84  0.5200E+02
   9.742  0.8264E-84  0.5200E+02
   9.752  0.8264E-84  0.5200E+02
   9.762  0.8264E-84  0.5200E+02
   9.772  0.8264E-84  0.5200E+02
   9.782  0.8264E-84  0.5200E+02
   9.792  0.8264E-84  0.5200E+02
   9.802  0.8264E-84  0.5200E+02
   9.812  0.8264E-84  0.5200E+02
   9.822  0.8264E-84  0.5200E+02
   9.832  0.8264E-84  0.5200E+02
   9.842  0.8264E-84  0.5200E+02
   9.852  0.8264E-84  0.5200E+02
   9.862  0.8264E-84  0.5200E+02
   9.872  0.8264E-84  0.5200E+02
   9.882  0.8264E-84  0.5200E+02
   9.892  0.8264E-84  0.5200E+02
   9.902  0.8264E-84  0.5200E+02
   9.912  0.8264E-84  0.5200E+02
   9.922  0.8264E-84  0.5200E+02
   9.932  0.8264E-84  0.5200E+02
   9.942  0.8264E-84  0.5200E+02
   9.952  0.8264E-84  0.5200E+02
   9.962  0.8279E-84  0.5200E+02
   9.972  0.9188E-84  0.5200E+02
   9.982  0.6105E-83  0.5200E+02
   9.992  0.2896E-81  0.5200E+02
  10.002  0.1513E-79  0.5200E+02
  10.012  0.7588E-78  0.5200E+02
  10.022  0.3646E-76  0.5200E+02
  10.032  0.1678E-74  0.5200E+02
  10.042  0.7393E-73  0.5200E+02
  10.052  0.3120E-71  0.5200E+02
  10.062  0.1261E-69  0.5200E+02
  10.072  0.4882E-68  0.5200E+02
  10.082  0.1810E-66  0.5200E+02
  10.092  0.6426E-65  0.5200E+02
  10.102  0.2185E-63  0.5200E+02
  10.112  0.7115E-62  0.5200E+02
  10.122  0.2219E-60  0.5200E+02
  10.132  0.6628E-59  0.5200E+02
  10.142  0.1896E-57  0.5200E+02
  10.152  0.5194E-56  0.5200E+02
  10.162  0.1363E-54  0.5200E+02
  10.172  0.3424E-53  0.5200E+02
  10.182  0.8239E-52  0.5200E+02
  10.192  0.1899E-50  0.5200E+02
  10.202  0.4191E-49  0.5200E+02
  10.212  0.8858E-48  0.5200E+02
  10.222  0.1793E-46  0.5200E+02
  10.232  0.3477E-45  0.5200E+02
  10.242  0.6455E-44  0.5200E+02
  10.252  0.1148E-42  0.5200E+02
  10.262  0.1955E-41  0.5200E+02
  10.272  0.3188E-40  0.5200E+02
  10.282  0.4980E-39  0.5200E+02
  10.292  0.7450E-38  0.5200E+02
  10.302  0.1067E-36  0.5200E+02
  10.312  0.1464E-35  0.5200E+02
  10.322  0.1924E-34  0.5200E+02
  10.332  0.2422E-33  0.5200E+02
  10.342  0.2918E-32  0.5200E+02
  10.352  0.3369E-31  0.5200E+02
  10.362  0.3724E-30  0.5200E+02
  10.372  0.3942E-29  0.5200E+02
  10.382  0.3997E-28  0.5200E+02
  10.392  0.3881E-27  0.5200E+02
  10.402  0.3609E-26  0.5200E+02
  10.412  0.3214E-25  0.5200E+02
  10.422  0.2742E-24  0.5200E+02
  10.432  0.2240E-23  0.5200E+02
  10.442  0.1752E-22  0.5200E+02
  10.452  0.1313E-21  0.5200E+02
  10.462  0.9419E-21  0.5200E+02
  10.472  0.6472E-20  0.5200E+02
  10.482  0.4260E-19  0.5200E+02
  10.492  0.2685E-18  0.5200E+02
  10.502  0.1621E-17  0.5200E+02
  10.512  0.9368E-17  0.5200E+02
  10.522  0.5187E-16  0.5200E+02
  10.532  0.2750E-15  0.5200E+02
  10.542  0.1397E-14  0.5200E+02
  10.552  0.6792E-14  0.5200E+02
  10.562  0.3163E-13  0.5200E+02
  10.572  0.1411E-12  0.5200E+02
  10.582  0.6027E-12  0.5200E+02
  10.592  0.2466E-11  0.5200E+02
  10.602  0.9662E-11  0.5200E+02
  10.612  0.3626E-10  0.5200E+02
  10.622  0.1303E-09  0.5200E+02
  10.632  0.4484E-09  0.5200E+02
  10.642  0.1478E-08  0.5200E+02
  10.652  0.4666E-08  0.5200E+02
  10.662  0.1411E-07  0.5200E+02
  10.672  0.4084E-07  0.5200E+02
  10.682  0.1132E-06  0.5200E+02
  10.692  0.3007E-06  0.5200E+02
  10.702  0.7649E-06  0.5200E+02
  10.712  0.1863E-05  0.5200E+02
  10.722  0.4346E-05  0.5200E+02
  10.732  0.9709E-05  0.5200E+02
  10.742  0.2077E-04  0.5200E+02
  10.752  0.4256E-04  0.5200E+02
  10.762  0.8352E-04  0.5200E+02
  10.772  0.1570E-03  0.5200E+02
  10.782  0.2825E-03  0.5200E+02
  10.792  0.4870E-03  0.5200E+02
  10.802  0.8040E-03  0.5200E+02
  10.812  0.1271E-02  0.5200E+02
  10.822  0.1925E-02  0.5200E+02
  10.832  0.2791E-02  0.5200E+02
  10.842  0.3876E-02  0.5200E+02
  10.852  0.5155E-02  0.5200E+02
  10.862  0.6567E-02  0.5200E+02
  10.872  0.8011E-02  0.5200E+02
  10.882  0.9361E-02  0.5200E+02
  10.892  0.1048E-01  0.5200E+02
  10.902  0.1123E-01  0.5200E+02
  10.912  0.1153E-01  0.5200E+02
  10.922  0.1135E-01  0.5200E+02
  10.932  0.1073E-01  0.5200E+02
  10.942  0.9746E-02  0.5200E+02
  10.952  0.8560E-02  0.5200E+02
  10.962  0.7345E-02  0.5200E+02
  10.972  0.6281E-02  0.5200E+02
  10.982  0.5540E-02  0.5200E+02
  10.992  0.5265E-02  0.5200E+02
  11.002  0.5562E-02  0.5200E+02
  11.012  0.6490E-02  0.5200E+02
  11.022  0.8050E-02  0.5200E+02
  11.032  0.1018E-01  0.5200E+02
  11.042  0.1272E-01  0.5200E+02
  11.052  0.1548E-01  0.5200E+02
  11.062  0.1817E-01  0.5200E+02
  11.072  0.2049E-01  0.5200E+02
  11.082  0.2217E-01  0.5200E+02
  11.092  0.2299E-01  0.5200E+02
  11.102  0.2284E-01  0.5200E+02
  11.112  0.2174E-01  0.5200E+02
  11.122  0.1982E-01  0.5200E+02
  11.132  0.1734E-01  0.5200E+02
  11.142  0.1457E-01  0.5200E+02
  11.152  0.1182E-01  0.5200E+02
  11.162  0.9378E-02  0.5200E+02
  11.172  0.7474E-02  0.5200E+02
  11.182  0.6312E-02  0.5200E+02
  11.192  0.6068E-02  0.5200E+02
  11.202  0.6909E-02  0.5200E+02
  11.212  0.8994E-02  0.5200E+02
  11.222  0.1247E-01  0.5200E+02
  11.232  0.1740E-01  0.5200E+02
  11.242  0.2378E-01  0.5200E+02
  11.252  0.3140E-01  0.5201E+02
  11.262  0.3984E-01  0.5201E+02
  11.272  0.4850E-01  0.5201E+02
  11.282  0.5659E-01  0.5201E+02
  11.292  0.6331E-01  0.5201E+02
  11.302  0.6794E-01  0.5201E+02
  11.312  0.7005E-01  0.5201E+02
  11.322  0.6958E-01  0.5201E+02
  11.332  0.6691E-01  0.5201E+02
  11.342  0.6288E-01  0.5201E+02
  11.352  0.5862E-01  0.5201E+02
  11.362  0.5540E-01  0.5201E+02
  11.372  0.5448E-01  0.5201E+02
  11.382  0.5681E-01  0.5201E+02
  11.392  0.6291E-01  0.5201E+02
  11.402  0.7271E-01  0.5201E+02
  11.412  0.8554E-01  0.5202E+02
  11.422  0.1001E+00  0.5202E+02
  11.432  0.1148E+00  0.5202E+02
  11.442  0.1276E+00  0.5202E+02
  11.452  0.1370E+00  0.5202E+02
  11.462  0.1417E+00  0.5202E+02
  11.472  0.1412E+00  0.5202E+02
  11.482  0.1355E+00  0.5202E+02
  11.492  0.1255E+00  0.5203E+02
  11.502  0.1127E+00  0.5203E+02
  11.512  0.9839E-01  0.5203E+02
  11.522  0.8402E-01  0.5203E+02
  11.532  0.7062E-01  0.5203E+02
  11.542  0.5879E-01  0.5203E+02
  11.552  0.4871E-01  0.5203E+02
  11.562  0.4029E-01  0.5203E+02
  11.572  0.3323E-01  0.5203E+02
  11.582  0.2724E-01  0.5203E+02
  11.592  0.2207E-01  0.5203E+02
  11.602  0.1755E-01  0.5203E+02
  11.612  0.1361E-01  0.5203E+02
  11.622  0.1026E-01  0.5203E+02
  11.632  0.7472E-02  0.5203E+02
  11.642  0.5250E-02  0.5203E+02
  11.652  0.3552E-02  0.5203E+02
  11.662  0.2318E-02  0.5203E+02
  11.672  0.1473E-02  0.5203E+02
  11.682  0.9463E-03  0.5203E+02
  11.692  0.6853E-03  0.5203E+02
  11.702  0.6741E-03  0.5203E+02
  11.712  0.9478E-03  0.5203E+02
  11.722  0.1609E-02  0.5203E+02
  11.732  0.2843E-02  0.5203E+02
  11.742  0.4931E-02  0.5203E+02
  11.752  0.8247E-02  0.5203E+02
  11.762  0.1324E-01  0.5203E+02
  11.772  0.2037E-01  0.5203E+02
  11.782  0.3004E-01  0.5203E+02
  11.792  0.4248E-01  0.5203E+02
  11.802  0.5760E-01  0.5203E+02
  11.812  0.7495E-01  0.5203E+02
  11.822  0.9364E-01  0.5204E+02
  11.832  0.1124E+00  0.5204E+02
  11.842  0.1299E+00  0.5204E+02
  11.852  0.1446E+00  0.5204E+02
  11.862  0.1555E+00  0.5204E+02
  11.872  0.1619E+00  0.5204E+02
  11.882  0.1637E+00  0.5204E+02
  11.892  0.1612E+00  0.5205E+02
  11.902  0.1553E+00  0.5205E+02
  11.912  0.1470E+00  0.5205E+02
  11.922  0.1372E+00  0.5205E+02
  11.932  0.1268E+00  0.5205E+02
  11.942  0.1169E+00  0.5205E+02
  11.952  0.1081E+00  0.5205E+02
  11.962  0.1013E+00  0.5205E+02
  11.972  0.9707E-01  0.5206E+02
  11.982  0.9614E-01  0.5206E+02
  11.992  0.9873E-01  0.5206E+02
  12.002  0.1047E+00  0.5206E+02
  12.012  0.1132E+00  0.5206E+02
  12.022  0.1231E+00  0.5206E+02
  12.032  0.1327E+00  0.5206E+02
  12.042  0.1403E+00  0.5206E+02
  12.052  0.1445E+00  0.5207E+02
  12.062  0.1444E+00  0.5207E+02
  12.072  0.1399E+00  0.5207E+02
  12.082  0.1317E+00  0.5207E+02
  12.092  0.1212E+00  0.5207E+02
  12.102  0.1100E+00  0.5207E+02
  12.112  0.9983E-01  0.5207E+02
  12.122  0.9199E-01  0.5207E+02
  12.132  0.8723E-01  0.5207E+02
  12.142  0.8566E-01  0.5208E+02
  12.152  0.8680E-01  0.5208E+02
  12.162  0.8975E-01  0.5208E+02
  12.172  0.9351E-01  0.5208E+02
  12.182  0.9715E-01  0.5208E+02
  12.192  0.1001E+00  0.5208E+02
  12.202  0.1024E+00  0.5208E+02
  12.212  0.1043E+00  0.5208E+02
  12.222  0.1066E+00  0.5208E+02
  12.232  0.1101E+00  0.5208E+02
  12.242  0.1158E+00  0.5209E+02
  12.252  0.1238E+00  0.5209E+02
  12.262  0.1341E+00  0.5209E+02
  12.272  0.1463E+00  0.5209E+02
  12.282  0.1594E+00  0.5209E+02
  12.292  0.1728E+00  0.5209E+02
  12.302  0.1857E+00  0.5209E+02
  12.312  0.1980E+00  0.5210E+02
  12.322  0.2098E+00  0.5210E+02
  12.332  0.2217E+00  0.5210E+02
  12.342  0.2338E+00  0.5210E+02
  12.352  0.2462E+00  0.5211E+02
  12.362  0.2582E+00  0.5211E+02
  12.372  0.2685E+00  0.5211E+02
  12.382  0.2756E+00  0.5211E+02
  12.392  0.2778E+00  0.5212E+02
  12.402  0.2736E+00  0.5212E+02
  12.412  0.2625E+00  0.5212E+02
  12.422  0.2444E+00  0.5212E+02
  12.432  0.2204E+00  0.5213E+02
  12.442  0.1924E+00  0.5213E+02
  12.452  0.1625E+00  0.5213E+02
  12.462  0.1330E+00  0.5213E+02
  12.472  0.1061E+00  0.5213E+02
  12.482  0.8355E-01  0.5213E+02
  12.492  0.6654E-01  0.5213E+02
  12.502  0.5576E-01  0.5213E+02
  12.512  0.5140E-01  0.5213E+02
  12.522  0.5321E-01  0.5214E+02
  12.532  0.6049E-01  0.5214E+02
  12.542  0.7213E-01  0.5214E+02
  12.552  0.8667E-01  0.5214E+02
  12.562  0.1023E+00  0.5214E+02
  12.572  0.1170E+00  0.5214E+02
  12.582  0.1289E+00  0.5214E+02
  12.592  0.1363E+00  0.5214E+02
  12.602  0.1383E+00  0.5214E+02
  12.612  0.1344E+00  0.5215E+02
  12.622  0.1251E+00  0.5215E+02
  12.632  0.1115E+00  0.5215E+02
  12.642  0.9527E-01  0.5215E+02
  12.652  0.7797E-01  0.5215E+02
  12.662  0.6118E-01  0.5215E+02
  12.672  0.4611E-01  0.5215E+02
  12.682  0.3354E-01  0.5215E+02
  12.692  0.2384E-01  0.5215E+02
  12.702  0.1707E-01  0.5215E+02
  12.712  0.1311E-01  0.5215E+02
  12.722  0.1184E-01  0.5215E+02
  12.732  0.1322E-01  0.5215E+02
  12.742  0.1735E-01  0.5215E+02
  12.752  0.2453E-01  0.5215E+02
  12.762  0.3521E-01  0.5215E+02
  12.772  0.4991E-01  0.5215E+02
  12.782  0.6905E-01  0.5215E+02
  12.792  0.9284E-01  0.5215E+02
  12.802  0.1211E+00  0.5216E+02
  12.812  0.1530E+00  0.5216E+02
  12.822  0.1874E+00  0.5216E+02
  12.832  0.2224E+00  0.5216E+02
  12.842  0.2559E+00  0.5216E+02
  12.852  0.2859E+00  0.5217E+02
  12.862  0.3111E+00  0.5217E+02
  12.872  0.3306E+00  0.5217E+02
  12.882  0.3447E+00  0.5218E+02
  12.892  0.3545E+00  0.5218E+02
  12.902  0.3614E+00  0.5218E+02
  12.912  0.3669E+00  0.5219E+02
  12.922  0.3721E+00  0.5219E+02
  12.932  0.3775E+00  0.5219E+02
  12.942  0.3829E+00  0.5220E+02
  12.952  0.3878E+00  0.5220E+02
  12.962  0.3914E+00  0.5221E+02
  12.972  0.3934E+00  0.5221E+02
  12.982  0.3936E+00  0.5221E+02
  12.992  0.3920E+00  0.5222E+02
  13.002  0.3888E+00  0.5222E+02
  13.012  0.3834E+00  0.5223E+02
  13.022  0.3751E+00  0.5223E+02
  13.032  0.3629E+00  0.5223E+02
  13.042  0.3458E+00  0.5224E+02
  13.052  0.3233E+00  0.5224E+02
  13.062  0.2961E+00  0.5224E+02
  13.072  0.2657E+00  0.5225E+02
  13.082  0.2348E+00  0.5225E+02
  13.092  0.2068E+00  0.5225E+02
  13.102  0.1851E+00  0.5225E+02
  13.112  0.1724E+00  0.5225E+02
  13.122  0.1706E+00  0.5226E+02
  13.132  0.1801E+00  0.5226E+02
  13.142  0.1998E+00  0.5226E+02
  13.152  0.2271E+00  0.5226E+02
  13.162  0.2584E+00  0.5226E+02
  13.172  0.2896E+00  0.5227E+02
  13.182  0.3167E+00  0.5227E+02
  13.192  0.3365E+00  0.5227E+02
  13.202  0.3471E+00  0.5228E+02
  13.212  0.3479E+00  0.5228E+02
  13.222  0.3399E+00  0.5228E+02
  13.232  0.3253E+00  0.5229E+02
  13.242  0.3064E+00  0.5229E+02
  13.252  0.2857E+00  0.5229E+02
  13.262  0.2650E+00  0.5230E+02
  13.272  0.2451E+00  0.5230E+02
  13.282  0.2264E+00  0.5230E+02
  13.292  0.2085E+00  0.5230E+02
  13.302  0.1909E+00  0.5230E+02
  13.312  0.1735E+00  0.5231E+02
  13.322  0.1566E+00  0.5231E+02
  13.332  0.1412E+00  0.5231E+02
  13.342  0.1286E+00  0.5231E+02
  13.352  0.1203E+00  0.5231E+02
  13.362  0.1174E+00  0.5231E+02
  13.372  0.1207E+00  0.5231E+02
  13.382  0.1302E+00  0.5232E+02
  13.392  0.1449E+00  0.5232E+02
  13.402  0.1637E+00  0.5232E+02
  13.412  0.1845E+00  0.5232E+02
  13.422  0.2058E+00  0.5232E+02
  13.432  0.2259E+00  0.5232E+02
  13.442  0.2438E+00  0.5233E+02
  13.452  0.2592E+00  0.5233E+02
  13.462  0.2726E+00  0.5233E+02
  13.472  0.2847E+00  0.5234E+02
  13.482  0.2971E+00  0.5234E+02
  13.492  0.3110E+00  0.5234E+02
  13.502  0.3276E+00  0.5234E+02
  13.512  0.3474E+00  0.5235E+02
  13.522  0.3701E+00  0.5235E+02
  13.532  0.3945E+00  0.5236E+02
  13.542  0.4182E+00  0.5236E+02
  13.552  0.4386E+00  0.5236E+02
  13.562  0.4528E+00  0.5237E+02
  13.572  0.4585E+00  0.5237E+02
  13.582  0.4544E+00  0.5238E+02
  13.592  0.4407E+00  0.5238E+02
  13.602  0.4186E+00  0.5239E+02
  13.612  0.3903E+00  0.5239E+02
  13.622  0.3585E+00  0.5239E+02
  13.632  0.3255E+00  0.5240E+02
  13.642  0.2931E+00  0.5240E+02
  13.652  0.2622E+00  0.5240E+02
  13.662  0.2330E+00  0.5241E+02
  13.672  0.2056E+00  0.5241E+02
  13.682  0.1799E+00  0.5241E+02
  13.692  0.1560E+00  0.5241E+02
  13.702  0.1347E+00  0.5241E+02
  13.712  0.1172E+00  0.5241E+02
  13.722  0.1047E+00  0.5241E+02
  13.732  0.9884E-01  0.5242E+02
  13.742  0.1006E+00  0.5242E+02
  13.752  0.1105E+00  0.5242E+02
  13.762  0.1284E+00  0.5242E+02
  13.772  0.1532E+00  0.5242E+02
  13.782  0.1833E+00  0.5242E+02
  13.792  0.2162E+00  0.5242E+02
  13.802  0.2496E+00  0.5243E+02
  13.812  0.2810E+00  0.5243E+02
  13.822  0.3085E+00  0.5243E+02
  13.832  0.3311E+00  0.5244E+02
  13.842  0.3485E+00  0.5244E+02
  13.852  0.3616E+00  0.5244E+02
  13.862  0.3716E+00  0.5245E+02
  13.872  0.3803E+00  0.5245E+02
  13.882  0.3895E+00  0.5245E+02
  13.892  0.4005E+00  0.5246E+02
  13.902  0.4143E+00  0.5246E+02
  13.912  0.4310E+00  0.5247E+02
  13.922  0.4505E+00  0.5247E+02
  13.932  0.4722E+00  0.5248E+02
  13.942  0.4957E+00  0.5248E+02
  13.952  0.5207E+00  0.5249E+02
  13.962  0.5472E+00  0.5249E+02
  13.972  0.5756E+00  0.5250E+02
  13.982  0.6062E+00  0.5250E+02
  13.992  0.6387E+00  0.5251E+02
  14.002  0.6723E+00  0.5252E+02
  14.012  0.7049E+00  0.5252E+02
  14.022  0.7335E+00  0.5253E+02
  14.032  0.7551E+00  0.5254E+02
  14.042  0.7664E+00  0.5255E+02
  14.052  0.7653E+00  0.5255E+02
  14.062  0.7506E+00  0.5256E+02
  14.072  0.7228E+00  0.5257E+02
  14.082  0.6836E+00  0.5258E+02
  14.092  0.6357E+00  0.5258E+02
  14.102  0.5824E+00  0.5259E+02
  14.112  0.5272E+00  0.5259E+02
  14.122  0.4737E+00  0.5260E+02
  14.132  0.4249E+00  0.5260E+02
  14.142  0.3836E+00  0.5261E+02
  14.152  0.3517E+00  0.5261E+02
  14.162  0.3306E+00  0.5261E+02
  14.172  0.3212E+00  0.5262E+02
  14.182  0.3236E+00  0.5262E+02
  14.192  0.3374E+00  0.5262E+02
  14.202  0.3616E+00  0.5263E+02
  14.212  0.3950E+00  0.5263E+02
  14.222  0.4356E+00  0.5263E+02
  14.232  0.4809E+00  0.5264E+02
  14.242  0.5279E+00  0.5264E+02
  14.252  0.5736E+00  0.5265E+02
  14.262  0.6148E+00  0.5266E+02
  14.272  0.6492E+00  0.5266E+02
  14.282  0.6748E+00  0.5267E+02
  14.292  0.6908E+00  0.5268E+02
  14.302  0.6972E+00  0.5268E+02
  14.312  0.6947E+00  0.5269E+02
  14.322  0.6839E+00  0.5270E+02
  14.332  0.6656E+00  0.5270E+02
  14.342  0.6403E+00  0.5271E+02
  14.352  0.6080E+00  0.5272E+02
  14.362  0.5688E+00  0.5272E+02
  14.372  0.5231E+00  0.5273E+02
  14.382  0.4717E+00  0.5273E+02
  14.392  0.4159E+00  0.5274E+02
  14.402  0.3578E+00  0.5274E+02
  14.412  0.2999E+00  0.5274E+02
  14.422  0.2450E+00  0.5274E+02
  14.432  0.1954E+00  0.5275E+02
  14.442  0.1531E+00  0.5275E+02
  14.452  0.1196E+00  0.5275E+02
  14.462  0.9570E-01  0.5275E+02
  14.472  0.8181E-01  0.5275E+02
  14.482  0.7798E-01  0.5275E+02
  14.492  0.8420E-01  0.5275E+02
  14.502  0.1004E+00  0.5275E+02
  14.512  0.1264E+00  0.5276E+02
  14.522  0.1620E+00  0.5276E+02
  14.532  0.2065E+00  0.5276E+02
  14.542  0.2583E+00  0.5276E+02
  14.552  0.3152E+00  0.5276E+02
  14.562  0.3739E+00  0.5277E+02
  14.572  0.4304E+00  0.5277E+02
  14.582  0.4808E+00  0.5278E+02
  14.592  0.5211E+00  0.5278E+02
  14.602  0.5489E+00  0.5279E+02
  14.612  0.5635E+00  0.5279E+02
  14.622  0.5661E+00  0.5280E+02
  14.632  0.5600E+00  0.5281E+02
  14.642  0.5499E+00  0.5281E+02
  14.652  0.5406E+00  0.5282E+02
  14.662  0.5367E+00  0.5282E+02
  14.672  0.5411E+00  0.5283E+02
  14.682  0.5549E+00  0.5283E+02
  14.692  0.5769E+00  0.5284E+02
  14.702  0.6044E+00  0.5284E+02
  14.712  0.6334E+00  0.5285E+02
  14.722  0.6602E+00  0.5286E+02
  14.732  0.6811E+00  0.5286E+02
  14.742  0.6939E+00  0.5287E+02
  14.752  0.6976E+00  0.5288E+02
  14.762  0.6931E+00  0.5288E+02
  14.772  0.6822E+00  0.5289E+02
  14.782  0.6683E+00  0.5290E+02
  14.792  0.6550E+00  0.5290E+02
  14.802  0.6464E+00  0.5291E+02
  14.812  0.6459E+00  0.5292E+02
  14.822  0.6558E+00  0.5292E+02
  14.832  0.6771E+00  0.5293E+02
  14.842  0.7091E+00  0.5294E+02
  14.852  0.7500E+00  0.5295E+02
  14.862  0.7974E+00  0.5295E+02
  14.872  0.8484E+00  0.5296E+02
  14.882  0.9006E+00  0.5297E+02
  14.892  0.9517E+00  0.5298E+02
  14.902  0.9997E+00  0.5299E+02
  14.912  0.1042E+01  0.5300E+02
  14.922  0.1075E+01  0.5301E+02
  14.932  0.1095E+01  0.5302E+02
  14.942  0.1099E+01  0.5303E+02
  14.952  0.1081E+01  0.5304E+02
  14.962  0.1042E+01  0.5305E+02
  14.972  0.9806E+00  0.5306E+02
  14.982  0.9019E+00  0.5307E+02
  14.992  0.8123E+00  0.5308E+02
  15.002  0.7203E+00  0.5309E+02
  15.012  0.6354E+00  0.5310E+02
  15.022  0.5661E+00  0.5310E+02
  15.032  0.5192E+00  0.5311E+02
  15.042  0.4991E+00  0.5311E+02
  15.052  0.5073E+00  0.5312E+02
  15.062  0.5435E+00  0.5312E+02
  15.072  0.6054E+00  0.5313E+02
  15.082  0.6899E+00  0.5313E+02
  15.092  0.7933E+00  0.5314E+02
  15.102  0.9113E+00  0.5315E+02
  15.112  0.1039E+01  0.5316E+02
  15.122  0.1171E+01  0.5317E+02
  15.132  0.1300E+01  0.5319E+02
  15.142  0.1418E+01  0.5320E+02
  15.152  0.1515E+01  0.5322E+02
  15.162  0.1583E+01  0.5323E+02
  15.172  0.1613E+01  0.5325E+02
  15.182  0.1603E+01  0.5326E+02
  15.192  0.1552E+01  0.5328E+02
  15.202  0.1466E+01  0.5329E+02
  15.212  0.1354E+01  0.5331E+02
  15.222  0.1229E+01  0.5332E+02
  15.232  0.1105E+01  0.5333E+02
  15.242  0.9954E+00  0.5334E+02
  15.252  0.9099E+00  0.5335E+02
  15.262  0.8532E+00  0.5336E+02
  15.272  0.8252E+00  0.5337E+02
  15.282  0.8215E+00  0.5338E+02
  15.292  0.8344E+00  0.5338E+02
  15.302  0.8554E+00  0.5339E+02
  15.312  0.8764E+00  0.5340E+02
  15.322  0.8915E+00  0.5341E+02
  15.332  0.8974E+00  0.5342E+02
  15.342  0.8930E+00  0.5343E+02
  15.352  0.8792E+00  0.5344E+02
  15.362  0.8577E+00  0.5345E+02
  15.372  0.8303E+00  0.5345E+02
  15.382  0.7979E+00  0.5346E+02
  15.392  0.7613E+00  0.5347E+02
  15.402  0.7206E+00  0.5348E+02
  15.412  0.6760E+00  0.5348E+02
  15.422  0.6284E+00  0.5349E+02
  15.432  0.5793E+00  0.5350E+02
  15.442  0.5308E+00  0.5350E+02
  15.452  0.4856E+00  0.5351E+02
  15.462  0.4463E+00  0.5351E+02
  15.472  0.4157E+00  0.5351E+02
  15.482  0.3961E+00  0.5352E+02
  15.492  0.3897E+00  0.5352E+02
  15.502  0.3981E+00  0.5353E+02
  15.512  0.4227E+00  0.5353E+02
  15.522  0.4643E+00  0.5353E+02
  15.532  0.5228E+00  0.5354E+02
  15.542  0.5972E+00  0.5355E+02
  15.552  0.6849E+00  0.5355E+02
  15.562  0.7823E+00  0.5356E+02
  15.572  0.8846E+00  0.5357E+02
  15.582  0.9861E+00  0.5358E+02
  15.592  0.1081E+01  0.5359E+02
  15.602  0.1166E+01  0.5360E+02
  15.612  0.1236E+01  0.5361E+02
  15.622  0.1290E+01  0.5363E+02
  15.632  0.1329E+01  0.5364E+02
  15.642  0.1356E+01  0.5365E+02
  15.652  0.1375E+01  0.5367E+02
  15.662  0.1392E+01  0.5368E+02
  15.672  0.1413E+01  0.5370E+02
  15.682  0.1442E+01  0.5371E+02
  15.692  0.1482E+01  0.5372E+02
  15.702  0.1532E+01  0.5374E+02
  15.712  0.1590E+01  0.5376E+02
  15.722  0.1651E+01  0.5377E+02
  15.732  0.1711E+01  0.5379E+02
  15.742  0.1763E+01  0.5381E+02
  15.752  0.1804E+01  0.5383E+02
  15.762  0.1831E+01  0.5384E+02
  15.772  0.1846E+01  0.5386E+02
  15.782  0.1850E+01  0.5388E+02
  15.792  0.1846E+01  0.5390E+02
  15.802  0.1837E+01  0.5392E+02
  15.812  0.1827E+01  0.5394E+02
  15.822  0.1816E+01  0.5395E+02
  15.832  0.1803E+01  0.5397E+02
  15.842  0.1786E+01  0.5399E+02
  15.852  0.1760E+01  0.5401E+02
  15.862  0.1723E+01  0.5402E+02
  15.872  0.1670E+01  0.5404E+02
  15.882  0.1602E+01  0.5406E+02
  15.892  0.1518E+01  0.5407E+02
  15.902  0.1423E+01  0.5409E+02
  15.912  0.1323E+01  0.5410E+02
  15.922  0.1224E+01  0.5411E+02
  15.932  0.1132E+01  0.5412E+02
  15.942  0.1054E+01  0.5413E+02
  15.952  0.9919E+00  0.5414E+02
  15.962  0.9486E+00  0.5415E+02
  15.972  0.9232E+00  0.5416E+02
  15.982  0.9131E+00  0.5417E+02
  15.992  0.9142E+00  0.5418E+02
  16.002  0.9212E+00  0.5419E+02
  16.012  0.9285E+00  0.5420E+02
  16.022  0.9306E+00  0.5421E+02
  16.032  0.9228E+00  0.5422E+02
  16.042  0.9017E+00  0.5423E+02
  16.052  0.8655E+00  0.5424E+02
  16.062  0.8145E+00  0.5424E+02
  16.072  0.7512E+00  0.5425E+02
  16.082  0.6802E+00  0.5426E+02
  16.092  0.6079E+00  0.5426E+02
  16.102  0.5417E+00  0.5427E+02
  16.112  0.4900E+00  0.5427E+02
  16.122  0.4604E+00  0.5428E+02
  16.132  0.4597E+00  0.5428E+02
  16.142  0.4923E+00  0.5429E+02
  16.152  0.5605E+00  0.5429E+02
  16.162  0.6636E+00  0.5430E+02
  16.172  0.7980E+00  0.5431E+02
  16.182  0.9573E+00  0.5432E+02
  16.192  0.1133E+01  0.5433E+02
  16.202  0.1314E+01  0.5434E+02
  16.212  0.1488E+01  0.5436E+02
  16.222  0.1645E+01  0.5437E+02
  16.232  0.1771E+01  0.5439E+02
  16.242  0.1858E+01  0.5441E+02
  16.252  0.1898E+01  0.5443E+02
  16.262  0.1888E+01  0.5445E+02
  16.272  0.1829E+01  0.5447E+02
  16.282  0.1728E+01  0.5448E+02
  16.292  0.1592E+01  0.5450E+02
  16.302  0.1436E+01  0.5451E+02
  16.312  0.1273E+01  0.5453E+02
  16.322  0.1115E+01  0.5454E+02
  16.332  0.9728E+00  0.5455E+02
  16.342  0.8531E+00  0.5456E+02
  16.352  0.7590E+00  0.5456E+02
  16.362  0.6904E+00  0.5457E+02
  16.372  0.6448E+00  0.5458E+02
  16.382  0.6181E+00  0.5458E+02
  16.392  0.6064E+00  0.5459E+02
  16.402  0.6056E+00  0.5460E+02
  16.412  0.6125E+00  0.5460E+02
  16.422  0.6247E+00  0.5461E+02
  16.432  0.6402E+00  0.5461E+02
  16.442  0.6574E+00  0.5462E+02
  16.452  0.6755E+00  0.5463E+02
  16.462  0.6940E+00  0.5463E+02
  16.472  0.7128E+00  0.5464E+02
  16.482  0.7327E+00  0.5465E+02
  16.492  0.7544E+00  0.5466E+02
  16.502  0.7786E+00  0.5466E+02
  16.512  0.8058E+00  0.5467E+02
  16.522  0.8356E+00  0.5468E+02
  16.532  0.8669E+00  0.5469E+02
  16.542  0.8975E+00  0.5470E+02
  16.552  0.9247E+00  0.5471E+02
  16.562  0.9450E+00  0.5472E+02
  16.572  0.9548E+00  0.5473E+02
  16.582  0.9512E+00  0.5474E+02
  16.592  0.9322E+00  0.5475E+02
  16.602  0.8974E+00  0.5475E+02
  16.612  0.8488E+00  0.5476E+02
  16.622  0.7906E+00  0.5477E+02
  16.632  0.7288E+00  0.5478E+02
  16.642  0.6708E+00  0.5478E+02
  16.652  0.6242E+00  0.5479E+02
  16.662  0.5958E+00  0.5480E+02
  16.672  0.5906E+00  0.5480E+02
  16.682  0.6117E+00  0.5481E+02
  16.692  0.6600E+00  0.5482E+02
  16.702  0.7349E+00  0.5482E+02
  16.712  0.8348E+00  0.5483E+02
  16.722  0.9575E+00  0.5484E+02
  16.732  0.1100E+01  0.5485E+02
  16.742  0.1260E+01  0.5486E+02
  16.752  0.1432E+01  0.5488E+02
  16.762  0.1610E+01  0.5490E+02
  16.772  0.1783E+01  0.5491E+02
  16.782  0.1941E+01  0.5493E+02
  16.792  0.2071E+01  0.5495E+02
  16.802  0.2161E+01  0.5497E+02
  16.812  0.2202E+01  0.5500E+02
  16.822  0.2189E+01  0.5502E+02
  16.832  0.2125E+01  0.5504E+02
  16.842  0.2015E+01  0.5506E+02
  16.852  0.1874E+01  0.5508E+02
  16.862  0.1718E+01  0.5510E+02
  16.872  0.1560E+01  0.5511E+02
  16.882  0.1417E+01  0.5513E+02
  16.892  0.1296E+01  0.5514E+02
  16.902  0.1202E+01  0.5515E+02
  16.912  0.1133E+01  0.5516E+02
  16.922  0.1084E+01  0.5517E+02
  16.932  0.1047E+01  0.5518E+02
  16.942  0.1013E+01  0.5519E+02
  16.952  0.9750E+00  0.5520E+02
  16.962  0.9292E+00  0.5521E+02
  16.972  0.8753E+00  0.5522E+02
  16.982  0.8168E+00  0.5523E+02
  16.992  0.7598E+00  0.5524E+02
  17.002  0.7120E+00  0.5524E+02
  17.012  0.6806E+00  0.5525E+02
  17.022  0.6710E+00  0.5526E+02
  17.032  0.6858E+00  0.5526E+02
  17.042  0.7240E+00  0.5527E+02
  17.052  0.7812E+00  0.5528E+02
  17.062  0.8501E+00  0.5529E+02
  17.072  0.9221E+00  0.5530E+02
  17.082  0.9885E+00  0.5531E+02
  17.092  0.1042E+01  0.5532E+02
  17.102  0.1079E+01  0.5533E+02
  17.112  0.1097E+01  0.5534E+02
  17.122  0.1100E+01  0.5535E+02
  17.132  0.1092E+01  0.5536E+02
  17.142  0.1080E+01  0.5537E+02
  17.152  0.1070E+01  0.5538E+02
  17.162  0.1067E+01  0.5539E+02
  17.172  0.1074E+01  0.5540E+02
  17.182  0.1091E+01  0.5542E+02
  17.192  0.1116E+01  0.5543E+02
  17.202  0.1146E+01  0.5544E+02
  17.212  0.1176E+01  0.5545E+02
  17.222  0.1201E+01  0.5546E+02
  17.232  0.1219E+01  0.5547E+02
  17.242  0.1225E+01  0.5549E+02
  17.252  0.1220E+01  0.5550E+02
  17.262  0.1202E+01  0.5551E+02
  17.272  0.1174E+01  0.5552E+02
  17.282  0.1137E+01  0.5553E+02
  17.292  0.1095E+01  0.5554E+02
  17.302  0.1050E+01  0.5555E+02
  17.312  0.1008E+01  0.5556E+02
  17.322  0.9697E+00  0.5557E+02
  17.332  0.9379E+00  0.5558E+02
  17.342  0.9134E+00  0.5559E+02
  17.352  0.8961E+00  0.5560E+02
  17.362  0.8854E+00  0.5561E+02
  17.372  0.8810E+00  0.5562E+02
  17.382  0.8829E+00  0.5563E+02
  17.392  0.8920E+00  0.5564E+02
  17.402  0.9093E+00  0.5565E+02
  17.412  0.9362E+00  0.5566E+02
  17.422  0.9728E+00  0.5567E+02
  17.432  0.1018E+01  0.5568E+02
  17.442  0.1070E+01  0.5569E+02
  17.452  0.1125E+01  0.5570E+02
  17.462  0.1178E+01  0.5571E+02
  17.472  0.1227E+01  0.5572E+02
  17.482  0.1269E+01  0.5573E+02
  17.492  0.1305E+01  0.5575E+02
  17.502  0.1338E+01  0.5576E+02
  17.512  0.1372E+01  0.5577E+02
  17.522  0.1410E+01  0.5579E+02
  17.532  0.1455E+01  0.5580E+02
  17.542  0.1508E+01  0.5582E+02
  17.552  0.1566E+01  0.5583E+02
  17.562  0.1624E+01  0.5585E+02
  17.572  0.1673E+01  0.5587E+02
  17.582  0.1708E+01  0.5588E+02
  17.592  0.1721E+01  0.5590E+02
  17.602  0.1710E+01  0.5592E+02
  17.612  0.1673E+01  0.5594E+02
  17.622  0.1615E+01  0.5595E+02
  17.632  0.1540E+01  0.5597E+02
  17.642  0.1454E+01  0.5598E+02
  17.652  0.1362E+01  0.5599E+02
  17.662  0.1268E+01  0.5601E+02
  17.672  0.1176E+01  0.5602E+02
  17.682  0.1086E+01  0.5603E+02
  17.692  0.9984E+00  0.5604E+02
  17.702  0.9147E+00  0.5605E+02
  17.712  0.8352E+00  0.5606E+02
  17.722  0.7614E+00  0.5607E+02
  17.732  0.6953E+00  0.5607E+02
  17.742  0.6387E+00  0.5608E+02
  17.752  0.5935E+00  0.5608E+02
  17.762  0.5605E+00  0.5609E+02
  17.772  0.5397E+00  0.5610E+02
  17.782  0.5303E+00  0.5610E+02
  17.792  0.5308E+00  0.5611E+02
  17.802  0.5392E+00  0.5611E+02
  17.812  0.5538E+00  0.5612E+02
  17.822  0.5731E+00  0.5612E+02
  17.832  0.5958E+00  0.5613E+02
  17.842  0.6211E+00  0.5613E+02
  17.852  0.6485E+00  0.5614E+02
  17.862  0.6774E+00  0.5615E+02
  17.872  0.7073E+00  0.5616E+02
  17.882  0.7376E+00  0.5616E+02
  17.892  0.7679E+00  0.5617E+02
  17.902  0.7986E+00  0.5618E+02
  17.912  0.8305E+00  0.5619E+02
  17.922  0.8655E+00  0.5620E+02
  17.932  0.9063E+00  0.5620E+02
  17.942  0.9553E+00  0.5621E+02
  17.952  0.1015E+01  0.5622E+02
  17.962  0.1085E+01  0.5623E+02
  17.972  0.1165E+01  0.5625E+02
  17.982  0.1251E+01  0.5626E+02
  17.992  0.1338E+01  0.5627E+02
  18.002  0.1421E+01  0.5629E+02
  18.012  0.1492E+01  0.5630E+02
  18.022  0.1547E+01  0.5632E+02
  18.032  0.1582E+01  0.5633E+02
  18.042  0.1597E+01  0.5635E+02
  18.052  0.1592E+01  0.5636E+02
  18.062  0.1570E+01  0.5638E+02
  18.072  0.1535E+01  0.5640E+02
  18.082  0.1493E+01  0.5641E+02
  18.092  0.1448E+01  0.5643E+02
  18.102  0.1407E+01  0.5644E+02
  18.112  0.1373E+01  0.5645E+02
  18.122  0.1352E+01  0.5647E+02
  18.132  0.1344E+01  0.5648E+02
  18.142  0.1349E+01  0.5649E+02
  18.152  0.1367E+01  0.5651E+02
  18.162  0.1395E+01  0.5652E+02
  18.172  0.1432E+01  0.5654E+02
  18.182  0.1476E+01  0.5655E+02
  18.192  0.1526E+01  0.5657E+02
  18.202  0.1583E+01  0.5658E+02
  18.212  0.1646E+01  0.5660E+02
  18.222  0.1716E+01  0.5661E+02
  18.232  0.1793E+01  0.5663E+02
  18.242  0.1878E+01  0.5665E+02
  18.252  0.1969E+01  0.5667E+02
  18.262  0.2068E+01  0.5669E+02
  18.272  0.2172E+01  0.5671E+02
  18.282  0.2280E+01  0.5674E+02
  18.292  0.2389E+01  0.5676E+02
  18.302  0.2495E+01  0.5679E+02
  18.312  0.2591E+01  0.5681E+02
  18.322  0.2670E+01  0.5684E+02
  18.332  0.2726E+01  0.5687E+02
  18.342  0.2757E+01  0.5689E+02
  18.352  0.2766E+01  0.5692E+02
  18.362  0.2760E+01  0.5695E+02
  18.372  0.2755E+01  0.5698E+02
  18.382  0.2770E+01  0.5700E+02
  18.392  0.2821E+01  0.5703E+02
  18.402  0.2925E+01  0.5706E+02
  18.412  0.3089E+01  0.5709E+02
  18.422  0.3314E+01  0.5712E+02
  18.432  0.3589E+01  0.5716E+02
  18.442  0.3899E+01  0.5720E+02
  18.452  0.4221E+01  0.5724E+02
  18.462  0.4536E+01  0.5729E+02
  18.472  0.4822E+01  0.5734E+02
  18.482  0.5068E+01  0.5739E+02
  18.492  0.5264E+01  0.5744E+02
  18.502  0.5408E+01  0.5749E+02
  18.512  0.5504E+01  0.5755E+02
  18.522  0.5556E+01  0.5760E+02
  18.532  0.5571E+01  0.5766E+02
  18.542  0.5555E+01  0.5771E+02
  18.552  0.5513E+01  0.5777E+02
  18.562  0.5448E+01  0.5782E+02
  18.572  0.5362E+01  0.5788E+02
  18.582  0.5255E+01  0.5793E+02
  18.592  0.5127E+01  0.5798E+02
  18.602  0.4981E+01  0.5803E+02
  18.612  0.4820E+01  0.5808E+02
  18.622  0.4652E+01  0.5813E+02
  18.632  0.4481E+01  0.5817E+02
  18.642  0.4315E+01  0.5821E+02
  18.652  0.4160E+01  0.5826E+02
  18.662  0.4016E+01  0.5830E+02
  18.672  0.3883E+01  0.5833E+02
  18.682  0.3759E+01  0.5837E+02
  18.692  0.3638E+01  0.5841E+02
  18.702  0.3514E+01  0.5844E+02
  18.712  0.3385E+01  0.5848E+02
  18.722  0.3247E+01  0.5851E+02
  18.732  0.3101E+01  0.5854E+02
  18.742  0.2948E+01  0.5857E+02
  18.752  0.2794E+01  0.5860E+02
  18.762  0.2643E+01  0.5862E+02
  18.772  0.2500E+01  0.5865E+02
  18.782  0.2369E+01  0.5867E+02
  18.792  0.2253E+01  0.5870E+02
  18.802  0.2155E+01  0.5872E+02
  18.812  0.2076E+01  0.5874E+02
  18.822  0.2018E+01  0.5876E+02
  18.832  0.1982E+01  0.5878E+02
  18.842  0.1966E+01  0.5880E+02
  18.852  0.1968E+01  0.5882E+02
  18.862  0.1985E+01  0.5884E+02
  18.872  0.2007E+01  0.5886E+02
  18.882  0.2026E+01  0.5888E+02
  18.892  0.2030E+01  0.5890E+02
  18.902  0.2009E+01  0.5892E+02
  18.912  0.1956E+01  0.5894E+02
  18.922  0.1869E+01  0.5896E+02
  18.932  0.1748E+01  0.5897E+02
  18.942  0.1601E+01  0.5899E+02
  18.952  0.1438E+01  0.5900E+02
  18.962  0.1270E+01  0.5902E+02
  18.972  0.1108E+01  0.5903E+02
  18.982  0.9625E+00  0.5904E+02
  18.992  0.8395E+00  0.5905E+02
  19.002  0.7434E+00  0.5905E+02
  19.012  0.6758E+00  0.5906E+02
  19.022  0.6365E+00  0.5907E+02
  19.032  0.6248E+00  0.5907E+02
  19.042  0.6391E+00  0.5908E+02
  19.052  0.6775E+00  0.5909E+02
  19.062  0.7373E+00  0.5909E+02
  19.072  0.8143E+00  0.5910E+02
  19.082  0.9030E+00  0.5911E+02
  19.092  0.9959E+00  0.5912E+02
  19.102  0.1085E+01  0.5913E+02
  19.112  0.1162E+01  0.5914E+02
  19.122  0.1222E+01  0.5916E+02
  19.132  0.1260E+01  0.5917E+02
  19.142  0.1276E+01  0.5918E+02
  19.152  0.1273E+01  0.5919E+02
  19.162  0.1258E+01  0.5921E+02
  19.172  0.1235E+01  0.5922E+02
  19.182  0.1214E+01  0.5923E+02
  19.192  0.1201E+01  0.5924E+02
  19.202  0.1198E+01  0.5925E+02
  19.212  0.1209E+01  0.5927E+02
  19.222  0.1230E+01  0.5928E+02
  19.232  0.1259E+01  0.5929E+02
  19.242  0.1288E+01  0.5930E+02
  19.252  0.1310E+01  0.5932E+02
  19.262  0.1319E+01  0.5933E+02
  19.272  0.1310E+01  0.5934E+02
  19.282  0.1281E+01  0.5936E+02
  19.292  0.1235E+01  0.5937E+02
  19.302  0.1177E+01  0.5938E+02
  19.312  0.1114E+01  0.5939E+02
  19.322  0.1055E+01  0.5940E+02
  19.332  0.1006E+01  0.5941E+02
  19.342  0.9718E+00  0.5942E+02
  19.352  0.9543E+00  0.5943E+02
  19.362  0.9528E+00  0.5944E+02
  19.372  0.9646E+00  0.5945E+02
  19.382  0.9850E+00  0.5946E+02
  19.392  0.1008E+01  0.5947E+02
  19.402  0.1029E+01  0.5948E+02
  19.412  0.1042E+01  0.5949E+02
  19.422  0.1042E+01  0.5950E+02
  19.432  0.1025E+01  0.5951E+02
  19.442  0.9903E+00  0.5952E+02
  19.452  0.9370E+00  0.5953E+02
  19.462  0.8675E+00  0.5954E+02
  19.472  0.7858E+00  0.5955E+02
  19.482  0.6976E+00  0.5956E+02
  19.492  0.6095E+00  0.5956E+02
  19.502  0.5290E+00  0.5957E+02
  19.512  0.4630E+00  0.5957E+02
  19.522  0.4177E+00  0.5958E+02
  19.532  0.3977E+00  0.5958E+02
  19.542  0.4055E+00  0.5958E+02
  19.552  0.4409E+00  0.5959E+02
  19.562  0.5011E+00  0.5959E+02
  19.572  0.5804E+00  0.5960E+02
  19.582  0.6706E+00  0.5961E+02
  19.592  0.7620E+00  0.5961E+02
  19.602  0.8444E+00  0.5962E+02
  19.612  0.9088E+00  0.5963E+02
  19.622  0.9480E+00  0.5964E+02
  19.632  0.9583E+00  0.5965E+02
  19.642  0.9394E+00  0.5966E+02
  19.652  0.8945E+00  0.5967E+02
  19.662  0.8293E+00  0.5968E+02
  19.672  0.7510E+00  0.5968E+02
  19.682  0.6666E+00  0.5969E+02
  19.692  0.5829E+00  0.5970E+02
  19.702  0.5047E+00  0.5970E+02
  19.712  0.4360E+00  0.5971E+02
  19.722  0.3789E+00  0.5971E+02
  19.732  0.3353E+00  0.5971E+02
  19.742  0.3062E+00  0.5972E+02
  19.752  0.2924E+00  0.5972E+02
  19.762  0.2944E+00  0.5972E+02
  19.772  0.3120E+00  0.5972E+02
  19.782  0.3438E+00  0.5973E+02
  19.792  0.3875E+00  0.5973E+02
  19.802  0.4390E+00  0.5974E+02
  19.812  0.4937E+00  0.5974E+02
  19.822  0.5461E+00  0.5975E+02
  19.832  0.5914E+00  0.5975E+02
  19.842  0.6258E+00  0.5976E+02
  19.852  0.6474E+00  0.5977E+02
  19.862  0.6567E+00  0.5977E+02
  19.872  0.6563E+00  0.5978E+02
  19.882  0.6505E+00  0.5979E+02
  19.892  0.6449E+00  0.5979E+02
  19.902  0.6448E+00  0.5980E+02
  19.912  0.6552E+00  0.5980E+02
  19.922  0.6796E+00  0.5981E+02
  19.932  0.7198E+00  0.5982E+02
  19.942  0.7762E+00  0.5983E+02
  19.952  0.8479E+00  0.5983E+02
  19.962  0.9336E+00  0.5984E+02
  19.972  0.1032E+01  0.5985E+02
  19.982  0.1141E+01  0.5987E+02
  19.992  0.1260E+01  0.5988E+02
  20.002  0.1386E+01  0.5989E+02
  20.012  0.1516E+01  0.5991E+02
  20.022  0.1646E+01  0.5992E+02
  20.032  0.1768E+01  0.5994E+02
  20.042  0.1874E+01  0.5996E+02
  20.052  0.1956E+01  0.5998E+02
  20.062  0.2008E+01  0.6000E+02
  20.072  0.2025E+01  0.6002E+02
  20.082  0.2006E+01  0.6004E+02
  20.092  0.1953E+01  0.6006E+02
  20.102  0.1872E+01  0.6008E+02
  20.112  0.1767E+01  0.6010E+02
  20.122  0.1646E+01  0.6011E+02
  20.132  0.1515E+01  0.6013E+02
  20.142  0.1378E+01  0.6014E+02
  20.152  0.1242E+01  0.6015E+02
  20.162  0.1110E+01  0.6017E+02
  20.172  0.9851E+00  0.6018E+02
  20.182  0.8714E+00  0.6018E+02
  20.192  0.7700E+00  0.6019E+02
  20.202  0.6810E+00  0.6020E+02
  20.212  0.6034E+00  0.6020E+02
  20.222  0.5353E+00  0.6021E+02
  20.232  0.4741E+00  0.6021E+02
  20.242  0.4181E+00  0.6022E+02
  20.252  0.3661E+00  0.6022E+02
  20.262  0.3187E+00  0.6023E+02
  20.272  0.2777E+00  0.6023E+02
  20.282  0.2460E+00  0.6023E+02
  20.292  0.2270E+00  0.6023E+02
  20.302  0.2245E+00  0.6024E+02
  20.312  0.2411E+00  0.6024E+02
  20.322  0.2789E+00  0.6024E+02
  20.332  0.3379E+00  0.6024E+02
  20.342  0.4168E+00  0.6025E+02
  20.352  0.5121E+00  0.6025E+02
  20.362  0.6190E+00  0.6026E+02
  20.372  0.7314E+00  0.6027E+02
  20.382  0.8426E+00  0.6027E+02
  20.392  0.9463E+00  0.6028E+02
  20.402  0.1037E+01  0.6029E+02
  20.412  0.1113E+01  0.6031E+02
  20.422  0.1172E+01  0.6032E+02
  20.432  0.1216E+01  0.6033E+02
  20.442  0.1251E+01  0.6034E+02
  20.452  0.1282E+01  0.6036E+02
  20.462  0.1315E+01  0.6037E+02
  20.472  0.1357E+01  0.6038E+02
  20.482  0.1410E+01  0.6040E+02
  20.492  0.1476E+01  0.6041E+02
  20.502  0.1552E+01  0.6043E+02
  20.512  0.1635E+01  0.6044E+02
  20.522  0.1717E+01  0.6046E+02
  20.532  0.1793E+01  0.6048E+02
  20.542  0.1857E+01  0.6050E+02
  20.552  0.1905E+01  0.6052E+02
  20.562  0.1936E+01  0.6053E+02
  20.572  0.1952E+01  0.6055E+02
  20.582  0.1955E+01  0.6057E+02
  20.592  0.1951E+01  0.6059E+02
  20.602  0.1944E+01  0.6061E+02
  20.612  0.1936E+01  0.6063E+02
  20.622  0.1931E+01  0.6065E+02
  20.632  0.1929E+01  0.6067E+02
  20.642  0.1932E+01  0.6069E+02
  20.652  0.1938E+01  0.6071E+02
  20.662  0.1947E+01  0.6073E+02
  20.672  0.1958E+01  0.6075E+02
  20.682  0.1972E+01  0.6077E+02
  20.692  0.1988E+01  0.6079E+02
  20.702  0.2008E+01  0.6081E+02
  20.712  0.2033E+01  0.6083E+02
  20.722  0.2063E+01  0.6085E+02
  20.732  0.2099E+01  0.6087E+02
  20.742  0.2138E+01  0.6089E+02
  20.752  0.2176E+01  0.6091E+02
  20.762  0.2210E+01  0.6094E+02
  20.772  0.2235E+01  0.6096E+02
  20.782  0.2250E+01  0.6098E+02
  20.792  0.2252E+01  0.6100E+02
  20.802  0.2242E+01  0.6103E+02
  20.812  0.2224E+01  0.6105E+02
  20.822  0.2201E+01  0.6107E+02
  20.832  0.2177E+01  0.6109E+02
  20.842  0.2154E+01  0.6111E+02
  20.852  0.2134E+01  0.6113E+02
  20.862  0.2116E+01  0.6116E+02
  20.872  0.2099E+01  0.6118E+02
  20.882  0.2081E+01  0.6120E+02
  20.892  0.2060E+01  0.6122E+02
  20.902  0.2035E+01  0.6124E+02
  20.912  0.2006E+01  0.6126E+02
  20.922  0.1972E+01  0.6128E+02
  20.932  0.1934E+01  0.6130E+02
  20.942  0.1890E+01  0.6132E+02
  20.952  0.1841E+01  0.6133E+02
  20.962  0.1786E+01  0.6135E+02
  20.972  0.1724E+01  0.6137E+02
  20.982  0.1658E+01  0.6139E+02
  20.992  0.1589E+01  0.6140E+02
  21.002  0.1524E+01  0.6142E+02
  21.012  0.1469E+01  0.6143E+02
  21.022  0.1429E+01  0.6145E+02
  21.032  0.1411E+01  0.6146E+02
  21.042  0.1417E+01  0.6147E+02
  21.052  0.1449E+01  0.6149E+02
  21.062  0.1504E+01  0.6150E+02
  21.072  0.1578E+01  0.6152E+02
  21.082  0.1664E+01  0.6154E+02
  21.092  0.1753E+01  0.6155E+02
  21.102  0.1836E+01  0.6157E+02
  21.112  0.1907E+01  0.6159E+02
  21.122  0.1960E+01  0.6161E+02
  21.132  0.1994E+01  0.6163E+02
  21.142  0.2010E+01  0.6165E+02
  21.152  0.2011E+01  0.6167E+02
  21.162  0.2004E+01  0.6169E+02
  21.172  0.1993E+01  0.6171E+02
  21.182  0.1981E+01  0.6173E+02
  21.192  0.1969E+01  0.6175E+02
  21.202  0.1956E+01  0.6177E+02
  21.212  0.1937E+01  0.6179E+02
  21.222  0.1908E+01  0.6181E+02
  21.232  0.1866E+01  0.6183E+02
  21.242  0.1809E+01  0.6185E+02
  21.252  0.1738E+01  0.6186E+02
  21.262  0.1656E+01  0.6188E+02
  21.272  0.1567E+01  0.6189E+02
  21.282  0.1478E+01  0.6191E+02
  21.292  0.1394E+01  0.6192E+02
  21.302  0.1321E+01  0.6194E+02
  21.312  0.1264E+01  0.6195E+02
  21.322  0.1225E+01  0.6196E+02
  21.332  0.1206E+01  0.6197E+02
  21.342  0.1204E+01  0.6199E+02
  21.352  0.1215E+01  0.6200E+02
  21.362  0.1235E+01  0.6201E+02
  21.372  0.1257E+01  0.6202E+02
  21.382  0.1277E+01  0.6204E+02
  21.392  0.1292E+01  0.6205E+02
  21.402  0.1300E+01  0.6206E+02
  21.412  0.1302E+01  0.6207E+02
  21.422  0.1303E+01  0.6209E+02
  21.432  0.1306E+01  0.6210E+02
  21.442  0.1316E+01  0.6211E+02
  21.452  0.1333E+01  0.6213E+02
  21.462  0.1359E+01  0.6214E+02
  21.472  0.1391E+01  0.6215E+02
  21.482  0.1423E+01  0.6217E+02
  21.492  0.1451E+01  0.6218E+02
  21.502  0.1470E+01  0.6220E+02
  21.512  0.1475E+01  0.6221E+02
  21.522  0.1464E+01  0.6223E+02
  21.532  0.1438E+01  0.6224E+02
  21.542  0.1401E+01  0.6226E+02
  21.552  0.1358E+01  0.6227E+02
  21.562  0.1316E+01  0.6228E+02
  21.572  0.1281E+01  0.6230E+02
  21.582  0.1259E+01  0.6231E+02
  21.592  0.1255E+01  0.6232E+02
  21.602  0.1269E+01  0.6233E+02
  21.612  0.1301E+01  0.6235E+02
  21.622  0.1344E+01  0.6236E+02
  21.632  0.1394E+01  0.6237E+02
  21.642  0.1441E+01  0.6239E+02
  21.652  0.1478E+01  0.6240E+02
  21.662  0.1500E+01  0.6242E+02
  21.672  0.1503E+01  0.6243E+02
  21.682  0.1486E+01  0.6245E+02
  21.692  0.1453E+01  0.6246E+02
  21.702  0.1408E+01  0.6248E+02
  21.712  0.1359E+01  0.6249E+02
  21.722  0.1316E+01  0.6250E+02
  21.732  0.1285E+01  0.6252E+02
  21.742  0.1274E+01  0.6253E+02
  21.752  0.1286E+01  0.6254E+02
  21.762  0.1320E+01  0.6255E+02
  21.772  0.1375E+01  0.6257E+02
  21.782  0.1443E+01  0.6258E+02
  21.792  0.1520E+01  0.6260E+02
  21.802  0.1597E+01  0.6261E+02
  21.812  0.1669E+01  0.6263E+02
  21.822  0.1732E+01  0.6265E+02
  21.832  0.1784E+01  0.6267E+02
  21.842  0.1822E+01  0.6268E+02
  21.852  0.1847E+01  0.6270E+02
  21.862  0.1856E+01  0.6272E+02
  21.872  0.1846E+01  0.6274E+02
  21.882  0.1816E+01  0.6276E+02
  21.892  0.1764E+01  0.6278E+02
  21.902  0.1690E+01  0.6279E+02
  21.912  0.1598E+01  0.6281E+02
  21.922  0.1493E+01  0.6282E+02
  21.932  0.1384E+01  0.6284E+02
  21.942  0.1280E+01  0.6285E+02
  21.952  0.1193E+01  0.6286E+02
  21.962  0.1130E+01  0.6287E+02
  21.972  0.1098E+01  0.6288E+02
  21.982  0.1100E+01  0.6290E+02
  21.992  0.1135E+01  0.6291E+02
  22.002  0.1199E+01  0.6292E+02
  22.012  0.1286E+01  0.6293E+02
  22.022  0.1386E+01  0.6295E+02
  22.032  0.1488E+01  0.6296E+02
  22.042  0.1584E+01  0.6298E+02
  22.052  0.1664E+01  0.6299E+02
  22.062  0.1723E+01  0.6301E+02
  22.072  0.1758E+01  0.6303E+02
  22.082  0.1768E+01  0.6304E+02
  22.092  0.1756E+01  0.6306E+02
  22.102  0.1726E+01  0.6308E+02
  22.112  0.1685E+01  0.6310E+02
  22.122  0.1636E+01  0.6311E+02
  22.132  0.1587E+01  0.6313E+02
  22.142  0.1542E+01  0.6314E+02
  22.152  0.1504E+01  0.6316E+02
  22.162  0.1478E+01  0.6317E+02
  22.172  0.1464E+01  0.6319E+02
  22.182  0.1466E+01  0.6320E+02
  22.192  0.1482E+01  0.6322E+02
  22.202  0.1512E+01  0.6323E+02
  22.212  0.1554E+01  0.6325E+02
  22.222  0.1602E+01  0.6326E+02
  22.232  0.1651E+01  0.6328E+02
  22.242  0.1695E+01  0.6330E+02
  22.252  0.1727E+01  0.6332E+02
  22.262  0.1742E+01  0.6333E+02
  22.272  0.1737E+01  0.6335E+02
  22.282  0.1713E+01  0.6337E+02
  22.292  0.1673E+01  0.6338E+02
  22.302  0.1624E+01  0.6340E+02
  22.312  0.1572E+01  0.6342E+02
  22.322  0.1524E+01  0.6343E+02
  22.332  0.1489E+01  0.6345E+02
  22.342  0.1471E+01  0.6346E+02
  22.352  0.1473E+01  0.6348E+02
  22.362  0.1493E+01  0.6349E+02
  22.372  0.1531E+01  0.6351E+02
  22.382  0.1583E+01  0.6352E+02
  22.392  0.1643E+01  0.6354E+02
  22.402  0.1707E+01  0.6356E+02
  22.412  0.1770E+01  0.6357E+02
  22.422  0.1830E+01  0.6359E+02
  22.432  0.1882E+01  0.6361E+02
  22.442  0.1927E+01  0.6363E+02
  22.452  0.1964E+01  0.6365E+02
  22.462  0.1995E+01  0.6367E+02
  22.472  0.2021E+01  0.6369E+02
  22.482  0.2044E+01  0.6371E+02
  22.492  0.2064E+01  0.6373E+02
  22.502  0.2081E+01  0.6375E+02
  22.512  0.2093E+01  0.6377E+02
  22.522  0.2097E+01  0.6379E+02
  22.532  0.2088E+01  0.6381E+02
  22.542  0.2063E+01  0.6383E+02
  22.552  0.2019E+01  0.6385E+02
  22.562  0.1953E+01  0.6387E+02
  22.572  0.1864E+01  0.6389E+02
  22.582  0.1757E+01  0.6391E+02
  22.592  0.1635E+01  0.6393E+02
  22.602  0.1506E+01  0.6394E+02
  22.612  0.1379E+01  0.6396E+02
  22.622  0.1263E+01  0.6397E+02
  22.632  0.1165E+01  0.6398E+02
  22.642  0.1091E+01  0.6399E+02
  22.652  0.1044E+01  0.6400E+02
  22.662  0.1025E+01  0.6401E+02
  22.672  0.1029E+01  0.6402E+02
  22.682  0.1054E+01  0.6403E+02
  22.692  0.1094E+01  0.6404E+02
  22.702  0.1144E+01  0.6405E+02
  22.712  0.1201E+01  0.6407E+02
  22.722  0.1262E+01  0.6408E+02
  22.732  0.1324E+01  0.6409E+02
  22.742  0.1385E+01  0.6411E+02
  22.752  0.1443E+01  0.6412E+02
  22.762  0.1496E+01  0.6414E+02
  22.772  0.1545E+01  0.6415E+02
  22.782  0.1589E+01  0.6417E+02
  22.792  0.1629E+01  0.6418E+02
  22.802  0.1667E+01  0.6420E+02
  22.812  0.1704E+01  0.6422E+02
  22.822  0.1741E+01  0.6423E+02
  22.832  0.1778E+01  0.6425E+02
  22.842  0.1812E+01  0.6427E+02
  22.852  0.1840E+01  0.6429E+02
  22.862  0.1859E+01  0.6431E+02
  22.872  0.1864E+01  0.6433E+02
  22.882  0.1857E+01  0.6434E+02
  22.892  0.1838E+01  0.6436E+02
  22.902  0.1813E+01  0.6438E+02
  22.912  0.1788E+01  0.6440E+02
  22.922  0.1773E+01  0.6442E+02
  22.932  0.1776E+01  0.6443E+02
  22.942  0.1805E+01  0.6445E+02
  22.952  0.1864E+01  0.6447E+02
  22.962  0.1956E+01  0.6449E+02
  22.972  0.2077E+01  0.6451E+02
  22.982  0.2223E+01  0.6453E+02
  22.992  0.2385E+01  0.6456E+02
  23.002  0.2553E+01  0.6458E+02
  23.012  0.2715E+01  0.6461E+02
  23.022  0.2861E+01  0.6464E+02
  23.032  0.2981E+01  0.6467E+02
  23.042  0.3065E+01  0.6470E+02
  23.052  0.3107E+01  0.6473E+02
  23.062  0.3104E+01  0.6476E+02
  23.072  0.3058E+01  0.6479E+02
  23.082  0.2972E+01  0.6482E+02
  23.092  0.2854E+01  0.6485E+02
  23.102  0.2714E+01  0.6488E+02
  23.112  0.2565E+01  0.6490E+02
  23.122  0.2416E+01  0.6493E+02
  23.132  0.2276E+01  0.6495E+02
  23.142  0.2151E+01  0.6497E+02
  23.152  0.2045E+01  0.6499E+02
  23.162  0.1957E+01  0.6501E+02
  23.172  0.1886E+01  0.6503E+02
  23.182  0.1829E+01  0.6505E+02
  23.192  0.1784E+01  0.6507E+02
  23.202  0.1747E+01  0.6508E+02
  23.212  0.1718E+01  0.6510E+02
  23.222  0.1695E+01  0.6512E+02
  23.232  0.1679E+01  0.6514E+02
  23.242  0.1673E+01  0.6515E+02
  23.252  0.1678E+01  0.6517E+02
  23.262  0.1696E+01  0.6519E+02
  23.272  0.1730E+01  0.6520E+02
  23.282  0.1777E+01  0.6522E+02
  23.292  0.1836E+01  0.6524E+02
  23.302  0.1902E+01  0.6526E+02
  23.312  0.1967E+01  0.6528E+02
  23.322  0.2025E+01  0.6530E+02
  23.332  0.2069E+01  0.6532E+02
  23.342  0.2096E+01  0.6534E+02
  23.352  0.2103E+01  0.6536E+02
  23.362  0.2093E+01  0.6538E+02
  23.372  0.2067E+01  0.6540E+02
  23.382  0.2031E+01  0.6542E+02
  23.392  0.1989E+01  0.6544E+02
  23.402  0.1946E+01  0.6546E+02
  23.412  0.1905E+01  0.6548E+02
  23.422  0.1869E+01  0.6550E+02
  23.432  0.1839E+01  0.6552E+02
  23.442  0.1816E+01  0.6554E+02
  23.452  0.1802E+01  0.6555E+02
  23.462  0.1797E+01  0.6557E+02
  23.472  0.1798E+01  0.6559E+02
  23.482  0.1804E+01  0.6561E+02
  23.492  0.1810E+01  0.6563E+02
  23.502  0.1810E+01  0.6564E+02
  23.512  0.1800E+01  0.6566E+02
  23.522  0.1777E+01  0.6568E+02
  23.532  0.1742E+01  0.6570E+02
  23.542  0.1699E+01  0.6571E+02
  23.552  0.1658E+01  0.6573E+02
  23.562  0.1630E+01  0.6575E+02
  23.572  0.1626E+01  0.6576E+02
  23.582  0.1653E+01  0.6578E+02
  23.592  0.1715E+01  0.6580E+02
  23.602  0.1806E+01  0.6582E+02
  23.612  0.1917E+01  0.6583E+02
  23.622  0.2030E+01  0.6585E+02
  23.632  0.2130E+01  0.6588E+02
  23.642  0.2203E+01  0.6590E+02
  23.652  0.2238E+01  0.6592E+02
  23.662  0.2233E+01  0.6594E+02
  23.672  0.2193E+01  0.6596E+02
  23.682  0.2126E+01  0.6599E+02
  23.692  0.2045E+01  0.6601E+02
  23.702  0.1960E+01  0.6603E+02
  23.712  0.1881E+01  0.6604E+02
  23.722  0.1812E+01  0.6606E+02
  23.732  0.1754E+01  0.6608E+02
  23.742  0.1706E+01  0.6610E+02
  23.752  0.1663E+01  0.6611E+02
  23.762  0.1624E+01  0.6613E+02
  23.772  0.1587E+01  0.6615E+02
  23.782  0.1553E+01  0.6616E+02
  23.792  0.1525E+01  0.6618E+02
  23.802  0.1507E+01  0.6619E+02
  23.812  0.1500E+01  0.6621E+02
  23.822  0.1505E+01  0.6622E+02
  23.832  0.1519E+01  0.6624E+02
  23.842  0.1539E+01  0.6625E+02
  23.852  0.1558E+01  0.6627E+02
  23.862  0.1572E+01  0.6628E+02
  23.872  0.1576E+01  0.6630E+02
  23.882  0.1571E+01  0.6632E+02
  23.892  0.1558E+01  0.6633E+02
  23.902  0.1546E+01  0.6635E+02
  23.912  0.1541E+01  0.6636E+02
  23.922  0.1551E+01  0.6638E+02
  23.932  0.1583E+01  0.6639E+02
  23.942  0.1639E+01  0.6641E+02
  23.952  0.1717E+01  0.6643E+02
  23.962  0.1812E+01  0.6645E+02
  23.972  0.1918E+01  0.6646E+02
  23.982  0.2027E+01  0.6648E+02
  23.992  0.2132E+01  0.6651E+02
  24.002  0.2231E+01  0.6653E+02
  24.012  0.2319E+01  0.6655E+02
  24.022  0.2398E+01  0.6658E+02
  24.032  0.2466E+01  0.6660E+02
  24.042  0.2522E+01  0.6663E+02
  24.052  0.2567E+01  0.6665E+02
  24.062  0.2596E+01  0.6668E+02
  24.072  0.2608E+01  0.6670E+02
  24.082  0.2601E+01  0.6673E+02
  24.092  0.2577E+01  0.6675E+02
  24.102  0.2538E+01  0.6678E+02
  24.112  0.2491E+01  0.6680E+02
  24.122  0.2441E+01  0.6683E+02
  24.132  0.2396E+01  0.6685E+02
  24.142  0.2358E+01  0.6688E+02
  24.152  0.2330E+01  0.6690E+02
  24.162  0.2311E+01  0.6692E+02
  24.172  0.2296E+01  0.6695E+02
  24.182  0.2281E+01  0.6697E+02
  24.192  0.2261E+01  0.6699E+02
  24.202  0.2233E+01  0.6701E+02
  24.212  0.2195E+01  0.6704E+02
  24.222  0.2147E+01  0.6706E+02
  24.232  0.2092E+01  0.6708E+02
  24.242  0.2033E+01  0.6710E+02
  24.252  0.1976E+01  0.6712E+02
  24.262  0.1924E+01  0.6714E+02
  24.272  0.1883E+01  0.6716E+02
  24.282  0.1854E+01  0.6718E+02
  24.292  0.1841E+01  0.6719E+02
  24.302  0.1842E+01  0.6721E+02
  24.312  0.1856E+01  0.6723E+02
  24.322  0.1879E+01  0.6725E+02
  24.332  0.1906E+01  0.6727E+02
  24.342  0.1933E+01  0.6729E+02
  24.352  0.1955E+01  0.6731E+02
  24.362  0.1968E+01  0.6733E+02
  24.372  0.1969E+01  0.6735E+02
  24.382  0.1954E+01  0.6737E+02
  24.392  0.1923E+01  0.6739E+02
  24.402  0.1872E+01  0.6740E+02
  24.412  0.1799E+01  0.6742E+02
  24.422  0.1703E+01  0.6744E+02
  24.432  0.1585E+01  0.6745E+02
  24.442  0.1446E+01  0.6747E+02
  24.452  0.1294E+01  0.6748E+02
  24.462  0.1134E+01  0.6749E+02
  24.472  0.9763E+00  0.6750E+02
  24.482  0.8308E+00  0.6751E+02
  24.492  0.7060E+00  0.6752E+02
  24.502  0.6088E+00  0.6752E+02
  24.512  0.5433E+00  0.6753E+02
  24.522  0.5108E+00  0.6754E+02
  24.532  0.5097E+00  0.6754E+02
  24.542  0.5363E+00  0.6755E+02
  24.552  0.5850E+00  0.6755E+02
  24.562  0.6492E+00  0.6756E+02
  24.572  0.7217E+00  0.6757E+02
  24.582  0.7949E+00  0.6757E+02
  24.592  0.8612E+00  0.6758E+02
  24.602  0.9137E+00  0.6759E+02
  24.612  0.9465E+00  0.6760E+02
  24.622  0.9558E+00  0.6761E+02
  24.632  0.9401E+00  0.6762E+02
  24.642  0.9009E+00  0.6763E+02
  24.652  0.8427E+00  0.6764E+02
  24.662  0.7723E+00  0.6764E+02
  24.672  0.6977E+00  0.6765E+02
  24.682  0.6276E+00  0.6766E+02
  24.692  0.5693E+00  0.6766E+02
  24.702  0.5290E+00  0.6767E+02
  24.712  0.5105E+00  0.6767E+02
  24.722  0.5157E+00  0.6768E+02
  24.732  0.5443E+00  0.6768E+02
  24.742  0.5943E+00  0.6769E+02
  24.752  0.6622E+00  0.6770E+02
  24.762  0.7428E+00  0.6770E+02
  24.772  0.8300E+00  0.6771E+02
  24.782  0.9163E+00  0.6772E+02
  24.792  0.9945E+00  0.6773E+02
  24.802  0.1058E+01  0.6774E+02
  24.812  0.1101E+01  0.6775E+02
  24.822  0.1123E+01  0.6776E+02
  24.832  0.1123E+01  0.6778E+02
  24.842  0.1106E+01  0.6779E+02
  24.852  0.1077E+01  0.6780E+02
  24.862  0.1045E+01  0.6781E+02
  24.872  0.1017E+01  0.6782E+02
  24.882  0.9995E+00  0.6783E+02
  24.892  0.9968E+00  0.6784E+02
  24.902  0.1012E+01  0.6785E+02
  24.912  0.1044E+01  0.6786E+02
  24.922  0.1092E+01  0.6787E+02
  24.932  0.1152E+01  0.6788E+02
  24.942  0.1217E+01  0.6789E+02
  24.952  0.1283E+01  0.6791E+02
  24.962  0.1340E+01  0.6792E+02
  24.972  0.1383E+01  0.6793E+02
  24.982  0.1404E+01  0.6795E+02
  24.992  0.1399E+01  0.6796E+02
  25.002  0.1364E+01  0.6798E+02
  25.012  0.1299E+01  0.6799E+02
  25.022  0.1206E+01  0.6800E+02
  25.032  0.1090E+01  0.6801E+02
  25.042  0.9580E+00  0.6802E+02
  25.052  0.8179E+00  0.6803E+02
  25.062  0.6777E+00  0.6804E+02
  25.072  0.5448E+00  0.6804E+02
  25.082  0.4253E+00  0.6805E+02
  25.092  0.3234E+00  0.6805E+02
  25.102  0.2416E+00  0.6805E+02
  25.112  0.1807E+00  0.6805E+02
  25.122  0.1403E+00  0.6805E+02
  25.132  0.1195E+00  0.6806E+02
  25.142  0.1168E+00  0.6806E+02
  25.152  0.1307E+00  0.6806E+02
  25.162  0.1595E+00  0.6806E+02
  25.172  0.2012E+00  0.6806E+02
  25.182  0.2532E+00  0.6806E+02
  25.192  0.3125E+00  0.6807E+02
  25.202  0.3755E+00  0.6807E+02
  25.212  0.4385E+00  0.6808E+02
  25.222  0.4985E+00  0.6808E+02
  25.232  0.5534E+00  0.6809E+02
  25.242  0.6027E+00  0.6809E+02
  25.252  0.6481E+00  0.6810E+02
  25.262  0.6922E+00  0.6811E+02
  25.272  0.7387E+00  0.6811E+02
  25.282  0.7906E+00  0.6812E+02
  25.292  0.8494E+00  0.6813E+02
  25.302  0.9144E+00  0.6814E+02
  25.312  0.9827E+00  0.6815E+02
  25.322  0.1050E+01  0.6816E+02
  25.332  0.1110E+01  0.6817E+02
  25.342  0.1161E+01  0.6818E+02
  25.352  0.1199E+01  0.6819E+02
  25.362  0.1227E+01  0.6821E+02
  25.372  0.1248E+01  0.6822E+02
  25.382  0.1267E+01  0.6823E+02
  25.392  0.1291E+01  0.6824E+02
  25.402  0.1326E+01  0.6826E+02
  25.412  0.1374E+01  0.6827E+02
  25.422  0.1436E+01  0.6829E+02
  25.432  0.1514E+01  0.6830E+02
  25.442  0.1603E+01  0.6832E+02
  25.452  0.1700E+01  0.6833E+02
  25.462  0.1802E+01  0.6835E+02
  25.472  0.1903E+01  0.6837E+02
  25.482  0.1997E+01  0.6839E+02
  25.492  0.2077E+01  0.6841E+02
  25.502  0.2135E+01  0.6843E+02
  25.512  0.2165E+01  0.6845E+02
  25.522  0.2159E+01  0.6848E+02
  25.532  0.2117E+01  0.6850E+02
  25.542  0.2038E+01  0.6852E+02
  25.552  0.1926E+01  0.6854E+02
  25.562  0.1792E+01  0.6855E+02
  25.572  0.1646E+01  0.6857E+02
  25.582  0.1501E+01  0.6859E+02
  25.592  0.1372E+01  0.6860E+02
  25.602  0.1269E+01  0.6861E+02
  25.612  0.1203E+01  0.6862E+02
  25.622  0.1178E+01  0.6864E+02
  25.632  0.1195E+01  0.6865E+02
  25.642  0.1251E+01  0.6866E+02
  25.652  0.1338E+01  0.6867E+02
  25.662  0.1448E+01  0.6869E+02
  25.672  0.1567E+01  0.6870E+02
  25.682  0.1686E+01  0.6872E+02
  25.692  0.1794E+01  0.6874E+02
  25.702  0.1883E+01  0.6876E+02
  25.712  0.1952E+01  0.6878E+02
  25.722  0.1998E+01  0.6880E+02
  25.732  0.2027E+01  0.6882E+02
  25.742  0.2042E+01  0.6884E+02
  25.752  0.2052E+01  0.6886E+02
  25.762  0.2062E+01  0.6888E+02
  25.772  0.2078E+01  0.6890E+02
  25.782  0.2101E+01  0.6892E+02
  25.792  0.2132E+01  0.6894E+02
  25.802  0.2166E+01  0.6896E+02
  25.812  0.2197E+01  0.6899E+02
  25.822  0.2217E+01  0.6901E+02
  25.832  0.2220E+01  0.6903E+02
  25.842  0.2199E+01  0.6905E+02
  25.852  0.2153E+01  0.6907E+02
  25.862  0.2081E+01  0.6909E+02
  25.872  0.1986E+01  0.6911E+02
  25.882  0.1874E+01  0.6913E+02
  25.892  0.1753E+01  0.6915E+02
  25.902  0.1629E+01  0.6917E+02
  25.912  0.1507E+01  0.6918E+02
  25.922  0.1394E+01  0.6920E+02
  25.932  0.1292E+01  0.6921E+02
  25.942  0.1202E+01  0.6922E+02
  25.952  0.1126E+01  0.6923E+02
  25.962  0.1061E+01  0.6924E+02
  25.972  0.1007E+01  0.6925E+02
  25.982  0.9617E+00  0.6926E+02
  25.992  0.9226E+00  0.6927E+02
  26.002  0.8884E+00  0.6928E+02
  26.012  0.8578E+00  0.6929E+02
  26.022  0.8303E+00  0.6930E+02
  26.032  0.8062E+00  0.6931E+02
  26.042  0.7868E+00  0.6931E+02
  26.052  0.7735E+00  0.6932E+02
  26.062  0.7683E+00  0.6933E+02
  26.072  0.7732E+00  0.6934E+02
  26.082  0.7894E+00  0.6934E+02
  26.092  0.8179E+00  0.6935E+02
  26.102  0.8584E+00  0.6936E+02
  26.112  0.9095E+00  0.6937E+02
  26.122  0.9686E+00  0.6938E+02
  26.132  0.1032E+01  0.6939E+02
  26.142  0.1094E+01  0.6940E+02
  26.152  0.1149E+01  0.6941E+02
  26.162  0.1193E+01  0.6942E+02
  26.172  0.1220E+01  0.6944E+02
  26.182  0.1227E+01  0.6945E+02
  26.192  0.1214E+01  0.6946E+02
  26.202  0.1180E+01  0.6947E+02
  26.212  0.1129E+01  0.6948E+02
  26.222  0.1063E+01  0.6949E+02
  26.232  0.9877E+00  0.6950E+02
  26.242  0.9071E+00  0.6951E+02
  26.252  0.8273E+00  0.6952E+02
  26.262  0.7540E+00  0.6953E+02
  26.272  0.6931E+00  0.6954E+02
  26.282  0.6498E+00  0.6954E+02
  26.292  0.6283E+00  0.6955E+02
  26.302  0.6305E+00  0.6956E+02
  26.312  0.6561E+00  0.6956E+02
  26.322  0.7021E+00  0.6957E+02
  26.332  0.7633E+00  0.6958E+02
  26.342  0.8336E+00  0.6959E+02
  26.352  0.9070E+00  0.6959E+02
  26.362  0.9784E+00  0.6960E+02
  26.372  0.1045E+01  0.6961E+02
  26.382  0.1106E+01  0.6963E+02
  26.392  0.1161E+01  0.6964E+02
  26.402  0.1211E+01  0.6965E+02
  26.412  0.1256E+01  0.6966E+02
  26.422  0.1294E+01  0.6967E+02
  26.432  0.1320E+01  0.6969E+02
  26.442  0.1330E+01  0.6970E+02
  26.452  0.1321E+01  0.6971E+02
  26.462  0.1288E+01  0.6973E+02
  26.472  0.1231E+01  0.6974E+02
  26.482  0.1153E+01  0.6975E+02
  26.492  0.1060E+01  0.6976E+02
  26.502  0.9586E+00  0.6977E+02
  26.512  0.8583E+00  0.6978E+02
  26.522  0.7668E+00  0.6979E+02
  26.532  0.6902E+00  0.6979E+02
  26.542  0.6322E+00  0.6980E+02
  26.552  0.5933E+00  0.6981E+02
  26.562  0.5720E+00  0.6981E+02
  26.572  0.5645E+00  0.6982E+02
  26.582  0.5665E+00  0.6982E+02
  26.592  0.5734E+00  0.6983E+02
  26.602  0.5813E+00  0.6984E+02
  26.612  0.5872E+00  0.6984E+02
  26.622  0.5894E+00  0.6985E+02
  26.632  0.5874E+00  0.6985E+02
  26.642  0.5814E+00  0.6986E+02
  26.652  0.5720E+00  0.6986E+02
  26.662  0.5599E+00  0.6987E+02
  26.672  0.5458E+00  0.6988E+02
  26.682  0.5301E+00  0.6988E+02
  26.692  0.5133E+00  0.6989E+02
  26.702  0.4960E+00  0.6989E+02
  26.712  0.4787E+00  0.6990E+02
  26.722  0.4624E+00  0.6990E+02
  26.732  0.4478E+00  0.6991E+02
  26.742  0.4355E+00  0.6991E+02
  26.752  0.4259E+00  0.6991E+02
  26.762  0.4191E+00  0.6992E+02
  26.772  0.4151E+00  0.6992E+02
  26.782  0.4143E+00  0.6993E+02
  26.792  0.4175E+00  0.6993E+02
  26.802  0.4262E+00  0.6993E+02
  26.812  0.4420E+00  0.6994E+02
  26.822  0.4664E+00  0.6994E+02
  26.832  0.5004E+00  0.6995E+02
  26.842  0.5432E+00  0.6995E+02
  26.852  0.5927E+00  0.6996E+02
  26.862  0.6454E+00  0.6997E+02
  26.872  0.6966E+00  0.6997E+02
  26.882  0.7422E+00  0.6998E+02
  26.892  0.7790E+00  0.6999E+02
  26.902  0.8060E+00  0.7000E+02
  26.912  0.8244E+00  0.7000E+02
  26.922  0.8377E+00  0.7001E+02
  26.932  0.8507E+00  0.7002E+02
  26.942  0.8680E+00  0.7003E+02
  26.952  0.8930E+00  0.7004E+02
  26.962  0.9269E+00  0.7005E+02
  26.972  0.9680E+00  0.7006E+02
  26.982  0.1012E+01  0.7007E+02
  26.992  0.1053E+01  0.7008E+02
  27.002  0.1083E+01  0.7009E+02
  27.012  0.1097E+01  0.7010E+02
  27.022  0.1090E+01  0.7011E+02
  27.032  0.1059E+01  0.7012E+02
  27.042  0.1004E+01  0.7013E+02
  27.052  0.9295E+00  0.7014E+02
  27.062  0.8406E+00  0.7015E+02
  27.072  0.7453E+00  0.7016E+02
  27.082  0.6525E+00  0.7016E+02
  27.092  0.5707E+00  0.7017E+02
  27.102  0.5075E+00  0.7017E+02
  27.112  0.4681E+00  0.7018E+02
  27.122  0.4552E+00  0.7018E+02
  27.132  0.4685E+00  0.7019E+02
  27.142  0.5049E+00  0.7019E+02
  27.152  0.5597E+00  0.7020E+02
  27.162  0.6269E+00  0.7021E+02
  27.172  0.7012E+00  0.7021E+02
  27.182  0.7782E+00  0.7022E+02
  27.192  0.8554E+00  0.7023E+02
  27.202  0.9320E+00  0.7024E+02
  27.212  0.1008E+01  0.7025E+02
  27.222  0.1083E+01  0.7026E+02
  27.232  0.1156E+01  0.7027E+02
  27.242  0.1225E+01  0.7028E+02
  27.252  0.1286E+01  0.7030E+02
  27.262  0.1332E+01  0.7031E+02
  27.272  0.1359E+01  0.7032E+02
  27.282  0.1362E+01  0.7034E+02
  27.292  0.1339E+01  0.7035E+02
  27.302  0.1290E+01  0.7036E+02
  27.312  0.1218E+01  0.7037E+02
  27.322  0.1128E+01  0.7039E+02
  27.332  0.1027E+01  0.7040E+02
  27.342  0.9246E+00  0.7041E+02
  27.352  0.8285E+00  0.7041E+02
  27.362  0.7471E+00  0.7042E+02
  27.372  0.6870E+00  0.7043E+02
  27.382  0.6523E+00  0.7043E+02
  27.392  0.6447E+00  0.7044E+02
  27.402  0.6631E+00  0.7045E+02
  27.412  0.7042E+00  0.7045E+02
  27.422  0.7629E+00  0.7046E+02
  27.432  0.8331E+00  0.7047E+02
  27.442  0.9084E+00  0.7048E+02
  27.452  0.9826E+00  0.7049E+02
  27.462  0.1051E+01  0.7050E+02
  27.472  0.1109E+01  0.7051E+02
  27.482  0.1157E+01  0.7052E+02
  27.492  0.1194E+01  0.7053E+02
  27.502  0.1224E+01  0.7055E+02
  27.512  0.1252E+01  0.7056E+02
  27.522  0.1285E+01  0.7057E+02
  27.532  0.1326E+01  0.7059E+02
  27.542  0.1379E+01  0.7060E+02
  27.552  0.1443E+01  0.7061E+02
  27.562  0.1515E+01  0.7063E+02
  27.572  0.1586E+01  0.7065E+02
  27.582  0.1650E+01  0.7066E+02
  27.592  0.1698E+01  0.7068E+02
  27.602  0.1723E+01  0.7070E+02
  27.612  0.1723E+01  0.7071E+02
  27.622  0.1699E+01  0.7073E+02
  27.632  0.1655E+01  0.7075E+02
  27.642  0.1594E+01  0.7076E+02
  27.652  0.1523E+01  0.7078E+02
  27.662  0.1448E+01  0.7079E+02
  27.672  0.1372E+01  0.7081E+02
  27.682  0.1298E+01  0.7082E+02
  27.692  0.1227E+01  0.7083E+02
  27.702  0.1162E+01  0.7084E+02
  27.712  0.1101E+01  0.7085E+02
  27.722  0.1045E+01  0.7086E+02
  27.732  0.9950E+00  0.7087E+02
  27.742  0.9503E+00  0.7088E+02
  27.752  0.9103E+00  0.7089E+02
  27.762  0.8743E+00  0.7090E+02
  27.772  0.8415E+00  0.7091E+02
  27.782  0.8117E+00  0.7092E+02
  27.792  0.7862E+00  0.7093E+02
  27.802  0.7672E+00  0.7093E+02
  27.812  0.7582E+00  0.7094E+02
  27.822  0.7631E+00  0.7095E+02
  27.832  0.7855E+00  0.7096E+02
  27.842  0.8270E+00  0.7096E+02
  27.852  0.8872E+00  0.7097E+02
  27.862  0.9630E+00  0.7098E+02
  27.872  0.1049E+01  0.7099E+02
  27.882  0.1137E+01  0.7101E+02
  27.892  0.1221E+01  0.7102E+02
  27.902  0.1293E+01  0.7103E+02
  27.912  0.1347E+01  0.7104E+02
  27.922  0.1377E+01  0.7106E+02
  27.932  0.1383E+01  0.7107E+02
  27.942  0.1363E+01  0.7109E+02
  27.952  0.1321E+01  0.7110E+02
  27.962  0.1259E+01  0.7111E+02
  27.972  0.1185E+01  0.7112E+02
  27.982  0.1103E+01  0.7113E+02
  27.992  0.1019E+01  0.7114E+02
  28.002  0.9387E+00  0.7115E+02
  28.012  0.8647E+00  0.7116E+02
  28.022  0.7993E+00  0.7117E+02
  28.032  0.7430E+00  0.7118E+02
  28.042  0.6960E+00  0.7118E+02
  28.052  0.6583E+00  0.7119E+02
  28.062  0.6303E+00  0.7120E+02
  28.072  0.6133E+00  0.7120E+02
  28.082  0.6088E+00  0.7121E+02
  28.092  0.6182E+00  0.7122E+02
  28.102  0.6424E+00  0.7122E+02
  28.112  0.6808E+00  0.7123E+02
  28.122  0.7312E+00  0.7124E+02
  28.132  0.7899E+00  0.7124E+02
  28.142  0.8511E+00  0.7125E+02
  28.152  0.9083E+00  0.7126E+02
  28.162  0.9550E+00  0.7127E+02
  28.172  0.9852E+00  0.7128E+02
  28.182  0.9953E+00  0.7129E+02
  28.192  0.9846E+00  0.7130E+02
  28.202  0.9556E+00  0.7131E+02
  28.212  0.9143E+00  0.7132E+02
  28.222  0.8696E+00  0.7133E+02
  28.232  0.8315E+00  0.7134E+02
  28.242  0.8099E+00  0.7134E+02
  28.252  0.8132E+00  0.7135E+02
  28.262  0.8461E+00  0.7136E+02
  28.272  0.9093E+00  0.7137E+02
  28.282  0.9986E+00  0.7138E+02
  28.292  0.1106E+01  0.7139E+02
  28.302  0.1218E+01  0.7140E+02
  28.312  0.1323E+01  0.7142E+02
  28.322  0.1407E+01  0.7143E+02
  28.332  0.1457E+01  0.7145E+02
  28.342  0.1467E+01  0.7146E+02
  28.352  0.1433E+01  0.7147E+02
  28.362  0.1359E+01  0.7149E+02
  28.372  0.1251E+01  0.7150E+02
  28.382  0.1120E+01  0.7151E+02
  28.392  0.9781E+00  0.7152E+02
  28.402  0.8368E+00  0.7153E+02
  28.412  0.7061E+00  0.7154E+02
  28.422  0.5927E+00  0.7154E+02
  28.432  0.5004E+00  0.7155E+02
  28.442  0.4299E+00  0.7155E+02
  28.452  0.3796E+00  0.7156E+02
  28.462  0.3464E+00  0.7156E+02
  28.472  0.3268E+00  0.7156E+02
  28.482  0.3175E+00  0.7157E+02
  28.492  0.3157E+00  0.7157E+02
  28.502  0.3196E+00  0.7157E+02
  28.512  0.3279E+00  0.7158E+02
  28.522  0.3401E+00  0.7158E+02
  28.532  0.3558E+00  0.7158E+02
  28.542  0.3749E+00  0.7159E+02
  28.552  0.3975E+00  0.7159E+02
  28.562  0.4237E+00  0.7159E+02
  28.572  0.4535E+00  0.7160E+02
  28.582  0.4874E+00  0.7160E+02
  28.592  0.5257E+00  0.7161E+02
  28.602  0.5684E+00  0.7161E+02
  28.612  0.6150E+00  0.7162E+02
  28.622  0.6644E+00  0.7163E+02
  28.632  0.7142E+00  0.7163E+02
  28.642  0.7616E+00  0.7164E+02
  28.652  0.8034E+00  0.7165E+02
  28.662  0.8368E+00  0.7166E+02
  28.672  0.8601E+00  0.7167E+02
  28.682  0.8733E+00  0.7168E+02
  28.692  0.8780E+00  0.7168E+02
  28.702  0.8772E+00  0.7169E+02
  28.712  0.8741E+00  0.7170E+02
  28.722  0.8718E+00  0.7171E+02
  28.732  0.8717E+00  0.7172E+02
  28.742  0.8738E+00  0.7173E+02
  28.752  0.8762E+00  0.7174E+02
  28.762  0.8764E+00  0.7175E+02
  28.772  0.8720E+00  0.7175E+02
  28.782  0.8614E+00  0.7176E+02
  28.792  0.8450E+00  0.7177E+02
  28.802  0.8245E+00  0.7178E+02
  28.812  0.8031E+00  0.7179E+02
  28.822  0.7843E+00  0.7180E+02
  28.832  0.7707E+00  0.7180E+02
  28.842  0.7636E+00  0.7181E+02
  28.852  0.7626E+00  0.7182E+02
  28.862  0.7653E+00  0.7183E+02
  28.872  0.7678E+00  0.7183E+02
  28.882  0.7662E+00  0.7184E+02
  28.892  0.7564E+00  0.7185E+02
  28.902  0.7358E+00  0.7186E+02
  28.912  0.7032E+00  0.7186E+02
  28.922  0.6594E+00  0.7187E+02
  28.932  0.6063E+00  0.7188E+02
  28.942  0.5470E+00  0.7188E+02
  28.952  0.4848E+00  0.7189E+02
  28.962  0.4230E+00  0.7189E+02
  28.972  0.3639E+00  0.7189E+02
  28.982  0.3092E+00  0.7190E+02
  28.992  0.2599E+00  0.7190E+02
  29.002  0.2162E+00  0.7190E+02
  29.012  0.1781E+00  0.7190E+02
  29.022  0.1452E+00  0.7191E+02
  29.032  0.1173E+00  0.7191E+02
  29.042  0.9388E-01  0.7191E+02
  29.052  0.7444E-01  0.7191E+02
  29.062  0.5851E-01  0.7191E+02
  29.072  0.4557E-01  0.7191E+02
  29.082  0.3512E-01  0.7191E+02
  29.092  0.2674E-01  0.7191E+02
  29.102  0.2007E-01  0.7191E+02
  29.112  0.1484E-01  0.7191E+02
  29.122  0.1086E-01  0.7191E+02
  29.132  0.7996E-02  0.7191E+02
  29.142  0.6159E-02  0.7191E+02
  29.152  0.5311E-02  0.7191E+02
  29.162  0.5452E-02  0.7191E+02
  29.172  0.6607E-02  0.7191E+02
  29.182  0.8810E-02  0.7191E+02
  29.192  0.1207E-01  0.7191E+02
  29.202  0.1633E-01  0.7191E+02
  29.212  0.2143E-01  0.7191E+02
  29.222  0.2706E-01  0.7191E+02
  29.232  0.3279E-01  0.7191E+02
  29.242  0.3808E-01  0.7191E+02
  29.252  0.4236E-01  0.7191E+02
  29.262  0.4514E-01  0.7191E+02
  29.272  0.4607E-01  0.7191E+02
  29.282  0.4504E-01  0.7191E+02
  29.292  0.4216E-01  0.7191E+02
  29.302  0.3780E-01  0.7192E+02
  29.312  0.3246E-01  0.7192E+02
  29.322  0.2670E-01  0.7192E+02
  29.332  0.2104E-01  0.7192E+02
  29.342  0.1591E-01  0.7192E+02
  29.352  0.1158E-01  0.7192E+02
  29.362  0.8204E-02  0.7192E+02
  29.372  0.5826E-02  0.7192E+02
  29.382  0.4456E-02  0.7192E+02
  29.392  0.4125E-02  0.7192E+02
  29.402  0.4933E-02  0.7192E+02
  29.412  0.7083E-02  0.7192E+02
  29.422  0.1089E-01  0.7192E+02
  29.432  0.1673E-01  0.7192E+02
  29.442  0.2500E-01  0.7192E+02
  29.452  0.3600E-01  0.7192E+02
  29.462  0.4979E-01  0.7192E+02
  29.472  0.6615E-01  0.7192E+02
  29.482  0.8448E-01  0.7192E+02
  29.492  0.1039E+00  0.7192E+02
  29.502  0.1233E+00  0.7192E+02
  29.512  0.1418E+00  0.7192E+02
  29.522  0.1588E+00  0.7192E+02
  29.532  0.1741E+00  0.7193E+02
  29.542  0.1884E+00  0.7193E+02
  29.552  0.2027E+00  0.7193E+02
  29.562  0.2180E+00  0.7193E+02
  29.572  0.2351E+00  0.7194E+02
  29.582  0.2541E+00  0.7194E+02
  29.592  0.2741E+00  0.7194E+02
  29.602  0.2933E+00  0.7194E+02
  29.612  0.3092E+00  0.7195E+02
  29.622  0.3194E+00  0.7195E+02
  29.632  0.3219E+00  0.7195E+02
  29.642  0.3158E+00  0.7196E+02
  29.652  0.3010E+00  0.7196E+02
  29.662  0.2788E+00  0.7196E+02
  29.672  0.2511E+00  0.7196E+02
  29.682  0.2201E+00  0.7197E+02
  29.692  0.1880E+00  0.7197E+02
  29.702  0.1567E+00  0.7197E+02
  29.712  0.1275E+00  0.7197E+02
  29.722  0.1013E+00  0.7197E+02
  29.732  0.7856E-01  0.7197E+02
  29.742  0.5940E-01  0.7197E+02
  29.752  0.4375E-01  0.7197E+02
  29.762  0.3135E-01  0.7197E+02
  29.772  0.2189E-01  0.7197E+02
  29.782  0.1501E-01  0.7197E+02
  29.792  0.1038E-01  0.7197E+02
  29.802  0.7721E-02  0.7197E+02
  29.812  0.6867E-02  0.7198E+02
  29.822  0.7803E-02  0.7198E+02
  29.832  0.1066E-01  0.7198E+02
  29.842  0.1568E-01  0.7198E+02
  29.852  0.2317E-01  0.7198E+02
  29.862  0.3334E-01  0.7198E+02
  29.872  0.4621E-01  0.7198E+02
  29.882  0.6147E-01  0.7198E+02
  29.892  0.7836E-01  0.7198E+02
  29.902  0.9569E-01  0.7198E+02
  29.912  0.1119E+00  0.7198E+02
  29.922  0.1254E+00  0.7198E+02
  29.932  0.1345E+00  0.7198E+02
  29.942  0.1382E+00  0.7198E+02
  29.952  0.1360E+00  0.7199E+02
  29.962  0.1281E+00  0.7199E+02
  29.972  0.1156E+00  0.7199E+02
  29.982  0.9994E-01  0.7199E+02
  29.992  0.8273E-01  0.7199E+02
  30.002  0.6558E-01  0.7199E+02
  30.012  0.4979E-01  0.7199E+02
  30.022  0.3620E-01  0.7199E+02
  30.032  0.2521E-01  0.7199E+02
  30.042  0.1681E-01  0.7199E+02
  30.052  0.1074E-01  0.7199E+02
  30.062  0.6568E-02  0.7199E+02
  30.072  0.3848E-02  0.7199E+02
  30.082  0.2159E-02  0.7199E+02
  30.092  0.1160E-02  0.7199E+02
  30.102  0.5968E-03  0.7199E+02
  30.112  0.2941E-03  0.7199E+02
  30.122  0.1388E-03  0.7199E+02
  30.132  0.6275E-04  0.7199E+02
  30.142  0.2716E-04  0.7199E+02
  30.152  0.1126E-04  0.7199E+02
  30.162  0.4471E-05  0.7199E+02
  30.172  0.1700E-05  0.7199E+02
  30.182  0.6191E-06  0.7199E+02
  30.192  0.2159E-06  0.7199E+02
  30.202  0.7221E-07  0.7199E+02
  30.212  0.2339E-07  0.7199E+02
  30.222  0.8186E-08  0.7199E+02
  30.232  0.5823E-08  0.7199E+02
  30.242  0.1262E-07  0.7199E+02
  30.252  0.3715E-07  0.7199E+02
  30.262  0.1089E-06  0.7199E+02
  30.272  0.3071E-06  0.7199E+02
  30.282  0.8292E-06  0.7199E+02
  30.292  0.2144E-05  0.7199E+02
  30.302  0.5311E-05  0.7199E+02
  30.312  0.1260E-04  0.7199E+02
  30.322  0.2862E-04  0.7199E+02
  30.332  0.6226E-04  0.7199E+02
  30.342  0.1297E-03  0.7199E+02
  30.352  0.2588E-03  0.7199E+02
  30.362  0.4946E-03  0.7199E+02
  30.372  0.9053E-03  0.7199E+02
  30.382  0.1587E-02  0.7199E+02
  30.392  0.2664E-02  0.7199E+02
  30.402  0.4282E-02  0.7199E+02
  30.412  0.6593E-02  0.7199E+02
  30.422  0.9721E-02  0.7199E+02
  30.432  0.1373E-01  0.7199E+02
  30.442  0.1857E-01  0.7199E+02
  30.452  0.2405E-01  0.7199E+02
  30.462  0.2983E-01  0.7199E+02
  30.472  0.3544E-01  0.7199E+02
  30.482  0.4032E-01  0.7199E+02
  30.492  0.4393E-01  0.7199E+02
  30.502  0.4584E-01  0.7199E+02
  30.512  0.4581E-01  0.7199E+02
  30.522  0.4385E-01  0.7200E+02
  30.532  0.4019E-01  0.7200E+02
  30.542  0.3528E-01  0.7200E+02
  30.552  0.2966E-01  0.7200E+02
  30.562  0.2388E-01  0.7200E+02
  30.572  0.1842E-01  0.7200E+02
  30.582  0.1360E-01  0.7200E+02
  30.592  0.9620E-02  0.7200E+02
  30.602  0.6516E-02  0.7200E+02
  30.612  0.4227E-02  0.7200E+02
  30.622  0.2626E-02  0.7200E+02
  30.632  0.1562E-02  0.7200E+02
  30.642  0.8903E-03  0.7200E+02
  30.652  0.4859E-03  0.7200E+02
  30.662  0.2539E-03  0.7200E+02
  30.672  0.1271E-03  0.7200E+02
  30.682  0.6093E-04  0.7200E+02
  30.692  0.2797E-04  0.7200E+02
  30.702  0.1230E-04  0.7200E+02
  30.712  0.5179E-05  0.7200E+02
  30.722  0.2088E-05  0.7200E+02
  30.732  0.8066E-06  0.7200E+02
  30.742  0.2983E-06  0.7200E+02
  30.752  0.1057E-06  0.7200E+02
  30.762  0.3585E-07  0.7200E+02
  30.772  0.1165E-07  0.7200E+02
  30.782  0.3624E-08  0.7200E+02
  30.792  0.1080E-08  0.7200E+02
  30.802  0.3082E-09  0.7200E+02
  30.812  0.8425E-10  0.7200E+02
  30.822  0.2205E-10  0.7200E+02
  30.832  0.5529E-11  0.7200E+02
  30.842  0.1333E-11  0.7200E+02
  30.852  0.3347E-12  0.7200E+02
  30.862  0.2019E-12  0.7200E+02
  30.872  0.6023E-12  0.7200E+02
  30.882  0.2461E-11  0.7200E+02
  30.892  0.9842E-11  0.7200E+02
  30.902  0.3773E-10  0.7200E+02
  30.912  0.1386E-09  0.7200E+02
  30.922  0.4872E-09  0.7200E+02
  30.932  0.1641E-08  0.7200E+02
  30.942  0.5293E-08  0.7200E+02
  30.952  0.1635E-07  0.7200E+02
  30.962  0.4837E-07  0.7200E+02
  30.972  0.1370E-06  0.7200E+02
  30.982  0.3718E-06  0.7200E+02
  30.992  0.9662E-06  0.7200E+02
  31.002  0.2405E-05  0.7200E+02
  31.012  0.5731E-05  0.7200E+02
  31.022  0.1308E-04  0.7200E+02
  31.032  0.2860E-04  0.7200E+02
  31.042  0.5988E-04  0.7200E+02
  31.052  0.1201E-03  0.7200E+02
  31.062  0.2305E-03  0.7200E+02
  31.072  0.4240E-03  0.7200E+02
  31.082  0.7467E-03  0.7200E+02
  31.092  0.1260E-02  0.7200E+02
  31.102  0.2035E-02  0.7200E+02
  31.112  0.3148E-02  0.7200E+02
  31.122  0.4664E-02  0.7200E+02
  31.132  0.6618E-02  0.7200E+02
  31.142  0.8994E-02  0.7200E+02
  31.152  0.1171E-01  0.7200E+02
  31.162  0.1459E-01  0.7200E+02
  31.172  0.1742E-01  0.7200E+02
  31.182  0.1991E-01  0.7200E+02
  31.192  0.2180E-01  0.7200E+02
  31.202  0.2286E-01  0.7200E+02
  31.212  0.2296E-01  0.7200E+02
  31.222  0.2208E-01  0.7200E+02
  31.232  0.2034E-01  0.7200E+02
  31.242  0.1794E-01  0.7200E+02
  31.252  0.1515E-01  0.7200E+02
  31.262  0.1226E-01  0.7200E+02
  31.272  0.9501E-02  0.7200E+02
  31.282  0.7050E-02  0.7200E+02
  31.292  0.5011E-02  0.7200E+02
  31.302  0.3410E-02  0.7200E+02
  31.312  0.2223E-02  0.7200E+02
  31.322  0.1388E-02  0.7200E+02
  31.332  0.8297E-03  0.7200E+02
  31.342  0.4751E-03  0.7200E+02
  31.352  0.2605E-03  0.7200E+02
  31.362  0.1368E-03  0.7200E+02
  31.372  0.6881E-04  0.7200E+02
  31.382  0.3315E-04  0.7200E+02
  31.392  0.1529E-04  0.7200E+02
  31.402  0.6756E-05  0.7200E+02
  31.412  0.2858E-05  0.7200E+02
