#  E (eV)   dos(E)     Int dos(E) EFermi =   10.108 eV
-112.797  0.4013E-02  0.4013E-04
-112.787  0.9497E-02  0.1351E-03
-112.777  0.2152E-01  0.3503E-03
-112.767  0.4671E-01  0.8174E-03
-112.757  0.9710E-01  0.1788E-02
-112.747  0.1933E+00  0.3721E-02
-112.737  0.3685E+00  0.7406E-02
-112.727  0.6728E+00  0.1413E-01
-112.717  0.1177E+01  0.2590E-01
-112.707  0.1970E+01  0.4560E-01
-112.697  0.3160E+01  0.7720E-01
-112.687  0.4854E+01  0.1257E+00
-112.677  0.7140E+01  0.1971E+00
-112.667  0.1006E+02  0.2977E+00
-112.657  0.1357E+02  0.4335E+00
-112.647  0.1754E+02  0.6089E+00
-112.637  0.2170E+02  0.8259E+00
-112.627  0.2572E+02  0.1083E+01
-112.617  0.2920E+02  0.1375E+01
-112.607  0.3174E+02  0.1692E+01
-112.597  0.3304E+02  0.2023E+01
-112.587  0.3294E+02  0.2352E+01
-112.577  0.3146E+02  0.2667E+01
-112.567  0.2877E+02  0.2954E+01
-112.557  0.2519E+02  0.3206E+01
-112.547  0.2113E+02  0.3418E+01
-112.537  0.1697E+02  0.3587E+01
-112.527  0.1306E+02  0.3718E+01
-112.517  0.9620E+01  0.3814E+01
-112.507  0.6788E+01  0.3882E+01
-112.497  0.4587E+01  0.3928E+01
-112.487  0.2969E+01  0.3958E+01
-112.477  0.1840E+01  0.3976E+01
-112.467  0.1092E+01  0.3987E+01
-112.457  0.6209E+00  0.3993E+01
-112.447  0.3380E+00  0.3997E+01
-112.437  0.1763E+00  0.3998E+01
-112.427  0.8801E-01  0.3999E+01
-112.417  0.4209E-01  0.4000E+01
-112.407  0.1928E-01  0.4000E+01
-112.397  0.8456E-02  0.4000E+01
-112.387  0.3552E-02  0.4000E+01
-112.377  0.1429E-02  0.4000E+01
-112.367  0.5506E-03  0.4000E+01
-112.357  0.2032E-03  0.4000E+01
-112.347  0.7180E-04  0.4000E+01
-112.337  0.2430E-04  0.4000E+01
-112.327  0.7877E-05  0.4000E+01
-112.317  0.2445E-05  0.4000E+01
-112.307  0.7269E-06  0.4000E+01
-112.297  0.2070E-06  0.4000E+01
-112.287  0.5644E-07  0.4000E+01
-112.277  0.1474E-07  0.4000E+01
-112.267  0.3686E-08  0.4000E+01
-112.257  0.8829E-09  0.4000E+01
-112.247  0.2025E-09  0.4000E+01
-112.237  0.4449E-10  0.4000E+01
-112.227  0.9361E-11  0.4000E+01
-112.217  0.1886E-11  0.4000E+01
-112.207  0.3640E-12  0.4000E+01
-112.197  0.6727E-13  0.4000E+01
-112.187  0.1191E-13  0.4000E+01
-112.177  0.2018E-14  0.4000E+01
-112.167  0.3276E-15  0.4000E+01
-112.157  0.5094E-16  0.4000E+01
-112.147  0.7585E-17  0.4000E+01
-112.137  0.1082E-17  0.4000E+01
-112.127  0.1477E-18  0.4000E+01
-112.117  0.1932E-19  0.4000E+01
-112.107  0.2420E-20  0.4000E+01
-112.097  0.2903E-21  0.4000E+01
-112.087  0.3335E-22  0.4000E+01
-112.077  0.3670E-23  0.4000E+01
-112.067  0.3867E-24  0.4000E+01
-112.057  0.3903E-25  0.4000E+01
-112.047  0.3772E-26  0.4000E+01
-112.037  0.3491E-27  0.4000E+01
-112.027  0.3095E-28  0.4000E+01
-112.017  0.2628E-29  0.4000E+01
-112.007  0.2136E-30  0.4000E+01
-111.997  0.1664E-31  0.4000E+01
-111.987  0.1241E-32  0.4000E+01
-111.977  0.8860E-34  0.4000E+01
-111.967  0.6061E-35  0.4000E+01
-111.957  0.3970E-36  0.4000E+01
-111.947  0.2491E-37  0.4000E+01
-111.937  0.1496E-38  0.4000E+01
-111.927  0.8611E-40  0.4000E+01
-111.917  0.4745E-41  0.4000E+01
-111.907  0.2504E-42  0.4000E+01
-111.897  0.1266E-43  0.4000E+01
-111.887  0.6127E-45  0.4000E+01
-111.877  0.2841E-46  0.4000E+01
-111.867  0.1261E-47  0.4000E+01
-111.857  0.5362E-49  0.4000E+01
-111.847  0.2184E-50  0.4000E+01
-111.837  0.8516E-52  0.4000E+01
-111.827  0.3181E-53  0.4000E+01
-111.817  0.1138E-54  0.4000E+01
-111.807  0.3898E-56  0.4000E+01
-111.797  0.1279E-57  0.4000E+01
-111.787  0.4018E-59  0.4000E+01
-111.777  0.1209E-60  0.4000E+01
-111.767  0.3485E-62  0.4000E+01
-111.757  0.9618E-64  0.4000E+01
-111.747  0.2542E-65  0.4000E+01
-111.737  0.6436E-67  0.4000E+01
-111.727  0.1560E-68  0.4000E+01
-111.717  0.3623E-70  0.4000E+01
-111.707  0.8056E-72  0.4000E+01
-111.697  0.1716E-73  0.4000E+01
-111.687  0.3499E-75  0.4000E+01
-111.677  0.6835E-77  0.4000E+01
-111.667  0.1279E-78  0.4000E+01
-111.657  0.2291E-80  0.4000E+01
-111.647  0.4008E-82  0.4000E+01
-111.637  0.1426E-83  0.4000E+01
-111.627  0.8264E-84  0.4000E+01
-111.617  0.8264E-84  0.4000E+01
-111.607  0.8264E-84  0.4000E+01
-111.597  0.8264E-84  0.4000E+01
-111.587  0.8264E-84  0.4000E+01
-111.577  0.8264E-84  0.4000E+01
-111.567  0.8264E-84  0.4000E+01
-111.557  0.8264E-84  0.4000E+01
-111.547  0.8264E-84  0.4000E+01
-111.537  0.8264E-84  0.4000E+01
-111.527  0.8264E-84  0.4000E+01
-111.517  0.8264E-84  0.4000E+01
-111.507  0.8264E-84  0.4000E+01
-111.497  0.8264E-84  0.4000E+01
-111.487  0.8264E-84  0.4000E+01
-111.477  0.8264E-84  0.4000E+01
-111.467  0.8264E-84  0.4000E+01
-111.457  0.8264E-84  0.4000E+01
-111.447  0.8264E-84  0.4000E+01
-111.437  0.8264E-84  0.4000E+01
-111.427  0.8264E-84  0.4000E+01
-111.417  0.8264E-84  0.4000E+01
-111.407  0.8264E-84  0.4000E+01
-111.397  0.8264E-84  0.4000E+01
-111.387  0.8264E-84  0.4000E+01
-111.377  0.8264E-84  0.4000E+01
-111.367  0.8264E-84  0.4000E+01
-111.357  0.8264E-84  0.4000E+01
-111.347  0.8264E-84  0.4000E+01
-111.337  0.8264E-84  0.4000E+01
-111.327  0.8264E-84  0.4000E+01
-111.317  0.8264E-84  0.4000E+01
-111.307  0.8264E-84  0.4000E+01
-111.297  0.8264E-84  0.4000E+01
-111.287  0.8264E-84  0.4000E+01
-111.277  0.8264E-84  0.4000E+01
-111.267  0.8264E-84  0.4000E+01
-111.257  0.8264E-84  0.4000E+01
-111.247  0.8264E-84  0.4000E+01
-111.237  0.8264E-84  0.4000E+01
-111.227  0.8264E-84  0.4000E+01
-111.217  0.8264E-84  0.4000E+01
-111.207  0.8264E-84  0.4000E+01
-111.197  0.8264E-84  0.4000E+01
-111.187  0.8264E-84  0.4000E+01
-111.177  0.8264E-84  0.4000E+01
-111.167  0.8264E-84  0.4000E+01
-111.157  0.8264E-84  0.4000E+01
-111.147  0.8264E-84  0.4000E+01
-111.137  0.8264E-84  0.4000E+01
-111.127  0.8264E-84  0.4000E+01
-111.117  0.8264E-84  0.4000E+01
-111.107  0.8264E-84  0.4000E+01
-111.097  0.8264E-84  0.4000E+01
-111.087  0.8264E-84  0.4000E+01
-111.077  0.8264E-84  0.4000E+01
-111.067  0.8264E-84  0.4000E+01
-111.057  0.8264E-84  0.4000E+01
-111.047  0.8264E-84  0.4000E+01
-111.037  0.8264E-84  0.4000E+01
-111.027  0.8264E-84  0.4000E+01
-111.017  0.8264E-84  0.4000E+01
-111.007  0.8264E-84  0.4000E+01
-110.997  0.8264E-84  0.4000E+01
-110.987  0.8264E-84  0.4000E+01
-110.977  0.8264E-84  0.4000E+01
-110.967  0.8264E-84  0.4000E+01
-110.957  0.8264E-84  0.4000E+01
-110.947  0.8264E-84  0.4000E+01
-110.937  0.8264E-84  0.4000E+01
-110.927  0.8264E-84  0.4000E+01
-110.917  0.8264E-84  0.4000E+01
-110.907  0.8264E-84  0.4000E+01
-110.897  0.8264E-84  0.4000E+01
-110.887  0.8264E-84  0.4000E+01
-110.877  0.8264E-84  0.4000E+01
-110.867  0.8264E-84  0.4000E+01
-110.857  0.8264E-84  0.4000E+01
-110.847  0.8264E-84  0.4000E+01
-110.837  0.8264E-84  0.4000E+01
-110.827  0.8264E-84  0.4000E+01
-110.817  0.8264E-84  0.4000E+01
-110.807  0.8264E-84  0.4000E+01
-110.797  0.8264E-84  0.4000E+01
-110.787  0.8264E-84  0.4000E+01
-110.777  0.8264E-84  0.4000E+01
-110.767  0.8264E-84  0.4000E+01
-110.757  0.8264E-84  0.4000E+01
-110.747  0.8264E-84  0.4000E+01
-110.737  0.8264E-84  0.4000E+01
-110.727  0.8264E-84  0.4000E+01
-110.717  0.8264E-84  0.4000E+01
-110.707  0.8264E-84  0.4000E+01
-110.697  0.8264E-84  0.4000E+01
-110.687  0.8264E-84  0.4000E+01
-110.677  0.8264E-84  0.4000E+01
-110.667  0.8264E-84  0.4000E+01
-110.657  0.8264E-84  0.4000E+01
-110.647  0.8264E-84  0.4000E+01
-110.637  0.8264E-84  0.4000E+01
-110.627  0.8264E-84  0.4000E+01
-110.617  0.8264E-84  0.4000E+01
-110.607  0.8264E-84  0.4000E+01
-110.597  0.8264E-84  0.4000E+01
-110.587  0.8264E-84  0.4000E+01
-110.577  0.8264E-84  0.4000E+01
-110.567  0.8264E-84  0.4000E+01
-110.557  0.8264E-84  0.4000E+01
-110.547  0.8264E-84  0.4000E+01
-110.537  0.8264E-84  0.4000E+01
-110.527  0.8264E-84  0.4000E+01
-110.517  0.8264E-84  0.4000E+01
-110.507  0.8264E-84  0.4000E+01
-110.497  0.8264E-84  0.4000E+01
-110.487  0.8264E-84  0.4000E+01
-110.477  0.8264E-84  0.4000E+01
-110.467  0.8264E-84  0.4000E+01
-110.457  0.8264E-84  0.4000E+01
-110.447  0.8264E-84  0.4000E+01
-110.437  0.8264E-84  0.4000E+01
-110.427  0.8264E-84  0.4000E+01
-110.417  0.8264E-84  0.4000E+01
-110.407  0.8264E-84  0.4000E+01
-110.397  0.8264E-84  0.4000E+01
-110.387  0.8264E-84  0.4000E+01
-110.377  0.8264E-84  0.4000E+01
-110.367  0.8264E-84  0.4000E+01
-110.357  0.8264E-84  0.4000E+01
-110.347  0.8264E-84  0.4000E+01
-110.337  0.8264E-84  0.4000E+01
-110.327  0.8264E-84  0.4000E+01
-110.317  0.8264E-84  0.4000E+01
-110.307  0.8264E-84  0.4000E+01
-110.297  0.8264E-84  0.4000E+01
-110.287  0.8264E-84  0.4000E+01
-110.277  0.8264E-84  0.4000E+01
-110.267  0.8264E-84  0.4000E+01
-110.257  0.8264E-84  0.4000E+01
-110.247  0.8264E-84  0.4000E+01
-110.237  0.8264E-84  0.4000E+01
-110.227  0.8264E-84  0.4000E+01
-110.217  0.8264E-84  0.4000E+01
-110.207  0.8264E-84  0.4000E+01
-110.197  0.8264E-84  0.4000E+01
-110.187  0.8264E-84  0.4000E+01
-110.177  0.8264E-84  0.4000E+01
-110.167  0.8264E-84  0.4000E+01
-110.157  0.8264E-84  0.4000E+01
-110.147  0.8264E-84  0.4000E+01
-110.137  0.8264E-84  0.4000E+01
-110.127  0.8264E-84  0.4000E+01
-110.117  0.8264E-84  0.4000E+01
-110.107  0.8264E-84  0.4000E+01
-110.097  0.8264E-84  0.4000E+01
-110.087  0.8264E-84  0.4000E+01
-110.077  0.8264E-84  0.4000E+01
-110.067  0.8264E-84  0.4000E+01
-110.057  0.8264E-84  0.4000E+01
-110.047  0.8264E-84  0.4000E+01
-110.037  0.8264E-84  0.4000E+01
-110.027  0.8264E-84  0.4000E+01
-110.017  0.8264E-84  0.4000E+01
-110.007  0.8264E-84  0.4000E+01
-109.997  0.8264E-84  0.4000E+01
-109.987  0.8264E-84  0.4000E+01
-109.977  0.8264E-84  0.4000E+01
-109.967  0.8264E-84  0.4000E+01
-109.957  0.8264E-84  0.4000E+01
-109.947  0.8264E-84  0.4000E+01
-109.937  0.8264E-84  0.4000E+01
-109.927  0.8264E-84  0.4000E+01
-109.917  0.8264E-84  0.4000E+01
-109.907  0.8264E-84  0.4000E+01
-109.897  0.8264E-84  0.4000E+01
-109.887  0.8264E-84  0.4000E+01
-109.877  0.8264E-84  0.4000E+01
-109.867  0.8264E-84  0.4000E+01
-109.857  0.8264E-84  0.4000E+01
-109.847  0.8264E-84  0.4000E+01
-109.837  0.8264E-84  0.4000E+01
-109.827  0.8264E-84  0.4000E+01
-109.817  0.8264E-84  0.4000E+01
-109.807  0.8264E-84  0.4000E+01
-109.797  0.8264E-84  0.4000E+01
-109.787  0.8264E-84  0.4000E+01
-109.777  0.8264E-84  0.4000E+01
-109.767  0.8264E-84  0.4000E+01
-109.757  0.8264E-84  0.4000E+01
-109.747  0.8264E-84  0.4000E+01
-109.737  0.8264E-84  0.4000E+01
-109.727  0.8264E-84  0.4000E+01
-109.717  0.8264E-84  0.4000E+01
-109.707  0.8264E-84  0.4000E+01
-109.697  0.8264E-84  0.4000E+01
-109.687  0.8264E-84  0.4000E+01
-109.677  0.8264E-84  0.4000E+01
-109.667  0.8264E-84  0.4000E+01
-109.657  0.8264E-84  0.4000E+01
-109.647  0.8264E-84  0.4000E+01
-109.637  0.8264E-84  0.4000E+01
-109.627  0.8264E-84  0.4000E+01
-109.617  0.8264E-84  0.4000E+01
-109.607  0.8264E-84  0.4000E+01
-109.597  0.8264E-84  0.4000E+01
-109.587  0.8264E-84  0.4000E+01
-109.577  0.8264E-84  0.4000E+01
-109.567  0.8264E-84  0.4000E+01
-109.557  0.8264E-84  0.4000E+01
-109.547  0.8264E-84  0.4000E+01
-109.537  0.8264E-84  0.4000E+01
-109.527  0.8264E-84  0.4000E+01
-109.517  0.8264E-84  0.4000E+01
-109.507  0.8264E-84  0.4000E+01
-109.497  0.8264E-84  0.4000E+01
-109.487  0.8264E-84  0.4000E+01
-109.477  0.8264E-84  0.4000E+01
-109.467  0.8264E-84  0.4000E+01
-109.457  0.8264E-84  0.4000E+01
-109.447  0.8264E-84  0.4000E+01
-109.437  0.8264E-84  0.4000E+01
-109.427  0.8264E-84  0.4000E+01
-109.417  0.8264E-84  0.4000E+01
-109.407  0.8264E-84  0.4000E+01
-109.397  0.8264E-84  0.4000E+01
-109.387  0.8264E-84  0.4000E+01
-109.377  0.8264E-84  0.4000E+01
-109.367  0.8264E-84  0.4000E+01
-109.357  0.8264E-84  0.4000E+01
-109.347  0.8264E-84  0.4000E+01
-109.337  0.8264E-84  0.4000E+01
-109.327  0.8264E-84  0.4000E+01
-109.317  0.8264E-84  0.4000E+01
-109.307  0.8264E-84  0.4000E+01
-109.297  0.8264E-84  0.4000E+01
-109.287  0.8264E-84  0.4000E+01
-109.277  0.8264E-84  0.4000E+01
-109.267  0.8264E-84  0.4000E+01
-109.257  0.8264E-84  0.4000E+01
-109.247  0.8264E-84  0.4000E+01
-109.237  0.8264E-84  0.4000E+01
-109.227  0.8264E-84  0.4000E+01
-109.217  0.8264E-84  0.4000E+01
-109.207  0.8264E-84  0.4000E+01
-109.197  0.8264E-84  0.4000E+01
-109.187  0.8264E-84  0.4000E+01
-109.177  0.8264E-84  0.4000E+01
-109.167  0.8264E-84  0.4000E+01
-109.157  0.8264E-84  0.4000E+01
-109.147  0.8264E-84  0.4000E+01
-109.137  0.8264E-84  0.4000E+01
-109.127  0.8264E-84  0.4000E+01
-109.117  0.8264E-84  0.4000E+01
-109.107  0.8264E-84  0.4000E+01
-109.097  0.8264E-84  0.4000E+01
-109.087  0.8264E-84  0.4000E+01
-109.077  0.8264E-84  0.4000E+01
-109.067  0.8264E-84  0.4000E+01
-109.057  0.8264E-84  0.4000E+01
-109.047  0.8264E-84  0.4000E+01
-109.037  0.8264E-84  0.4000E+01
-109.027  0.8264E-84  0.4000E+01
-109.017  0.8264E-84  0.4000E+01
-109.007  0.8264E-84  0.4000E+01
-108.997  0.8264E-84  0.4000E+01
-108.987  0.8264E-84  0.4000E+01
-108.977  0.8264E-84  0.4000E+01
-108.967  0.8264E-84  0.4000E+01
-108.957  0.8264E-84  0.4000E+01
-108.947  0.8264E-84  0.4000E+01
-108.937  0.8264E-84  0.4000E+01
-108.927  0.8264E-84  0.4000E+01
-108.917  0.8264E-84  0.4000E+01
-108.907  0.8264E-84  0.4000E+01
-108.897  0.8264E-84  0.4000E+01
-108.887  0.8264E-84  0.4000E+01
-108.877  0.8264E-84  0.4000E+01
-108.867  0.8264E-84  0.4000E+01
-108.857  0.8264E-84  0.4000E+01
-108.847  0.8264E-84  0.4000E+01
-108.837  0.8264E-84  0.4000E+01
-108.827  0.8264E-84  0.4000E+01
-108.817  0.8264E-84  0.4000E+01
-108.807  0.8264E-84  0.4000E+01
-108.797  0.8264E-84  0.4000E+01
-108.787  0.8264E-84  0.4000E+01
-108.777  0.8264E-84  0.4000E+01
-108.767  0.8264E-84  0.4000E+01
-108.757  0.8264E-84  0.4000E+01
-108.747  0.8264E-84  0.4000E+01
-108.737  0.8264E-84  0.4000E+01
-108.727  0.8264E-84  0.4000E+01
-108.717  0.8264E-84  0.4000E+01
-108.707  0.8264E-84  0.4000E+01
-108.697  0.8264E-84  0.4000E+01
-108.687  0.8264E-84  0.4000E+01
-108.677  0.8264E-84  0.4000E+01
-108.667  0.8264E-84  0.4000E+01
-108.657  0.8264E-84  0.4000E+01
-108.647  0.8264E-84  0.4000E+01
-108.637  0.8264E-84  0.4000E+01
-108.627  0.8264E-84  0.4000E+01
-108.617  0.8264E-84  0.4000E+01
-108.607  0.8264E-84  0.4000E+01
-108.597  0.8264E-84  0.4000E+01
-108.587  0.8264E-84  0.4000E+01
-108.577  0.8264E-84  0.4000E+01
-108.567  0.8264E-84  0.4000E+01
-108.557  0.8264E-84  0.4000E+01
-108.547  0.8264E-84  0.4000E+01
-108.537  0.8264E-84  0.4000E+01
-108.527  0.8264E-84  0.4000E+01
-108.517  0.8264E-84  0.4000E+01
-108.507  0.8264E-84  0.4000E+01
-108.497  0.8264E-84  0.4000E+01
-108.487  0.8264E-84  0.4000E+01
-108.477  0.8264E-84  0.4000E+01
-108.467  0.8264E-84  0.4000E+01
-108.457  0.8264E-84  0.4000E+01
-108.447  0.8264E-84  0.4000E+01
-108.437  0.8264E-84  0.4000E+01
-108.427  0.8264E-84  0.4000E+01
-108.417  0.8264E-84  0.4000E+01
-108.407  0.8264E-84  0.4000E+01
-108.397  0.8264E-84  0.4000E+01
-108.387  0.8264E-84  0.4000E+01
-108.377  0.8264E-84  0.4000E+01
-108.367  0.8264E-84  0.4000E+01
-108.357  0.8264E-84  0.4000E+01
-108.347  0.8264E-84  0.4000E+01
-108.337  0.8264E-84  0.4000E+01
-108.327  0.8264E-84  0.4000E+01
-108.317  0.8264E-84  0.4000E+01
-108.307  0.8264E-84  0.4000E+01
-108.297  0.8264E-84  0.4000E+01
-108.287  0.8264E-84  0.4000E+01
-108.277  0.8264E-84  0.4000E+01
-108.267  0.8264E-84  0.4000E+01
-108.257  0.8264E-84  0.4000E+01
-108.247  0.8264E-84  0.4000E+01
-108.237  0.8264E-84  0.4000E+01
-108.227  0.8264E-84  0.4000E+01
-108.217  0.8264E-84  0.4000E+01
-108.207  0.8264E-84  0.4000E+01
-108.197  0.8264E-84  0.4000E+01
-108.187  0.8264E-84  0.4000E+01
-108.177  0.8264E-84  0.4000E+01
-108.167  0.8264E-84  0.4000E+01
-108.157  0.8264E-84  0.4000E+01
-108.147  0.8264E-84  0.4000E+01
-108.137  0.8264E-84  0.4000E+01
-108.127  0.8264E-84  0.4000E+01
-108.117  0.8264E-84  0.4000E+01
-108.107  0.8264E-84  0.4000E+01
-108.097  0.8264E-84  0.4000E+01
-108.087  0.8264E-84  0.4000E+01
-108.077  0.8264E-84  0.4000E+01
-108.067  0.8264E-84  0.4000E+01
-108.057  0.8264E-84  0.4000E+01
-108.047  0.8264E-84  0.4000E+01
-108.037  0.8264E-84  0.4000E+01
-108.027  0.8264E-84  0.4000E+01
-108.017  0.8264E-84  0.4000E+01
-108.007  0.8264E-84  0.4000E+01
-107.997  0.8264E-84  0.4000E+01
-107.987  0.8264E-84  0.4000E+01
-107.977  0.8264E-84  0.4000E+01
-107.967  0.8264E-84  0.4000E+01
-107.957  0.8264E-84  0.4000E+01
-107.947  0.8264E-84  0.4000E+01
-107.937  0.8264E-84  0.4000E+01
-107.927  0.8264E-84  0.4000E+01
-107.917  0.8264E-84  0.4000E+01
-107.907  0.8264E-84  0.4000E+01
-107.897  0.8264E-84  0.4000E+01
-107.887  0.8264E-84  0.4000E+01
-107.877  0.8264E-84  0.4000E+01
-107.867  0.8264E-84  0.4000E+01
-107.857  0.8264E-84  0.4000E+01
-107.847  0.8264E-84  0.4000E+01
-107.837  0.8264E-84  0.4000E+01
-107.827  0.8264E-84  0.4000E+01
-107.817  0.8264E-84  0.4000E+01
-107.807  0.8264E-84  0.4000E+01
-107.797  0.8264E-84  0.4000E+01
-107.787  0.8264E-84  0.4000E+01
-107.777  0.8264E-84  0.4000E+01
-107.767  0.8264E-84  0.4000E+01
-107.757  0.8264E-84  0.4000E+01
-107.747  0.8264E-84  0.4000E+01
-107.737  0.8264E-84  0.4000E+01
-107.727  0.8264E-84  0.4000E+01
-107.717  0.8264E-84  0.4000E+01
-107.707  0.8264E-84  0.4000E+01
-107.697  0.8264E-84  0.4000E+01
-107.687  0.8264E-84  0.4000E+01
-107.677  0.8264E-84  0.4000E+01
-107.667  0.8264E-84  0.4000E+01
-107.657  0.8264E-84  0.4000E+01
-107.647  0.8264E-84  0.4000E+01
-107.637  0.8264E-84  0.4000E+01
-107.627  0.8264E-84  0.4000E+01
-107.617  0.8264E-84  0.4000E+01
-107.607  0.8264E-84  0.4000E+01
-107.597  0.8264E-84  0.4000E+01
-107.587  0.8264E-84  0.4000E+01
-107.577  0.8264E-84  0.4000E+01
-107.567  0.8264E-84  0.4000E+01
-107.557  0.8264E-84  0.4000E+01
-107.547  0.8264E-84  0.4000E+01
-107.537  0.8264E-84  0.4000E+01
-107.527  0.8264E-84  0.4000E+01
-107.517  0.8264E-84  0.4000E+01
-107.507  0.8264E-84  0.4000E+01
-107.497  0.8264E-84  0.4000E+01
-107.487  0.8264E-84  0.4000E+01
-107.477  0.8264E-84  0.4000E+01
-107.467  0.8264E-84  0.4000E+01
-107.457  0.8264E-84  0.4000E+01
-107.447  0.8264E-84  0.4000E+01
-107.437  0.8264E-84  0.4000E+01
-107.427  0.8264E-84  0.4000E+01
-107.417  0.8264E-84  0.4000E+01
-107.407  0.8264E-84  0.4000E+01
-107.397  0.8264E-84  0.4000E+01
-107.387  0.8264E-84  0.4000E+01
-107.377  0.8264E-84  0.4000E+01
-107.367  0.8264E-84  0.4000E+01
-107.357  0.8264E-84  0.4000E+01
-107.347  0.8264E-84  0.4000E+01
-107.337  0.8264E-84  0.4000E+01
-107.327  0.8264E-84  0.4000E+01
-107.317  0.8264E-84  0.4000E+01
-107.307  0.8264E-84  0.4000E+01
-107.297  0.8264E-84  0.4000E+01
-107.287  0.8264E-84  0.4000E+01
-107.277  0.8264E-84  0.4000E+01
-107.267  0.8264E-84  0.4000E+01
-107.257  0.8264E-84  0.4000E+01
-107.247  0.8264E-84  0.4000E+01
-107.237  0.8264E-84  0.4000E+01
-107.227  0.8264E-84  0.4000E+01
-107.217  0.8264E-84  0.4000E+01
-107.207  0.8264E-84  0.4000E+01
-107.197  0.8264E-84  0.4000E+01
-107.187  0.8264E-84  0.4000E+01
-107.177  0.8264E-84  0.4000E+01
-107.167  0.8264E-84  0.4000E+01
-107.157  0.8264E-84  0.4000E+01
-107.147  0.8264E-84  0.4000E+01
-107.137  0.8264E-84  0.4000E+01
-107.127  0.8264E-84  0.4000E+01
-107.117  0.8264E-84  0.4000E+01
-107.107  0.8264E-84  0.4000E+01
-107.097  0.8264E-84  0.4000E+01
-107.087  0.8264E-84  0.4000E+01
-107.077  0.8264E-84  0.4000E+01
-107.067  0.8264E-84  0.4000E+01
-107.057  0.8264E-84  0.4000E+01
-107.047  0.8264E-84  0.4000E+01
-107.037  0.8264E-84  0.4000E+01
-107.027  0.8264E-84  0.4000E+01
-107.017  0.8264E-84  0.4000E+01
-107.007  0.8264E-84  0.4000E+01
-106.997  0.8264E-84  0.4000E+01
-106.987  0.8264E-84  0.4000E+01
-106.977  0.8264E-84  0.4000E+01
-106.967  0.8264E-84  0.4000E+01
-106.957  0.8264E-84  0.4000E+01
-106.947  0.8264E-84  0.4000E+01
-106.937  0.8264E-84  0.4000E+01
-106.927  0.8264E-84  0.4000E+01
-106.917  0.8264E-84  0.4000E+01
-106.907  0.8264E-84  0.4000E+01
-106.897  0.8264E-84  0.4000E+01
-106.887  0.8264E-84  0.4000E+01
-106.877  0.8264E-84  0.4000E+01
-106.867  0.8264E-84  0.4000E+01
-106.857  0.8264E-84  0.4000E+01
-106.847  0.8264E-84  0.4000E+01
-106.837  0.8264E-84  0.4000E+01
-106.827  0.8264E-84  0.4000E+01
-106.817  0.8264E-84  0.4000E+01
-106.807  0.8264E-84  0.4000E+01
-106.797  0.8264E-84  0.4000E+01
-106.787  0.8264E-84  0.4000E+01
-106.777  0.8264E-84  0.4000E+01
-106.767  0.8264E-84  0.4000E+01
-106.757  0.8264E-84  0.4000E+01
-106.747  0.8264E-84  0.4000E+01
-106.737  0.8264E-84  0.4000E+01
-106.727  0.8264E-84  0.4000E+01
-106.717  0.8264E-84  0.4000E+01
-106.707  0.8264E-84  0.4000E+01
-106.697  0.8264E-84  0.4000E+01
-106.687  0.8264E-84  0.4000E+01
-106.677  0.8264E-84  0.4000E+01
-106.667  0.8264E-84  0.4000E+01
-106.657  0.8264E-84  0.4000E+01
-106.647  0.8264E-84  0.4000E+01
-106.637  0.8264E-84  0.4000E+01
-106.627  0.8264E-84  0.4000E+01
-106.617  0.8264E-84  0.4000E+01
-106.607  0.8264E-84  0.4000E+01
-106.597  0.8264E-84  0.4000E+01
-106.587  0.8264E-84  0.4000E+01
-106.577  0.8264E-84  0.4000E+01
-106.567  0.8264E-84  0.4000E+01
-106.557  0.8264E-84  0.4000E+01
-106.547  0.8264E-84  0.4000E+01
-106.537  0.8264E-84  0.4000E+01
-106.527  0.8264E-84  0.4000E+01
-106.517  0.8264E-84  0.4000E+01
-106.507  0.8264E-84  0.4000E+01
-106.497  0.8264E-84  0.4000E+01
-106.487  0.8264E-84  0.4000E+01
-106.477  0.8264E-84  0.4000E+01
-106.467  0.8264E-84  0.4000E+01
-106.457  0.8264E-84  0.4000E+01
-106.447  0.8264E-84  0.4000E+01
-106.437  0.8264E-84  0.4000E+01
-106.427  0.8264E-84  0.4000E+01
-106.417  0.8264E-84  0.4000E+01
-106.407  0.8264E-84  0.4000E+01
-106.397  0.8264E-84  0.4000E+01
-106.387  0.8264E-84  0.4000E+01
-106.377  0.8264E-84  0.4000E+01
-106.367  0.8264E-84  0.4000E+01
-106.357  0.8264E-84  0.4000E+01
-106.347  0.8264E-84  0.4000E+01
-106.337  0.8264E-84  0.4000E+01
-106.327  0.8264E-84  0.4000E+01
-106.317  0.8264E-84  0.4000E+01
-106.307  0.8264E-84  0.4000E+01
-106.297  0.8264E-84  0.4000E+01
-106.287  0.8264E-84  0.4000E+01
-106.277  0.8264E-84  0.4000E+01
-106.267  0.8264E-84  0.4000E+01
-106.257  0.8264E-84  0.4000E+01
-106.247  0.8264E-84  0.4000E+01
-106.237  0.8264E-84  0.4000E+01
-106.227  0.8264E-84  0.4000E+01
-106.217  0.8264E-84  0.4000E+01
-106.207  0.8264E-84  0.4000E+01
-106.197  0.8264E-84  0.4000E+01
-106.187  0.8264E-84  0.4000E+01
-106.177  0.8264E-84  0.4000E+01
-106.167  0.8264E-84  0.4000E+01
-106.157  0.8264E-84  0.4000E+01
-106.147  0.8264E-84  0.4000E+01
-106.137  0.8264E-84  0.4000E+01
-106.127  0.8264E-84  0.4000E+01
-106.117  0.8264E-84  0.4000E+01
-106.107  0.8264E-84  0.4000E+01
-106.097  0.8264E-84  0.4000E+01
-106.087  0.8264E-84  0.4000E+01
-106.077  0.8264E-84  0.4000E+01
-106.067  0.8264E-84  0.4000E+01
-106.057  0.8264E-84  0.4000E+01
-106.047  0.8264E-84  0.4000E+01
-106.037  0.8264E-84  0.4000E+01
-106.027  0.8264E-84  0.4000E+01
-106.017  0.8264E-84  0.4000E+01
-106.007  0.8264E-84  0.4000E+01
-105.997  0.8264E-84  0.4000E+01
-105.987  0.8264E-84  0.4000E+01
-105.977  0.8264E-84  0.4000E+01
-105.967  0.8264E-84  0.4000E+01
-105.957  0.8264E-84  0.4000E+01
-105.947  0.8264E-84  0.4000E+01
-105.937  0.8264E-84  0.4000E+01
-105.927  0.8264E-84  0.4000E+01
-105.917  0.8264E-84  0.4000E+01
-105.907  0.8264E-84  0.4000E+01
-105.897  0.8264E-84  0.4000E+01
-105.887  0.8264E-84  0.4000E+01
-105.877  0.8264E-84  0.4000E+01
-105.867  0.8264E-84  0.4000E+01
-105.857  0.8264E-84  0.4000E+01
-105.847  0.8264E-84  0.4000E+01
-105.837  0.8264E-84  0.4000E+01
-105.827  0.8264E-84  0.4000E+01
-105.817  0.8264E-84  0.4000E+01
-105.807  0.8264E-84  0.4000E+01
-105.797  0.8264E-84  0.4000E+01
-105.787  0.8264E-84  0.4000E+01
-105.777  0.8264E-84  0.4000E+01
-105.767  0.8264E-84  0.4000E+01
-105.757  0.8264E-84  0.4000E+01
-105.747  0.8264E-84  0.4000E+01
-105.737  0.8264E-84  0.4000E+01
-105.727  0.8264E-84  0.4000E+01
-105.717  0.8264E-84  0.4000E+01
-105.707  0.8264E-84  0.4000E+01
-105.697  0.8264E-84  0.4000E+01
-105.687  0.8264E-84  0.4000E+01
-105.677  0.8264E-84  0.4000E+01
-105.667  0.8264E-84  0.4000E+01
-105.657  0.8264E-84  0.4000E+01
-105.647  0.8264E-84  0.4000E+01
-105.637  0.8264E-84  0.4000E+01
-105.627  0.8264E-84  0.4000E+01
-105.617  0.8264E-84  0.4000E+01
-105.607  0.8264E-84  0.4000E+01
-105.597  0.8264E-84  0.4000E+01
-105.587  0.8264E-84  0.4000E+01
-105.577  0.8264E-84  0.4000E+01
-105.567  0.8264E-84  0.4000E+01
-105.557  0.8264E-84  0.4000E+01
-105.547  0.8264E-84  0.4000E+01
-105.537  0.8264E-84  0.4000E+01
-105.527  0.8264E-84  0.4000E+01
-105.517  0.8264E-84  0.4000E+01
-105.507  0.8264E-84  0.4000E+01
-105.497  0.8264E-84  0.4000E+01
-105.487  0.8264E-84  0.4000E+01
-105.477  0.8264E-84  0.4000E+01
-105.467  0.8264E-84  0.4000E+01
-105.457  0.8264E-84  0.4000E+01
-105.447  0.8264E-84  0.4000E+01
-105.437  0.8264E-84  0.4000E+01
-105.427  0.8264E-84  0.4000E+01
-105.417  0.8264E-84  0.4000E+01
-105.407  0.8264E-84  0.4000E+01
-105.397  0.8264E-84  0.4000E+01
-105.387  0.8264E-84  0.4000E+01
-105.377  0.8264E-84  0.4000E+01
-105.367  0.8264E-84  0.4000E+01
-105.357  0.8264E-84  0.4000E+01
-105.347  0.8264E-84  0.4000E+01
-105.337  0.8264E-84  0.4000E+01
-105.327  0.8264E-84  0.4000E+01
-105.317  0.8264E-84  0.4000E+01
-105.307  0.8264E-84  0.4000E+01
-105.297  0.8264E-84  0.4000E+01
-105.287  0.8264E-84  0.4000E+01
-105.277  0.8264E-84  0.4000E+01
-105.267  0.8264E-84  0.4000E+01
-105.257  0.8264E-84  0.4000E+01
-105.247  0.8264E-84  0.4000E+01
-105.237  0.8264E-84  0.4000E+01
-105.227  0.8264E-84  0.4000E+01
-105.217  0.8264E-84  0.4000E+01
-105.207  0.8264E-84  0.4000E+01
-105.197  0.8264E-84  0.4000E+01
-105.187  0.8264E-84  0.4000E+01
-105.177  0.8264E-84  0.4000E+01
-105.167  0.8264E-84  0.4000E+01
-105.157  0.8264E-84  0.4000E+01
-105.147  0.8264E-84  0.4000E+01
-105.137  0.8264E-84  0.4000E+01
-105.127  0.8264E-84  0.4000E+01
-105.117  0.8264E-84  0.4000E+01
-105.107  0.8264E-84  0.4000E+01
-105.097  0.8264E-84  0.4000E+01
-105.087  0.8264E-84  0.4000E+01
-105.077  0.8264E-84  0.4000E+01
-105.067  0.8264E-84  0.4000E+01
-105.057  0.8264E-84  0.4000E+01
-105.047  0.8264E-84  0.4000E+01
-105.037  0.8264E-84  0.4000E+01
-105.027  0.8264E-84  0.4000E+01
-105.017  0.8264E-84  0.4000E+01
-105.007  0.8264E-84  0.4000E+01
-104.997  0.8264E-84  0.4000E+01
-104.987  0.8264E-84  0.4000E+01
-104.977  0.8264E-84  0.4000E+01
-104.967  0.8264E-84  0.4000E+01
-104.957  0.8264E-84  0.4000E+01
-104.947  0.8264E-84  0.4000E+01
-104.937  0.8264E-84  0.4000E+01
-104.927  0.8264E-84  0.4000E+01
-104.917  0.8264E-84  0.4000E+01
-104.907  0.8264E-84  0.4000E+01
-104.897  0.8264E-84  0.4000E+01
-104.887  0.8264E-84  0.4000E+01
-104.877  0.8264E-84  0.4000E+01
-104.867  0.8264E-84  0.4000E+01
-104.857  0.8264E-84  0.4000E+01
-104.847  0.8264E-84  0.4000E+01
-104.837  0.8264E-84  0.4000E+01
-104.827  0.8264E-84  0.4000E+01
-104.817  0.8264E-84  0.4000E+01
-104.807  0.8264E-84  0.4000E+01
-104.797  0.8264E-84  0.4000E+01
-104.787  0.8264E-84  0.4000E+01
-104.777  0.8264E-84  0.4000E+01
-104.767  0.8264E-84  0.4000E+01
-104.757  0.8264E-84  0.4000E+01
-104.747  0.8264E-84  0.4000E+01
-104.737  0.8264E-84  0.4000E+01
-104.727  0.8264E-84  0.4000E+01
-104.717  0.8264E-84  0.4000E+01
-104.707  0.8264E-84  0.4000E+01
-104.697  0.8264E-84  0.4000E+01
-104.687  0.8264E-84  0.4000E+01
-104.677  0.8264E-84  0.4000E+01
-104.667  0.8264E-84  0.4000E+01
-104.657  0.8264E-84  0.4000E+01
-104.647  0.8264E-84  0.4000E+01
-104.637  0.8264E-84  0.4000E+01
-104.627  0.8264E-84  0.4000E+01
-104.617  0.8264E-84  0.4000E+01
-104.607  0.8264E-84  0.4000E+01
-104.597  0.8264E-84  0.4000E+01
-104.587  0.8264E-84  0.4000E+01
-104.577  0.8264E-84  0.4000E+01
-104.567  0.8264E-84  0.4000E+01
-104.557  0.8264E-84  0.4000E+01
-104.547  0.8264E-84  0.4000E+01
-104.537  0.8264E-84  0.4000E+01
-104.527  0.8264E-84  0.4000E+01
-104.517  0.8264E-84  0.4000E+01
-104.507  0.8264E-84  0.4000E+01
-104.497  0.8264E-84  0.4000E+01
-104.487  0.8264E-84  0.4000E+01
-104.477  0.8264E-84  0.4000E+01
-104.467  0.8264E-84  0.4000E+01
-104.457  0.8264E-84  0.4000E+01
-104.447  0.8264E-84  0.4000E+01
-104.437  0.8264E-84  0.4000E+01
-104.427  0.8264E-84  0.4000E+01
-104.417  0.8264E-84  0.4000E+01
-104.407  0.8264E-84  0.4000E+01
-104.397  0.8264E-84  0.4000E+01
-104.387  0.8264E-84  0.4000E+01
-104.377  0.8264E-84  0.4000E+01
-104.367  0.8264E-84  0.4000E+01
-104.357  0.8264E-84  0.4000E+01
-104.347  0.8264E-84  0.4000E+01
-104.337  0.8264E-84  0.4000E+01
-104.327  0.8264E-84  0.4000E+01
-104.317  0.8264E-84  0.4000E+01
-104.307  0.8264E-84  0.4000E+01
-104.297  0.8264E-84  0.4000E+01
-104.287  0.8264E-84  0.4000E+01
-104.277  0.8264E-84  0.4000E+01
-104.267  0.8264E-84  0.4000E+01
-104.257  0.8264E-84  0.4000E+01
-104.247  0.8264E-84  0.4000E+01
-104.237  0.8264E-84  0.4000E+01
-104.227  0.8264E-84  0.4000E+01
-104.217  0.8264E-84  0.4000E+01
-104.207  0.8264E-84  0.4000E+01
-104.197  0.8264E-84  0.4000E+01
-104.187  0.8264E-84  0.4000E+01
-104.177  0.8264E-84  0.4000E+01
-104.167  0.8264E-84  0.4000E+01
-104.157  0.8264E-84  0.4000E+01
-104.147  0.8264E-84  0.4000E+01
-104.137  0.8264E-84  0.4000E+01
-104.127  0.8264E-84  0.4000E+01
-104.117  0.8264E-84  0.4000E+01
-104.107  0.8264E-84  0.4000E+01
-104.097  0.8264E-84  0.4000E+01
-104.087  0.8264E-84  0.4000E+01
-104.077  0.8264E-84  0.4000E+01
-104.067  0.8264E-84  0.4000E+01
-104.057  0.8264E-84  0.4000E+01
-104.047  0.8264E-84  0.4000E+01
-104.037  0.8264E-84  0.4000E+01
-104.027  0.8264E-84  0.4000E+01
-104.017  0.8264E-84  0.4000E+01
-104.007  0.8264E-84  0.4000E+01
-103.997  0.8264E-84  0.4000E+01
-103.987  0.8264E-84  0.4000E+01
-103.977  0.8264E-84  0.4000E+01
-103.967  0.8264E-84  0.4000E+01
-103.957  0.8264E-84  0.4000E+01
-103.947  0.8264E-84  0.4000E+01
-103.937  0.8264E-84  0.4000E+01
-103.927  0.8264E-84  0.4000E+01
-103.917  0.8264E-84  0.4000E+01
-103.907  0.8264E-84  0.4000E+01
-103.897  0.8264E-84  0.4000E+01
-103.887  0.8264E-84  0.4000E+01
-103.877  0.8264E-84  0.4000E+01
-103.867  0.8264E-84  0.4000E+01
-103.857  0.8264E-84  0.4000E+01
-103.847  0.8264E-84  0.4000E+01
-103.837  0.8264E-84  0.4000E+01
-103.827  0.8264E-84  0.4000E+01
-103.817  0.8264E-84  0.4000E+01
-103.807  0.8264E-84  0.4000E+01
-103.797  0.8264E-84  0.4000E+01
-103.787  0.8264E-84  0.4000E+01
-103.777  0.8264E-84  0.4000E+01
-103.767  0.8264E-84  0.4000E+01
-103.757  0.8264E-84  0.4000E+01
-103.747  0.8264E-84  0.4000E+01
-103.737  0.8264E-84  0.4000E+01
-103.727  0.8264E-84  0.4000E+01
-103.717  0.8264E-84  0.4000E+01
-103.707  0.8264E-84  0.4000E+01
-103.697  0.8264E-84  0.4000E+01
-103.687  0.8264E-84  0.4000E+01
-103.677  0.8264E-84  0.4000E+01
-103.667  0.8264E-84  0.4000E+01
-103.657  0.8264E-84  0.4000E+01
-103.647  0.8264E-84  0.4000E+01
-103.637  0.8264E-84  0.4000E+01
-103.627  0.8264E-84  0.4000E+01
-103.617  0.8264E-84  0.4000E+01
-103.607  0.8264E-84  0.4000E+01
-103.597  0.8264E-84  0.4000E+01
-103.587  0.8264E-84  0.4000E+01
-103.577  0.8264E-84  0.4000E+01
-103.567  0.8264E-84  0.4000E+01
-103.557  0.8264E-84  0.4000E+01
-103.547  0.8264E-84  0.4000E+01
-103.537  0.8264E-84  0.4000E+01
-103.527  0.8264E-84  0.4000E+01
-103.517  0.8264E-84  0.4000E+01
-103.507  0.8264E-84  0.4000E+01
-103.497  0.8264E-84  0.4000E+01
-103.487  0.8264E-84  0.4000E+01
-103.477  0.8264E-84  0.4000E+01
-103.467  0.8264E-84  0.4000E+01
-103.457  0.8264E-84  0.4000E+01
-103.447  0.8264E-84  0.4000E+01
-103.437  0.8264E-84  0.4000E+01
-103.427  0.8264E-84  0.4000E+01
-103.417  0.8264E-84  0.4000E+01
-103.407  0.8264E-84  0.4000E+01
-103.397  0.8264E-84  0.4000E+01
-103.387  0.8264E-84  0.4000E+01
-103.377  0.8264E-84  0.4000E+01
-103.367  0.8264E-84  0.4000E+01
-103.357  0.8264E-84  0.4000E+01
-103.347  0.8264E-84  0.4000E+01
-103.337  0.8264E-84  0.4000E+01
-103.327  0.8264E-84  0.4000E+01
-103.317  0.8264E-84  0.4000E+01
-103.307  0.8264E-84  0.4000E+01
-103.297  0.8264E-84  0.4000E+01
-103.287  0.8264E-84  0.4000E+01
-103.277  0.8264E-84  0.4000E+01
-103.267  0.8264E-84  0.4000E+01
-103.257  0.8264E-84  0.4000E+01
-103.247  0.8264E-84  0.4000E+01
-103.237  0.8264E-84  0.4000E+01
-103.227  0.8264E-84  0.4000E+01
-103.217  0.8264E-84  0.4000E+01
-103.207  0.8264E-84  0.4000E+01
-103.197  0.8264E-84  0.4000E+01
-103.187  0.8264E-84  0.4000E+01
-103.177  0.8264E-84  0.4000E+01
-103.167  0.8264E-84  0.4000E+01
-103.157  0.8264E-84  0.4000E+01
-103.147  0.8264E-84  0.4000E+01
-103.137  0.8264E-84  0.4000E+01
-103.127  0.8264E-84  0.4000E+01
-103.117  0.8264E-84  0.4000E+01
-103.107  0.8264E-84  0.4000E+01
-103.097  0.8264E-84  0.4000E+01
-103.087  0.8264E-84  0.4000E+01
-103.077  0.8264E-84  0.4000E+01
-103.067  0.8264E-84  0.4000E+01
-103.057  0.8264E-84  0.4000E+01
-103.047  0.8264E-84  0.4000E+01
-103.037  0.8264E-84  0.4000E+01
-103.027  0.8264E-84  0.4000E+01
-103.017  0.8264E-84  0.4000E+01
-103.007  0.8264E-84  0.4000E+01
-102.997  0.8264E-84  0.4000E+01
-102.987  0.8264E-84  0.4000E+01
-102.977  0.8264E-84  0.4000E+01
-102.967  0.8264E-84  0.4000E+01
-102.957  0.8264E-84  0.4000E+01
-102.947  0.8264E-84  0.4000E+01
-102.937  0.8264E-84  0.4000E+01
-102.927  0.8264E-84  0.4000E+01
-102.917  0.8264E-84  0.4000E+01
-102.907  0.8264E-84  0.4000E+01
-102.897  0.8264E-84  0.4000E+01
-102.887  0.8264E-84  0.4000E+01
-102.877  0.8264E-84  0.4000E+01
-102.867  0.8264E-84  0.4000E+01
-102.857  0.8264E-84  0.4000E+01
-102.847  0.8264E-84  0.4000E+01
-102.837  0.8264E-84  0.4000E+01
-102.827  0.8264E-84  0.4000E+01
-102.817  0.8264E-84  0.4000E+01
-102.807  0.8264E-84  0.4000E+01
-102.797  0.8264E-84  0.4000E+01
-102.787  0.8264E-84  0.4000E+01
-102.777  0.8264E-84  0.4000E+01
-102.767  0.8264E-84  0.4000E+01
-102.757  0.8264E-84  0.4000E+01
-102.747  0.8264E-84  0.4000E+01
-102.737  0.8264E-84  0.4000E+01
-102.727  0.8264E-84  0.4000E+01
-102.717  0.8264E-84  0.4000E+01
-102.707  0.8264E-84  0.4000E+01
-102.697  0.8264E-84  0.4000E+01
-102.687  0.8264E-84  0.4000E+01
-102.677  0.8264E-84  0.4000E+01
-102.667  0.8264E-84  0.4000E+01
-102.657  0.8264E-84  0.4000E+01
-102.647  0.8264E-84  0.4000E+01
-102.637  0.8264E-84  0.4000E+01
-102.627  0.8264E-84  0.4000E+01
-102.617  0.8264E-84  0.4000E+01
-102.607  0.8264E-84  0.4000E+01
-102.597  0.8264E-84  0.4000E+01
-102.587  0.8264E-84  0.4000E+01
-102.577  0.8264E-84  0.4000E+01
-102.567  0.8264E-84  0.4000E+01
-102.557  0.8264E-84  0.4000E+01
-102.547  0.8264E-84  0.4000E+01
-102.537  0.8264E-84  0.4000E+01
-102.527  0.8264E-84  0.4000E+01
-102.517  0.8264E-84  0.4000E+01
-102.507  0.8264E-84  0.4000E+01
-102.497  0.8264E-84  0.4000E+01
-102.487  0.8264E-84  0.4000E+01
-102.477  0.8264E-84  0.4000E+01
-102.467  0.8264E-84  0.4000E+01
-102.457  0.8264E-84  0.4000E+01
-102.447  0.8264E-84  0.4000E+01
-102.437  0.8264E-84  0.4000E+01
-102.427  0.8264E-84  0.4000E+01
-102.417  0.8264E-84  0.4000E+01
-102.407  0.8264E-84  0.4000E+01
-102.397  0.8264E-84  0.4000E+01
-102.387  0.8264E-84  0.4000E+01
-102.377  0.8264E-84  0.4000E+01
-102.367  0.8264E-84  0.4000E+01
-102.357  0.8264E-84  0.4000E+01
-102.347  0.8264E-84  0.4000E+01
-102.337  0.8264E-84  0.4000E+01
-102.327  0.8264E-84  0.4000E+01
-102.317  0.8264E-84  0.4000E+01
-102.307  0.8264E-84  0.4000E+01
-102.297  0.8264E-84  0.4000E+01
-102.287  0.8264E-84  0.4000E+01
-102.277  0.8264E-84  0.4000E+01
-102.267  0.8264E-84  0.4000E+01
-102.257  0.8264E-84  0.4000E+01
-102.247  0.8264E-84  0.4000E+01
-102.237  0.8264E-84  0.4000E+01
-102.227  0.8264E-84  0.4000E+01
-102.217  0.8264E-84  0.4000E+01
-102.207  0.8264E-84  0.4000E+01
-102.197  0.8264E-84  0.4000E+01
-102.187  0.8264E-84  0.4000E+01
-102.177  0.8264E-84  0.4000E+01
-102.167  0.8264E-84  0.4000E+01
-102.157  0.8264E-84  0.4000E+01
-102.147  0.8264E-84  0.4000E+01
-102.137  0.8264E-84  0.4000E+01
-102.127  0.8264E-84  0.4000E+01
-102.117  0.8264E-84  0.4000E+01
-102.107  0.8264E-84  0.4000E+01
-102.097  0.8264E-84  0.4000E+01
-102.087  0.8264E-84  0.4000E+01
-102.077  0.8264E-84  0.4000E+01
-102.067  0.8264E-84  0.4000E+01
-102.057  0.8264E-84  0.4000E+01
-102.047  0.8264E-84  0.4000E+01
-102.037  0.8264E-84  0.4000E+01
-102.027  0.8264E-84  0.4000E+01
-102.017  0.8264E-84  0.4000E+01
-102.007  0.8264E-84  0.4000E+01
-101.997  0.8264E-84  0.4000E+01
-101.987  0.8264E-84  0.4000E+01
-101.977  0.8264E-84  0.4000E+01
-101.967  0.8264E-84  0.4000E+01
-101.957  0.8264E-84  0.4000E+01
-101.947  0.8264E-84  0.4000E+01
-101.937  0.8264E-84  0.4000E+01
-101.927  0.8264E-84  0.4000E+01
-101.917  0.8264E-84  0.4000E+01
-101.907  0.8264E-84  0.4000E+01
-101.897  0.8264E-84  0.4000E+01
-101.887  0.8264E-84  0.4000E+01
-101.877  0.8264E-84  0.4000E+01
-101.867  0.8264E-84  0.4000E+01
-101.857  0.8264E-84  0.4000E+01
-101.847  0.8264E-84  0.4000E+01
-101.837  0.8264E-84  0.4000E+01
-101.827  0.8264E-84  0.4000E+01
-101.817  0.8264E-84  0.4000E+01
-101.807  0.8264E-84  0.4000E+01
-101.797  0.8264E-84  0.4000E+01
-101.787  0.8264E-84  0.4000E+01
-101.777  0.8264E-84  0.4000E+01
-101.767  0.8264E-84  0.4000E+01
-101.757  0.8264E-84  0.4000E+01
-101.747  0.8264E-84  0.4000E+01
-101.737  0.8264E-84  0.4000E+01
-101.727  0.8264E-84  0.4000E+01
-101.717  0.8264E-84  0.4000E+01
-101.707  0.8264E-84  0.4000E+01
-101.697  0.8264E-84  0.4000E+01
-101.687  0.8264E-84  0.4000E+01
-101.677  0.8264E-84  0.4000E+01
-101.667  0.8264E-84  0.4000E+01
-101.657  0.8264E-84  0.4000E+01
-101.647  0.8264E-84  0.4000E+01
-101.637  0.8264E-84  0.4000E+01
-101.627  0.8264E-84  0.4000E+01
-101.617  0.8264E-84  0.4000E+01
-101.607  0.8264E-84  0.4000E+01
-101.597  0.8264E-84  0.4000E+01
-101.587  0.8264E-84  0.4000E+01
-101.577  0.8264E-84  0.4000E+01
-101.567  0.8264E-84  0.4000E+01
-101.557  0.8264E-84  0.4000E+01
-101.547  0.8264E-84  0.4000E+01
-101.537  0.8264E-84  0.4000E+01
-101.527  0.8264E-84  0.4000E+01
-101.517  0.8264E-84  0.4000E+01
-101.507  0.8264E-84  0.4000E+01
-101.497  0.8264E-84  0.4000E+01
-101.487  0.8264E-84  0.4000E+01
-101.477  0.8264E-84  0.4000E+01
-101.467  0.8264E-84  0.4000E+01
-101.457  0.8264E-84  0.4000E+01
-101.447  0.8264E-84  0.4000E+01
-101.437  0.8264E-84  0.4000E+01
-101.427  0.8264E-84  0.4000E+01
-101.417  0.8264E-84  0.4000E+01
-101.407  0.8264E-84  0.4000E+01
-101.397  0.8264E-84  0.4000E+01
-101.387  0.8264E-84  0.4000E+01
-101.377  0.8264E-84  0.4000E+01
-101.367  0.8264E-84  0.4000E+01
-101.357  0.8264E-84  0.4000E+01
-101.347  0.8264E-84  0.4000E+01
-101.337  0.8264E-84  0.4000E+01
-101.327  0.8264E-84  0.4000E+01
-101.317  0.8264E-84  0.4000E+01
-101.307  0.8264E-84  0.4000E+01
-101.297  0.8264E-84  0.4000E+01
-101.287  0.8264E-84  0.4000E+01
-101.277  0.8264E-84  0.4000E+01
-101.267  0.8264E-84  0.4000E+01
-101.257  0.8264E-84  0.4000E+01
-101.247  0.8264E-84  0.4000E+01
-101.237  0.8264E-84  0.4000E+01
-101.227  0.8264E-84  0.4000E+01
-101.217  0.8264E-84  0.4000E+01
-101.207  0.8264E-84  0.4000E+01
-101.197  0.8264E-84  0.4000E+01
-101.187  0.8264E-84  0.4000E+01
-101.177  0.8264E-84  0.4000E+01
-101.167  0.8264E-84  0.4000E+01
-101.157  0.8264E-84  0.4000E+01
-101.147  0.8264E-84  0.4000E+01
-101.137  0.8264E-84  0.4000E+01
-101.127  0.8264E-84  0.4000E+01
-101.117  0.8264E-84  0.4000E+01
-101.107  0.8264E-84  0.4000E+01
-101.097  0.8264E-84  0.4000E+01
-101.087  0.8264E-84  0.4000E+01
-101.077  0.8264E-84  0.4000E+01
-101.067  0.8264E-84  0.4000E+01
-101.057  0.8264E-84  0.4000E+01
-101.047  0.8264E-84  0.4000E+01
-101.037  0.8264E-84  0.4000E+01
-101.027  0.8264E-84  0.4000E+01
-101.017  0.8264E-84  0.4000E+01
-101.007  0.8264E-84  0.4000E+01
-100.997  0.8264E-84  0.4000E+01
-100.987  0.8264E-84  0.4000E+01
-100.977  0.8264E-84  0.4000E+01
-100.967  0.8264E-84  0.4000E+01
-100.957  0.8264E-84  0.4000E+01
-100.947  0.8264E-84  0.4000E+01
-100.937  0.8264E-84  0.4000E+01
-100.927  0.8264E-84  0.4000E+01
-100.917  0.8264E-84  0.4000E+01
-100.907  0.8264E-84  0.4000E+01
-100.897  0.8264E-84  0.4000E+01
-100.887  0.8264E-84  0.4000E+01
-100.877  0.8264E-84  0.4000E+01
-100.867  0.8264E-84  0.4000E+01
-100.857  0.8264E-84  0.4000E+01
-100.847  0.8264E-84  0.4000E+01
-100.837  0.8264E-84  0.4000E+01
-100.827  0.8264E-84  0.4000E+01
-100.817  0.8264E-84  0.4000E+01
-100.807  0.8264E-84  0.4000E+01
-100.797  0.8264E-84  0.4000E+01
-100.787  0.8264E-84  0.4000E+01
-100.777  0.8264E-84  0.4000E+01
-100.767  0.8264E-84  0.4000E+01
-100.757  0.8264E-84  0.4000E+01
-100.747  0.8264E-84  0.4000E+01
-100.737  0.8264E-84  0.4000E+01
-100.727  0.8264E-84  0.4000E+01
-100.717  0.8264E-84  0.4000E+01
-100.707  0.8264E-84  0.4000E+01
-100.697  0.8264E-84  0.4000E+01
-100.687  0.8264E-84  0.4000E+01
-100.677  0.8264E-84  0.4000E+01
-100.667  0.8264E-84  0.4000E+01
-100.657  0.8264E-84  0.4000E+01
-100.647  0.8264E-84  0.4000E+01
-100.637  0.8264E-84  0.4000E+01
-100.627  0.8264E-84  0.4000E+01
-100.617  0.8264E-84  0.4000E+01
-100.607  0.8264E-84  0.4000E+01
-100.597  0.8264E-84  0.4000E+01
-100.587  0.8264E-84  0.4000E+01
-100.577  0.8264E-84  0.4000E+01
-100.567  0.8264E-84  0.4000E+01
-100.557  0.8264E-84  0.4000E+01
-100.547  0.8264E-84  0.4000E+01
-100.537  0.8264E-84  0.4000E+01
-100.527  0.8264E-84  0.4000E+01
-100.517  0.8264E-84  0.4000E+01
-100.507  0.8264E-84  0.4000E+01
-100.497  0.8264E-84  0.4000E+01
-100.487  0.8264E-84  0.4000E+01
-100.477  0.8264E-84  0.4000E+01
-100.467  0.8264E-84  0.4000E+01
-100.457  0.8264E-84  0.4000E+01
-100.447  0.8264E-84  0.4000E+01
-100.437  0.8264E-84  0.4000E+01
-100.427  0.8264E-84  0.4000E+01
-100.417  0.8264E-84  0.4000E+01
-100.407  0.8264E-84  0.4000E+01
-100.397  0.8264E-84  0.4000E+01
-100.387  0.8264E-84  0.4000E+01
-100.377  0.8264E-84  0.4000E+01
-100.367  0.8264E-84  0.4000E+01
-100.357  0.8264E-84  0.4000E+01
-100.347  0.8264E-84  0.4000E+01
-100.337  0.8264E-84  0.4000E+01
-100.327  0.8264E-84  0.4000E+01
-100.317  0.8264E-84  0.4000E+01
-100.307  0.8264E-84  0.4000E+01
-100.297  0.8264E-84  0.4000E+01
-100.287  0.8264E-84  0.4000E+01
-100.277  0.8264E-84  0.4000E+01
-100.267  0.8264E-84  0.4000E+01
-100.257  0.8264E-84  0.4000E+01
-100.247  0.8264E-84  0.4000E+01
-100.237  0.8264E-84  0.4000E+01
-100.227  0.8264E-84  0.4000E+01
-100.217  0.8264E-84  0.4000E+01
-100.207  0.8264E-84  0.4000E+01
-100.197  0.8264E-84  0.4000E+01
-100.187  0.8264E-84  0.4000E+01
-100.177  0.8264E-84  0.4000E+01
-100.167  0.8264E-84  0.4000E+01
-100.157  0.8264E-84  0.4000E+01
-100.147  0.8264E-84  0.4000E+01
-100.137  0.8264E-84  0.4000E+01
-100.127  0.8264E-84  0.4000E+01
-100.117  0.8264E-84  0.4000E+01
-100.107  0.8264E-84  0.4000E+01
-100.097  0.8264E-84  0.4000E+01
-100.087  0.8264E-84  0.4000E+01
-100.077  0.8264E-84  0.4000E+01
-100.067  0.8264E-84  0.4000E+01
-100.057  0.8264E-84  0.4000E+01
-100.047  0.8264E-84  0.4000E+01
-100.037  0.8264E-84  0.4000E+01
-100.027  0.8264E-84  0.4000E+01
-100.017  0.8264E-84  0.4000E+01
-100.007  0.8264E-84  0.4000E+01
 -99.997  0.8264E-84  0.4000E+01
 -99.987  0.8264E-84  0.4000E+01
 -99.977  0.8264E-84  0.4000E+01
 -99.967  0.8264E-84  0.4000E+01
 -99.957  0.8264E-84  0.4000E+01
 -99.947  0.8264E-84  0.4000E+01
 -99.937  0.8264E-84  0.4000E+01
 -99.927  0.8264E-84  0.4000E+01
 -99.917  0.8264E-84  0.4000E+01
 -99.907  0.8264E-84  0.4000E+01
 -99.897  0.8264E-84  0.4000E+01
 -99.887  0.8264E-84  0.4000E+01
 -99.877  0.8264E-84  0.4000E+01
 -99.867  0.8264E-84  0.4000E+01
 -99.857  0.8264E-84  0.4000E+01
 -99.847  0.8264E-84  0.4000E+01
 -99.837  0.8264E-84  0.4000E+01
 -99.827  0.8264E-84  0.4000E+01
 -99.817  0.8264E-84  0.4000E+01
 -99.807  0.8264E-84  0.4000E+01
 -99.797  0.8264E-84  0.4000E+01
 -99.787  0.8264E-84  0.4000E+01
 -99.777  0.8264E-84  0.4000E+01
 -99.767  0.8264E-84  0.4000E+01
 -99.757  0.8264E-84  0.4000E+01
 -99.747  0.8264E-84  0.4000E+01
 -99.737  0.8264E-84  0.4000E+01
 -99.727  0.8264E-84  0.4000E+01
 -99.717  0.8264E-84  0.4000E+01
 -99.707  0.8264E-84  0.4000E+01
 -99.697  0.8264E-84  0.4000E+01
 -99.687  0.8264E-84  0.4000E+01
 -99.677  0.8264E-84  0.4000E+01
 -99.667  0.8264E-84  0.4000E+01
 -99.657  0.8264E-84  0.4000E+01
 -99.647  0.8264E-84  0.4000E+01
 -99.637  0.8264E-84  0.4000E+01
 -99.627  0.8264E-84  0.4000E+01
 -99.617  0.8264E-84  0.4000E+01
 -99.607  0.8264E-84  0.4000E+01
 -99.597  0.8264E-84  0.4000E+01
 -99.587  0.8264E-84  0.4000E+01
 -99.577  0.8264E-84  0.4000E+01
 -99.567  0.8264E-84  0.4000E+01
 -99.557  0.8264E-84  0.4000E+01
 -99.547  0.8264E-84  0.4000E+01
 -99.537  0.8264E-84  0.4000E+01
 -99.527  0.8264E-84  0.4000E+01
 -99.517  0.8264E-84  0.4000E+01
 -99.507  0.8264E-84  0.4000E+01
 -99.497  0.8264E-84  0.4000E+01
 -99.487  0.8264E-84  0.4000E+01
 -99.477  0.8264E-84  0.4000E+01
 -99.467  0.8264E-84  0.4000E+01
 -99.457  0.8264E-84  0.4000E+01
 -99.447  0.8264E-84  0.4000E+01
 -99.437  0.8264E-84  0.4000E+01
 -99.427  0.8264E-84  0.4000E+01
 -99.417  0.8264E-84  0.4000E+01
 -99.407  0.8264E-84  0.4000E+01
 -99.397  0.8264E-84  0.4000E+01
 -99.387  0.8264E-84  0.4000E+01
 -99.377  0.8264E-84  0.4000E+01
 -99.367  0.8264E-84  0.4000E+01
 -99.357  0.8264E-84  0.4000E+01
 -99.347  0.8264E-84  0.4000E+01
 -99.337  0.8264E-84  0.4000E+01
 -99.327  0.8264E-84  0.4000E+01
 -99.317  0.8264E-84  0.4000E+01
 -99.307  0.8264E-84  0.4000E+01
 -99.297  0.8264E-84  0.4000E+01
 -99.287  0.8264E-84  0.4000E+01
 -99.277  0.8264E-84  0.4000E+01
 -99.267  0.8264E-84  0.4000E+01
 -99.257  0.8264E-84  0.4000E+01
 -99.247  0.8264E-84  0.4000E+01
 -99.237  0.8264E-84  0.4000E+01
 -99.227  0.8264E-84  0.4000E+01
 -99.217  0.8264E-84  0.4000E+01
 -99.207  0.8264E-84  0.4000E+01
 -99.197  0.8264E-84  0.4000E+01
 -99.187  0.8264E-84  0.4000E+01
 -99.177  0.8264E-84  0.4000E+01
 -99.167  0.8264E-84  0.4000E+01
 -99.157  0.8264E-84  0.4000E+01
 -99.147  0.8264E-84  0.4000E+01
 -99.137  0.8264E-84  0.4000E+01
 -99.127  0.8264E-84  0.4000E+01
 -99.117  0.8264E-84  0.4000E+01
 -99.107  0.8264E-84  0.4000E+01
 -99.097  0.8264E-84  0.4000E+01
 -99.087  0.8264E-84  0.4000E+01
 -99.077  0.8264E-84  0.4000E+01
 -99.067  0.8264E-84  0.4000E+01
 -99.057  0.8264E-84  0.4000E+01
 -99.047  0.8264E-84  0.4000E+01
 -99.037  0.8264E-84  0.4000E+01
 -99.027  0.8264E-84  0.4000E+01
 -99.017  0.8264E-84  0.4000E+01
 -99.007  0.8264E-84  0.4000E+01
 -98.997  0.8264E-84  0.4000E+01
 -98.987  0.8264E-84  0.4000E+01
 -98.977  0.8264E-84  0.4000E+01
 -98.967  0.8264E-84  0.4000E+01
 -98.957  0.8264E-84  0.4000E+01
 -98.947  0.8264E-84  0.4000E+01
 -98.937  0.8264E-84  0.4000E+01
 -98.927  0.8264E-84  0.4000E+01
 -98.917  0.8264E-84  0.4000E+01
 -98.907  0.8264E-84  0.4000E+01
 -98.897  0.8264E-84  0.4000E+01
 -98.887  0.8264E-84  0.4000E+01
 -98.877  0.8264E-84  0.4000E+01
 -98.867  0.8264E-84  0.4000E+01
 -98.857  0.8264E-84  0.4000E+01
 -98.847  0.8264E-84  0.4000E+01
 -98.837  0.8264E-84  0.4000E+01
 -98.827  0.8264E-84  0.4000E+01
 -98.817  0.8264E-84  0.4000E+01
 -98.807  0.8264E-84  0.4000E+01
 -98.797  0.8264E-84  0.4000E+01
 -98.787  0.8264E-84  0.4000E+01
 -98.777  0.8264E-84  0.4000E+01
 -98.767  0.8264E-84  0.4000E+01
 -98.757  0.8264E-84  0.4000E+01
 -98.747  0.8264E-84  0.4000E+01
 -98.737  0.8264E-84  0.4000E+01
 -98.727  0.8264E-84  0.4000E+01
 -98.717  0.8264E-84  0.4000E+01
 -98.707  0.8264E-84  0.4000E+01
 -98.697  0.8264E-84  0.4000E+01
 -98.687  0.8264E-84  0.4000E+01
 -98.677  0.8264E-84  0.4000E+01
 -98.667  0.8264E-84  0.4000E+01
 -98.657  0.8264E-84  0.4000E+01
 -98.647  0.8264E-84  0.4000E+01
 -98.637  0.8264E-84  0.4000E+01
 -98.627  0.8264E-84  0.4000E+01
 -98.617  0.8264E-84  0.4000E+01
 -98.607  0.8264E-84  0.4000E+01
 -98.597  0.8264E-84  0.4000E+01
 -98.587  0.8264E-84  0.4000E+01
 -98.577  0.8264E-84  0.4000E+01
 -98.567  0.8264E-84  0.4000E+01
 -98.557  0.8264E-84  0.4000E+01
 -98.547  0.8264E-84  0.4000E+01
 -98.537  0.8264E-84  0.4000E+01
 -98.527  0.8264E-84  0.4000E+01
 -98.517  0.8264E-84  0.4000E+01
 -98.507  0.8264E-84  0.4000E+01
 -98.497  0.8264E-84  0.4000E+01
 -98.487  0.8264E-84  0.4000E+01
 -98.477  0.8264E-84  0.4000E+01
 -98.467  0.8264E-84  0.4000E+01
 -98.457  0.8264E-84  0.4000E+01
 -98.447  0.8264E-84  0.4000E+01
 -98.437  0.8264E-84  0.4000E+01
 -98.427  0.8264E-84  0.4000E+01
 -98.417  0.8264E-84  0.4000E+01
 -98.407  0.8264E-84  0.4000E+01
 -98.397  0.8264E-84  0.4000E+01
 -98.387  0.8264E-84  0.4000E+01
 -98.377  0.8264E-84  0.4000E+01
 -98.367  0.8264E-84  0.4000E+01
 -98.357  0.8264E-84  0.4000E+01
 -98.347  0.8264E-84  0.4000E+01
 -98.337  0.8264E-84  0.4000E+01
 -98.327  0.8264E-84  0.4000E+01
 -98.317  0.8264E-84  0.4000E+01
 -98.307  0.8264E-84  0.4000E+01
 -98.297  0.8264E-84  0.4000E+01
 -98.287  0.8264E-84  0.4000E+01
 -98.277  0.8264E-84  0.4000E+01
 -98.267  0.8264E-84  0.4000E+01
 -98.257  0.8264E-84  0.4000E+01
 -98.247  0.8264E-84  0.4000E+01
 -98.237  0.8264E-84  0.4000E+01
 -98.227  0.8264E-84  0.4000E+01
 -98.217  0.8264E-84  0.4000E+01
 -98.207  0.8264E-84  0.4000E+01
 -98.197  0.8264E-84  0.4000E+01
 -98.187  0.8264E-84  0.4000E+01
 -98.177  0.8264E-84  0.4000E+01
 -98.167  0.8264E-84  0.4000E+01
 -98.157  0.8264E-84  0.4000E+01
 -98.147  0.8264E-84  0.4000E+01
 -98.137  0.8264E-84  0.4000E+01
 -98.127  0.8264E-84  0.4000E+01
 -98.117  0.8264E-84  0.4000E+01
 -98.107  0.8264E-84  0.4000E+01
 -98.097  0.8264E-84  0.4000E+01
 -98.087  0.8264E-84  0.4000E+01
 -98.077  0.8264E-84  0.4000E+01
 -98.067  0.8264E-84  0.4000E+01
 -98.057  0.8264E-84  0.4000E+01
 -98.047  0.8264E-84  0.4000E+01
 -98.037  0.8264E-84  0.4000E+01
 -98.027  0.8264E-84  0.4000E+01
 -98.017  0.8264E-84  0.4000E+01
 -98.007  0.8264E-84  0.4000E+01
 -97.997  0.8264E-84  0.4000E+01
 -97.987  0.8264E-84  0.4000E+01
 -97.977  0.8264E-84  0.4000E+01
 -97.967  0.8264E-84  0.4000E+01
 -97.957  0.8264E-84  0.4000E+01
 -97.947  0.8264E-84  0.4000E+01
 -97.937  0.8264E-84  0.4000E+01
 -97.927  0.8264E-84  0.4000E+01
 -97.917  0.8264E-84  0.4000E+01
 -97.907  0.8264E-84  0.4000E+01
 -97.897  0.8264E-84  0.4000E+01
 -97.887  0.8264E-84  0.4000E+01
 -97.877  0.8264E-84  0.4000E+01
 -97.867  0.8264E-84  0.4000E+01
 -97.857  0.8264E-84  0.4000E+01
 -97.847  0.8264E-84  0.4000E+01
 -97.837  0.8264E-84  0.4000E+01
 -97.827  0.8264E-84  0.4000E+01
 -97.817  0.8264E-84  0.4000E+01
 -97.807  0.8264E-84  0.4000E+01
 -97.797  0.8264E-84  0.4000E+01
 -97.787  0.8264E-84  0.4000E+01
 -97.777  0.8264E-84  0.4000E+01
 -97.767  0.8264E-84  0.4000E+01
 -97.757  0.8264E-84  0.4000E+01
 -97.747  0.8264E-84  0.4000E+01
 -97.737  0.8264E-84  0.4000E+01
 -97.727  0.8264E-84  0.4000E+01
 -97.717  0.8264E-84  0.4000E+01
 -97.707  0.8264E-84  0.4000E+01
 -97.697  0.8264E-84  0.4000E+01
 -97.687  0.8264E-84  0.4000E+01
 -97.677  0.8264E-84  0.4000E+01
 -97.667  0.8264E-84  0.4000E+01
 -97.657  0.8264E-84  0.4000E+01
 -97.647  0.8264E-84  0.4000E+01
 -97.637  0.8264E-84  0.4000E+01
 -97.627  0.8264E-84  0.4000E+01
 -97.617  0.8264E-84  0.4000E+01
 -97.607  0.8264E-84  0.4000E+01
 -97.597  0.8264E-84  0.4000E+01
 -97.587  0.8264E-84  0.4000E+01
 -97.577  0.8264E-84  0.4000E+01
 -97.567  0.8264E-84  0.4000E+01
 -97.557  0.8264E-84  0.4000E+01
 -97.547  0.8264E-84  0.4000E+01
 -97.537  0.8264E-84  0.4000E+01
 -97.527  0.8264E-84  0.4000E+01
 -97.517  0.8264E-84  0.4000E+01
 -97.507  0.8264E-84  0.4000E+01
 -97.497  0.8264E-84  0.4000E+01
 -97.487  0.8264E-84  0.4000E+01
 -97.477  0.8264E-84  0.4000E+01
 -97.467  0.8264E-84  0.4000E+01
 -97.457  0.8264E-84  0.4000E+01
 -97.447  0.8264E-84  0.4000E+01
 -97.437  0.8264E-84  0.4000E+01
 -97.427  0.8264E-84  0.4000E+01
 -97.417  0.8264E-84  0.4000E+01
 -97.407  0.8264E-84  0.4000E+01
 -97.397  0.8264E-84  0.4000E+01
 -97.387  0.8264E-84  0.4000E+01
 -97.377  0.8264E-84  0.4000E+01
 -97.367  0.8264E-84  0.4000E+01
 -97.357  0.8264E-84  0.4000E+01
 -97.347  0.8264E-84  0.4000E+01
 -97.337  0.8264E-84  0.4000E+01
 -97.327  0.8264E-84  0.4000E+01
 -97.317  0.8264E-84  0.4000E+01
 -97.307  0.8264E-84  0.4000E+01
 -97.297  0.8264E-84  0.4000E+01
 -97.287  0.8264E-84  0.4000E+01
 -97.277  0.8264E-84  0.4000E+01
 -97.267  0.8264E-84  0.4000E+01
 -97.257  0.8264E-84  0.4000E+01
 -97.247  0.8264E-84  0.4000E+01
 -97.237  0.8264E-84  0.4000E+01
 -97.227  0.8264E-84  0.4000E+01
 -97.217  0.8264E-84  0.4000E+01
 -97.207  0.8264E-84  0.4000E+01
 -97.197  0.8264E-84  0.4000E+01
 -97.187  0.8264E-84  0.4000E+01
 -97.177  0.8264E-84  0.4000E+01
 -97.167  0.8264E-84  0.4000E+01
 -97.157  0.8264E-84  0.4000E+01
 -97.147  0.8264E-84  0.4000E+01
 -97.137  0.8264E-84  0.4000E+01
 -97.127  0.8264E-84  0.4000E+01
 -97.117  0.8264E-84  0.4000E+01
 -97.107  0.8264E-84  0.4000E+01
 -97.097  0.8264E-84  0.4000E+01
 -97.087  0.8264E-84  0.4000E+01
 -97.077  0.8264E-84  0.4000E+01
 -97.067  0.8264E-84  0.4000E+01
 -97.057  0.8264E-84  0.4000E+01
 -97.047  0.8264E-84  0.4000E+01
 -97.037  0.8264E-84  0.4000E+01
 -97.027  0.8264E-84  0.4000E+01
 -97.017  0.8264E-84  0.4000E+01
 -97.007  0.8264E-84  0.4000E+01
 -96.997  0.8264E-84  0.4000E+01
 -96.987  0.8264E-84  0.4000E+01
 -96.977  0.8264E-84  0.4000E+01
 -96.967  0.8264E-84  0.4000E+01
 -96.957  0.8264E-84  0.4000E+01
 -96.947  0.8264E-84  0.4000E+01
 -96.937  0.8264E-84  0.4000E+01
 -96.927  0.8264E-84  0.4000E+01
 -96.917  0.8264E-84  0.4000E+01
 -96.907  0.8264E-84  0.4000E+01
 -96.897  0.8264E-84  0.4000E+01
 -96.887  0.8264E-84  0.4000E+01
 -96.877  0.8264E-84  0.4000E+01
 -96.867  0.8264E-84  0.4000E+01
 -96.857  0.8264E-84  0.4000E+01
 -96.847  0.8264E-84  0.4000E+01
 -96.837  0.8264E-84  0.4000E+01
 -96.827  0.8264E-84  0.4000E+01
 -96.817  0.8264E-84  0.4000E+01
 -96.807  0.8264E-84  0.4000E+01
 -96.797  0.8264E-84  0.4000E+01
 -96.787  0.8264E-84  0.4000E+01
 -96.777  0.8264E-84  0.4000E+01
 -96.767  0.8264E-84  0.4000E+01
 -96.757  0.8264E-84  0.4000E+01
 -96.747  0.8264E-84  0.4000E+01
 -96.737  0.8264E-84  0.4000E+01
 -96.727  0.8264E-84  0.4000E+01
 -96.717  0.8264E-84  0.4000E+01
 -96.707  0.8264E-84  0.4000E+01
 -96.697  0.8264E-84  0.4000E+01
 -96.687  0.8264E-84  0.4000E+01
 -96.677  0.8264E-84  0.4000E+01
 -96.667  0.8264E-84  0.4000E+01
 -96.657  0.8264E-84  0.4000E+01
 -96.647  0.8264E-84  0.4000E+01
 -96.637  0.8264E-84  0.4000E+01
 -96.627  0.8264E-84  0.4000E+01
 -96.617  0.8264E-84  0.4000E+01
 -96.607  0.8264E-84  0.4000E+01
 -96.597  0.8264E-84  0.4000E+01
 -96.587  0.8264E-84  0.4000E+01
 -96.577  0.8264E-84  0.4000E+01
 -96.567  0.8264E-84  0.4000E+01
 -96.557  0.8264E-84  0.4000E+01
 -96.547  0.8264E-84  0.4000E+01
 -96.537  0.8264E-84  0.4000E+01
 -96.527  0.8264E-84  0.4000E+01
 -96.517  0.8264E-84  0.4000E+01
 -96.507  0.8264E-84  0.4000E+01
 -96.497  0.8264E-84  0.4000E+01
 -96.487  0.8264E-84  0.4000E+01
 -96.477  0.8264E-84  0.4000E+01
 -96.467  0.8264E-84  0.4000E+01
 -96.457  0.8264E-84  0.4000E+01
 -96.447  0.8264E-84  0.4000E+01
 -96.437  0.8264E-84  0.4000E+01
 -96.427  0.8264E-84  0.4000E+01
 -96.417  0.8264E-84  0.4000E+01
 -96.407  0.8264E-84  0.4000E+01
 -96.397  0.8264E-84  0.4000E+01
 -96.387  0.8264E-84  0.4000E+01
 -96.377  0.8264E-84  0.4000E+01
 -96.367  0.8264E-84  0.4000E+01
 -96.357  0.8264E-84  0.4000E+01
 -96.347  0.8264E-84  0.4000E+01
 -96.337  0.8264E-84  0.4000E+01
 -96.327  0.8264E-84  0.4000E+01
 -96.317  0.8264E-84  0.4000E+01
 -96.307  0.8264E-84  0.4000E+01
 -96.297  0.8264E-84  0.4000E+01
 -96.287  0.8264E-84  0.4000E+01
 -96.277  0.8264E-84  0.4000E+01
 -96.267  0.8264E-84  0.4000E+01
 -96.257  0.8264E-84  0.4000E+01
 -96.247  0.8264E-84  0.4000E+01
 -96.237  0.8264E-84  0.4000E+01
 -96.227  0.8264E-84  0.4000E+01
 -96.217  0.8264E-84  0.4000E+01
 -96.207  0.8264E-84  0.4000E+01
 -96.197  0.8264E-84  0.4000E+01
 -96.187  0.8264E-84  0.4000E+01
 -96.177  0.8264E-84  0.4000E+01
 -96.167  0.8264E-84  0.4000E+01
 -96.157  0.8264E-84  0.4000E+01
 -96.147  0.8264E-84  0.4000E+01
 -96.137  0.8264E-84  0.4000E+01
 -96.127  0.8264E-84  0.4000E+01
 -96.117  0.8264E-84  0.4000E+01
 -96.107  0.8264E-84  0.4000E+01
 -96.097  0.8264E-84  0.4000E+01
 -96.087  0.8264E-84  0.4000E+01
 -96.077  0.8264E-84  0.4000E+01
 -96.067  0.8264E-84  0.4000E+01
 -96.057  0.8264E-84  0.4000E+01
 -96.047  0.8264E-84  0.4000E+01
 -96.037  0.8264E-84  0.4000E+01
 -96.027  0.8264E-84  0.4000E+01
 -96.017  0.8264E-84  0.4000E+01
 -96.007  0.8264E-84  0.4000E+01
 -95.997  0.8264E-84  0.4000E+01
 -95.987  0.8264E-84  0.4000E+01
 -95.977  0.8264E-84  0.4000E+01
 -95.967  0.8264E-84  0.4000E+01
 -95.957  0.8264E-84  0.4000E+01
 -95.947  0.8264E-84  0.4000E+01
 -95.937  0.8264E-84  0.4000E+01
 -95.927  0.8264E-84  0.4000E+01
 -95.917  0.8264E-84  0.4000E+01
 -95.907  0.8264E-84  0.4000E+01
 -95.897  0.8264E-84  0.4000E+01
 -95.887  0.8264E-84  0.4000E+01
 -95.877  0.8264E-84  0.4000E+01
 -95.867  0.8264E-84  0.4000E+01
 -95.857  0.8264E-84  0.4000E+01
 -95.847  0.8264E-84  0.4000E+01
 -95.837  0.8264E-84  0.4000E+01
 -95.827  0.8264E-84  0.4000E+01
 -95.817  0.8264E-84  0.4000E+01
 -95.807  0.8264E-84  0.4000E+01
 -95.797  0.8264E-84  0.4000E+01
 -95.787  0.8264E-84  0.4000E+01
 -95.777  0.8264E-84  0.4000E+01
 -95.767  0.8264E-84  0.4000E+01
 -95.757  0.8264E-84  0.4000E+01
 -95.747  0.8264E-84  0.4000E+01
 -95.737  0.8264E-84  0.4000E+01
 -95.727  0.8264E-84  0.4000E+01
 -95.717  0.8264E-84  0.4000E+01
 -95.707  0.8264E-84  0.4000E+01
 -95.697  0.8264E-84  0.4000E+01
 -95.687  0.8264E-84  0.4000E+01
 -95.677  0.8264E-84  0.4000E+01
 -95.667  0.8264E-84  0.4000E+01
 -95.657  0.8264E-84  0.4000E+01
 -95.647  0.8264E-84  0.4000E+01
 -95.637  0.8264E-84  0.4000E+01
 -95.627  0.8264E-84  0.4000E+01
 -95.617  0.8264E-84  0.4000E+01
 -95.607  0.8264E-84  0.4000E+01
 -95.597  0.8264E-84  0.4000E+01
 -95.587  0.8264E-84  0.4000E+01
 -95.577  0.8264E-84  0.4000E+01
 -95.567  0.8264E-84  0.4000E+01
 -95.557  0.8264E-84  0.4000E+01
 -95.547  0.8264E-84  0.4000E+01
 -95.537  0.8264E-84  0.4000E+01
 -95.527  0.8264E-84  0.4000E+01
 -95.517  0.8264E-84  0.4000E+01
 -95.507  0.8264E-84  0.4000E+01
 -95.497  0.8264E-84  0.4000E+01
 -95.487  0.8264E-84  0.4000E+01
 -95.477  0.8264E-84  0.4000E+01
 -95.467  0.8264E-84  0.4000E+01
 -95.457  0.8264E-84  0.4000E+01
 -95.447  0.8264E-84  0.4000E+01
 -95.437  0.8264E-84  0.4000E+01
 -95.427  0.8264E-84  0.4000E+01
 -95.417  0.8264E-84  0.4000E+01
 -95.407  0.8264E-84  0.4000E+01
 -95.397  0.8264E-84  0.4000E+01
 -95.387  0.8264E-84  0.4000E+01
 -95.377  0.8264E-84  0.4000E+01
 -95.367  0.8264E-84  0.4000E+01
 -95.357  0.8264E-84  0.4000E+01
 -95.347  0.8264E-84  0.4000E+01
 -95.337  0.8264E-84  0.4000E+01
 -95.327  0.8264E-84  0.4000E+01
 -95.317  0.8264E-84  0.4000E+01
 -95.307  0.8264E-84  0.4000E+01
 -95.297  0.8264E-84  0.4000E+01
 -95.287  0.8264E-84  0.4000E+01
 -95.277  0.8264E-84  0.4000E+01
 -95.267  0.8264E-84  0.4000E+01
 -95.257  0.8264E-84  0.4000E+01
 -95.247  0.8264E-84  0.4000E+01
 -95.237  0.8264E-84  0.4000E+01
 -95.227  0.8264E-84  0.4000E+01
 -95.217  0.8264E-84  0.4000E+01
 -95.207  0.8264E-84  0.4000E+01
 -95.197  0.8264E-84  0.4000E+01
 -95.187  0.8264E-84  0.4000E+01
 -95.177  0.8264E-84  0.4000E+01
 -95.167  0.8264E-84  0.4000E+01
 -95.157  0.8264E-84  0.4000E+01
 -95.147  0.8264E-84  0.4000E+01
 -95.137  0.8264E-84  0.4000E+01
 -95.127  0.8264E-84  0.4000E+01
 -95.117  0.8264E-84  0.4000E+01
 -95.107  0.8264E-84  0.4000E+01
 -95.097  0.8264E-84  0.4000E+01
 -95.087  0.8264E-84  0.4000E+01
 -95.077  0.8264E-84  0.4000E+01
 -95.067  0.8264E-84  0.4000E+01
 -95.057  0.8264E-84  0.4000E+01
 -95.047  0.8264E-84  0.4000E+01
 -95.037  0.8264E-84  0.4000E+01
 -95.027  0.8264E-84  0.4000E+01
 -95.017  0.8264E-84  0.4000E+01
 -95.007  0.8264E-84  0.4000E+01
 -94.997  0.8264E-84  0.4000E+01
 -94.987  0.8264E-84  0.4000E+01
 -94.977  0.8264E-84  0.4000E+01
 -94.967  0.8264E-84  0.4000E+01
 -94.957  0.8264E-84  0.4000E+01
 -94.947  0.8264E-84  0.4000E+01
 -94.937  0.8264E-84  0.4000E+01
 -94.927  0.8264E-84  0.4000E+01
 -94.917  0.8264E-84  0.4000E+01
 -94.907  0.8264E-84  0.4000E+01
 -94.897  0.8264E-84  0.4000E+01
 -94.887  0.8264E-84  0.4000E+01
 -94.877  0.8264E-84  0.4000E+01
 -94.867  0.8264E-84  0.4000E+01
 -94.857  0.8264E-84  0.4000E+01
 -94.847  0.8264E-84  0.4000E+01
 -94.837  0.8264E-84  0.4000E+01
 -94.827  0.8264E-84  0.4000E+01
 -94.817  0.8264E-84  0.4000E+01
 -94.807  0.8264E-84  0.4000E+01
 -94.797  0.8264E-84  0.4000E+01
 -94.787  0.8264E-84  0.4000E+01
 -94.777  0.8264E-84  0.4000E+01
 -94.767  0.8264E-84  0.4000E+01
 -94.757  0.8264E-84  0.4000E+01
 -94.747  0.8264E-84  0.4000E+01
 -94.737  0.8264E-84  0.4000E+01
 -94.727  0.8264E-84  0.4000E+01
 -94.717  0.8264E-84  0.4000E+01
 -94.707  0.8264E-84  0.4000E+01
 -94.697  0.8264E-84  0.4000E+01
 -94.687  0.8264E-84  0.4000E+01
 -94.677  0.8264E-84  0.4000E+01
 -94.667  0.8264E-84  0.4000E+01
 -94.657  0.8264E-84  0.4000E+01
 -94.647  0.8264E-84  0.4000E+01
 -94.637  0.8264E-84  0.4000E+01
 -94.627  0.8264E-84  0.4000E+01
 -94.617  0.8264E-84  0.4000E+01
 -94.607  0.8264E-84  0.4000E+01
 -94.597  0.8264E-84  0.4000E+01
 -94.587  0.8264E-84  0.4000E+01
 -94.577  0.8264E-84  0.4000E+01
 -94.567  0.8264E-84  0.4000E+01
 -94.557  0.8264E-84  0.4000E+01
 -94.547  0.8264E-84  0.4000E+01
 -94.537  0.8264E-84  0.4000E+01
 -94.527  0.8264E-84  0.4000E+01
 -94.517  0.8264E-84  0.4000E+01
 -94.507  0.8264E-84  0.4000E+01
 -94.497  0.8264E-84  0.4000E+01
 -94.487  0.8264E-84  0.4000E+01
 -94.477  0.8264E-84  0.4000E+01
 -94.467  0.8264E-84  0.4000E+01
 -94.457  0.8264E-84  0.4000E+01
 -94.447  0.8264E-84  0.4000E+01
 -94.437  0.8264E-84  0.4000E+01
 -94.427  0.8264E-84  0.4000E+01
 -94.417  0.8264E-84  0.4000E+01
 -94.407  0.8264E-84  0.4000E+01
 -94.397  0.8264E-84  0.4000E+01
 -94.387  0.8264E-84  0.4000E+01
 -94.377  0.8264E-84  0.4000E+01
 -94.367  0.8264E-84  0.4000E+01
 -94.357  0.8264E-84  0.4000E+01
 -94.347  0.8264E-84  0.4000E+01
 -94.337  0.8264E-84  0.4000E+01
 -94.327  0.8264E-84  0.4000E+01
 -94.317  0.8264E-84  0.4000E+01
 -94.307  0.8264E-84  0.4000E+01
 -94.297  0.8264E-84  0.4000E+01
 -94.287  0.8264E-84  0.4000E+01
 -94.277  0.8264E-84  0.4000E+01
 -94.267  0.8264E-84  0.4000E+01
 -94.257  0.8264E-84  0.4000E+01
 -94.247  0.8264E-84  0.4000E+01
 -94.237  0.8264E-84  0.4000E+01
 -94.227  0.8264E-84  0.4000E+01
 -94.217  0.8264E-84  0.4000E+01
 -94.207  0.8264E-84  0.4000E+01
 -94.197  0.8264E-84  0.4000E+01
 -94.187  0.8264E-84  0.4000E+01
 -94.177  0.8264E-84  0.4000E+01
 -94.167  0.8264E-84  0.4000E+01
 -94.157  0.8264E-84  0.4000E+01
 -94.147  0.8264E-84  0.4000E+01
 -94.137  0.8264E-84  0.4000E+01
 -94.127  0.8264E-84  0.4000E+01
 -94.117  0.8264E-84  0.4000E+01
 -94.107  0.8264E-84  0.4000E+01
 -94.097  0.8264E-84  0.4000E+01
 -94.087  0.8264E-84  0.4000E+01
 -94.077  0.8264E-84  0.4000E+01
 -94.067  0.8264E-84  0.4000E+01
 -94.057  0.8264E-84  0.4000E+01
 -94.047  0.8264E-84  0.4000E+01
 -94.037  0.8264E-84  0.4000E+01
 -94.027  0.8264E-84  0.4000E+01
 -94.017  0.8264E-84  0.4000E+01
 -94.007  0.8264E-84  0.4000E+01
 -93.997  0.8264E-84  0.4000E+01
 -93.987  0.8264E-84  0.4000E+01
 -93.977  0.8264E-84  0.4000E+01
 -93.967  0.8264E-84  0.4000E+01
 -93.957  0.8264E-84  0.4000E+01
 -93.947  0.8264E-84  0.4000E+01
 -93.937  0.8264E-84  0.4000E+01
 -93.927  0.8264E-84  0.4000E+01
 -93.917  0.8264E-84  0.4000E+01
 -93.907  0.8264E-84  0.4000E+01
 -93.897  0.8264E-84  0.4000E+01
 -93.887  0.8264E-84  0.4000E+01
 -93.877  0.8264E-84  0.4000E+01
 -93.867  0.8264E-84  0.4000E+01
 -93.857  0.8264E-84  0.4000E+01
 -93.847  0.8264E-84  0.4000E+01
 -93.837  0.8264E-84  0.4000E+01
 -93.827  0.8264E-84  0.4000E+01
 -93.817  0.8264E-84  0.4000E+01
 -93.807  0.8264E-84  0.4000E+01
 -93.797  0.8264E-84  0.4000E+01
 -93.787  0.8264E-84  0.4000E+01
 -93.777  0.8264E-84  0.4000E+01
 -93.767  0.8264E-84  0.4000E+01
 -93.757  0.8264E-84  0.4000E+01
 -93.747  0.8264E-84  0.4000E+01
 -93.737  0.8264E-84  0.4000E+01
 -93.727  0.8264E-84  0.4000E+01
 -93.717  0.8264E-84  0.4000E+01
 -93.707  0.8264E-84  0.4000E+01
 -93.697  0.8264E-84  0.4000E+01
 -93.687  0.8264E-84  0.4000E+01
 -93.677  0.8264E-84  0.4000E+01
 -93.667  0.8264E-84  0.4000E+01
 -93.657  0.8264E-84  0.4000E+01
 -93.647  0.8264E-84  0.4000E+01
 -93.637  0.8264E-84  0.4000E+01
 -93.627  0.8264E-84  0.4000E+01
 -93.617  0.8264E-84  0.4000E+01
 -93.607  0.8264E-84  0.4000E+01
 -93.597  0.8264E-84  0.4000E+01
 -93.587  0.8264E-84  0.4000E+01
 -93.577  0.8264E-84  0.4000E+01
 -93.567  0.8264E-84  0.4000E+01
 -93.557  0.8264E-84  0.4000E+01
 -93.547  0.8264E-84  0.4000E+01
 -93.537  0.8264E-84  0.4000E+01
 -93.527  0.8264E-84  0.4000E+01
 -93.517  0.8264E-84  0.4000E+01
 -93.507  0.8264E-84  0.4000E+01
 -93.497  0.8264E-84  0.4000E+01
 -93.487  0.8264E-84  0.4000E+01
 -93.477  0.8264E-84  0.4000E+01
 -93.467  0.8264E-84  0.4000E+01
 -93.457  0.8264E-84  0.4000E+01
 -93.447  0.8264E-84  0.4000E+01
 -93.437  0.8264E-84  0.4000E+01
 -93.427  0.8264E-84  0.4000E+01
 -93.417  0.8264E-84  0.4000E+01
 -93.407  0.8264E-84  0.4000E+01
 -93.397  0.8264E-84  0.4000E+01
 -93.387  0.8264E-84  0.4000E+01
 -93.377  0.8264E-84  0.4000E+01
 -93.367  0.8264E-84  0.4000E+01
 -93.357  0.8264E-84  0.4000E+01
 -93.347  0.8264E-84  0.4000E+01
 -93.337  0.8264E-84  0.4000E+01
 -93.327  0.8264E-84  0.4000E+01
 -93.317  0.8264E-84  0.4000E+01
 -93.307  0.8264E-84  0.4000E+01
 -93.297  0.8264E-84  0.4000E+01
 -93.287  0.8264E-84  0.4000E+01
 -93.277  0.8264E-84  0.4000E+01
 -93.267  0.8264E-84  0.4000E+01
 -93.257  0.8264E-84  0.4000E+01
 -93.247  0.8264E-84  0.4000E+01
 -93.237  0.8264E-84  0.4000E+01
 -93.227  0.8264E-84  0.4000E+01
 -93.217  0.8264E-84  0.4000E+01
 -93.207  0.8264E-84  0.4000E+01
 -93.197  0.8264E-84  0.4000E+01
 -93.187  0.8264E-84  0.4000E+01
 -93.177  0.8264E-84  0.4000E+01
 -93.167  0.8264E-84  0.4000E+01
 -93.157  0.8264E-84  0.4000E+01
 -93.147  0.8264E-84  0.4000E+01
 -93.137  0.8264E-84  0.4000E+01
 -93.127  0.8264E-84  0.4000E+01
 -93.117  0.8264E-84  0.4000E+01
 -93.107  0.8264E-84  0.4000E+01
 -93.097  0.8264E-84  0.4000E+01
 -93.087  0.8264E-84  0.4000E+01
 -93.077  0.8264E-84  0.4000E+01
 -93.067  0.8264E-84  0.4000E+01
 -93.057  0.8264E-84  0.4000E+01
 -93.047  0.8264E-84  0.4000E+01
 -93.037  0.8264E-84  0.4000E+01
 -93.027  0.8264E-84  0.4000E+01
 -93.017  0.8264E-84  0.4000E+01
 -93.007  0.8264E-84  0.4000E+01
 -92.997  0.8264E-84  0.4000E+01
 -92.987  0.8264E-84  0.4000E+01
 -92.977  0.8264E-84  0.4000E+01
 -92.967  0.8264E-84  0.4000E+01
 -92.957  0.8264E-84  0.4000E+01
 -92.947  0.8264E-84  0.4000E+01
 -92.937  0.8264E-84  0.4000E+01
 -92.927  0.8264E-84  0.4000E+01
 -92.917  0.8264E-84  0.4000E+01
 -92.907  0.8264E-84  0.4000E+01
 -92.897  0.8264E-84  0.4000E+01
 -92.887  0.8264E-84  0.4000E+01
 -92.877  0.8264E-84  0.4000E+01
 -92.867  0.8264E-84  0.4000E+01
 -92.857  0.8264E-84  0.4000E+01
 -92.847  0.8264E-84  0.4000E+01
 -92.837  0.8264E-84  0.4000E+01
 -92.827  0.8264E-84  0.4000E+01
 -92.817  0.8264E-84  0.4000E+01
 -92.807  0.8264E-84  0.4000E+01
 -92.797  0.8264E-84  0.4000E+01
 -92.787  0.8264E-84  0.4000E+01
 -92.777  0.8264E-84  0.4000E+01
 -92.767  0.8264E-84  0.4000E+01
 -92.757  0.8264E-84  0.4000E+01
 -92.747  0.8264E-84  0.4000E+01
 -92.737  0.8264E-84  0.4000E+01
 -92.727  0.8264E-84  0.4000E+01
 -92.717  0.8264E-84  0.4000E+01
 -92.707  0.8264E-84  0.4000E+01
 -92.697  0.8264E-84  0.4000E+01
 -92.687  0.8264E-84  0.4000E+01
 -92.677  0.8264E-84  0.4000E+01
 -92.667  0.8264E-84  0.4000E+01
 -92.657  0.8264E-84  0.4000E+01
 -92.647  0.8264E-84  0.4000E+01
 -92.637  0.8264E-84  0.4000E+01
 -92.627  0.8264E-84  0.4000E+01
 -92.617  0.8264E-84  0.4000E+01
 -92.607  0.8264E-84  0.4000E+01
 -92.597  0.8264E-84  0.4000E+01
 -92.587  0.8264E-84  0.4000E+01
 -92.577  0.8264E-84  0.4000E+01
 -92.567  0.8264E-84  0.4000E+01
 -92.557  0.8264E-84  0.4000E+01
 -92.547  0.8264E-84  0.4000E+01
 -92.537  0.8264E-84  0.4000E+01
 -92.527  0.8264E-84  0.4000E+01
 -92.517  0.8264E-84  0.4000E+01
 -92.507  0.8264E-84  0.4000E+01
 -92.497  0.8264E-84  0.4000E+01
 -92.487  0.8264E-84  0.4000E+01
 -92.477  0.8264E-84  0.4000E+01
 -92.467  0.8264E-84  0.4000E+01
 -92.457  0.8264E-84  0.4000E+01
 -92.447  0.8264E-84  0.4000E+01
 -92.437  0.8264E-84  0.4000E+01
 -92.427  0.8264E-84  0.4000E+01
 -92.417  0.8264E-84  0.4000E+01
 -92.407  0.8264E-84  0.4000E+01
 -92.397  0.8264E-84  0.4000E+01
 -92.387  0.8264E-84  0.4000E+01
 -92.377  0.8264E-84  0.4000E+01
 -92.367  0.8264E-84  0.4000E+01
 -92.357  0.8264E-84  0.4000E+01
 -92.347  0.8264E-84  0.4000E+01
 -92.337  0.8264E-84  0.4000E+01
 -92.327  0.8264E-84  0.4000E+01
 -92.317  0.8264E-84  0.4000E+01
 -92.307  0.8264E-84  0.4000E+01
 -92.297  0.8264E-84  0.4000E+01
 -92.287  0.8264E-84  0.4000E+01
 -92.277  0.8264E-84  0.4000E+01
 -92.267  0.8264E-84  0.4000E+01
 -92.257  0.8264E-84  0.4000E+01
 -92.247  0.8264E-84  0.4000E+01
 -92.237  0.8264E-84  0.4000E+01
 -92.227  0.8264E-84  0.4000E+01
 -92.217  0.8264E-84  0.4000E+01
 -92.207  0.8264E-84  0.4000E+01
 -92.197  0.8264E-84  0.4000E+01
 -92.187  0.8264E-84  0.4000E+01
 -92.177  0.8264E-84  0.4000E+01
 -92.167  0.8264E-84  0.4000E+01
 -92.157  0.8264E-84  0.4000E+01
 -92.147  0.8264E-84  0.4000E+01
 -92.137  0.8264E-84  0.4000E+01
 -92.127  0.8264E-84  0.4000E+01
 -92.117  0.8264E-84  0.4000E+01
 -92.107  0.8264E-84  0.4000E+01
 -92.097  0.8264E-84  0.4000E+01
 -92.087  0.8264E-84  0.4000E+01
 -92.077  0.8264E-84  0.4000E+01
 -92.067  0.8264E-84  0.4000E+01
 -92.057  0.8264E-84  0.4000E+01
 -92.047  0.8264E-84  0.4000E+01
 -92.037  0.8264E-84  0.4000E+01
 -92.027  0.8264E-84  0.4000E+01
 -92.017  0.8264E-84  0.4000E+01
 -92.007  0.8264E-84  0.4000E+01
 -91.997  0.8264E-84  0.4000E+01
 -91.987  0.8264E-84  0.4000E+01
 -91.977  0.8264E-84  0.4000E+01
 -91.967  0.8264E-84  0.4000E+01
 -91.957  0.8264E-84  0.4000E+01
 -91.947  0.8264E-84  0.4000E+01
 -91.937  0.8264E-84  0.4000E+01
 -91.927  0.8264E-84  0.4000E+01
 -91.917  0.8264E-84  0.4000E+01
 -91.907  0.8264E-84  0.4000E+01
 -91.897  0.8264E-84  0.4000E+01
 -91.887  0.8264E-84  0.4000E+01
 -91.877  0.8264E-84  0.4000E+01
 -91.867  0.8264E-84  0.4000E+01
 -91.857  0.8264E-84  0.4000E+01
 -91.847  0.8264E-84  0.4000E+01
 -91.837  0.8264E-84  0.4000E+01
 -91.827  0.8264E-84  0.4000E+01
 -91.817  0.8264E-84  0.4000E+01
 -91.807  0.8264E-84  0.4000E+01
 -91.797  0.8264E-84  0.4000E+01
 -91.787  0.8264E-84  0.4000E+01
 -91.777  0.8264E-84  0.4000E+01
 -91.767  0.8264E-84  0.4000E+01
 -91.757  0.8264E-84  0.4000E+01
 -91.747  0.8264E-84  0.4000E+01
 -91.737  0.8264E-84  0.4000E+01
 -91.727  0.8264E-84  0.4000E+01
 -91.717  0.8264E-84  0.4000E+01
 -91.707  0.8264E-84  0.4000E+01
 -91.697  0.8264E-84  0.4000E+01
 -91.687  0.8264E-84  0.4000E+01
 -91.677  0.8264E-84  0.4000E+01
 -91.667  0.8264E-84  0.4000E+01
 -91.657  0.8264E-84  0.4000E+01
 -91.647  0.8264E-84  0.4000E+01
 -91.637  0.8264E-84  0.4000E+01
 -91.627  0.8264E-84  0.4000E+01
 -91.617  0.8264E-84  0.4000E+01
 -91.607  0.8264E-84  0.4000E+01
 -91.597  0.8264E-84  0.4000E+01
 -91.587  0.8264E-84  0.4000E+01
 -91.577  0.8264E-84  0.4000E+01
 -91.567  0.8264E-84  0.4000E+01
 -91.557  0.8264E-84  0.4000E+01
 -91.547  0.8264E-84  0.4000E+01
 -91.537  0.8264E-84  0.4000E+01
 -91.527  0.8264E-84  0.4000E+01
 -91.517  0.8264E-84  0.4000E+01
 -91.507  0.8264E-84  0.4000E+01
 -91.497  0.8264E-84  0.4000E+01
 -91.487  0.8264E-84  0.4000E+01
 -91.477  0.8264E-84  0.4000E+01
 -91.467  0.8264E-84  0.4000E+01
 -91.457  0.8264E-84  0.4000E+01
 -91.447  0.8264E-84  0.4000E+01
 -91.437  0.8264E-84  0.4000E+01
 -91.427  0.8264E-84  0.4000E+01
 -91.417  0.8264E-84  0.4000E+01
 -91.407  0.8264E-84  0.4000E+01
 -91.397  0.8264E-84  0.4000E+01
 -91.387  0.8264E-84  0.4000E+01
 -91.377  0.8264E-84  0.4000E+01
 -91.367  0.8264E-84  0.4000E+01
 -91.357  0.8264E-84  0.4000E+01
 -91.347  0.8264E-84  0.4000E+01
 -91.337  0.8264E-84  0.4000E+01
 -91.327  0.8264E-84  0.4000E+01
 -91.317  0.8264E-84  0.4000E+01
 -91.307  0.8264E-84  0.4000E+01
 -91.297  0.8264E-84  0.4000E+01
 -91.287  0.8264E-84  0.4000E+01
 -91.277  0.8264E-84  0.4000E+01
 -91.267  0.8264E-84  0.4000E+01
 -91.257  0.8264E-84  0.4000E+01
 -91.247  0.8264E-84  0.4000E+01
 -91.237  0.8264E-84  0.4000E+01
 -91.227  0.8264E-84  0.4000E+01
 -91.217  0.8264E-84  0.4000E+01
 -91.207  0.8264E-84  0.4000E+01
 -91.197  0.8264E-84  0.4000E+01
 -91.187  0.8264E-84  0.4000E+01
 -91.177  0.8264E-84  0.4000E+01
 -91.167  0.8264E-84  0.4000E+01
 -91.157  0.8264E-84  0.4000E+01
 -91.147  0.8264E-84  0.4000E+01
 -91.137  0.8264E-84  0.4000E+01
 -91.127  0.8264E-84  0.4000E+01
 -91.117  0.8264E-84  0.4000E+01
 -91.107  0.8264E-84  0.4000E+01
 -91.097  0.8264E-84  0.4000E+01
 -91.087  0.8264E-84  0.4000E+01
 -91.077  0.8264E-84  0.4000E+01
 -91.067  0.8264E-84  0.4000E+01
 -91.057  0.8264E-84  0.4000E+01
 -91.047  0.8264E-84  0.4000E+01
 -91.037  0.8264E-84  0.4000E+01
 -91.027  0.8264E-84  0.4000E+01
 -91.017  0.8264E-84  0.4000E+01
 -91.007  0.8264E-84  0.4000E+01
 -90.997  0.8264E-84  0.4000E+01
 -90.987  0.8264E-84  0.4000E+01
 -90.977  0.8264E-84  0.4000E+01
 -90.967  0.8264E-84  0.4000E+01
 -90.957  0.8264E-84  0.4000E+01
 -90.947  0.8264E-84  0.4000E+01
 -90.937  0.8264E-84  0.4000E+01
 -90.927  0.8264E-84  0.4000E+01
 -90.917  0.8264E-84  0.4000E+01
 -90.907  0.8264E-84  0.4000E+01
 -90.897  0.8264E-84  0.4000E+01
 -90.887  0.8264E-84  0.4000E+01
 -90.877  0.8264E-84  0.4000E+01
 -90.867  0.8264E-84  0.4000E+01
 -90.857  0.8264E-84  0.4000E+01
 -90.847  0.8264E-84  0.4000E+01
 -90.837  0.8264E-84  0.4000E+01
 -90.827  0.8264E-84  0.4000E+01
 -90.817  0.8264E-84  0.4000E+01
 -90.807  0.8264E-84  0.4000E+01
 -90.797  0.8264E-84  0.4000E+01
 -90.787  0.8264E-84  0.4000E+01
 -90.777  0.8264E-84  0.4000E+01
 -90.767  0.8264E-84  0.4000E+01
 -90.757  0.8264E-84  0.4000E+01
 -90.747  0.8264E-84  0.4000E+01
 -90.737  0.8264E-84  0.4000E+01
 -90.727  0.8264E-84  0.4000E+01
 -90.717  0.8264E-84  0.4000E+01
 -90.707  0.8264E-84  0.4000E+01
 -90.697  0.8264E-84  0.4000E+01
 -90.687  0.8264E-84  0.4000E+01
 -90.677  0.8264E-84  0.4000E+01
 -90.667  0.8264E-84  0.4000E+01
 -90.657  0.8264E-84  0.4000E+01
 -90.647  0.8264E-84  0.4000E+01
 -90.637  0.8264E-84  0.4000E+01
 -90.627  0.8264E-84  0.4000E+01
 -90.617  0.8264E-84  0.4000E+01
 -90.607  0.8264E-84  0.4000E+01
 -90.597  0.8264E-84  0.4000E+01
 -90.587  0.8264E-84  0.4000E+01
 -90.577  0.8264E-84  0.4000E+01
 -90.567  0.8264E-84  0.4000E+01
 -90.557  0.8264E-84  0.4000E+01
 -90.547  0.8264E-84  0.4000E+01
 -90.537  0.8264E-84  0.4000E+01
 -90.527  0.8264E-84  0.4000E+01
 -90.517  0.8264E-84  0.4000E+01
 -90.507  0.8264E-84  0.4000E+01
 -90.497  0.8264E-84  0.4000E+01
 -90.487  0.8264E-84  0.4000E+01
 -90.477  0.8264E-84  0.4000E+01
 -90.467  0.8264E-84  0.4000E+01
 -90.457  0.8264E-84  0.4000E+01
 -90.447  0.8264E-84  0.4000E+01
 -90.437  0.8264E-84  0.4000E+01
 -90.427  0.8264E-84  0.4000E+01
 -90.417  0.8264E-84  0.4000E+01
 -90.407  0.8264E-84  0.4000E+01
 -90.397  0.8264E-84  0.4000E+01
 -90.387  0.8264E-84  0.4000E+01
 -90.377  0.8264E-84  0.4000E+01
 -90.367  0.8264E-84  0.4000E+01
 -90.357  0.8264E-84  0.4000E+01
 -90.347  0.8264E-84  0.4000E+01
 -90.337  0.8264E-84  0.4000E+01
 -90.327  0.8264E-84  0.4000E+01
 -90.317  0.8264E-84  0.4000E+01
 -90.307  0.8264E-84  0.4000E+01
 -90.297  0.8264E-84  0.4000E+01
 -90.287  0.8264E-84  0.4000E+01
 -90.277  0.8264E-84  0.4000E+01
 -90.267  0.8264E-84  0.4000E+01
 -90.257  0.8264E-84  0.4000E+01
 -90.247  0.8264E-84  0.4000E+01
 -90.237  0.8264E-84  0.4000E+01
 -90.227  0.8264E-84  0.4000E+01
 -90.217  0.8264E-84  0.4000E+01
 -90.207  0.8264E-84  0.4000E+01
 -90.197  0.8264E-84  0.4000E+01
 -90.187  0.8264E-84  0.4000E+01
 -90.177  0.8264E-84  0.4000E+01
 -90.167  0.8264E-84  0.4000E+01
 -90.157  0.8264E-84  0.4000E+01
 -90.147  0.8264E-84  0.4000E+01
 -90.137  0.8264E-84  0.4000E+01
 -90.127  0.8264E-84  0.4000E+01
 -90.117  0.8264E-84  0.4000E+01
 -90.107  0.8264E-84  0.4000E+01
 -90.097  0.8264E-84  0.4000E+01
 -90.087  0.8264E-84  0.4000E+01
 -90.077  0.8264E-84  0.4000E+01
 -90.067  0.8264E-84  0.4000E+01
 -90.057  0.8264E-84  0.4000E+01
 -90.047  0.8264E-84  0.4000E+01
 -90.037  0.8264E-84  0.4000E+01
 -90.027  0.8264E-84  0.4000E+01
 -90.017  0.8264E-84  0.4000E+01
 -90.007  0.8264E-84  0.4000E+01
 -89.997  0.8264E-84  0.4000E+01
 -89.987  0.8264E-84  0.4000E+01
 -89.977  0.8264E-84  0.4000E+01
 -89.967  0.8264E-84  0.4000E+01
 -89.957  0.8264E-84  0.4000E+01
 -89.947  0.8264E-84  0.4000E+01
 -89.937  0.8264E-84  0.4000E+01
 -89.927  0.8264E-84  0.4000E+01
 -89.917  0.8264E-84  0.4000E+01
 -89.907  0.8264E-84  0.4000E+01
 -89.897  0.8264E-84  0.4000E+01
 -89.887  0.8264E-84  0.4000E+01
 -89.877  0.8264E-84  0.4000E+01
 -89.867  0.8264E-84  0.4000E+01
 -89.857  0.8264E-84  0.4000E+01
 -89.847  0.8264E-84  0.4000E+01
 -89.837  0.8264E-84  0.4000E+01
 -89.827  0.8264E-84  0.4000E+01
 -89.817  0.8264E-84  0.4000E+01
 -89.807  0.8264E-84  0.4000E+01
 -89.797  0.8264E-84  0.4000E+01
 -89.787  0.8264E-84  0.4000E+01
 -89.777  0.8264E-84  0.4000E+01
 -89.767  0.8264E-84  0.4000E+01
 -89.757  0.8264E-84  0.4000E+01
 -89.747  0.8264E-84  0.4000E+01
 -89.737  0.8264E-84  0.4000E+01
 -89.727  0.8264E-84  0.4000E+01
 -89.717  0.8264E-84  0.4000E+01
 -89.707  0.8264E-84  0.4000E+01
 -89.697  0.8264E-84  0.4000E+01
 -89.687  0.8264E-84  0.4000E+01
 -89.677  0.8264E-84  0.4000E+01
 -89.667  0.8264E-84  0.4000E+01
 -89.657  0.8264E-84  0.4000E+01
 -89.647  0.8264E-84  0.4000E+01
 -89.637  0.8264E-84  0.4000E+01
 -89.627  0.8264E-84  0.4000E+01
 -89.617  0.8264E-84  0.4000E+01
 -89.607  0.8264E-84  0.4000E+01
 -89.597  0.8264E-84  0.4000E+01
 -89.587  0.8264E-84  0.4000E+01
 -89.577  0.8264E-84  0.4000E+01
 -89.567  0.8264E-84  0.4000E+01
 -89.557  0.8264E-84  0.4000E+01
 -89.547  0.8264E-84  0.4000E+01
 -89.537  0.8264E-84  0.4000E+01
 -89.527  0.8264E-84  0.4000E+01
 -89.517  0.8264E-84  0.4000E+01
 -89.507  0.8264E-84  0.4000E+01
 -89.497  0.8264E-84  0.4000E+01
 -89.487  0.8264E-84  0.4000E+01
 -89.477  0.8264E-84  0.4000E+01
 -89.467  0.8264E-84  0.4000E+01
 -89.457  0.8264E-84  0.4000E+01
 -89.447  0.8264E-84  0.4000E+01
 -89.437  0.8264E-84  0.4000E+01
 -89.427  0.8264E-84  0.4000E+01
 -89.417  0.8264E-84  0.4000E+01
 -89.407  0.8264E-84  0.4000E+01
 -89.397  0.8264E-84  0.4000E+01
 -89.387  0.8264E-84  0.4000E+01
 -89.377  0.8264E-84  0.4000E+01
 -89.367  0.8264E-84  0.4000E+01
 -89.357  0.8264E-84  0.4000E+01
 -89.347  0.8264E-84  0.4000E+01
 -89.337  0.8264E-84  0.4000E+01
 -89.327  0.8264E-84  0.4000E+01
 -89.317  0.8264E-84  0.4000E+01
 -89.307  0.8264E-84  0.4000E+01
 -89.297  0.8264E-84  0.4000E+01
 -89.287  0.8264E-84  0.4000E+01
 -89.277  0.8264E-84  0.4000E+01
 -89.267  0.8264E-84  0.4000E+01
 -89.257  0.8264E-84  0.4000E+01
 -89.247  0.8264E-84  0.4000E+01
 -89.237  0.8264E-84  0.4000E+01
 -89.227  0.8264E-84  0.4000E+01
 -89.217  0.8264E-84  0.4000E+01
 -89.207  0.8264E-84  0.4000E+01
 -89.197  0.8264E-84  0.4000E+01
 -89.187  0.8264E-84  0.4000E+01
 -89.177  0.8264E-84  0.4000E+01
 -89.167  0.8264E-84  0.4000E+01
 -89.157  0.8264E-84  0.4000E+01
 -89.147  0.8264E-84  0.4000E+01
 -89.137  0.8264E-84  0.4000E+01
 -89.127  0.8264E-84  0.4000E+01
 -89.117  0.8264E-84  0.4000E+01
 -89.107  0.8264E-84  0.4000E+01
 -89.097  0.8264E-84  0.4000E+01
 -89.087  0.8264E-84  0.4000E+01
 -89.077  0.8264E-84  0.4000E+01
 -89.067  0.8264E-84  0.4000E+01
 -89.057  0.8264E-84  0.4000E+01
 -89.047  0.8264E-84  0.4000E+01
 -89.037  0.8264E-84  0.4000E+01
 -89.027  0.8264E-84  0.4000E+01
 -89.017  0.8264E-84  0.4000E+01
 -89.007  0.8264E-84  0.4000E+01
 -88.997  0.8264E-84  0.4000E+01
 -88.987  0.8264E-84  0.4000E+01
 -88.977  0.8264E-84  0.4000E+01
 -88.967  0.8264E-84  0.4000E+01
 -88.957  0.8264E-84  0.4000E+01
 -88.947  0.8264E-84  0.4000E+01
 -88.937  0.8264E-84  0.4000E+01
 -88.927  0.8264E-84  0.4000E+01
 -88.917  0.8264E-84  0.4000E+01
 -88.907  0.8264E-84  0.4000E+01
 -88.897  0.8264E-84  0.4000E+01
 -88.887  0.8264E-84  0.4000E+01
 -88.877  0.8264E-84  0.4000E+01
 -88.867  0.8264E-84  0.4000E+01
 -88.857  0.8264E-84  0.4000E+01
 -88.847  0.8264E-84  0.4000E+01
 -88.837  0.8264E-84  0.4000E+01
 -88.827  0.8264E-84  0.4000E+01
 -88.817  0.8264E-84  0.4000E+01
 -88.807  0.8264E-84  0.4000E+01
 -88.797  0.8264E-84  0.4000E+01
 -88.787  0.8264E-84  0.4000E+01
 -88.777  0.8264E-84  0.4000E+01
 -88.767  0.8264E-84  0.4000E+01
 -88.757  0.8264E-84  0.4000E+01
 -88.747  0.8264E-84  0.4000E+01
 -88.737  0.8264E-84  0.4000E+01
 -88.727  0.8264E-84  0.4000E+01
 -88.717  0.8264E-84  0.4000E+01
 -88.707  0.8264E-84  0.4000E+01
 -88.697  0.8264E-84  0.4000E+01
 -88.687  0.8264E-84  0.4000E+01
 -88.677  0.8264E-84  0.4000E+01
 -88.667  0.8264E-84  0.4000E+01
 -88.657  0.8264E-84  0.4000E+01
 -88.647  0.8264E-84  0.4000E+01
 -88.637  0.8264E-84  0.4000E+01
 -88.627  0.8264E-84  0.4000E+01
 -88.617  0.8264E-84  0.4000E+01
 -88.607  0.8264E-84  0.4000E+01
 -88.597  0.8264E-84  0.4000E+01
 -88.587  0.8264E-84  0.4000E+01
 -88.577  0.8264E-84  0.4000E+01
 -88.567  0.8264E-84  0.4000E+01
 -88.557  0.8264E-84  0.4000E+01
 -88.547  0.8264E-84  0.4000E+01
 -88.537  0.8264E-84  0.4000E+01
 -88.527  0.8264E-84  0.4000E+01
 -88.517  0.8264E-84  0.4000E+01
 -88.507  0.8264E-84  0.4000E+01
 -88.497  0.8264E-84  0.4000E+01
 -88.487  0.8264E-84  0.4000E+01
 -88.477  0.8264E-84  0.4000E+01
 -88.467  0.8264E-84  0.4000E+01
 -88.457  0.8264E-84  0.4000E+01
 -88.447  0.8264E-84  0.4000E+01
 -88.437  0.8264E-84  0.4000E+01
 -88.427  0.8264E-84  0.4000E+01
 -88.417  0.8264E-84  0.4000E+01
 -88.407  0.8264E-84  0.4000E+01
 -88.397  0.8264E-84  0.4000E+01
 -88.387  0.8264E-84  0.4000E+01
 -88.377  0.8264E-84  0.4000E+01
 -88.367  0.8264E-84  0.4000E+01
 -88.357  0.8264E-84  0.4000E+01
 -88.347  0.8264E-84  0.4000E+01
 -88.337  0.8264E-84  0.4000E+01
 -88.327  0.8264E-84  0.4000E+01
 -88.317  0.8264E-84  0.4000E+01
 -88.307  0.8264E-84  0.4000E+01
 -88.297  0.8264E-84  0.4000E+01
 -88.287  0.8264E-84  0.4000E+01
 -88.277  0.8264E-84  0.4000E+01
 -88.267  0.8264E-84  0.4000E+01
 -88.257  0.8264E-84  0.4000E+01
 -88.247  0.8264E-84  0.4000E+01
 -88.237  0.8264E-84  0.4000E+01
 -88.227  0.8264E-84  0.4000E+01
 -88.217  0.8264E-84  0.4000E+01
 -88.207  0.8264E-84  0.4000E+01
 -88.197  0.8264E-84  0.4000E+01
 -88.187  0.8264E-84  0.4000E+01
 -88.177  0.8264E-84  0.4000E+01
 -88.167  0.8264E-84  0.4000E+01
 -88.157  0.8264E-84  0.4000E+01
 -88.147  0.8264E-84  0.4000E+01
 -88.137  0.8264E-84  0.4000E+01
 -88.127  0.8264E-84  0.4000E+01
 -88.117  0.8264E-84  0.4000E+01
 -88.107  0.8264E-84  0.4000E+01
 -88.097  0.8264E-84  0.4000E+01
 -88.087  0.8264E-84  0.4000E+01
 -88.077  0.8264E-84  0.4000E+01
 -88.067  0.8264E-84  0.4000E+01
 -88.057  0.8264E-84  0.4000E+01
 -88.047  0.8264E-84  0.4000E+01
 -88.037  0.8264E-84  0.4000E+01
 -88.027  0.8264E-84  0.4000E+01
 -88.017  0.8264E-84  0.4000E+01
 -88.007  0.8264E-84  0.4000E+01
 -87.997  0.8264E-84  0.4000E+01
 -87.987  0.8264E-84  0.4000E+01
 -87.977  0.8264E-84  0.4000E+01
 -87.967  0.8264E-84  0.4000E+01
 -87.957  0.8264E-84  0.4000E+01
 -87.947  0.8264E-84  0.4000E+01
 -87.937  0.8264E-84  0.4000E+01
 -87.927  0.8264E-84  0.4000E+01
 -87.917  0.8264E-84  0.4000E+01
 -87.907  0.8264E-84  0.4000E+01
 -87.897  0.8264E-84  0.4000E+01
 -87.887  0.8264E-84  0.4000E+01
 -87.877  0.8264E-84  0.4000E+01
 -87.867  0.8264E-84  0.4000E+01
 -87.857  0.8264E-84  0.4000E+01
 -87.847  0.8264E-84  0.4000E+01
 -87.837  0.8264E-84  0.4000E+01
 -87.827  0.8264E-84  0.4000E+01
 -87.817  0.8264E-84  0.4000E+01
 -87.807  0.8264E-84  0.4000E+01
 -87.797  0.8264E-84  0.4000E+01
 -87.787  0.8264E-84  0.4000E+01
 -87.777  0.8264E-84  0.4000E+01
 -87.767  0.8264E-84  0.4000E+01
 -87.757  0.8264E-84  0.4000E+01
 -87.747  0.8264E-84  0.4000E+01
 -87.737  0.8264E-84  0.4000E+01
 -87.727  0.8264E-84  0.4000E+01
 -87.717  0.8264E-84  0.4000E+01
 -87.707  0.8264E-84  0.4000E+01
 -87.697  0.8264E-84  0.4000E+01
 -87.687  0.8264E-84  0.4000E+01
 -87.677  0.8264E-84  0.4000E+01
 -87.667  0.8264E-84  0.4000E+01
 -87.657  0.8264E-84  0.4000E+01
 -87.647  0.8264E-84  0.4000E+01
 -87.637  0.8264E-84  0.4000E+01
 -87.627  0.8264E-84  0.4000E+01
 -87.617  0.8264E-84  0.4000E+01
 -87.607  0.8264E-84  0.4000E+01
 -87.597  0.8264E-84  0.4000E+01
 -87.587  0.8264E-84  0.4000E+01
 -87.577  0.8264E-84  0.4000E+01
 -87.567  0.8264E-84  0.4000E+01
 -87.557  0.8264E-84  0.4000E+01
 -87.547  0.8264E-84  0.4000E+01
 -87.537  0.8264E-84  0.4000E+01
 -87.527  0.8264E-84  0.4000E+01
 -87.517  0.8264E-84  0.4000E+01
 -87.507  0.8264E-84  0.4000E+01
 -87.497  0.8264E-84  0.4000E+01
 -87.487  0.8264E-84  0.4000E+01
 -87.477  0.8264E-84  0.4000E+01
 -87.467  0.8264E-84  0.4000E+01
 -87.457  0.8264E-84  0.4000E+01
 -87.447  0.8264E-84  0.4000E+01
 -87.437  0.8264E-84  0.4000E+01
 -87.427  0.8264E-84  0.4000E+01
 -87.417  0.8264E-84  0.4000E+01
 -87.407  0.8264E-84  0.4000E+01
 -87.397  0.8264E-84  0.4000E+01
 -87.387  0.8264E-84  0.4000E+01
 -87.377  0.8264E-84  0.4000E+01
 -87.367  0.8264E-84  0.4000E+01
 -87.357  0.8264E-84  0.4000E+01
 -87.347  0.8264E-84  0.4000E+01
 -87.337  0.8264E-84  0.4000E+01
 -87.327  0.8264E-84  0.4000E+01
 -87.317  0.8264E-84  0.4000E+01
 -87.307  0.8264E-84  0.4000E+01
 -87.297  0.8264E-84  0.4000E+01
 -87.287  0.8264E-84  0.4000E+01
 -87.277  0.8264E-84  0.4000E+01
 -87.267  0.8264E-84  0.4000E+01
 -87.257  0.8264E-84  0.4000E+01
 -87.247  0.8264E-84  0.4000E+01
 -87.237  0.8264E-84  0.4000E+01
 -87.227  0.8264E-84  0.4000E+01
 -87.217  0.8264E-84  0.4000E+01
 -87.207  0.8264E-84  0.4000E+01
 -87.197  0.8264E-84  0.4000E+01
 -87.187  0.8264E-84  0.4000E+01
 -87.177  0.8264E-84  0.4000E+01
 -87.167  0.8264E-84  0.4000E+01
 -87.157  0.8264E-84  0.4000E+01
 -87.147  0.8264E-84  0.4000E+01
 -87.137  0.8264E-84  0.4000E+01
 -87.127  0.8264E-84  0.4000E+01
 -87.117  0.8264E-84  0.4000E+01
 -87.107  0.8264E-84  0.4000E+01
 -87.097  0.8264E-84  0.4000E+01
 -87.087  0.8264E-84  0.4000E+01
 -87.077  0.8264E-84  0.4000E+01
 -87.067  0.8264E-84  0.4000E+01
 -87.057  0.8264E-84  0.4000E+01
 -87.047  0.8264E-84  0.4000E+01
 -87.037  0.8264E-84  0.4000E+01
 -87.027  0.8264E-84  0.4000E+01
 -87.017  0.8264E-84  0.4000E+01
 -87.007  0.8264E-84  0.4000E+01
 -86.997  0.8264E-84  0.4000E+01
 -86.987  0.8264E-84  0.4000E+01
 -86.977  0.8264E-84  0.4000E+01
 -86.967  0.8264E-84  0.4000E+01
 -86.957  0.8264E-84  0.4000E+01
 -86.947  0.8264E-84  0.4000E+01
 -86.937  0.8264E-84  0.4000E+01
 -86.927  0.8264E-84  0.4000E+01
 -86.917  0.8264E-84  0.4000E+01
 -86.907  0.8264E-84  0.4000E+01
 -86.897  0.8264E-84  0.4000E+01
 -86.887  0.8264E-84  0.4000E+01
 -86.877  0.8264E-84  0.4000E+01
 -86.867  0.8264E-84  0.4000E+01
 -86.857  0.8264E-84  0.4000E+01
 -86.847  0.8264E-84  0.4000E+01
 -86.837  0.8264E-84  0.4000E+01
 -86.827  0.8264E-84  0.4000E+01
 -86.817  0.8264E-84  0.4000E+01
 -86.807  0.8264E-84  0.4000E+01
 -86.797  0.8264E-84  0.4000E+01
 -86.787  0.8264E-84  0.4000E+01
 -86.777  0.8264E-84  0.4000E+01
 -86.767  0.8264E-84  0.4000E+01
 -86.757  0.8264E-84  0.4000E+01
 -86.747  0.8264E-84  0.4000E+01
 -86.737  0.8264E-84  0.4000E+01
 -86.727  0.8264E-84  0.4000E+01
 -86.717  0.8264E-84  0.4000E+01
 -86.707  0.8264E-84  0.4000E+01
 -86.697  0.8264E-84  0.4000E+01
 -86.687  0.8264E-84  0.4000E+01
 -86.677  0.8264E-84  0.4000E+01
 -86.667  0.8264E-84  0.4000E+01
 -86.657  0.8264E-84  0.4000E+01
 -86.647  0.8264E-84  0.4000E+01
 -86.637  0.8264E-84  0.4000E+01
 -86.627  0.8264E-84  0.4000E+01
 -86.617  0.8264E-84  0.4000E+01
 -86.607  0.8264E-84  0.4000E+01
 -86.597  0.8264E-84  0.4000E+01
 -86.587  0.8264E-84  0.4000E+01
 -86.577  0.8264E-84  0.4000E+01
 -86.567  0.8264E-84  0.4000E+01
 -86.557  0.8264E-84  0.4000E+01
 -86.547  0.8264E-84  0.4000E+01
 -86.537  0.8264E-84  0.4000E+01
 -86.527  0.8264E-84  0.4000E+01
 -86.517  0.8264E-84  0.4000E+01
 -86.507  0.8264E-84  0.4000E+01
 -86.497  0.8264E-84  0.4000E+01
 -86.487  0.8264E-84  0.4000E+01
 -86.477  0.8264E-84  0.4000E+01
 -86.467  0.8264E-84  0.4000E+01
 -86.457  0.8264E-84  0.4000E+01
 -86.447  0.8264E-84  0.4000E+01
 -86.437  0.8264E-84  0.4000E+01
 -86.427  0.8264E-84  0.4000E+01
 -86.417  0.8264E-84  0.4000E+01
 -86.407  0.8264E-84  0.4000E+01
 -86.397  0.8264E-84  0.4000E+01
 -86.387  0.8264E-84  0.4000E+01
 -86.377  0.8264E-84  0.4000E+01
 -86.367  0.8264E-84  0.4000E+01
 -86.357  0.8264E-84  0.4000E+01
 -86.347  0.8264E-84  0.4000E+01
 -86.337  0.8264E-84  0.4000E+01
 -86.327  0.8264E-84  0.4000E+01
 -86.317  0.8264E-84  0.4000E+01
 -86.307  0.8264E-84  0.4000E+01
 -86.297  0.8264E-84  0.4000E+01
 -86.287  0.8264E-84  0.4000E+01
 -86.277  0.8264E-84  0.4000E+01
 -86.267  0.8264E-84  0.4000E+01
 -86.257  0.8264E-84  0.4000E+01
 -86.247  0.8264E-84  0.4000E+01
 -86.237  0.8264E-84  0.4000E+01
 -86.227  0.8264E-84  0.4000E+01
 -86.217  0.8264E-84  0.4000E+01
 -86.207  0.8264E-84  0.4000E+01
 -86.197  0.8264E-84  0.4000E+01
 -86.187  0.8264E-84  0.4000E+01
 -86.177  0.8264E-84  0.4000E+01
 -86.167  0.8264E-84  0.4000E+01
 -86.157  0.8264E-84  0.4000E+01
 -86.147  0.8264E-84  0.4000E+01
 -86.137  0.8264E-84  0.4000E+01
 -86.127  0.8264E-84  0.4000E+01
 -86.117  0.8264E-84  0.4000E+01
 -86.107  0.8264E-84  0.4000E+01
 -86.097  0.8264E-84  0.4000E+01
 -86.087  0.8264E-84  0.4000E+01
 -86.077  0.8264E-84  0.4000E+01
 -86.067  0.8264E-84  0.4000E+01
 -86.057  0.8264E-84  0.4000E+01
 -86.047  0.8264E-84  0.4000E+01
 -86.037  0.8264E-84  0.4000E+01
 -86.027  0.8264E-84  0.4000E+01
 -86.017  0.8264E-84  0.4000E+01
 -86.007  0.8264E-84  0.4000E+01
 -85.997  0.8264E-84  0.4000E+01
 -85.987  0.8264E-84  0.4000E+01
 -85.977  0.8264E-84  0.4000E+01
 -85.967  0.8264E-84  0.4000E+01
 -85.957  0.8264E-84  0.4000E+01
 -85.947  0.8264E-84  0.4000E+01
 -85.937  0.8264E-84  0.4000E+01
 -85.927  0.8264E-84  0.4000E+01
 -85.917  0.8264E-84  0.4000E+01
 -85.907  0.8264E-84  0.4000E+01
 -85.897  0.8264E-84  0.4000E+01
 -85.887  0.8264E-84  0.4000E+01
 -85.877  0.8264E-84  0.4000E+01
 -85.867  0.8264E-84  0.4000E+01
 -85.857  0.8264E-84  0.4000E+01
 -85.847  0.8264E-84  0.4000E+01
 -85.837  0.8264E-84  0.4000E+01
 -85.827  0.8264E-84  0.4000E+01
 -85.817  0.8264E-84  0.4000E+01
 -85.807  0.8264E-84  0.4000E+01
 -85.797  0.8264E-84  0.4000E+01
 -85.787  0.8264E-84  0.4000E+01
 -85.777  0.8264E-84  0.4000E+01
 -85.767  0.8264E-84  0.4000E+01
 -85.757  0.8264E-84  0.4000E+01
 -85.747  0.8264E-84  0.4000E+01
 -85.737  0.8264E-84  0.4000E+01
 -85.727  0.8264E-84  0.4000E+01
 -85.717  0.8264E-84  0.4000E+01
 -85.707  0.8264E-84  0.4000E+01
 -85.697  0.8264E-84  0.4000E+01
 -85.687  0.8264E-84  0.4000E+01
 -85.677  0.8264E-84  0.4000E+01
 -85.667  0.8264E-84  0.4000E+01
 -85.657  0.8264E-84  0.4000E+01
 -85.647  0.8264E-84  0.4000E+01
 -85.637  0.8264E-84  0.4000E+01
 -85.627  0.8264E-84  0.4000E+01
 -85.617  0.8264E-84  0.4000E+01
 -85.607  0.8264E-84  0.4000E+01
 -85.597  0.8264E-84  0.4000E+01
 -85.587  0.8264E-84  0.4000E+01
 -85.577  0.8264E-84  0.4000E+01
 -85.567  0.8264E-84  0.4000E+01
 -85.557  0.8264E-84  0.4000E+01
 -85.547  0.8264E-84  0.4000E+01
 -85.537  0.8264E-84  0.4000E+01
 -85.527  0.8264E-84  0.4000E+01
 -85.517  0.8264E-84  0.4000E+01
 -85.507  0.8264E-84  0.4000E+01
 -85.497  0.8264E-84  0.4000E+01
 -85.487  0.8264E-84  0.4000E+01
 -85.477  0.8264E-84  0.4000E+01
 -85.467  0.8264E-84  0.4000E+01
 -85.457  0.8264E-84  0.4000E+01
 -85.447  0.8264E-84  0.4000E+01
 -85.437  0.8264E-84  0.4000E+01
 -85.427  0.8264E-84  0.4000E+01
 -85.417  0.8264E-84  0.4000E+01
 -85.407  0.8264E-84  0.4000E+01
 -85.397  0.8264E-84  0.4000E+01
 -85.387  0.8264E-84  0.4000E+01
 -85.377  0.8264E-84  0.4000E+01
 -85.367  0.8264E-84  0.4000E+01
 -85.357  0.8264E-84  0.4000E+01
 -85.347  0.8264E-84  0.4000E+01
 -85.337  0.8264E-84  0.4000E+01
 -85.327  0.8264E-84  0.4000E+01
 -85.317  0.8264E-84  0.4000E+01
 -85.307  0.8264E-84  0.4000E+01
 -85.297  0.8264E-84  0.4000E+01
 -85.287  0.8264E-84  0.4000E+01
 -85.277  0.8264E-84  0.4000E+01
 -85.267  0.8264E-84  0.4000E+01
 -85.257  0.8264E-84  0.4000E+01
 -85.247  0.8264E-84  0.4000E+01
 -85.237  0.8264E-84  0.4000E+01
 -85.227  0.8264E-84  0.4000E+01
 -85.217  0.8264E-84  0.4000E+01
 -85.207  0.8264E-84  0.4000E+01
 -85.197  0.8264E-84  0.4000E+01
 -85.187  0.8264E-84  0.4000E+01
 -85.177  0.8264E-84  0.4000E+01
 -85.167  0.8264E-84  0.4000E+01
 -85.157  0.8264E-84  0.4000E+01
 -85.147  0.8264E-84  0.4000E+01
 -85.137  0.8264E-84  0.4000E+01
 -85.127  0.8264E-84  0.4000E+01
 -85.117  0.8264E-84  0.4000E+01
 -85.107  0.8264E-84  0.4000E+01
 -85.097  0.8264E-84  0.4000E+01
 -85.087  0.8264E-84  0.4000E+01
 -85.077  0.8264E-84  0.4000E+01
 -85.067  0.8264E-84  0.4000E+01
 -85.057  0.8264E-84  0.4000E+01
 -85.047  0.8264E-84  0.4000E+01
 -85.037  0.8264E-84  0.4000E+01
 -85.027  0.8264E-84  0.4000E+01
 -85.017  0.8264E-84  0.4000E+01
 -85.007  0.8264E-84  0.4000E+01
 -84.997  0.8264E-84  0.4000E+01
 -84.987  0.8264E-84  0.4000E+01
 -84.977  0.8264E-84  0.4000E+01
 -84.967  0.8264E-84  0.4000E+01
 -84.957  0.8264E-84  0.4000E+01
 -84.947  0.8264E-84  0.4000E+01
 -84.937  0.8264E-84  0.4000E+01
 -84.927  0.8264E-84  0.4000E+01
 -84.917  0.8264E-84  0.4000E+01
 -84.907  0.8264E-84  0.4000E+01
 -84.897  0.8264E-84  0.4000E+01
 -84.887  0.8264E-84  0.4000E+01
 -84.877  0.8264E-84  0.4000E+01
 -84.867  0.8264E-84  0.4000E+01
 -84.857  0.8264E-84  0.4000E+01
 -84.847  0.8264E-84  0.4000E+01
 -84.837  0.8264E-84  0.4000E+01
 -84.827  0.8264E-84  0.4000E+01
 -84.817  0.8264E-84  0.4000E+01
 -84.807  0.8264E-84  0.4000E+01
 -84.797  0.8264E-84  0.4000E+01
 -84.787  0.8264E-84  0.4000E+01
 -84.777  0.8264E-84  0.4000E+01
 -84.767  0.8264E-84  0.4000E+01
 -84.757  0.8264E-84  0.4000E+01
 -84.747  0.8264E-84  0.4000E+01
 -84.737  0.8264E-84  0.4000E+01
 -84.727  0.8264E-84  0.4000E+01
 -84.717  0.8264E-84  0.4000E+01
 -84.707  0.8264E-84  0.4000E+01
 -84.697  0.8264E-84  0.4000E+01
 -84.687  0.8264E-84  0.4000E+01
 -84.677  0.8264E-84  0.4000E+01
 -84.667  0.8264E-84  0.4000E+01
 -84.657  0.8264E-84  0.4000E+01
 -84.647  0.8264E-84  0.4000E+01
 -84.637  0.8264E-84  0.4000E+01
 -84.627  0.8264E-84  0.4000E+01
 -84.617  0.8264E-84  0.4000E+01
 -84.607  0.8264E-84  0.4000E+01
 -84.597  0.8264E-84  0.4000E+01
 -84.587  0.8264E-84  0.4000E+01
 -84.577  0.8264E-84  0.4000E+01
 -84.567  0.8264E-84  0.4000E+01
 -84.557  0.8264E-84  0.4000E+01
 -84.547  0.8264E-84  0.4000E+01
 -84.537  0.8264E-84  0.4000E+01
 -84.527  0.8264E-84  0.4000E+01
 -84.517  0.8264E-84  0.4000E+01
 -84.507  0.8264E-84  0.4000E+01
 -84.497  0.8264E-84  0.4000E+01
 -84.487  0.8264E-84  0.4000E+01
 -84.477  0.8264E-84  0.4000E+01
 -84.467  0.8264E-84  0.4000E+01
 -84.457  0.8264E-84  0.4000E+01
 -84.447  0.8264E-84  0.4000E+01
 -84.437  0.8264E-84  0.4000E+01
 -84.427  0.8264E-84  0.4000E+01
 -84.417  0.8264E-84  0.4000E+01
 -84.407  0.8264E-84  0.4000E+01
 -84.397  0.8264E-84  0.4000E+01
 -84.387  0.8264E-84  0.4000E+01
 -84.377  0.8264E-84  0.4000E+01
 -84.367  0.8264E-84  0.4000E+01
 -84.357  0.8264E-84  0.4000E+01
 -84.347  0.8264E-84  0.4000E+01
 -84.337  0.8264E-84  0.4000E+01
 -84.327  0.8264E-84  0.4000E+01
 -84.317  0.8264E-84  0.4000E+01
 -84.307  0.8264E-84  0.4000E+01
 -84.297  0.8264E-84  0.4000E+01
 -84.287  0.8264E-84  0.4000E+01
 -84.277  0.8264E-84  0.4000E+01
 -84.267  0.8264E-84  0.4000E+01
 -84.257  0.8264E-84  0.4000E+01
 -84.247  0.8264E-84  0.4000E+01
 -84.237  0.8264E-84  0.4000E+01
 -84.227  0.8264E-84  0.4000E+01
 -84.217  0.8264E-84  0.4000E+01
 -84.207  0.8264E-84  0.4000E+01
 -84.197  0.8264E-84  0.4000E+01
 -84.187  0.8264E-84  0.4000E+01
 -84.177  0.8264E-84  0.4000E+01
 -84.167  0.8264E-84  0.4000E+01
 -84.157  0.8264E-84  0.4000E+01
 -84.147  0.8264E-84  0.4000E+01
 -84.137  0.8264E-84  0.4000E+01
 -84.127  0.8264E-84  0.4000E+01
 -84.117  0.8264E-84  0.4000E+01
 -84.107  0.8264E-84  0.4000E+01
 -84.097  0.8264E-84  0.4000E+01
 -84.087  0.8264E-84  0.4000E+01
 -84.077  0.8264E-84  0.4000E+01
 -84.067  0.8264E-84  0.4000E+01
 -84.057  0.8264E-84  0.4000E+01
 -84.047  0.8264E-84  0.4000E+01
 -84.037  0.8264E-84  0.4000E+01
 -84.027  0.8264E-84  0.4000E+01
 -84.017  0.8264E-84  0.4000E+01
 -84.007  0.8264E-84  0.4000E+01
 -83.997  0.8264E-84  0.4000E+01
 -83.987  0.8264E-84  0.4000E+01
 -83.977  0.8264E-84  0.4000E+01
 -83.967  0.8264E-84  0.4000E+01
 -83.957  0.8264E-84  0.4000E+01
 -83.947  0.8264E-84  0.4000E+01
 -83.937  0.8264E-84  0.4000E+01
 -83.927  0.8264E-84  0.4000E+01
 -83.917  0.8264E-84  0.4000E+01
 -83.907  0.8264E-84  0.4000E+01
 -83.897  0.8264E-84  0.4000E+01
 -83.887  0.8264E-84  0.4000E+01
 -83.877  0.8264E-84  0.4000E+01
 -83.867  0.8264E-84  0.4000E+01
 -83.857  0.8264E-84  0.4000E+01
 -83.847  0.8264E-84  0.4000E+01
 -83.837  0.8264E-84  0.4000E+01
 -83.827  0.8264E-84  0.4000E+01
 -83.817  0.8264E-84  0.4000E+01
 -83.807  0.8264E-84  0.4000E+01
 -83.797  0.8264E-84  0.4000E+01
 -83.787  0.8264E-84  0.4000E+01
 -83.777  0.8264E-84  0.4000E+01
 -83.767  0.8264E-84  0.4000E+01
 -83.757  0.8264E-84  0.4000E+01
 -83.747  0.8264E-84  0.4000E+01
 -83.737  0.8264E-84  0.4000E+01
 -83.727  0.8264E-84  0.4000E+01
 -83.717  0.8264E-84  0.4000E+01
 -83.707  0.8264E-84  0.4000E+01
 -83.697  0.8264E-84  0.4000E+01
 -83.687  0.8264E-84  0.4000E+01
 -83.677  0.8264E-84  0.4000E+01
 -83.667  0.8264E-84  0.4000E+01
 -83.657  0.8264E-84  0.4000E+01
 -83.647  0.8264E-84  0.4000E+01
 -83.637  0.8264E-84  0.4000E+01
 -83.627  0.8264E-84  0.4000E+01
 -83.617  0.8264E-84  0.4000E+01
 -83.607  0.8264E-84  0.4000E+01
 -83.597  0.8264E-84  0.4000E+01
 -83.587  0.8264E-84  0.4000E+01
 -83.577  0.8264E-84  0.4000E+01
 -83.567  0.8264E-84  0.4000E+01
 -83.557  0.8264E-84  0.4000E+01
 -83.547  0.8264E-84  0.4000E+01
 -83.537  0.8264E-84  0.4000E+01
 -83.527  0.8264E-84  0.4000E+01
 -83.517  0.8264E-84  0.4000E+01
 -83.507  0.8264E-84  0.4000E+01
 -83.497  0.8264E-84  0.4000E+01
 -83.487  0.8264E-84  0.4000E+01
 -83.477  0.8264E-84  0.4000E+01
 -83.467  0.8264E-84  0.4000E+01
 -83.457  0.8264E-84  0.4000E+01
 -83.447  0.8264E-84  0.4000E+01
 -83.437  0.8264E-84  0.4000E+01
 -83.427  0.8264E-84  0.4000E+01
 -83.417  0.8264E-84  0.4000E+01
 -83.407  0.8264E-84  0.4000E+01
 -83.397  0.8264E-84  0.4000E+01
 -83.387  0.8264E-84  0.4000E+01
 -83.377  0.8264E-84  0.4000E+01
 -83.367  0.8264E-84  0.4000E+01
 -83.357  0.8264E-84  0.4000E+01
 -83.347  0.8264E-84  0.4000E+01
 -83.337  0.8264E-84  0.4000E+01
 -83.327  0.8264E-84  0.4000E+01
 -83.317  0.8264E-84  0.4000E+01
 -83.307  0.8264E-84  0.4000E+01
 -83.297  0.8264E-84  0.4000E+01
 -83.287  0.8264E-84  0.4000E+01
 -83.277  0.8264E-84  0.4000E+01
 -83.267  0.8264E-84  0.4000E+01
 -83.257  0.8264E-84  0.4000E+01
 -83.247  0.8264E-84  0.4000E+01
 -83.237  0.8264E-84  0.4000E+01
 -83.227  0.8264E-84  0.4000E+01
 -83.217  0.8264E-84  0.4000E+01
 -83.207  0.8264E-84  0.4000E+01
 -83.197  0.8264E-84  0.4000E+01
 -83.187  0.8264E-84  0.4000E+01
 -83.177  0.8264E-84  0.4000E+01
 -83.167  0.8264E-84  0.4000E+01
 -83.157  0.8264E-84  0.4000E+01
 -83.147  0.8264E-84  0.4000E+01
 -83.137  0.8264E-84  0.4000E+01
 -83.127  0.8264E-84  0.4000E+01
 -83.117  0.8264E-84  0.4000E+01
 -83.107  0.8264E-84  0.4000E+01
 -83.097  0.8264E-84  0.4000E+01
 -83.087  0.8264E-84  0.4000E+01
 -83.077  0.8264E-84  0.4000E+01
 -83.067  0.8264E-84  0.4000E+01
 -83.057  0.8264E-84  0.4000E+01
 -83.047  0.8264E-84  0.4000E+01
 -83.037  0.8264E-84  0.4000E+01
 -83.027  0.8264E-84  0.4000E+01
 -83.017  0.8264E-84  0.4000E+01
 -83.007  0.8264E-84  0.4000E+01
 -82.997  0.8264E-84  0.4000E+01
 -82.987  0.8264E-84  0.4000E+01
 -82.977  0.8264E-84  0.4000E+01
 -82.967  0.8264E-84  0.4000E+01
 -82.957  0.8264E-84  0.4000E+01
 -82.947  0.8264E-84  0.4000E+01
 -82.937  0.8264E-84  0.4000E+01
 -82.927  0.8264E-84  0.4000E+01
 -82.917  0.8264E-84  0.4000E+01
 -82.907  0.8264E-84  0.4000E+01
 -82.897  0.8264E-84  0.4000E+01
 -82.887  0.8264E-84  0.4000E+01
 -82.877  0.8264E-84  0.4000E+01
 -82.867  0.8264E-84  0.4000E+01
 -82.857  0.8264E-84  0.4000E+01
 -82.847  0.8264E-84  0.4000E+01
 -82.837  0.8264E-84  0.4000E+01
 -82.827  0.8264E-84  0.4000E+01
 -82.817  0.8264E-84  0.4000E+01
 -82.807  0.8264E-84  0.4000E+01
 -82.797  0.8264E-84  0.4000E+01
 -82.787  0.8264E-84  0.4000E+01
 -82.777  0.8264E-84  0.4000E+01
 -82.767  0.8264E-84  0.4000E+01
 -82.757  0.8264E-84  0.4000E+01
 -82.747  0.8264E-84  0.4000E+01
 -82.737  0.8264E-84  0.4000E+01
 -82.727  0.8264E-84  0.4000E+01
 -82.717  0.8264E-84  0.4000E+01
 -82.707  0.8264E-84  0.4000E+01
 -82.697  0.8264E-84  0.4000E+01
 -82.687  0.8264E-84  0.4000E+01
 -82.677  0.8264E-84  0.4000E+01
 -82.667  0.8264E-84  0.4000E+01
 -82.657  0.8264E-84  0.4000E+01
 -82.647  0.8264E-84  0.4000E+01
 -82.637  0.8264E-84  0.4000E+01
 -82.627  0.8264E-84  0.4000E+01
 -82.617  0.8264E-84  0.4000E+01
 -82.607  0.8264E-84  0.4000E+01
 -82.597  0.8264E-84  0.4000E+01
 -82.587  0.8264E-84  0.4000E+01
 -82.577  0.8264E-84  0.4000E+01
 -82.567  0.8264E-84  0.4000E+01
 -82.557  0.8264E-84  0.4000E+01
 -82.547  0.8264E-84  0.4000E+01
 -82.537  0.8264E-84  0.4000E+01
 -82.527  0.8264E-84  0.4000E+01
 -82.517  0.8264E-84  0.4000E+01
 -82.507  0.8264E-84  0.4000E+01
 -82.497  0.8264E-84  0.4000E+01
 -82.487  0.8264E-84  0.4000E+01
 -82.477  0.8264E-84  0.4000E+01
 -82.467  0.8264E-84  0.4000E+01
 -82.457  0.8264E-84  0.4000E+01
 -82.447  0.8264E-84  0.4000E+01
 -82.437  0.8264E-84  0.4000E+01
 -82.427  0.8264E-84  0.4000E+01
 -82.417  0.8264E-84  0.4000E+01
 -82.407  0.8264E-84  0.4000E+01
 -82.397  0.8264E-84  0.4000E+01
 -82.387  0.8264E-84  0.4000E+01
 -82.377  0.8264E-84  0.4000E+01
 -82.367  0.8264E-84  0.4000E+01
 -82.357  0.8264E-84  0.4000E+01
 -82.347  0.8264E-84  0.4000E+01
 -82.337  0.8264E-84  0.4000E+01
 -82.327  0.8264E-84  0.4000E+01
 -82.317  0.8264E-84  0.4000E+01
 -82.307  0.8264E-84  0.4000E+01
 -82.297  0.8264E-84  0.4000E+01
 -82.287  0.8264E-84  0.4000E+01
 -82.277  0.8264E-84  0.4000E+01
 -82.267  0.8264E-84  0.4000E+01
 -82.257  0.8264E-84  0.4000E+01
 -82.247  0.8264E-84  0.4000E+01
 -82.237  0.8264E-84  0.4000E+01
 -82.227  0.8264E-84  0.4000E+01
 -82.217  0.8264E-84  0.4000E+01
 -82.207  0.8264E-84  0.4000E+01
 -82.197  0.8264E-84  0.4000E+01
 -82.187  0.8264E-84  0.4000E+01
 -82.177  0.8264E-84  0.4000E+01
 -82.167  0.8264E-84  0.4000E+01
 -82.157  0.8264E-84  0.4000E+01
 -82.147  0.8264E-84  0.4000E+01
 -82.137  0.8264E-84  0.4000E+01
 -82.127  0.8264E-84  0.4000E+01
 -82.117  0.8264E-84  0.4000E+01
 -82.107  0.8264E-84  0.4000E+01
 -82.097  0.8264E-84  0.4000E+01
 -82.087  0.8264E-84  0.4000E+01
 -82.077  0.8264E-84  0.4000E+01
 -82.067  0.8264E-84  0.4000E+01
 -82.057  0.8264E-84  0.4000E+01
 -82.047  0.8264E-84  0.4000E+01
 -82.037  0.8264E-84  0.4000E+01
 -82.027  0.8264E-84  0.4000E+01
 -82.017  0.8264E-84  0.4000E+01
 -82.007  0.8264E-84  0.4000E+01
 -81.997  0.8264E-84  0.4000E+01
 -81.987  0.8264E-84  0.4000E+01
 -81.977  0.8264E-84  0.4000E+01
 -81.967  0.8264E-84  0.4000E+01
 -81.957  0.8264E-84  0.4000E+01
 -81.947  0.8264E-84  0.4000E+01
 -81.937  0.8264E-84  0.4000E+01
 -81.927  0.8264E-84  0.4000E+01
 -81.917  0.8264E-84  0.4000E+01
 -81.907  0.8264E-84  0.4000E+01
 -81.897  0.8264E-84  0.4000E+01
 -81.887  0.8264E-84  0.4000E+01
 -81.877  0.8264E-84  0.4000E+01
 -81.867  0.8264E-84  0.4000E+01
 -81.857  0.8264E-84  0.4000E+01
 -81.847  0.8264E-84  0.4000E+01
 -81.837  0.8264E-84  0.4000E+01
 -81.827  0.8264E-84  0.4000E+01
 -81.817  0.8264E-84  0.4000E+01
 -81.807  0.8264E-84  0.4000E+01
 -81.797  0.8264E-84  0.4000E+01
 -81.787  0.8264E-84  0.4000E+01
 -81.777  0.8264E-84  0.4000E+01
 -81.767  0.8264E-84  0.4000E+01
 -81.757  0.8264E-84  0.4000E+01
 -81.747  0.8264E-84  0.4000E+01
 -81.737  0.8264E-84  0.4000E+01
 -81.727  0.8264E-84  0.4000E+01
 -81.717  0.8264E-84  0.4000E+01
 -81.707  0.8264E-84  0.4000E+01
 -81.697  0.8264E-84  0.4000E+01
 -81.687  0.8264E-84  0.4000E+01
 -81.677  0.8264E-84  0.4000E+01
 -81.667  0.8264E-84  0.4000E+01
 -81.657  0.8264E-84  0.4000E+01
 -81.647  0.8264E-84  0.4000E+01
 -81.637  0.8264E-84  0.4000E+01
 -81.627  0.8264E-84  0.4000E+01
 -81.617  0.8264E-84  0.4000E+01
 -81.607  0.8264E-84  0.4000E+01
 -81.597  0.8264E-84  0.4000E+01
 -81.587  0.8264E-84  0.4000E+01
 -81.577  0.8264E-84  0.4000E+01
 -81.567  0.8264E-84  0.4000E+01
 -81.557  0.8264E-84  0.4000E+01
 -81.547  0.8264E-84  0.4000E+01
 -81.537  0.8264E-84  0.4000E+01
 -81.527  0.8264E-84  0.4000E+01
 -81.517  0.8264E-84  0.4000E+01
 -81.507  0.8264E-84  0.4000E+01
 -81.497  0.8264E-84  0.4000E+01
 -81.487  0.8264E-84  0.4000E+01
 -81.477  0.8264E-84  0.4000E+01
 -81.467  0.8264E-84  0.4000E+01
 -81.457  0.8264E-84  0.4000E+01
 -81.447  0.8264E-84  0.4000E+01
 -81.437  0.8264E-84  0.4000E+01
 -81.427  0.8264E-84  0.4000E+01
 -81.417  0.8264E-84  0.4000E+01
 -81.407  0.8264E-84  0.4000E+01
 -81.397  0.8264E-84  0.4000E+01
 -81.387  0.8264E-84  0.4000E+01
 -81.377  0.8264E-84  0.4000E+01
 -81.367  0.8264E-84  0.4000E+01
 -81.357  0.8264E-84  0.4000E+01
 -81.347  0.8264E-84  0.4000E+01
 -81.337  0.8264E-84  0.4000E+01
 -81.327  0.8264E-84  0.4000E+01
 -81.317  0.8264E-84  0.4000E+01
 -81.307  0.8264E-84  0.4000E+01
 -81.297  0.8264E-84  0.4000E+01
 -81.287  0.8264E-84  0.4000E+01
 -81.277  0.8264E-84  0.4000E+01
 -81.267  0.8264E-84  0.4000E+01
 -81.257  0.8264E-84  0.4000E+01
 -81.247  0.8264E-84  0.4000E+01
 -81.237  0.8264E-84  0.4000E+01
 -81.227  0.8264E-84  0.4000E+01
 -81.217  0.8264E-84  0.4000E+01
 -81.207  0.8264E-84  0.4000E+01
 -81.197  0.8264E-84  0.4000E+01
 -81.187  0.8264E-84  0.4000E+01
 -81.177  0.8264E-84  0.4000E+01
 -81.167  0.8264E-84  0.4000E+01
 -81.157  0.8264E-84  0.4000E+01
 -81.147  0.8264E-84  0.4000E+01
 -81.137  0.8264E-84  0.4000E+01
 -81.127  0.8264E-84  0.4000E+01
 -81.117  0.8264E-84  0.4000E+01
 -81.107  0.8264E-84  0.4000E+01
 -81.097  0.8264E-84  0.4000E+01
 -81.087  0.8264E-84  0.4000E+01
 -81.077  0.8264E-84  0.4000E+01
 -81.067  0.8264E-84  0.4000E+01
 -81.057  0.8264E-84  0.4000E+01
 -81.047  0.8264E-84  0.4000E+01
 -81.037  0.8264E-84  0.4000E+01
 -81.027  0.8264E-84  0.4000E+01
 -81.017  0.8264E-84  0.4000E+01
 -81.007  0.8264E-84  0.4000E+01
 -80.997  0.8264E-84  0.4000E+01
 -80.987  0.8264E-84  0.4000E+01
 -80.977  0.8264E-84  0.4000E+01
 -80.967  0.8264E-84  0.4000E+01
 -80.957  0.8264E-84  0.4000E+01
 -80.947  0.8264E-84  0.4000E+01
 -80.937  0.8264E-84  0.4000E+01
 -80.927  0.8264E-84  0.4000E+01
 -80.917  0.8264E-84  0.4000E+01
 -80.907  0.8264E-84  0.4000E+01
 -80.897  0.8264E-84  0.4000E+01
 -80.887  0.8264E-84  0.4000E+01
 -80.877  0.8264E-84  0.4000E+01
 -80.867  0.8264E-84  0.4000E+01
 -80.857  0.8264E-84  0.4000E+01
 -80.847  0.8264E-84  0.4000E+01
 -80.837  0.8264E-84  0.4000E+01
 -80.827  0.8264E-84  0.4000E+01
 -80.817  0.8264E-84  0.4000E+01
 -80.807  0.8264E-84  0.4000E+01
 -80.797  0.8264E-84  0.4000E+01
 -80.787  0.8264E-84  0.4000E+01
 -80.777  0.8264E-84  0.4000E+01
 -80.767  0.8264E-84  0.4000E+01
 -80.757  0.8264E-84  0.4000E+01
 -80.747  0.8264E-84  0.4000E+01
 -80.737  0.8264E-84  0.4000E+01
 -80.727  0.8264E-84  0.4000E+01
 -80.717  0.8264E-84  0.4000E+01
 -80.707  0.8264E-84  0.4000E+01
 -80.697  0.8264E-84  0.4000E+01
 -80.687  0.8264E-84  0.4000E+01
 -80.677  0.8264E-84  0.4000E+01
 -80.667  0.8264E-84  0.4000E+01
 -80.657  0.8264E-84  0.4000E+01
 -80.647  0.8264E-84  0.4000E+01
 -80.637  0.8264E-84  0.4000E+01
 -80.627  0.8264E-84  0.4000E+01
 -80.617  0.8264E-84  0.4000E+01
 -80.607  0.8264E-84  0.4000E+01
 -80.597  0.8264E-84  0.4000E+01
 -80.587  0.8264E-84  0.4000E+01
 -80.577  0.8264E-84  0.4000E+01
 -80.567  0.8264E-84  0.4000E+01
 -80.557  0.8264E-84  0.4000E+01
 -80.547  0.8264E-84  0.4000E+01
 -80.537  0.8264E-84  0.4000E+01
 -80.527  0.8264E-84  0.4000E+01
 -80.517  0.8264E-84  0.4000E+01
 -80.507  0.8264E-84  0.4000E+01
 -80.497  0.8264E-84  0.4000E+01
 -80.487  0.8264E-84  0.4000E+01
 -80.477  0.8264E-84  0.4000E+01
 -80.467  0.8264E-84  0.4000E+01
 -80.457  0.8264E-84  0.4000E+01
 -80.447  0.8264E-84  0.4000E+01
 -80.437  0.8264E-84  0.4000E+01
 -80.427  0.8264E-84  0.4000E+01
 -80.417  0.8264E-84  0.4000E+01
 -80.407  0.8264E-84  0.4000E+01
 -80.397  0.8264E-84  0.4000E+01
 -80.387  0.8264E-84  0.4000E+01
 -80.377  0.8264E-84  0.4000E+01
 -80.367  0.8264E-84  0.4000E+01
 -80.357  0.8264E-84  0.4000E+01
 -80.347  0.8264E-84  0.4000E+01
 -80.337  0.8264E-84  0.4000E+01
 -80.327  0.8264E-84  0.4000E+01
 -80.317  0.8264E-84  0.4000E+01
 -80.307  0.8264E-84  0.4000E+01
 -80.297  0.8264E-84  0.4000E+01
 -80.287  0.8264E-84  0.4000E+01
 -80.277  0.8264E-84  0.4000E+01
 -80.267  0.8264E-84  0.4000E+01
 -80.257  0.8264E-84  0.4000E+01
 -80.247  0.8264E-84  0.4000E+01
 -80.237  0.8264E-84  0.4000E+01
 -80.227  0.8264E-84  0.4000E+01
 -80.217  0.8264E-84  0.4000E+01
 -80.207  0.8264E-84  0.4000E+01
 -80.197  0.8264E-84  0.4000E+01
 -80.187  0.8264E-84  0.4000E+01
 -80.177  0.8264E-84  0.4000E+01
 -80.167  0.8264E-84  0.4000E+01
 -80.157  0.8264E-84  0.4000E+01
 -80.147  0.8264E-84  0.4000E+01
 -80.137  0.8264E-84  0.4000E+01
 -80.127  0.8264E-84  0.4000E+01
 -80.117  0.8264E-84  0.4000E+01
 -80.107  0.8264E-84  0.4000E+01
 -80.097  0.8264E-84  0.4000E+01
 -80.087  0.8264E-84  0.4000E+01
 -80.077  0.8264E-84  0.4000E+01
 -80.067  0.8264E-84  0.4000E+01
 -80.057  0.8264E-84  0.4000E+01
 -80.047  0.8264E-84  0.4000E+01
 -80.037  0.8264E-84  0.4000E+01
 -80.027  0.8264E-84  0.4000E+01
 -80.017  0.8264E-84  0.4000E+01
 -80.007  0.8264E-84  0.4000E+01
 -79.997  0.8264E-84  0.4000E+01
 -79.987  0.8264E-84  0.4000E+01
 -79.977  0.8264E-84  0.4000E+01
 -79.967  0.8264E-84  0.4000E+01
 -79.957  0.8264E-84  0.4000E+01
 -79.947  0.8264E-84  0.4000E+01
 -79.937  0.8264E-84  0.4000E+01
 -79.927  0.8264E-84  0.4000E+01
 -79.917  0.8264E-84  0.4000E+01
 -79.907  0.8264E-84  0.4000E+01
 -79.897  0.8264E-84  0.4000E+01
 -79.887  0.8264E-84  0.4000E+01
 -79.877  0.8264E-84  0.4000E+01
 -79.867  0.8264E-84  0.4000E+01
 -79.857  0.8264E-84  0.4000E+01
 -79.847  0.8264E-84  0.4000E+01
 -79.837  0.8264E-84  0.4000E+01
 -79.827  0.8264E-84  0.4000E+01
 -79.817  0.8264E-84  0.4000E+01
 -79.807  0.8264E-84  0.4000E+01
 -79.797  0.8264E-84  0.4000E+01
 -79.787  0.8264E-84  0.4000E+01
 -79.777  0.8264E-84  0.4000E+01
 -79.767  0.8264E-84  0.4000E+01
 -79.757  0.8264E-84  0.4000E+01
 -79.747  0.8264E-84  0.4000E+01
 -79.737  0.8264E-84  0.4000E+01
 -79.727  0.8264E-84  0.4000E+01
 -79.717  0.8264E-84  0.4000E+01
 -79.707  0.8264E-84  0.4000E+01
 -79.697  0.8264E-84  0.4000E+01
 -79.687  0.8264E-84  0.4000E+01
 -79.677  0.8264E-84  0.4000E+01
 -79.667  0.8264E-84  0.4000E+01
 -79.657  0.8264E-84  0.4000E+01
 -79.647  0.8264E-84  0.4000E+01
 -79.637  0.8264E-84  0.4000E+01
 -79.627  0.8264E-84  0.4000E+01
 -79.617  0.8264E-84  0.4000E+01
 -79.607  0.8264E-84  0.4000E+01
 -79.597  0.8264E-84  0.4000E+01
 -79.587  0.8264E-84  0.4000E+01
 -79.577  0.8264E-84  0.4000E+01
 -79.567  0.8264E-84  0.4000E+01
 -79.557  0.8264E-84  0.4000E+01
 -79.547  0.8264E-84  0.4000E+01
 -79.537  0.8264E-84  0.4000E+01
 -79.527  0.8264E-84  0.4000E+01
 -79.517  0.8264E-84  0.4000E+01
 -79.507  0.8264E-84  0.4000E+01
 -79.497  0.8264E-84  0.4000E+01
 -79.487  0.8264E-84  0.4000E+01
 -79.477  0.8264E-84  0.4000E+01
 -79.467  0.8264E-84  0.4000E+01
 -79.457  0.8264E-84  0.4000E+01
 -79.447  0.8264E-84  0.4000E+01
 -79.437  0.8264E-84  0.4000E+01
 -79.427  0.8264E-84  0.4000E+01
 -79.417  0.8264E-84  0.4000E+01
 -79.407  0.8264E-84  0.4000E+01
 -79.397  0.8264E-84  0.4000E+01
 -79.387  0.8264E-84  0.4000E+01
 -79.377  0.8264E-84  0.4000E+01
 -79.367  0.8264E-84  0.4000E+01
 -79.357  0.8264E-84  0.4000E+01
 -79.347  0.8264E-84  0.4000E+01
 -79.337  0.8264E-84  0.4000E+01
 -79.327  0.8264E-84  0.4000E+01
 -79.317  0.8264E-84  0.4000E+01
 -79.307  0.8264E-84  0.4000E+01
 -79.297  0.8264E-84  0.4000E+01
 -79.287  0.8264E-84  0.4000E+01
 -79.277  0.8264E-84  0.4000E+01
 -79.267  0.8264E-84  0.4000E+01
 -79.257  0.8264E-84  0.4000E+01
 -79.247  0.8264E-84  0.4000E+01
 -79.237  0.8264E-84  0.4000E+01
 -79.227  0.8264E-84  0.4000E+01
 -79.217  0.8264E-84  0.4000E+01
 -79.207  0.8264E-84  0.4000E+01
 -79.197  0.8264E-84  0.4000E+01
 -79.187  0.8264E-84  0.4000E+01
 -79.177  0.8264E-84  0.4000E+01
 -79.167  0.8264E-84  0.4000E+01
 -79.157  0.8264E-84  0.4000E+01
 -79.147  0.8264E-84  0.4000E+01
 -79.137  0.8264E-84  0.4000E+01
 -79.127  0.8264E-84  0.4000E+01
 -79.117  0.8264E-84  0.4000E+01
 -79.107  0.8264E-84  0.4000E+01
 -79.097  0.8264E-84  0.4000E+01
 -79.087  0.8264E-84  0.4000E+01
 -79.077  0.8264E-84  0.4000E+01
 -79.067  0.8264E-84  0.4000E+01
 -79.057  0.8264E-84  0.4000E+01
 -79.047  0.8264E-84  0.4000E+01
 -79.037  0.8264E-84  0.4000E+01
 -79.027  0.8264E-84  0.4000E+01
 -79.017  0.8264E-84  0.4000E+01
 -79.007  0.8264E-84  0.4000E+01
 -78.997  0.8264E-84  0.4000E+01
 -78.987  0.8264E-84  0.4000E+01
 -78.977  0.8264E-84  0.4000E+01
 -78.967  0.8264E-84  0.4000E+01
 -78.957  0.8264E-84  0.4000E+01
 -78.947  0.8264E-84  0.4000E+01
 -78.937  0.8264E-84  0.4000E+01
 -78.927  0.8264E-84  0.4000E+01
 -78.917  0.8264E-84  0.4000E+01
 -78.907  0.8264E-84  0.4000E+01
 -78.897  0.8264E-84  0.4000E+01
 -78.887  0.8264E-84  0.4000E+01
 -78.877  0.8264E-84  0.4000E+01
 -78.867  0.8264E-84  0.4000E+01
 -78.857  0.8264E-84  0.4000E+01
 -78.847  0.8264E-84  0.4000E+01
 -78.837  0.8264E-84  0.4000E+01
 -78.827  0.8264E-84  0.4000E+01
 -78.817  0.8264E-84  0.4000E+01
 -78.807  0.8264E-84  0.4000E+01
 -78.797  0.8264E-84  0.4000E+01
 -78.787  0.8264E-84  0.4000E+01
 -78.777  0.8264E-84  0.4000E+01
 -78.767  0.8264E-84  0.4000E+01
 -78.757  0.8264E-84  0.4000E+01
 -78.747  0.8264E-84  0.4000E+01
 -78.737  0.8264E-84  0.4000E+01
 -78.727  0.8264E-84  0.4000E+01
 -78.717  0.8264E-84  0.4000E+01
 -78.707  0.8264E-84  0.4000E+01
 -78.697  0.8264E-84  0.4000E+01
 -78.687  0.8264E-84  0.4000E+01
 -78.677  0.8264E-84  0.4000E+01
 -78.667  0.8264E-84  0.4000E+01
 -78.657  0.8264E-84  0.4000E+01
 -78.647  0.8264E-84  0.4000E+01
 -78.637  0.8264E-84  0.4000E+01
 -78.627  0.8264E-84  0.4000E+01
 -78.617  0.8264E-84  0.4000E+01
 -78.607  0.8264E-84  0.4000E+01
 -78.597  0.8264E-84  0.4000E+01
 -78.587  0.8264E-84  0.4000E+01
 -78.577  0.8264E-84  0.4000E+01
 -78.567  0.8264E-84  0.4000E+01
 -78.557  0.8264E-84  0.4000E+01
 -78.547  0.8264E-84  0.4000E+01
 -78.537  0.8264E-84  0.4000E+01
 -78.527  0.8264E-84  0.4000E+01
 -78.517  0.8264E-84  0.4000E+01
 -78.507  0.8264E-84  0.4000E+01
 -78.497  0.8264E-84  0.4000E+01
 -78.487  0.8264E-84  0.4000E+01
 -78.477  0.8264E-84  0.4000E+01
 -78.467  0.8264E-84  0.4000E+01
 -78.457  0.8264E-84  0.4000E+01
 -78.447  0.8264E-84  0.4000E+01
 -78.437  0.8264E-84  0.4000E+01
 -78.427  0.8264E-84  0.4000E+01
 -78.417  0.8264E-84  0.4000E+01
 -78.407  0.8264E-84  0.4000E+01
 -78.397  0.8264E-84  0.4000E+01
 -78.387  0.8264E-84  0.4000E+01
 -78.377  0.8264E-84  0.4000E+01
 -78.367  0.8264E-84  0.4000E+01
 -78.357  0.8264E-84  0.4000E+01
 -78.347  0.8264E-84  0.4000E+01
 -78.337  0.8264E-84  0.4000E+01
 -78.327  0.8264E-84  0.4000E+01
 -78.317  0.8264E-84  0.4000E+01
 -78.307  0.8264E-84  0.4000E+01
 -78.297  0.8264E-84  0.4000E+01
 -78.287  0.8264E-84  0.4000E+01
 -78.277  0.8264E-84  0.4000E+01
 -78.267  0.8264E-84  0.4000E+01
 -78.257  0.8264E-84  0.4000E+01
 -78.247  0.8264E-84  0.4000E+01
 -78.237  0.8264E-84  0.4000E+01
 -78.227  0.8264E-84  0.4000E+01
 -78.217  0.8264E-84  0.4000E+01
 -78.207  0.8264E-84  0.4000E+01
 -78.197  0.8264E-84  0.4000E+01
 -78.187  0.8264E-84  0.4000E+01
 -78.177  0.8264E-84  0.4000E+01
 -78.167  0.8264E-84  0.4000E+01
 -78.157  0.8264E-84  0.4000E+01
 -78.147  0.8264E-84  0.4000E+01
 -78.137  0.8264E-84  0.4000E+01
 -78.127  0.8264E-84  0.4000E+01
 -78.117  0.8264E-84  0.4000E+01
 -78.107  0.8264E-84  0.4000E+01
 -78.097  0.8264E-84  0.4000E+01
 -78.087  0.8264E-84  0.4000E+01
 -78.077  0.8264E-84  0.4000E+01
 -78.067  0.8264E-84  0.4000E+01
 -78.057  0.8264E-84  0.4000E+01
 -78.047  0.8264E-84  0.4000E+01
 -78.037  0.8264E-84  0.4000E+01
 -78.027  0.8264E-84  0.4000E+01
 -78.017  0.8264E-84  0.4000E+01
 -78.007  0.8264E-84  0.4000E+01
 -77.997  0.8264E-84  0.4000E+01
 -77.987  0.8264E-84  0.4000E+01
 -77.977  0.8264E-84  0.4000E+01
 -77.967  0.8264E-84  0.4000E+01
 -77.957  0.8264E-84  0.4000E+01
 -77.947  0.8264E-84  0.4000E+01
 -77.937  0.8264E-84  0.4000E+01
 -77.927  0.8264E-84  0.4000E+01
 -77.917  0.8264E-84  0.4000E+01
 -77.907  0.8264E-84  0.4000E+01
 -77.897  0.8264E-84  0.4000E+01
 -77.887  0.8264E-84  0.4000E+01
 -77.877  0.8264E-84  0.4000E+01
 -77.867  0.8264E-84  0.4000E+01
 -77.857  0.8264E-84  0.4000E+01
 -77.847  0.8264E-84  0.4000E+01
 -77.837  0.8264E-84  0.4000E+01
 -77.827  0.8264E-84  0.4000E+01
 -77.817  0.8264E-84  0.4000E+01
 -77.807  0.8264E-84  0.4000E+01
 -77.797  0.8264E-84  0.4000E+01
 -77.787  0.8264E-84  0.4000E+01
 -77.777  0.8264E-84  0.4000E+01
 -77.767  0.8264E-84  0.4000E+01
 -77.757  0.8264E-84  0.4000E+01
 -77.747  0.8264E-84  0.4000E+01
 -77.737  0.8264E-84  0.4000E+01
 -77.727  0.8264E-84  0.4000E+01
 -77.717  0.8264E-84  0.4000E+01
 -77.707  0.8264E-84  0.4000E+01
 -77.697  0.8264E-84  0.4000E+01
 -77.687  0.8264E-84  0.4000E+01
 -77.677  0.8264E-84  0.4000E+01
 -77.667  0.8264E-84  0.4000E+01
 -77.657  0.8264E-84  0.4000E+01
 -77.647  0.8264E-84  0.4000E+01
 -77.637  0.8264E-84  0.4000E+01
 -77.627  0.8264E-84  0.4000E+01
 -77.617  0.8264E-84  0.4000E+01
 -77.607  0.8264E-84  0.4000E+01
 -77.597  0.8264E-84  0.4000E+01
 -77.587  0.8264E-84  0.4000E+01
 -77.577  0.8264E-84  0.4000E+01
 -77.567  0.8264E-84  0.4000E+01
 -77.557  0.8264E-84  0.4000E+01
 -77.547  0.8264E-84  0.4000E+01
 -77.537  0.8264E-84  0.4000E+01
 -77.527  0.8264E-84  0.4000E+01
 -77.517  0.8264E-84  0.4000E+01
 -77.507  0.8264E-84  0.4000E+01
 -77.497  0.8264E-84  0.4000E+01
 -77.487  0.8264E-84  0.4000E+01
 -77.477  0.8264E-84  0.4000E+01
 -77.467  0.8264E-84  0.4000E+01
 -77.457  0.8264E-84  0.4000E+01
 -77.447  0.8264E-84  0.4000E+01
 -77.437  0.8264E-84  0.4000E+01
 -77.427  0.8264E-84  0.4000E+01
 -77.417  0.8264E-84  0.4000E+01
 -77.407  0.8264E-84  0.4000E+01
 -77.397  0.8264E-84  0.4000E+01
 -77.387  0.8264E-84  0.4000E+01
 -77.377  0.8264E-84  0.4000E+01
 -77.367  0.8264E-84  0.4000E+01
 -77.357  0.8264E-84  0.4000E+01
 -77.347  0.8264E-84  0.4000E+01
 -77.337  0.8264E-84  0.4000E+01
 -77.327  0.8264E-84  0.4000E+01
 -77.317  0.8264E-84  0.4000E+01
 -77.307  0.8264E-84  0.4000E+01
 -77.297  0.8264E-84  0.4000E+01
 -77.287  0.8264E-84  0.4000E+01
 -77.277  0.8264E-84  0.4000E+01
 -77.267  0.8264E-84  0.4000E+01
 -77.257  0.8264E-84  0.4000E+01
 -77.247  0.8264E-84  0.4000E+01
 -77.237  0.8264E-84  0.4000E+01
 -77.227  0.8264E-84  0.4000E+01
 -77.217  0.8264E-84  0.4000E+01
 -77.207  0.8264E-84  0.4000E+01
 -77.197  0.8264E-84  0.4000E+01
 -77.187  0.8264E-84  0.4000E+01
 -77.177  0.8264E-84  0.4000E+01
 -77.167  0.8264E-84  0.4000E+01
 -77.157  0.8264E-84  0.4000E+01
 -77.147  0.8264E-84  0.4000E+01
 -77.137  0.8264E-84  0.4000E+01
 -77.127  0.8264E-84  0.4000E+01
 -77.117  0.8264E-84  0.4000E+01
 -77.107  0.8264E-84  0.4000E+01
 -77.097  0.8264E-84  0.4000E+01
 -77.087  0.8264E-84  0.4000E+01
 -77.077  0.8264E-84  0.4000E+01
 -77.067  0.8264E-84  0.4000E+01
 -77.057  0.8264E-84  0.4000E+01
 -77.047  0.8264E-84  0.4000E+01
 -77.037  0.8264E-84  0.4000E+01
 -77.027  0.8264E-84  0.4000E+01
 -77.017  0.8264E-84  0.4000E+01
 -77.007  0.8264E-84  0.4000E+01
 -76.997  0.8264E-84  0.4000E+01
 -76.987  0.8264E-84  0.4000E+01
 -76.977  0.8264E-84  0.4000E+01
 -76.967  0.8264E-84  0.4000E+01
 -76.957  0.8264E-84  0.4000E+01
 -76.947  0.8264E-84  0.4000E+01
 -76.937  0.8264E-84  0.4000E+01
 -76.927  0.8264E-84  0.4000E+01
 -76.917  0.8264E-84  0.4000E+01
 -76.907  0.8264E-84  0.4000E+01
 -76.897  0.8264E-84  0.4000E+01
 -76.887  0.8264E-84  0.4000E+01
 -76.877  0.8264E-84  0.4000E+01
 -76.867  0.8264E-84  0.4000E+01
 -76.857  0.8264E-84  0.4000E+01
 -76.847  0.8264E-84  0.4000E+01
 -76.837  0.8264E-84  0.4000E+01
 -76.827  0.8264E-84  0.4000E+01
 -76.817  0.8264E-84  0.4000E+01
 -76.807  0.8264E-84  0.4000E+01
 -76.797  0.8264E-84  0.4000E+01
 -76.787  0.8264E-84  0.4000E+01
 -76.777  0.8264E-84  0.4000E+01
 -76.767  0.8264E-84  0.4000E+01
 -76.757  0.8264E-84  0.4000E+01
 -76.747  0.8264E-84  0.4000E+01
 -76.737  0.8264E-84  0.4000E+01
 -76.727  0.8264E-84  0.4000E+01
 -76.717  0.8264E-84  0.4000E+01
 -76.707  0.8264E-84  0.4000E+01
 -76.697  0.8264E-84  0.4000E+01
 -76.687  0.8264E-84  0.4000E+01
 -76.677  0.8264E-84  0.4000E+01
 -76.667  0.8264E-84  0.4000E+01
 -76.657  0.8264E-84  0.4000E+01
 -76.647  0.8264E-84  0.4000E+01
 -76.637  0.8264E-84  0.4000E+01
 -76.627  0.8264E-84  0.4000E+01
 -76.617  0.8264E-84  0.4000E+01
 -76.607  0.8264E-84  0.4000E+01
 -76.597  0.8264E-84  0.4000E+01
 -76.587  0.8264E-84  0.4000E+01
 -76.577  0.8264E-84  0.4000E+01
 -76.567  0.8264E-84  0.4000E+01
 -76.557  0.8264E-84  0.4000E+01
 -76.547  0.8264E-84  0.4000E+01
 -76.537  0.8264E-84  0.4000E+01
 -76.527  0.8264E-84  0.4000E+01
 -76.517  0.8264E-84  0.4000E+01
 -76.507  0.8264E-84  0.4000E+01
 -76.497  0.8264E-84  0.4000E+01
 -76.487  0.8264E-84  0.4000E+01
 -76.477  0.8264E-84  0.4000E+01
 -76.467  0.8264E-84  0.4000E+01
 -76.457  0.8264E-84  0.4000E+01
 -76.447  0.8264E-84  0.4000E+01
 -76.437  0.8264E-84  0.4000E+01
 -76.427  0.8264E-84  0.4000E+01
 -76.417  0.8264E-84  0.4000E+01
 -76.407  0.8264E-84  0.4000E+01
 -76.397  0.8264E-84  0.4000E+01
 -76.387  0.8264E-84  0.4000E+01
 -76.377  0.8264E-84  0.4000E+01
 -76.367  0.8264E-84  0.4000E+01
 -76.357  0.8264E-84  0.4000E+01
 -76.347  0.8264E-84  0.4000E+01
 -76.337  0.8264E-84  0.4000E+01
 -76.327  0.8264E-84  0.4000E+01
 -76.317  0.8264E-84  0.4000E+01
 -76.307  0.8264E-84  0.4000E+01
 -76.297  0.8264E-84  0.4000E+01
 -76.287  0.8264E-84  0.4000E+01
 -76.277  0.8264E-84  0.4000E+01
 -76.267  0.8264E-84  0.4000E+01
 -76.257  0.8264E-84  0.4000E+01
 -76.247  0.8264E-84  0.4000E+01
 -76.237  0.8264E-84  0.4000E+01
 -76.227  0.8264E-84  0.4000E+01
 -76.217  0.8264E-84  0.4000E+01
 -76.207  0.8264E-84  0.4000E+01
 -76.197  0.8264E-84  0.4000E+01
 -76.187  0.8264E-84  0.4000E+01
 -76.177  0.8264E-84  0.4000E+01
 -76.167  0.8264E-84  0.4000E+01
 -76.157  0.8264E-84  0.4000E+01
 -76.147  0.8264E-84  0.4000E+01
 -76.137  0.8264E-84  0.4000E+01
 -76.127  0.8264E-84  0.4000E+01
 -76.117  0.8264E-84  0.4000E+01
 -76.107  0.8264E-84  0.4000E+01
 -76.097  0.8264E-84  0.4000E+01
 -76.087  0.8264E-84  0.4000E+01
 -76.077  0.8264E-84  0.4000E+01
 -76.067  0.8264E-84  0.4000E+01
 -76.057  0.8264E-84  0.4000E+01
 -76.047  0.8264E-84  0.4000E+01
 -76.037  0.8264E-84  0.4000E+01
 -76.027  0.8264E-84  0.4000E+01
 -76.017  0.8264E-84  0.4000E+01
 -76.007  0.8264E-84  0.4000E+01
 -75.997  0.8264E-84  0.4000E+01
 -75.987  0.8264E-84  0.4000E+01
 -75.977  0.8264E-84  0.4000E+01
 -75.967  0.8264E-84  0.4000E+01
 -75.957  0.8264E-84  0.4000E+01
 -75.947  0.8264E-84  0.4000E+01
 -75.937  0.8264E-84  0.4000E+01
 -75.927  0.8264E-84  0.4000E+01
 -75.917  0.8264E-84  0.4000E+01
 -75.907  0.8264E-84  0.4000E+01
 -75.897  0.8264E-84  0.4000E+01
 -75.887  0.8264E-84  0.4000E+01
 -75.877  0.8264E-84  0.4000E+01
 -75.867  0.8264E-84  0.4000E+01
 -75.857  0.8264E-84  0.4000E+01
 -75.847  0.8264E-84  0.4000E+01
 -75.837  0.8264E-84  0.4000E+01
 -75.827  0.8264E-84  0.4000E+01
 -75.817  0.8264E-84  0.4000E+01
 -75.807  0.8264E-84  0.4000E+01
 -75.797  0.8264E-84  0.4000E+01
 -75.787  0.8264E-84  0.4000E+01
 -75.777  0.8264E-84  0.4000E+01
 -75.767  0.8264E-84  0.4000E+01
 -75.757  0.8264E-84  0.4000E+01
 -75.747  0.8264E-84  0.4000E+01
 -75.737  0.8264E-84  0.4000E+01
 -75.727  0.8264E-84  0.4000E+01
 -75.717  0.8264E-84  0.4000E+01
 -75.707  0.8264E-84  0.4000E+01
 -75.697  0.8264E-84  0.4000E+01
 -75.687  0.8264E-84  0.4000E+01
 -75.677  0.8264E-84  0.4000E+01
 -75.667  0.8264E-84  0.4000E+01
 -75.657  0.8264E-84  0.4000E+01
 -75.647  0.8264E-84  0.4000E+01
 -75.637  0.8264E-84  0.4000E+01
 -75.627  0.8264E-84  0.4000E+01
 -75.617  0.8264E-84  0.4000E+01
 -75.607  0.8264E-84  0.4000E+01
 -75.597  0.8264E-84  0.4000E+01
 -75.587  0.8264E-84  0.4000E+01
 -75.577  0.8264E-84  0.4000E+01
 -75.567  0.8264E-84  0.4000E+01
 -75.557  0.8264E-84  0.4000E+01
 -75.547  0.8264E-84  0.4000E+01
 -75.537  0.8264E-84  0.4000E+01
 -75.527  0.8264E-84  0.4000E+01
 -75.517  0.8264E-84  0.4000E+01
 -75.507  0.8264E-84  0.4000E+01
 -75.497  0.8264E-84  0.4000E+01
 -75.487  0.8264E-84  0.4000E+01
 -75.477  0.8264E-84  0.4000E+01
 -75.467  0.8264E-84  0.4000E+01
 -75.457  0.8264E-84  0.4000E+01
 -75.447  0.8264E-84  0.4000E+01
 -75.437  0.8264E-84  0.4000E+01
 -75.427  0.8264E-84  0.4000E+01
 -75.417  0.8264E-84  0.4000E+01
 -75.407  0.8264E-84  0.4000E+01
 -75.397  0.8264E-84  0.4000E+01
 -75.387  0.8264E-84  0.4000E+01
 -75.377  0.8264E-84  0.4000E+01
 -75.367  0.8264E-84  0.4000E+01
 -75.357  0.8264E-84  0.4000E+01
 -75.347  0.8264E-84  0.4000E+01
 -75.337  0.8264E-84  0.4000E+01
 -75.327  0.8264E-84  0.4000E+01
 -75.317  0.8264E-84  0.4000E+01
 -75.307  0.8264E-84  0.4000E+01
 -75.297  0.8264E-84  0.4000E+01
 -75.287  0.8264E-84  0.4000E+01
 -75.277  0.8264E-84  0.4000E+01
 -75.267  0.8264E-84  0.4000E+01
 -75.257  0.8264E-84  0.4000E+01
 -75.247  0.8264E-84  0.4000E+01
 -75.237  0.8264E-84  0.4000E+01
 -75.227  0.8264E-84  0.4000E+01
 -75.217  0.8264E-84  0.4000E+01
 -75.207  0.8264E-84  0.4000E+01
 -75.197  0.8264E-84  0.4000E+01
 -75.187  0.8264E-84  0.4000E+01
 -75.177  0.8264E-84  0.4000E+01
 -75.167  0.8264E-84  0.4000E+01
 -75.157  0.8264E-84  0.4000E+01
 -75.147  0.8264E-84  0.4000E+01
 -75.137  0.8264E-84  0.4000E+01
 -75.127  0.8264E-84  0.4000E+01
 -75.117  0.8264E-84  0.4000E+01
 -75.107  0.8264E-84  0.4000E+01
 -75.097  0.8264E-84  0.4000E+01
 -75.087  0.8264E-84  0.4000E+01
 -75.077  0.8264E-84  0.4000E+01
 -75.067  0.8264E-84  0.4000E+01
 -75.057  0.8264E-84  0.4000E+01
 -75.047  0.8264E-84  0.4000E+01
 -75.037  0.8264E-84  0.4000E+01
 -75.027  0.8264E-84  0.4000E+01
 -75.017  0.8264E-84  0.4000E+01
 -75.007  0.8264E-84  0.4000E+01
 -74.997  0.8264E-84  0.4000E+01
 -74.987  0.8264E-84  0.4000E+01
 -74.977  0.8264E-84  0.4000E+01
 -74.967  0.8264E-84  0.4000E+01
 -74.957  0.8264E-84  0.4000E+01
 -74.947  0.8264E-84  0.4000E+01
 -74.937  0.8264E-84  0.4000E+01
 -74.927  0.8264E-84  0.4000E+01
 -74.917  0.8264E-84  0.4000E+01
 -74.907  0.8264E-84  0.4000E+01
 -74.897  0.8264E-84  0.4000E+01
 -74.887  0.8264E-84  0.4000E+01
 -74.877  0.8264E-84  0.4000E+01
 -74.867  0.8264E-84  0.4000E+01
 -74.857  0.8264E-84  0.4000E+01
 -74.847  0.8264E-84  0.4000E+01
 -74.837  0.8264E-84  0.4000E+01
 -74.827  0.8264E-84  0.4000E+01
 -74.817  0.8264E-84  0.4000E+01
 -74.807  0.8264E-84  0.4000E+01
 -74.797  0.8264E-84  0.4000E+01
 -74.787  0.8264E-84  0.4000E+01
 -74.777  0.8264E-84  0.4000E+01
 -74.767  0.8264E-84  0.4000E+01
 -74.757  0.8264E-84  0.4000E+01
 -74.747  0.8264E-84  0.4000E+01
 -74.737  0.8264E-84  0.4000E+01
 -74.727  0.8264E-84  0.4000E+01
 -74.717  0.8264E-84  0.4000E+01
 -74.707  0.8264E-84  0.4000E+01
 -74.697  0.8264E-84  0.4000E+01
 -74.687  0.8264E-84  0.4000E+01
 -74.677  0.8264E-84  0.4000E+01
 -74.667  0.8264E-84  0.4000E+01
 -74.657  0.8264E-84  0.4000E+01
 -74.647  0.8264E-84  0.4000E+01
 -74.637  0.8264E-84  0.4000E+01
 -74.627  0.8264E-84  0.4000E+01
 -74.617  0.8264E-84  0.4000E+01
 -74.607  0.8264E-84  0.4000E+01
 -74.597  0.8264E-84  0.4000E+01
 -74.587  0.8264E-84  0.4000E+01
 -74.577  0.8264E-84  0.4000E+01
 -74.567  0.8264E-84  0.4000E+01
 -74.557  0.8264E-84  0.4000E+01
 -74.547  0.8264E-84  0.4000E+01
 -74.537  0.8264E-84  0.4000E+01
 -74.527  0.8264E-84  0.4000E+01
 -74.517  0.8264E-84  0.4000E+01
 -74.507  0.8264E-84  0.4000E+01
 -74.497  0.8264E-84  0.4000E+01
 -74.487  0.8264E-84  0.4000E+01
 -74.477  0.8264E-84  0.4000E+01
 -74.467  0.8264E-84  0.4000E+01
 -74.457  0.8264E-84  0.4000E+01
 -74.447  0.8264E-84  0.4000E+01
 -74.437  0.8264E-84  0.4000E+01
 -74.427  0.8264E-84  0.4000E+01
 -74.417  0.8264E-84  0.4000E+01
 -74.407  0.8264E-84  0.4000E+01
 -74.397  0.8264E-84  0.4000E+01
 -74.387  0.8264E-84  0.4000E+01
 -74.377  0.8264E-84  0.4000E+01
 -74.367  0.8264E-84  0.4000E+01
 -74.357  0.8264E-84  0.4000E+01
 -74.347  0.8264E-84  0.4000E+01
 -74.337  0.8264E-84  0.4000E+01
 -74.327  0.8264E-84  0.4000E+01
 -74.317  0.8264E-84  0.4000E+01
 -74.307  0.8264E-84  0.4000E+01
 -74.297  0.8264E-84  0.4000E+01
 -74.287  0.8264E-84  0.4000E+01
 -74.277  0.8264E-84  0.4000E+01
 -74.267  0.8264E-84  0.4000E+01
 -74.257  0.8264E-84  0.4000E+01
 -74.247  0.8264E-84  0.4000E+01
 -74.237  0.8264E-84  0.4000E+01
 -74.227  0.8264E-84  0.4000E+01
 -74.217  0.8264E-84  0.4000E+01
 -74.207  0.8264E-84  0.4000E+01
 -74.197  0.8264E-84  0.4000E+01
 -74.187  0.8264E-84  0.4000E+01
 -74.177  0.8264E-84  0.4000E+01
 -74.167  0.8264E-84  0.4000E+01
 -74.157  0.8264E-84  0.4000E+01
 -74.147  0.8264E-84  0.4000E+01
 -74.137  0.8264E-84  0.4000E+01
 -74.127  0.8264E-84  0.4000E+01
 -74.117  0.8264E-84  0.4000E+01
 -74.107  0.8264E-84  0.4000E+01
 -74.097  0.8264E-84  0.4000E+01
 -74.087  0.8264E-84  0.4000E+01
 -74.077  0.8264E-84  0.4000E+01
 -74.067  0.8264E-84  0.4000E+01
 -74.057  0.8264E-84  0.4000E+01
 -74.047  0.8264E-84  0.4000E+01
 -74.037  0.8264E-84  0.4000E+01
 -74.027  0.8264E-84  0.4000E+01
 -74.017  0.8264E-84  0.4000E+01
 -74.007  0.8264E-84  0.4000E+01
 -73.997  0.8264E-84  0.4000E+01
 -73.987  0.8264E-84  0.4000E+01
 -73.977  0.8264E-84  0.4000E+01
 -73.967  0.8264E-84  0.4000E+01
 -73.957  0.8264E-84  0.4000E+01
 -73.947  0.8264E-84  0.4000E+01
 -73.937  0.8264E-84  0.4000E+01
 -73.927  0.8264E-84  0.4000E+01
 -73.917  0.8264E-84  0.4000E+01
 -73.907  0.8264E-84  0.4000E+01
 -73.897  0.8264E-84  0.4000E+01
 -73.887  0.8264E-84  0.4000E+01
 -73.877  0.8264E-84  0.4000E+01
 -73.867  0.8264E-84  0.4000E+01
 -73.857  0.8264E-84  0.4000E+01
 -73.847  0.8264E-84  0.4000E+01
 -73.837  0.8264E-84  0.4000E+01
 -73.827  0.8264E-84  0.4000E+01
 -73.817  0.8264E-84  0.4000E+01
 -73.807  0.8264E-84  0.4000E+01
 -73.797  0.8264E-84  0.4000E+01
 -73.787  0.8264E-84  0.4000E+01
 -73.777  0.8264E-84  0.4000E+01
 -73.767  0.8264E-84  0.4000E+01
 -73.757  0.8264E-84  0.4000E+01
 -73.747  0.8264E-84  0.4000E+01
 -73.737  0.8264E-84  0.4000E+01
 -73.727  0.8264E-84  0.4000E+01
 -73.717  0.8264E-84  0.4000E+01
 -73.707  0.8264E-84  0.4000E+01
 -73.697  0.8264E-84  0.4000E+01
 -73.687  0.8264E-84  0.4000E+01
 -73.677  0.8264E-84  0.4000E+01
 -73.667  0.8264E-84  0.4000E+01
 -73.657  0.8264E-84  0.4000E+01
 -73.647  0.8264E-84  0.4000E+01
 -73.637  0.8264E-84  0.4000E+01
 -73.627  0.8264E-84  0.4000E+01
 -73.617  0.8264E-84  0.4000E+01
 -73.607  0.8264E-84  0.4000E+01
 -73.597  0.8264E-84  0.4000E+01
 -73.587  0.8264E-84  0.4000E+01
 -73.577  0.8264E-84  0.4000E+01
 -73.567  0.8264E-84  0.4000E+01
 -73.557  0.8264E-84  0.4000E+01
 -73.547  0.8264E-84  0.4000E+01
 -73.537  0.8264E-84  0.4000E+01
 -73.527  0.8264E-84  0.4000E+01
 -73.517  0.8264E-84  0.4000E+01
 -73.507  0.8264E-84  0.4000E+01
 -73.497  0.8264E-84  0.4000E+01
 -73.487  0.8264E-84  0.4000E+01
 -73.477  0.8264E-84  0.4000E+01
 -73.467  0.8264E-84  0.4000E+01
 -73.457  0.8264E-84  0.4000E+01
 -73.447  0.8264E-84  0.4000E+01
 -73.437  0.8264E-84  0.4000E+01
 -73.427  0.8264E-84  0.4000E+01
 -73.417  0.8264E-84  0.4000E+01
 -73.407  0.8264E-84  0.4000E+01
 -73.397  0.8264E-84  0.4000E+01
 -73.387  0.8264E-84  0.4000E+01
 -73.377  0.8264E-84  0.4000E+01
 -73.367  0.8264E-84  0.4000E+01
 -73.357  0.8264E-84  0.4000E+01
 -73.347  0.8264E-84  0.4000E+01
 -73.337  0.8264E-84  0.4000E+01
 -73.327  0.8264E-84  0.4000E+01
 -73.317  0.8264E-84  0.4000E+01
 -73.307  0.8264E-84  0.4000E+01
 -73.297  0.8264E-84  0.4000E+01
 -73.287  0.8264E-84  0.4000E+01
 -73.277  0.8264E-84  0.4000E+01
 -73.267  0.8264E-84  0.4000E+01
 -73.257  0.8264E-84  0.4000E+01
 -73.247  0.8264E-84  0.4000E+01
 -73.237  0.8264E-84  0.4000E+01
 -73.227  0.8264E-84  0.4000E+01
 -73.217  0.8264E-84  0.4000E+01
 -73.207  0.8264E-84  0.4000E+01
 -73.197  0.8264E-84  0.4000E+01
 -73.187  0.8264E-84  0.4000E+01
 -73.177  0.8264E-84  0.4000E+01
 -73.167  0.8264E-84  0.4000E+01
 -73.157  0.8264E-84  0.4000E+01
 -73.147  0.8264E-84  0.4000E+01
 -73.137  0.8264E-84  0.4000E+01
 -73.127  0.8264E-84  0.4000E+01
 -73.117  0.8264E-84  0.4000E+01
 -73.107  0.8264E-84  0.4000E+01
 -73.097  0.8264E-84  0.4000E+01
 -73.087  0.8264E-84  0.4000E+01
 -73.077  0.8264E-84  0.4000E+01
 -73.067  0.8264E-84  0.4000E+01
 -73.057  0.8264E-84  0.4000E+01
 -73.047  0.8264E-84  0.4000E+01
 -73.037  0.8264E-84  0.4000E+01
 -73.027  0.8264E-84  0.4000E+01
 -73.017  0.8264E-84  0.4000E+01
 -73.007  0.8264E-84  0.4000E+01
 -72.997  0.8264E-84  0.4000E+01
 -72.987  0.8264E-84  0.4000E+01
 -72.977  0.8264E-84  0.4000E+01
 -72.967  0.8264E-84  0.4000E+01
 -72.957  0.8264E-84  0.4000E+01
 -72.947  0.8264E-84  0.4000E+01
 -72.937  0.8264E-84  0.4000E+01
 -72.927  0.8264E-84  0.4000E+01
 -72.917  0.8264E-84  0.4000E+01
 -72.907  0.8264E-84  0.4000E+01
 -72.897  0.8264E-84  0.4000E+01
 -72.887  0.8264E-84  0.4000E+01
 -72.877  0.8264E-84  0.4000E+01
 -72.867  0.8264E-84  0.4000E+01
 -72.857  0.8264E-84  0.4000E+01
 -72.847  0.8264E-84  0.4000E+01
 -72.837  0.8264E-84  0.4000E+01
 -72.827  0.8264E-84  0.4000E+01
 -72.817  0.8264E-84  0.4000E+01
 -72.807  0.8264E-84  0.4000E+01
 -72.797  0.8264E-84  0.4000E+01
 -72.787  0.8264E-84  0.4000E+01
 -72.777  0.8264E-84  0.4000E+01
 -72.767  0.8264E-84  0.4000E+01
 -72.757  0.8264E-84  0.4000E+01
 -72.747  0.8264E-84  0.4000E+01
 -72.737  0.8264E-84  0.4000E+01
 -72.727  0.8264E-84  0.4000E+01
 -72.717  0.8264E-84  0.4000E+01
 -72.707  0.8264E-84  0.4000E+01
 -72.697  0.8264E-84  0.4000E+01
 -72.687  0.8264E-84  0.4000E+01
 -72.677  0.8264E-84  0.4000E+01
 -72.667  0.8264E-84  0.4000E+01
 -72.657  0.8264E-84  0.4000E+01
 -72.647  0.8264E-84  0.4000E+01
 -72.637  0.8264E-84  0.4000E+01
 -72.627  0.8264E-84  0.4000E+01
 -72.617  0.8264E-84  0.4000E+01
 -72.607  0.8264E-84  0.4000E+01
 -72.597  0.8264E-84  0.4000E+01
 -72.587  0.8264E-84  0.4000E+01
 -72.577  0.8264E-84  0.4000E+01
 -72.567  0.8264E-84  0.4000E+01
 -72.557  0.8264E-84  0.4000E+01
 -72.547  0.8264E-84  0.4000E+01
 -72.537  0.8264E-84  0.4000E+01
 -72.527  0.8264E-84  0.4000E+01
 -72.517  0.8264E-84  0.4000E+01
 -72.507  0.8264E-84  0.4000E+01
 -72.497  0.8264E-84  0.4000E+01
 -72.487  0.8264E-84  0.4000E+01
 -72.477  0.8264E-84  0.4000E+01
 -72.467  0.8264E-84  0.4000E+01
 -72.457  0.8264E-84  0.4000E+01
 -72.447  0.8264E-84  0.4000E+01
 -72.437  0.8264E-84  0.4000E+01
 -72.427  0.8264E-84  0.4000E+01
 -72.417  0.8264E-84  0.4000E+01
 -72.407  0.8264E-84  0.4000E+01
 -72.397  0.8264E-84  0.4000E+01
 -72.387  0.8264E-84  0.4000E+01
 -72.377  0.8264E-84  0.4000E+01
 -72.367  0.8264E-84  0.4000E+01
 -72.357  0.8264E-84  0.4000E+01
 -72.347  0.8264E-84  0.4000E+01
 -72.337  0.8264E-84  0.4000E+01
 -72.327  0.8264E-84  0.4000E+01
 -72.317  0.8264E-84  0.4000E+01
 -72.307  0.8264E-84  0.4000E+01
 -72.297  0.8264E-84  0.4000E+01
 -72.287  0.8264E-84  0.4000E+01
 -72.277  0.8264E-84  0.4000E+01
 -72.267  0.8264E-84  0.4000E+01
 -72.257  0.8264E-84  0.4000E+01
 -72.247  0.8264E-84  0.4000E+01
 -72.237  0.8264E-84  0.4000E+01
 -72.227  0.8264E-84  0.4000E+01
 -72.217  0.8264E-84  0.4000E+01
 -72.207  0.8264E-84  0.4000E+01
 -72.197  0.8264E-84  0.4000E+01
 -72.187  0.8264E-84  0.4000E+01
 -72.177  0.8264E-84  0.4000E+01
 -72.167  0.8264E-84  0.4000E+01
 -72.157  0.8264E-84  0.4000E+01
 -72.147  0.8264E-84  0.4000E+01
 -72.137  0.8264E-84  0.4000E+01
 -72.127  0.8264E-84  0.4000E+01
 -72.117  0.8264E-84  0.4000E+01
 -72.107  0.8264E-84  0.4000E+01
 -72.097  0.8264E-84  0.4000E+01
 -72.087  0.8264E-84  0.4000E+01
 -72.077  0.8264E-84  0.4000E+01
 -72.067  0.8264E-84  0.4000E+01
 -72.057  0.8264E-84  0.4000E+01
 -72.047  0.8264E-84  0.4000E+01
 -72.037  0.8264E-84  0.4000E+01
 -72.027  0.8264E-84  0.4000E+01
 -72.017  0.8264E-84  0.4000E+01
 -72.007  0.8264E-84  0.4000E+01
 -71.997  0.8264E-84  0.4000E+01
 -71.987  0.8264E-84  0.4000E+01
 -71.977  0.8264E-84  0.4000E+01
 -71.967  0.8264E-84  0.4000E+01
 -71.957  0.8264E-84  0.4000E+01
 -71.947  0.8264E-84  0.4000E+01
 -71.937  0.8264E-84  0.4000E+01
 -71.927  0.8264E-84  0.4000E+01
 -71.917  0.8264E-84  0.4000E+01
 -71.907  0.8264E-84  0.4000E+01
 -71.897  0.8264E-84  0.4000E+01
 -71.887  0.8264E-84  0.4000E+01
 -71.877  0.8264E-84  0.4000E+01
 -71.867  0.8264E-84  0.4000E+01
 -71.857  0.8264E-84  0.4000E+01
 -71.847  0.8264E-84  0.4000E+01
 -71.837  0.8264E-84  0.4000E+01
 -71.827  0.8264E-84  0.4000E+01
 -71.817  0.8264E-84  0.4000E+01
 -71.807  0.8264E-84  0.4000E+01
 -71.797  0.8264E-84  0.4000E+01
 -71.787  0.8264E-84  0.4000E+01
 -71.777  0.8264E-84  0.4000E+01
 -71.767  0.8264E-84  0.4000E+01
 -71.757  0.8264E-84  0.4000E+01
 -71.747  0.8264E-84  0.4000E+01
 -71.737  0.8264E-84  0.4000E+01
 -71.727  0.8264E-84  0.4000E+01
 -71.717  0.8264E-84  0.4000E+01
 -71.707  0.8264E-84  0.4000E+01
 -71.697  0.8264E-84  0.4000E+01
 -71.687  0.8264E-84  0.4000E+01
 -71.677  0.8264E-84  0.4000E+01
 -71.667  0.8264E-84  0.4000E+01
 -71.657  0.8264E-84  0.4000E+01
 -71.647  0.8264E-84  0.4000E+01
 -71.637  0.8264E-84  0.4000E+01
 -71.627  0.8264E-84  0.4000E+01
 -71.617  0.8264E-84  0.4000E+01
 -71.607  0.8264E-84  0.4000E+01
 -71.597  0.8264E-84  0.4000E+01
 -71.587  0.8264E-84  0.4000E+01
 -71.577  0.8264E-84  0.4000E+01
 -71.567  0.8264E-84  0.4000E+01
 -71.557  0.8264E-84  0.4000E+01
 -71.547  0.8264E-84  0.4000E+01
 -71.537  0.8264E-84  0.4000E+01
 -71.527  0.8264E-84  0.4000E+01
 -71.517  0.8264E-84  0.4000E+01
 -71.507  0.8264E-84  0.4000E+01
 -71.497  0.8264E-84  0.4000E+01
 -71.487  0.8264E-84  0.4000E+01
 -71.477  0.8264E-84  0.4000E+01
 -71.467  0.8264E-84  0.4000E+01
 -71.457  0.8264E-84  0.4000E+01
 -71.447  0.8264E-84  0.4000E+01
 -71.437  0.8264E-84  0.4000E+01
 -71.427  0.8264E-84  0.4000E+01
 -71.417  0.8264E-84  0.4000E+01
 -71.407  0.8264E-84  0.4000E+01
 -71.397  0.8264E-84  0.4000E+01
 -71.387  0.8264E-84  0.4000E+01
 -71.377  0.8264E-84  0.4000E+01
 -71.367  0.8264E-84  0.4000E+01
 -71.357  0.8264E-84  0.4000E+01
 -71.347  0.8264E-84  0.4000E+01
 -71.337  0.8264E-84  0.4000E+01
 -71.327  0.8264E-84  0.4000E+01
 -71.317  0.8264E-84  0.4000E+01
 -71.307  0.8264E-84  0.4000E+01
 -71.297  0.8264E-84  0.4000E+01
 -71.287  0.8264E-84  0.4000E+01
 -71.277  0.8264E-84  0.4000E+01
 -71.267  0.8264E-84  0.4000E+01
 -71.257  0.8264E-84  0.4000E+01
 -71.247  0.8264E-84  0.4000E+01
 -71.237  0.8264E-84  0.4000E+01
 -71.227  0.8264E-84  0.4000E+01
 -71.217  0.8264E-84  0.4000E+01
 -71.207  0.8264E-84  0.4000E+01
 -71.197  0.8264E-84  0.4000E+01
 -71.187  0.8264E-84  0.4000E+01
 -71.177  0.8264E-84  0.4000E+01
 -71.167  0.8264E-84  0.4000E+01
 -71.157  0.8264E-84  0.4000E+01
 -71.147  0.8264E-84  0.4000E+01
 -71.137  0.8264E-84  0.4000E+01
 -71.127  0.8264E-84  0.4000E+01
 -71.117  0.8264E-84  0.4000E+01
 -71.107  0.8264E-84  0.4000E+01
 -71.097  0.8264E-84  0.4000E+01
 -71.087  0.8264E-84  0.4000E+01
 -71.077  0.8264E-84  0.4000E+01
 -71.067  0.8264E-84  0.4000E+01
 -71.057  0.8264E-84  0.4000E+01
 -71.047  0.8264E-84  0.4000E+01
 -71.037  0.8264E-84  0.4000E+01
 -71.027  0.8264E-84  0.4000E+01
 -71.017  0.8264E-84  0.4000E+01
 -71.007  0.8264E-84  0.4000E+01
 -70.997  0.8264E-84  0.4000E+01
 -70.987  0.8264E-84  0.4000E+01
 -70.977  0.8264E-84  0.4000E+01
 -70.967  0.8264E-84  0.4000E+01
 -70.957  0.8264E-84  0.4000E+01
 -70.947  0.8264E-84  0.4000E+01
 -70.937  0.8264E-84  0.4000E+01
 -70.927  0.8264E-84  0.4000E+01
 -70.917  0.8264E-84  0.4000E+01
 -70.907  0.8264E-84  0.4000E+01
 -70.897  0.8264E-84  0.4000E+01
 -70.887  0.8264E-84  0.4000E+01
 -70.877  0.8264E-84  0.4000E+01
 -70.867  0.8264E-84  0.4000E+01
 -70.857  0.8264E-84  0.4000E+01
 -70.847  0.8264E-84  0.4000E+01
 -70.837  0.8264E-84  0.4000E+01
 -70.827  0.8264E-84  0.4000E+01
 -70.817  0.8264E-84  0.4000E+01
 -70.807  0.8264E-84  0.4000E+01
 -70.797  0.8264E-84  0.4000E+01
 -70.787  0.8264E-84  0.4000E+01
 -70.777  0.8264E-84  0.4000E+01
 -70.767  0.8264E-84  0.4000E+01
 -70.757  0.8264E-84  0.4000E+01
 -70.747  0.8264E-84  0.4000E+01
 -70.737  0.8264E-84  0.4000E+01
 -70.727  0.8264E-84  0.4000E+01
 -70.717  0.8264E-84  0.4000E+01
 -70.707  0.8264E-84  0.4000E+01
 -70.697  0.8264E-84  0.4000E+01
 -70.687  0.8264E-84  0.4000E+01
 -70.677  0.8264E-84  0.4000E+01
 -70.667  0.8264E-84  0.4000E+01
 -70.657  0.8264E-84  0.4000E+01
 -70.647  0.8264E-84  0.4000E+01
 -70.637  0.8264E-84  0.4000E+01
 -70.627  0.8264E-84  0.4000E+01
 -70.617  0.8264E-84  0.4000E+01
 -70.607  0.8264E-84  0.4000E+01
 -70.597  0.8264E-84  0.4000E+01
 -70.587  0.8264E-84  0.4000E+01
 -70.577  0.8264E-84  0.4000E+01
 -70.567  0.8264E-84  0.4000E+01
 -70.557  0.8264E-84  0.4000E+01
 -70.547  0.8264E-84  0.4000E+01
 -70.537  0.8264E-84  0.4000E+01
 -70.527  0.8264E-84  0.4000E+01
 -70.517  0.8264E-84  0.4000E+01
 -70.507  0.8264E-84  0.4000E+01
 -70.497  0.8264E-84  0.4000E+01
 -70.487  0.8264E-84  0.4000E+01
 -70.477  0.8264E-84  0.4000E+01
 -70.467  0.8264E-84  0.4000E+01
 -70.457  0.8264E-84  0.4000E+01
 -70.447  0.8264E-84  0.4000E+01
 -70.437  0.8264E-84  0.4000E+01
 -70.427  0.8264E-84  0.4000E+01
 -70.417  0.8264E-84  0.4000E+01
 -70.407  0.8264E-84  0.4000E+01
 -70.397  0.8264E-84  0.4000E+01
 -70.387  0.8264E-84  0.4000E+01
 -70.377  0.8264E-84  0.4000E+01
 -70.367  0.8264E-84  0.4000E+01
 -70.357  0.8264E-84  0.4000E+01
 -70.347  0.8264E-84  0.4000E+01
 -70.337  0.8264E-84  0.4000E+01
 -70.327  0.8264E-84  0.4000E+01
 -70.317  0.8264E-84  0.4000E+01
 -70.307  0.8264E-84  0.4000E+01
 -70.297  0.8264E-84  0.4000E+01
 -70.287  0.8264E-84  0.4000E+01
 -70.277  0.8264E-84  0.4000E+01
 -70.267  0.8264E-84  0.4000E+01
 -70.257  0.8264E-84  0.4000E+01
 -70.247  0.8264E-84  0.4000E+01
 -70.237  0.8264E-84  0.4000E+01
 -70.227  0.8264E-84  0.4000E+01
 -70.217  0.8264E-84  0.4000E+01
 -70.207  0.8264E-84  0.4000E+01
 -70.197  0.8264E-84  0.4000E+01
 -70.187  0.8264E-84  0.4000E+01
 -70.177  0.8264E-84  0.4000E+01
 -70.167  0.8264E-84  0.4000E+01
 -70.157  0.8264E-84  0.4000E+01
 -70.147  0.8264E-84  0.4000E+01
 -70.137  0.8264E-84  0.4000E+01
 -70.127  0.8264E-84  0.4000E+01
 -70.117  0.8264E-84  0.4000E+01
 -70.107  0.8264E-84  0.4000E+01
 -70.097  0.8264E-84  0.4000E+01
 -70.087  0.8264E-84  0.4000E+01
 -70.077  0.8264E-84  0.4000E+01
 -70.067  0.8264E-84  0.4000E+01
 -70.057  0.8264E-84  0.4000E+01
 -70.047  0.8264E-84  0.4000E+01
 -70.037  0.8264E-84  0.4000E+01
 -70.027  0.8264E-84  0.4000E+01
 -70.017  0.8264E-84  0.4000E+01
 -70.007  0.8264E-84  0.4000E+01
 -69.997  0.8264E-84  0.4000E+01
 -69.987  0.8264E-84  0.4000E+01
 -69.977  0.8264E-84  0.4000E+01
 -69.967  0.8264E-84  0.4000E+01
 -69.957  0.8264E-84  0.4000E+01
 -69.947  0.8264E-84  0.4000E+01
 -69.937  0.8264E-84  0.4000E+01
 -69.927  0.8264E-84  0.4000E+01
 -69.917  0.8264E-84  0.4000E+01
 -69.907  0.8264E-84  0.4000E+01
 -69.897  0.8264E-84  0.4000E+01
 -69.887  0.8264E-84  0.4000E+01
 -69.877  0.8264E-84  0.4000E+01
 -69.867  0.8264E-84  0.4000E+01
 -69.857  0.8264E-84  0.4000E+01
 -69.847  0.8264E-84  0.4000E+01
 -69.837  0.8264E-84  0.4000E+01
 -69.827  0.8264E-84  0.4000E+01
 -69.817  0.8264E-84  0.4000E+01
 -69.807  0.8264E-84  0.4000E+01
 -69.797  0.8264E-84  0.4000E+01
 -69.787  0.8264E-84  0.4000E+01
 -69.777  0.8264E-84  0.4000E+01
 -69.767  0.8264E-84  0.4000E+01
 -69.757  0.8264E-84  0.4000E+01
 -69.747  0.8264E-84  0.4000E+01
 -69.737  0.8264E-84  0.4000E+01
 -69.727  0.8264E-84  0.4000E+01
 -69.717  0.8264E-84  0.4000E+01
 -69.707  0.8264E-84  0.4000E+01
 -69.697  0.8264E-84  0.4000E+01
 -69.687  0.8264E-84  0.4000E+01
 -69.677  0.8264E-84  0.4000E+01
 -69.667  0.8264E-84  0.4000E+01
 -69.657  0.8264E-84  0.4000E+01
 -69.647  0.8264E-84  0.4000E+01
 -69.637  0.8264E-84  0.4000E+01
 -69.627  0.8264E-84  0.4000E+01
 -69.617  0.8264E-84  0.4000E+01
 -69.607  0.8264E-84  0.4000E+01
 -69.597  0.8264E-84  0.4000E+01
 -69.587  0.8264E-84  0.4000E+01
 -69.577  0.8264E-84  0.4000E+01
 -69.567  0.8264E-84  0.4000E+01
 -69.557  0.8264E-84  0.4000E+01
 -69.547  0.8264E-84  0.4000E+01
 -69.537  0.8264E-84  0.4000E+01
 -69.527  0.8264E-84  0.4000E+01
 -69.517  0.8264E-84  0.4000E+01
 -69.507  0.8264E-84  0.4000E+01
 -69.497  0.8264E-84  0.4000E+01
 -69.487  0.8264E-84  0.4000E+01
 -69.477  0.8264E-84  0.4000E+01
 -69.467  0.8264E-84  0.4000E+01
 -69.457  0.8264E-84  0.4000E+01
 -69.447  0.8264E-84  0.4000E+01
 -69.437  0.8264E-84  0.4000E+01
 -69.427  0.8264E-84  0.4000E+01
 -69.417  0.8264E-84  0.4000E+01
 -69.407  0.8264E-84  0.4000E+01
 -69.397  0.8264E-84  0.4000E+01
 -69.387  0.8264E-84  0.4000E+01
 -69.377  0.8264E-84  0.4000E+01
 -69.367  0.8264E-84  0.4000E+01
 -69.357  0.8264E-84  0.4000E+01
 -69.347  0.8264E-84  0.4000E+01
 -69.337  0.8264E-84  0.4000E+01
 -69.327  0.8264E-84  0.4000E+01
 -69.317  0.8264E-84  0.4000E+01
 -69.307  0.8264E-84  0.4000E+01
 -69.297  0.8264E-84  0.4000E+01
 -69.287  0.8264E-84  0.4000E+01
 -69.277  0.8264E-84  0.4000E+01
 -69.267  0.8264E-84  0.4000E+01
 -69.257  0.8264E-84  0.4000E+01
 -69.247  0.8264E-84  0.4000E+01
 -69.237  0.8264E-84  0.4000E+01
 -69.227  0.8264E-84  0.4000E+01
 -69.217  0.8264E-84  0.4000E+01
 -69.207  0.8264E-84  0.4000E+01
 -69.197  0.8264E-84  0.4000E+01
 -69.187  0.8264E-84  0.4000E+01
 -69.177  0.8264E-84  0.4000E+01
 -69.167  0.8264E-84  0.4000E+01
 -69.157  0.8264E-84  0.4000E+01
 -69.147  0.8264E-84  0.4000E+01
 -69.137  0.8264E-84  0.4000E+01
 -69.127  0.8264E-84  0.4000E+01
 -69.117  0.8264E-84  0.4000E+01
 -69.107  0.8264E-84  0.4000E+01
 -69.097  0.8264E-84  0.4000E+01
 -69.087  0.8264E-84  0.4000E+01
 -69.077  0.8264E-84  0.4000E+01
 -69.067  0.8264E-84  0.4000E+01
 -69.057  0.8264E-84  0.4000E+01
 -69.047  0.8264E-84  0.4000E+01
 -69.037  0.8264E-84  0.4000E+01
 -69.027  0.8264E-84  0.4000E+01
 -69.017  0.8264E-84  0.4000E+01
 -69.007  0.8264E-84  0.4000E+01
 -68.997  0.8264E-84  0.4000E+01
 -68.987  0.8264E-84  0.4000E+01
 -68.977  0.8264E-84  0.4000E+01
 -68.967  0.8264E-84  0.4000E+01
 -68.957  0.8264E-84  0.4000E+01
 -68.947  0.8264E-84  0.4000E+01
 -68.937  0.8264E-84  0.4000E+01
 -68.927  0.8264E-84  0.4000E+01
 -68.917  0.8264E-84  0.4000E+01
 -68.907  0.8264E-84  0.4000E+01
 -68.897  0.8264E-84  0.4000E+01
 -68.887  0.8264E-84  0.4000E+01
 -68.877  0.8264E-84  0.4000E+01
 -68.867  0.8264E-84  0.4000E+01
 -68.857  0.8264E-84  0.4000E+01
 -68.847  0.8264E-84  0.4000E+01
 -68.837  0.8264E-84  0.4000E+01
 -68.827  0.8264E-84  0.4000E+01
 -68.817  0.8264E-84  0.4000E+01
 -68.807  0.8264E-84  0.4000E+01
 -68.797  0.8264E-84  0.4000E+01
 -68.787  0.8264E-84  0.4000E+01
 -68.777  0.8264E-84  0.4000E+01
 -68.767  0.8264E-84  0.4000E+01
 -68.757  0.8264E-84  0.4000E+01
 -68.747  0.8264E-84  0.4000E+01
 -68.737  0.8264E-84  0.4000E+01
 -68.727  0.8264E-84  0.4000E+01
 -68.717  0.8264E-84  0.4000E+01
 -68.707  0.8264E-84  0.4000E+01
 -68.697  0.8264E-84  0.4000E+01
 -68.687  0.8264E-84  0.4000E+01
 -68.677  0.8264E-84  0.4000E+01
 -68.667  0.8264E-84  0.4000E+01
 -68.657  0.8264E-84  0.4000E+01
 -68.647  0.8264E-84  0.4000E+01
 -68.637  0.8264E-84  0.4000E+01
 -68.627  0.8264E-84  0.4000E+01
 -68.617  0.8264E-84  0.4000E+01
 -68.607  0.8264E-84  0.4000E+01
 -68.597  0.8264E-84  0.4000E+01
 -68.587  0.8264E-84  0.4000E+01
 -68.577  0.8264E-84  0.4000E+01
 -68.567  0.8264E-84  0.4000E+01
 -68.557  0.8264E-84  0.4000E+01
 -68.547  0.8264E-84  0.4000E+01
 -68.537  0.8264E-84  0.4000E+01
 -68.527  0.8264E-84  0.4000E+01
 -68.517  0.8264E-84  0.4000E+01
 -68.507  0.8264E-84  0.4000E+01
 -68.497  0.8264E-84  0.4000E+01
 -68.487  0.8264E-84  0.4000E+01
 -68.477  0.8264E-84  0.4000E+01
 -68.467  0.8264E-84  0.4000E+01
 -68.457  0.8264E-84  0.4000E+01
 -68.447  0.8264E-84  0.4000E+01
 -68.437  0.8264E-84  0.4000E+01
 -68.427  0.8264E-84  0.4000E+01
 -68.417  0.8264E-84  0.4000E+01
 -68.407  0.8264E-84  0.4000E+01
 -68.397  0.8264E-84  0.4000E+01
 -68.387  0.8264E-84  0.4000E+01
 -68.377  0.8264E-84  0.4000E+01
 -68.367  0.8264E-84  0.4000E+01
 -68.357  0.8264E-84  0.4000E+01
 -68.347  0.8264E-84  0.4000E+01
 -68.337  0.8264E-84  0.4000E+01
 -68.327  0.8264E-84  0.4000E+01
 -68.317  0.8264E-84  0.4000E+01
 -68.307  0.8264E-84  0.4000E+01
 -68.297  0.8264E-84  0.4000E+01
 -68.287  0.8264E-84  0.4000E+01
 -68.277  0.8264E-84  0.4000E+01
 -68.267  0.8264E-84  0.4000E+01
 -68.257  0.8264E-84  0.4000E+01
 -68.247  0.8264E-84  0.4000E+01
 -68.237  0.8264E-84  0.4000E+01
 -68.227  0.8264E-84  0.4000E+01
 -68.217  0.8264E-84  0.4000E+01
 -68.207  0.8308E-84  0.4000E+01
 -68.197  0.5013E-83  0.4000E+01
 -68.187  0.2610E-81  0.4000E+01
 -68.177  0.1501E-79  0.4000E+01
 -68.167  0.8290E-78  0.4000E+01
 -68.157  0.4385E-76  0.4000E+01
 -68.147  0.2221E-74  0.4000E+01
 -68.137  0.1078E-72  0.4000E+01
 -68.127  0.5007E-71  0.4000E+01
 -68.117  0.2228E-69  0.4000E+01
 -68.107  0.9499E-68  0.4000E+01
 -68.097  0.3878E-66  0.4000E+01
 -68.087  0.1516E-64  0.4000E+01
 -68.077  0.5677E-63  0.4000E+01
 -68.067  0.2036E-61  0.4000E+01
 -68.057  0.6994E-60  0.4000E+01
 -68.047  0.2301E-58  0.4000E+01
 -68.037  0.7249E-57  0.4000E+01
 -68.027  0.2188E-55  0.4000E+01
 -68.017  0.6323E-54  0.4000E+01
 -68.007  0.1750E-52  0.4000E+01
 -67.997  0.4640E-51  0.4000E+01
 -67.987  0.1178E-49  0.4000E+01
 -67.977  0.2865E-48  0.4000E+01
 -67.967  0.6673E-47  0.4000E+01
 -67.957  0.1489E-45  0.4000E+01
 -67.947  0.3180E-44  0.4000E+01
 -67.937  0.6508E-43  0.4000E+01
 -67.927  0.1275E-41  0.4000E+01
 -67.917  0.2394E-40  0.4000E+01
 -67.907  0.4304E-39  0.4000E+01
 -67.897  0.7410E-38  0.4000E+01
 -67.887  0.1222E-36  0.4000E+01
 -67.877  0.1930E-35  0.4000E+01
 -67.867  0.2919E-34  0.4000E+01
 -67.857  0.4229E-33  0.4000E+01
 -67.847  0.5867E-32  0.4000E+01
 -67.837  0.7797E-31  0.4000E+01
 -67.827  0.9924E-30  0.4000E+01
 -67.817  0.1210E-28  0.4000E+01
 -67.807  0.1412E-27  0.4000E+01
 -67.797  0.1579E-26  0.4000E+01
 -67.787  0.1691E-25  0.4000E+01
 -67.777  0.1735E-24  0.4000E+01
 -67.767  0.1704E-23  0.4000E+01
 -67.757  0.1603E-22  0.4000E+01
 -67.747  0.1445E-21  0.4000E+01
 -67.737  0.1247E-20  0.4000E+01
 -67.727  0.1031E-19  0.4000E+01
 -67.717  0.8158E-19  0.4000E+01
 -67.707  0.6185E-18  0.4000E+01
 -67.697  0.4492E-17  0.4000E+01
 -67.687  0.3124E-16  0.4000E+01
 -67.677  0.2081E-15  0.4000E+01
 -67.667  0.1328E-14  0.4000E+01
 -67.657  0.8111E-14  0.4000E+01
 -67.647  0.4747E-13  0.4000E+01
 -67.637  0.2660E-12  0.4000E+01
 -67.627  0.1428E-11  0.4000E+01
 -67.617  0.7342E-11  0.4000E+01
 -67.607  0.3615E-10  0.4000E+01
 -67.597  0.1705E-09  0.4000E+01
 -67.587  0.7701E-09  0.4000E+01
 -67.577  0.3331E-08  0.4000E+01
 -67.567  0.1380E-07  0.4000E+01
 -67.557  0.5477E-07  0.4000E+01
 -67.547  0.2082E-06  0.4000E+01
 -67.537  0.7577E-06  0.4000E+01
 -67.527  0.2641E-05  0.4000E+01
 -67.517  0.8819E-05  0.4000E+01
 -67.507  0.2820E-04  0.4000E+01
 -67.497  0.8637E-04  0.4000E+01
 -67.487  0.2533E-03  0.4000E+01
 -67.477  0.7117E-03  0.4000E+01
 -67.467  0.1915E-02  0.4000E+01
 -67.457  0.4935E-02  0.4000E+01
 -67.447  0.1218E-01  0.4000E+01
 -67.437  0.2879E-01  0.4000E+01
 -67.427  0.6519E-01  0.4001E+01
 -67.417  0.1413E+00  0.4003E+01
 -67.407  0.2935E+00  0.4005E+01
 -67.397  0.5838E+00  0.4011E+01
 -67.387  0.1112E+01  0.4022E+01
 -67.377  0.2029E+01  0.4043E+01
 -67.367  0.3546E+01  0.4078E+01
 -67.357  0.5934E+01  0.4138E+01
 -67.347  0.9511E+01  0.4233E+01
 -67.337  0.1460E+02  0.4379E+01
 -67.327  0.2147E+02  0.4593E+01
 -67.317  0.3023E+02  0.4896E+01
 -67.307  0.4077E+02  0.5303E+01
 -67.297  0.5266E+02  0.5830E+01
 -67.287  0.6514E+02  0.6481E+01
 -67.277  0.7718E+02  0.7253E+01
 -67.267  0.8758E+02  0.8129E+01
 -67.257  0.9518E+02  0.9081E+01
 -67.247  0.9907E+02  0.1007E+02
 -67.237  0.9877E+02  0.1106E+02
 -67.227  0.9430E+02  0.1200E+02
 -67.217  0.8624E+02  0.1286E+02
 -67.207  0.7553E+02  0.1362E+02
 -67.197  0.6335E+02  0.1425E+02
 -67.187  0.5090E+02  0.1476E+02
 -67.177  0.3916E+02  0.1515E+02
 -67.167  0.2886E+02  0.1544E+02
 -67.157  0.2037E+02  0.1565E+02
 -67.147  0.1377E+02  0.1578E+02
 -67.137  0.8913E+01  0.1587E+02
 -67.127  0.5526E+01  0.1593E+02
 -67.117  0.3282E+01  0.1596E+02
 -67.107  0.1867E+01  0.1598E+02
 -67.097  0.1017E+01  0.1599E+02
 -67.087  0.5304E+00  0.1600E+02
 -67.077  0.2650E+00  0.1600E+02
 -67.067  0.1268E+00  0.1600E+02
 -67.057  0.5813E-01  0.1600E+02
 -67.047  0.2552E-01  0.1600E+02
 -67.037  0.1073E-01  0.1600E+02
 -67.027  0.4319E-02  0.1600E+02
 -67.017  0.1666E-02  0.1600E+02
 -67.007  0.6152E-03  0.1600E+02
 -66.997  0.2176E-03  0.1600E+02
 -66.987  0.7372E-04  0.1600E+02
 -66.977  0.2392E-04  0.1600E+02
 -66.967  0.7433E-05  0.1600E+02
 -66.957  0.2212E-05  0.1600E+02
 -66.947  0.6306E-06  0.1600E+02
 -66.937  0.1722E-06  0.1600E+02
 -66.927  0.4501E-07  0.1600E+02
 -66.917  0.1127E-07  0.1600E+02
 -66.907  0.2704E-08  0.1600E+02
 -66.897  0.6210E-09  0.1600E+02
 -66.887  0.1366E-09  0.1600E+02
 -66.877  0.2878E-10  0.1600E+02
 -66.867  0.5809E-11  0.1600E+02
 -66.857  0.1123E-11  0.1600E+02
 -66.847  0.2078E-12  0.1600E+02
 -66.837  0.3684E-13  0.1600E+02
 -66.827  0.6254E-14  0.1600E+02
 -66.817  0.1017E-14  0.1600E+02
 -66.807  0.1584E-15  0.1600E+02
 -66.797  0.2363E-16  0.1600E+02
 -66.787  0.3375E-17  0.1600E+02
 -66.777  0.4617E-18  0.1600E+02
 -66.767  0.6051E-19  0.1600E+02
 -66.757  0.7593E-20  0.1600E+02
 -66.747  0.9127E-21  0.1600E+02
 -66.737  0.1051E-21  0.1600E+02
 -66.727  0.1158E-22  0.1600E+02
 -66.717  0.1223E-23  0.1600E+02
 -66.707  0.1237E-24  0.1600E+02
 -66.697  0.1198E-25  0.1600E+02
 -66.687  0.1111E-26  0.1600E+02
 -66.677  0.9872E-28  0.1600E+02
 -66.667  0.8400E-29  0.1600E+02
 -66.657  0.6845E-30  0.1600E+02
 -66.647  0.5342E-31  0.1600E+02
 -66.637  0.3993E-32  0.1600E+02
 -66.627  0.2859E-33  0.1600E+02
 -66.617  0.1960E-34  0.1600E+02
 -66.607  0.1287E-35  0.1600E+02
 -66.597  0.8094E-37  0.1600E+02
 -66.587  0.4875E-38  0.1600E+02
 -66.577  0.2812E-39  0.1600E+02
 -66.567  0.1554E-40  0.1600E+02
 -66.557  0.8222E-42  0.1600E+02
 -66.547  0.4166E-43  0.1600E+02
 -66.537  0.2022E-44  0.1600E+02
 -66.527  0.9400E-46  0.1600E+02
 -66.517  0.4185E-47  0.1600E+02
 -66.507  0.1784E-48  0.1600E+02
 -66.497  0.7286E-50  0.1600E+02
 -66.487  0.2850E-51  0.1600E+02
 -66.477  0.1067E-52  0.1600E+02
 -66.467  0.3829E-54  0.1600E+02
 -66.457  0.1316E-55  0.1600E+02
 -66.447  0.4329E-57  0.1600E+02
 -66.437  0.1364E-58  0.1600E+02
 -66.427  0.4118E-60  0.1600E+02
 -66.417  0.1190E-61  0.1600E+02
 -66.407  0.3295E-63  0.1600E+02
 -66.397  0.8737E-65  0.1600E+02
 -66.387  0.2219E-66  0.1600E+02
 -66.377  0.5396E-68  0.1600E+02
 -66.367  0.1257E-69  0.1600E+02
 -66.357  0.2804E-71  0.1600E+02
 -66.347  0.5990E-73  0.1600E+02
 -66.337  0.1226E-74  0.1600E+02
 -66.327  0.2402E-76  0.1600E+02
 -66.317  0.4509E-78  0.1600E+02
 -66.307  0.8105E-80  0.1600E+02
 -66.297  0.1402E-81  0.1600E+02
 -66.287  0.2989E-83  0.1600E+02
 -66.277  0.8264E-84  0.1600E+02
 -66.267  0.8264E-84  0.1600E+02
 -66.257  0.8264E-84  0.1600E+02
 -66.247  0.8264E-84  0.1600E+02
 -66.237  0.8264E-84  0.1600E+02
 -66.227  0.8264E-84  0.1600E+02
 -66.217  0.8264E-84  0.1600E+02
 -66.207  0.8264E-84  0.1600E+02
 -66.197  0.8264E-84  0.1600E+02
 -66.187  0.8264E-84  0.1600E+02
 -66.177  0.8264E-84  0.1600E+02
 -66.167  0.8264E-84  0.1600E+02
 -66.157  0.8264E-84  0.1600E+02
 -66.147  0.8264E-84  0.1600E+02
 -66.137  0.8264E-84  0.1600E+02
 -66.127  0.8264E-84  0.1600E+02
 -66.117  0.8264E-84  0.1600E+02
 -66.107  0.8264E-84  0.1600E+02
 -66.097  0.8264E-84  0.1600E+02
 -66.087  0.8264E-84  0.1600E+02
 -66.077  0.8264E-84  0.1600E+02
 -66.067  0.8264E-84  0.1600E+02
 -66.057  0.8264E-84  0.1600E+02
 -66.047  0.8264E-84  0.1600E+02
 -66.037  0.8264E-84  0.1600E+02
 -66.027  0.8264E-84  0.1600E+02
 -66.017  0.8264E-84  0.1600E+02
 -66.007  0.8264E-84  0.1600E+02
 -65.997  0.8264E-84  0.1600E+02
 -65.987  0.8264E-84  0.1600E+02
 -65.977  0.8264E-84  0.1600E+02
 -65.967  0.8264E-84  0.1600E+02
 -65.957  0.8264E-84  0.1600E+02
 -65.947  0.8264E-84  0.1600E+02
 -65.937  0.8264E-84  0.1600E+02
 -65.927  0.8264E-84  0.1600E+02
 -65.917  0.8264E-84  0.1600E+02
 -65.907  0.8264E-84  0.1600E+02
 -65.897  0.8264E-84  0.1600E+02
 -65.887  0.8264E-84  0.1600E+02
 -65.877  0.8264E-84  0.1600E+02
 -65.867  0.8264E-84  0.1600E+02
 -65.857  0.8264E-84  0.1600E+02
 -65.847  0.8264E-84  0.1600E+02
 -65.837  0.8264E-84  0.1600E+02
 -65.827  0.8264E-84  0.1600E+02
 -65.817  0.8264E-84  0.1600E+02
 -65.807  0.8264E-84  0.1600E+02
 -65.797  0.8264E-84  0.1600E+02
 -65.787  0.8264E-84  0.1600E+02
 -65.777  0.8264E-84  0.1600E+02
 -65.767  0.8264E-84  0.1600E+02
 -65.757  0.8264E-84  0.1600E+02
 -65.747  0.8264E-84  0.1600E+02
 -65.737  0.8264E-84  0.1600E+02
 -65.727  0.8264E-84  0.1600E+02
 -65.717  0.8264E-84  0.1600E+02
 -65.707  0.8264E-84  0.1600E+02
 -65.697  0.8264E-84  0.1600E+02
 -65.687  0.8264E-84  0.1600E+02
 -65.677  0.8264E-84  0.1600E+02
 -65.667  0.8264E-84  0.1600E+02
 -65.657  0.8264E-84  0.1600E+02
 -65.647  0.8264E-84  0.1600E+02
 -65.637  0.8264E-84  0.1600E+02
 -65.627  0.8264E-84  0.1600E+02
 -65.617  0.8264E-84  0.1600E+02
 -65.607  0.8264E-84  0.1600E+02
 -65.597  0.8264E-84  0.1600E+02
 -65.587  0.8264E-84  0.1600E+02
 -65.577  0.8264E-84  0.1600E+02
 -65.567  0.8264E-84  0.1600E+02
 -65.557  0.8264E-84  0.1600E+02
 -65.547  0.8264E-84  0.1600E+02
 -65.537  0.8264E-84  0.1600E+02
 -65.527  0.8264E-84  0.1600E+02
 -65.517  0.8264E-84  0.1600E+02
 -65.507  0.8264E-84  0.1600E+02
 -65.497  0.8264E-84  0.1600E+02
 -65.487  0.8264E-84  0.1600E+02
 -65.477  0.8264E-84  0.1600E+02
 -65.467  0.8264E-84  0.1600E+02
 -65.457  0.8264E-84  0.1600E+02
 -65.447  0.8264E-84  0.1600E+02
 -65.437  0.8264E-84  0.1600E+02
 -65.427  0.8264E-84  0.1600E+02
 -65.417  0.8264E-84  0.1600E+02
 -65.407  0.8264E-84  0.1600E+02
 -65.397  0.8264E-84  0.1600E+02
 -65.387  0.8264E-84  0.1600E+02
 -65.377  0.8264E-84  0.1600E+02
 -65.367  0.8264E-84  0.1600E+02
 -65.357  0.8264E-84  0.1600E+02
 -65.347  0.8264E-84  0.1600E+02
 -65.337  0.8264E-84  0.1600E+02
 -65.327  0.8264E-84  0.1600E+02
 -65.317  0.8264E-84  0.1600E+02
 -65.307  0.8264E-84  0.1600E+02
 -65.297  0.8264E-84  0.1600E+02
 -65.287  0.8264E-84  0.1600E+02
 -65.277  0.8264E-84  0.1600E+02
 -65.267  0.8264E-84  0.1600E+02
 -65.257  0.8264E-84  0.1600E+02
 -65.247  0.8264E-84  0.1600E+02
 -65.237  0.8264E-84  0.1600E+02
 -65.227  0.8264E-84  0.1600E+02
 -65.217  0.8264E-84  0.1600E+02
 -65.207  0.8264E-84  0.1600E+02
 -65.197  0.8264E-84  0.1600E+02
 -65.187  0.8264E-84  0.1600E+02
 -65.177  0.8264E-84  0.1600E+02
 -65.167  0.8264E-84  0.1600E+02
 -65.157  0.8264E-84  0.1600E+02
 -65.147  0.8264E-84  0.1600E+02
 -65.137  0.8264E-84  0.1600E+02
 -65.127  0.8264E-84  0.1600E+02
 -65.117  0.8264E-84  0.1600E+02
 -65.107  0.8264E-84  0.1600E+02
 -65.097  0.8264E-84  0.1600E+02
 -65.087  0.8264E-84  0.1600E+02
 -65.077  0.8264E-84  0.1600E+02
 -65.067  0.8264E-84  0.1600E+02
 -65.057  0.8264E-84  0.1600E+02
 -65.047  0.8264E-84  0.1600E+02
 -65.037  0.8264E-84  0.1600E+02
 -65.027  0.8264E-84  0.1600E+02
 -65.017  0.8264E-84  0.1600E+02
 -65.007  0.8264E-84  0.1600E+02
 -64.997  0.8264E-84  0.1600E+02
 -64.987  0.8264E-84  0.1600E+02
 -64.977  0.8264E-84  0.1600E+02
 -64.967  0.8264E-84  0.1600E+02
 -64.957  0.8264E-84  0.1600E+02
 -64.947  0.8264E-84  0.1600E+02
 -64.937  0.8264E-84  0.1600E+02
 -64.927  0.8264E-84  0.1600E+02
 -64.917  0.8264E-84  0.1600E+02
 -64.907  0.8264E-84  0.1600E+02
 -64.897  0.8264E-84  0.1600E+02
 -64.887  0.8264E-84  0.1600E+02
 -64.877  0.8264E-84  0.1600E+02
 -64.867  0.8264E-84  0.1600E+02
 -64.857  0.8264E-84  0.1600E+02
 -64.847  0.8264E-84  0.1600E+02
 -64.837  0.8264E-84  0.1600E+02
 -64.827  0.8264E-84  0.1600E+02
 -64.817  0.8264E-84  0.1600E+02
 -64.807  0.8264E-84  0.1600E+02
 -64.797  0.8264E-84  0.1600E+02
 -64.787  0.8264E-84  0.1600E+02
 -64.777  0.8264E-84  0.1600E+02
 -64.767  0.8264E-84  0.1600E+02
 -64.757  0.8264E-84  0.1600E+02
 -64.747  0.8264E-84  0.1600E+02
 -64.737  0.8264E-84  0.1600E+02
 -64.727  0.8264E-84  0.1600E+02
 -64.717  0.8264E-84  0.1600E+02
 -64.707  0.8264E-84  0.1600E+02
 -64.697  0.8264E-84  0.1600E+02
 -64.687  0.8264E-84  0.1600E+02
 -64.677  0.8264E-84  0.1600E+02
 -64.667  0.8264E-84  0.1600E+02
 -64.657  0.8264E-84  0.1600E+02
 -64.647  0.8264E-84  0.1600E+02
 -64.637  0.8264E-84  0.1600E+02
 -64.627  0.8264E-84  0.1600E+02
 -64.617  0.8264E-84  0.1600E+02
 -64.607  0.8264E-84  0.1600E+02
 -64.597  0.8264E-84  0.1600E+02
 -64.587  0.8264E-84  0.1600E+02
 -64.577  0.8264E-84  0.1600E+02
 -64.567  0.8264E-84  0.1600E+02
 -64.557  0.8264E-84  0.1600E+02
 -64.547  0.8264E-84  0.1600E+02
 -64.537  0.8264E-84  0.1600E+02
 -64.527  0.8264E-84  0.1600E+02
 -64.517  0.8264E-84  0.1600E+02
 -64.507  0.8264E-84  0.1600E+02
 -64.497  0.8264E-84  0.1600E+02
 -64.487  0.8264E-84  0.1600E+02
 -64.477  0.8264E-84  0.1600E+02
 -64.467  0.8264E-84  0.1600E+02
 -64.457  0.8264E-84  0.1600E+02
 -64.447  0.8264E-84  0.1600E+02
 -64.437  0.8264E-84  0.1600E+02
 -64.427  0.8264E-84  0.1600E+02
 -64.417  0.8264E-84  0.1600E+02
 -64.407  0.8264E-84  0.1600E+02
 -64.397  0.8264E-84  0.1600E+02
 -64.387  0.8264E-84  0.1600E+02
 -64.377  0.8264E-84  0.1600E+02
 -64.367  0.8264E-84  0.1600E+02
 -64.357  0.8264E-84  0.1600E+02
 -64.347  0.8264E-84  0.1600E+02
 -64.337  0.8264E-84  0.1600E+02
 -64.327  0.8264E-84  0.1600E+02
 -64.317  0.8264E-84  0.1600E+02
 -64.307  0.8264E-84  0.1600E+02
 -64.297  0.8264E-84  0.1600E+02
 -64.287  0.8264E-84  0.1600E+02
 -64.277  0.8264E-84  0.1600E+02
 -64.267  0.8264E-84  0.1600E+02
 -64.257  0.8264E-84  0.1600E+02
 -64.247  0.8264E-84  0.1600E+02
 -64.237  0.8264E-84  0.1600E+02
 -64.227  0.8264E-84  0.1600E+02
 -64.217  0.8264E-84  0.1600E+02
 -64.207  0.8264E-84  0.1600E+02
 -64.197  0.8264E-84  0.1600E+02
 -64.187  0.8264E-84  0.1600E+02
 -64.177  0.8264E-84  0.1600E+02
 -64.167  0.8264E-84  0.1600E+02
 -64.157  0.8264E-84  0.1600E+02
 -64.147  0.8264E-84  0.1600E+02
 -64.137  0.8264E-84  0.1600E+02
 -64.127  0.8264E-84  0.1600E+02
 -64.117  0.8264E-84  0.1600E+02
 -64.107  0.8264E-84  0.1600E+02
 -64.097  0.8264E-84  0.1600E+02
 -64.087  0.8264E-84  0.1600E+02
 -64.077  0.8264E-84  0.1600E+02
 -64.067  0.8264E-84  0.1600E+02
 -64.057  0.8264E-84  0.1600E+02
 -64.047  0.8264E-84  0.1600E+02
 -64.037  0.8264E-84  0.1600E+02
 -64.027  0.8264E-84  0.1600E+02
 -64.017  0.8264E-84  0.1600E+02
 -64.007  0.8264E-84  0.1600E+02
 -63.997  0.8264E-84  0.1600E+02
 -63.987  0.8264E-84  0.1600E+02
 -63.977  0.8264E-84  0.1600E+02
 -63.967  0.8264E-84  0.1600E+02
 -63.957  0.8264E-84  0.1600E+02
 -63.947  0.8264E-84  0.1600E+02
 -63.937  0.8264E-84  0.1600E+02
 -63.927  0.8264E-84  0.1600E+02
 -63.917  0.8264E-84  0.1600E+02
 -63.907  0.8264E-84  0.1600E+02
 -63.897  0.8264E-84  0.1600E+02
 -63.887  0.8264E-84  0.1600E+02
 -63.877  0.8264E-84  0.1600E+02
 -63.867  0.8264E-84  0.1600E+02
 -63.857  0.8264E-84  0.1600E+02
 -63.847  0.8264E-84  0.1600E+02
 -63.837  0.8264E-84  0.1600E+02
 -63.827  0.8264E-84  0.1600E+02
 -63.817  0.8264E-84  0.1600E+02
 -63.807  0.8264E-84  0.1600E+02
 -63.797  0.8264E-84  0.1600E+02
 -63.787  0.8264E-84  0.1600E+02
 -63.777  0.8264E-84  0.1600E+02
 -63.767  0.8264E-84  0.1600E+02
 -63.757  0.8264E-84  0.1600E+02
 -63.747  0.8264E-84  0.1600E+02
 -63.737  0.8264E-84  0.1600E+02
 -63.727  0.8264E-84  0.1600E+02
 -63.717  0.8264E-84  0.1600E+02
 -63.707  0.8264E-84  0.1600E+02
 -63.697  0.8264E-84  0.1600E+02
 -63.687  0.8264E-84  0.1600E+02
 -63.677  0.8264E-84  0.1600E+02
 -63.667  0.8264E-84  0.1600E+02
 -63.657  0.8264E-84  0.1600E+02
 -63.647  0.8264E-84  0.1600E+02
 -63.637  0.8264E-84  0.1600E+02
 -63.627  0.8264E-84  0.1600E+02
 -63.617  0.8264E-84  0.1600E+02
 -63.607  0.8264E-84  0.1600E+02
 -63.597  0.8264E-84  0.1600E+02
 -63.587  0.8264E-84  0.1600E+02
 -63.577  0.8264E-84  0.1600E+02
 -63.567  0.8264E-84  0.1600E+02
 -63.557  0.8264E-84  0.1600E+02
 -63.547  0.8264E-84  0.1600E+02
 -63.537  0.8264E-84  0.1600E+02
 -63.527  0.8264E-84  0.1600E+02
 -63.517  0.8264E-84  0.1600E+02
 -63.507  0.8264E-84  0.1600E+02
 -63.497  0.8264E-84  0.1600E+02
 -63.487  0.8264E-84  0.1600E+02
 -63.477  0.8264E-84  0.1600E+02
 -63.467  0.8264E-84  0.1600E+02
 -63.457  0.8264E-84  0.1600E+02
 -63.447  0.8264E-84  0.1600E+02
 -63.437  0.8264E-84  0.1600E+02
 -63.427  0.8264E-84  0.1600E+02
 -63.417  0.8264E-84  0.1600E+02
 -63.407  0.8264E-84  0.1600E+02
 -63.397  0.8264E-84  0.1600E+02
 -63.387  0.8264E-84  0.1600E+02
 -63.377  0.8264E-84  0.1600E+02
 -63.367  0.8264E-84  0.1600E+02
 -63.357  0.8264E-84  0.1600E+02
 -63.347  0.8264E-84  0.1600E+02
 -63.337  0.8264E-84  0.1600E+02
 -63.327  0.8264E-84  0.1600E+02
 -63.317  0.8264E-84  0.1600E+02
 -63.307  0.8264E-84  0.1600E+02
 -63.297  0.8264E-84  0.1600E+02
 -63.287  0.8264E-84  0.1600E+02
 -63.277  0.8264E-84  0.1600E+02
 -63.267  0.8264E-84  0.1600E+02
 -63.257  0.8264E-84  0.1600E+02
 -63.247  0.8264E-84  0.1600E+02
 -63.237  0.8264E-84  0.1600E+02
 -63.227  0.8264E-84  0.1600E+02
 -63.217  0.8264E-84  0.1600E+02
 -63.207  0.8264E-84  0.1600E+02
 -63.197  0.8264E-84  0.1600E+02
 -63.187  0.8264E-84  0.1600E+02
 -63.177  0.8264E-84  0.1600E+02
 -63.167  0.8264E-84  0.1600E+02
 -63.157  0.8264E-84  0.1600E+02
 -63.147  0.8264E-84  0.1600E+02
 -63.137  0.8264E-84  0.1600E+02
 -63.127  0.8264E-84  0.1600E+02
 -63.117  0.8264E-84  0.1600E+02
 -63.107  0.8264E-84  0.1600E+02
 -63.097  0.8264E-84  0.1600E+02
 -63.087  0.8264E-84  0.1600E+02
 -63.077  0.8264E-84  0.1600E+02
 -63.067  0.8264E-84  0.1600E+02
 -63.057  0.8264E-84  0.1600E+02
 -63.047  0.8264E-84  0.1600E+02
 -63.037  0.8264E-84  0.1600E+02
 -63.027  0.8264E-84  0.1600E+02
 -63.017  0.8264E-84  0.1600E+02
 -63.007  0.8264E-84  0.1600E+02
 -62.997  0.8264E-84  0.1600E+02
 -62.987  0.8264E-84  0.1600E+02
 -62.977  0.8264E-84  0.1600E+02
 -62.967  0.8264E-84  0.1600E+02
 -62.957  0.8264E-84  0.1600E+02
 -62.947  0.8264E-84  0.1600E+02
 -62.937  0.8264E-84  0.1600E+02
 -62.927  0.8264E-84  0.1600E+02
 -62.917  0.8264E-84  0.1600E+02
 -62.907  0.8264E-84  0.1600E+02
 -62.897  0.8264E-84  0.1600E+02
 -62.887  0.8264E-84  0.1600E+02
 -62.877  0.8264E-84  0.1600E+02
 -62.867  0.8264E-84  0.1600E+02
 -62.857  0.8264E-84  0.1600E+02
 -62.847  0.8264E-84  0.1600E+02
 -62.837  0.8264E-84  0.1600E+02
 -62.827  0.8264E-84  0.1600E+02
 -62.817  0.8264E-84  0.1600E+02
 -62.807  0.8264E-84  0.1600E+02
 -62.797  0.8264E-84  0.1600E+02
 -62.787  0.8264E-84  0.1600E+02
 -62.777  0.8264E-84  0.1600E+02
 -62.767  0.8264E-84  0.1600E+02
 -62.757  0.8264E-84  0.1600E+02
 -62.747  0.8264E-84  0.1600E+02
 -62.737  0.8264E-84  0.1600E+02
 -62.727  0.8264E-84  0.1600E+02
 -62.717  0.8264E-84  0.1600E+02
 -62.707  0.8264E-84  0.1600E+02
 -62.697  0.8264E-84  0.1600E+02
 -62.687  0.8264E-84  0.1600E+02
 -62.677  0.8264E-84  0.1600E+02
 -62.667  0.8264E-84  0.1600E+02
 -62.657  0.8264E-84  0.1600E+02
 -62.647  0.8264E-84  0.1600E+02
 -62.637  0.8264E-84  0.1600E+02
 -62.627  0.8264E-84  0.1600E+02
 -62.617  0.8264E-84  0.1600E+02
 -62.607  0.8264E-84  0.1600E+02
 -62.597  0.8264E-84  0.1600E+02
 -62.587  0.8264E-84  0.1600E+02
 -62.577  0.8264E-84  0.1600E+02
 -62.567  0.8264E-84  0.1600E+02
 -62.557  0.8264E-84  0.1600E+02
 -62.547  0.8264E-84  0.1600E+02
 -62.537  0.8264E-84  0.1600E+02
 -62.527  0.8264E-84  0.1600E+02
 -62.517  0.8264E-84  0.1600E+02
 -62.507  0.8264E-84  0.1600E+02
 -62.497  0.8264E-84  0.1600E+02
 -62.487  0.8264E-84  0.1600E+02
 -62.477  0.8264E-84  0.1600E+02
 -62.467  0.8264E-84  0.1600E+02
 -62.457  0.8264E-84  0.1600E+02
 -62.447  0.8264E-84  0.1600E+02
 -62.437  0.8264E-84  0.1600E+02
 -62.427  0.8264E-84  0.1600E+02
 -62.417  0.8264E-84  0.1600E+02
 -62.407  0.8264E-84  0.1600E+02
 -62.397  0.8264E-84  0.1600E+02
 -62.387  0.8264E-84  0.1600E+02
 -62.377  0.8264E-84  0.1600E+02
 -62.367  0.8264E-84  0.1600E+02
 -62.357  0.8264E-84  0.1600E+02
 -62.347  0.8264E-84  0.1600E+02
 -62.337  0.8264E-84  0.1600E+02
 -62.327  0.8264E-84  0.1600E+02
 -62.317  0.8264E-84  0.1600E+02
 -62.307  0.8264E-84  0.1600E+02
 -62.297  0.8264E-84  0.1600E+02
 -62.287  0.8264E-84  0.1600E+02
 -62.277  0.8264E-84  0.1600E+02
 -62.267  0.8264E-84  0.1600E+02
 -62.257  0.8264E-84  0.1600E+02
 -62.247  0.8264E-84  0.1600E+02
 -62.237  0.8264E-84  0.1600E+02
 -62.227  0.8264E-84  0.1600E+02
 -62.217  0.8264E-84  0.1600E+02
 -62.207  0.8264E-84  0.1600E+02
 -62.197  0.8264E-84  0.1600E+02
 -62.187  0.8264E-84  0.1600E+02
 -62.177  0.8264E-84  0.1600E+02
 -62.167  0.8264E-84  0.1600E+02
 -62.157  0.8264E-84  0.1600E+02
 -62.147  0.8264E-84  0.1600E+02
 -62.137  0.8264E-84  0.1600E+02
 -62.127  0.8264E-84  0.1600E+02
 -62.117  0.8264E-84  0.1600E+02
 -62.107  0.8264E-84  0.1600E+02
 -62.097  0.8264E-84  0.1600E+02
 -62.087  0.8264E-84  0.1600E+02
 -62.077  0.8264E-84  0.1600E+02
 -62.067  0.8264E-84  0.1600E+02
 -62.057  0.8264E-84  0.1600E+02
 -62.047  0.8264E-84  0.1600E+02
 -62.037  0.8264E-84  0.1600E+02
 -62.027  0.8264E-84  0.1600E+02
 -62.017  0.8264E-84  0.1600E+02
 -62.007  0.8264E-84  0.1600E+02
 -61.997  0.8264E-84  0.1600E+02
 -61.987  0.8264E-84  0.1600E+02
 -61.977  0.8264E-84  0.1600E+02
 -61.967  0.8264E-84  0.1600E+02
 -61.957  0.8264E-84  0.1600E+02
 -61.947  0.8264E-84  0.1600E+02
 -61.937  0.8264E-84  0.1600E+02
 -61.927  0.8264E-84  0.1600E+02
 -61.917  0.8264E-84  0.1600E+02
 -61.907  0.8264E-84  0.1600E+02
 -61.897  0.8264E-84  0.1600E+02
 -61.887  0.8264E-84  0.1600E+02
 -61.877  0.8264E-84  0.1600E+02
 -61.867  0.8264E-84  0.1600E+02
 -61.857  0.8264E-84  0.1600E+02
 -61.847  0.8264E-84  0.1600E+02
 -61.837  0.8264E-84  0.1600E+02
 -61.827  0.8264E-84  0.1600E+02
 -61.817  0.8264E-84  0.1600E+02
 -61.807  0.8264E-84  0.1600E+02
 -61.797  0.8264E-84  0.1600E+02
 -61.787  0.8264E-84  0.1600E+02
 -61.777  0.8264E-84  0.1600E+02
 -61.767  0.8264E-84  0.1600E+02
 -61.757  0.8264E-84  0.1600E+02
 -61.747  0.8264E-84  0.1600E+02
 -61.737  0.8264E-84  0.1600E+02
 -61.727  0.8264E-84  0.1600E+02
 -61.717  0.8264E-84  0.1600E+02
 -61.707  0.8264E-84  0.1600E+02
 -61.697  0.8264E-84  0.1600E+02
 -61.687  0.8264E-84  0.1600E+02
 -61.677  0.8264E-84  0.1600E+02
 -61.667  0.8264E-84  0.1600E+02
 -61.657  0.8264E-84  0.1600E+02
 -61.647  0.8264E-84  0.1600E+02
 -61.637  0.8264E-84  0.1600E+02
 -61.627  0.8264E-84  0.1600E+02
 -61.617  0.8264E-84  0.1600E+02
 -61.607  0.8264E-84  0.1600E+02
 -61.597  0.8264E-84  0.1600E+02
 -61.587  0.8264E-84  0.1600E+02
 -61.577  0.8264E-84  0.1600E+02
 -61.567  0.8264E-84  0.1600E+02
 -61.557  0.8264E-84  0.1600E+02
 -61.547  0.8264E-84  0.1600E+02
 -61.537  0.8264E-84  0.1600E+02
 -61.527  0.8264E-84  0.1600E+02
 -61.517  0.8264E-84  0.1600E+02
 -61.507  0.8264E-84  0.1600E+02
 -61.497  0.8264E-84  0.1600E+02
 -61.487  0.8264E-84  0.1600E+02
 -61.477  0.8264E-84  0.1600E+02
 -61.467  0.8264E-84  0.1600E+02
 -61.457  0.8264E-84  0.1600E+02
 -61.447  0.8264E-84  0.1600E+02
 -61.437  0.8264E-84  0.1600E+02
 -61.427  0.8264E-84  0.1600E+02
 -61.417  0.8264E-84  0.1600E+02
 -61.407  0.8264E-84  0.1600E+02
 -61.397  0.8264E-84  0.1600E+02
 -61.387  0.8264E-84  0.1600E+02
 -61.377  0.8264E-84  0.1600E+02
 -61.367  0.8264E-84  0.1600E+02
 -61.357  0.8264E-84  0.1600E+02
 -61.347  0.8264E-84  0.1600E+02
 -61.337  0.8264E-84  0.1600E+02
 -61.327  0.8264E-84  0.1600E+02
 -61.317  0.8264E-84  0.1600E+02
 -61.307  0.8264E-84  0.1600E+02
 -61.297  0.8264E-84  0.1600E+02
 -61.287  0.8264E-84  0.1600E+02
 -61.277  0.8264E-84  0.1600E+02
 -61.267  0.8264E-84  0.1600E+02
 -61.257  0.8264E-84  0.1600E+02
 -61.247  0.8264E-84  0.1600E+02
 -61.237  0.8264E-84  0.1600E+02
 -61.227  0.8264E-84  0.1600E+02
 -61.217  0.8264E-84  0.1600E+02
 -61.207  0.8264E-84  0.1600E+02
 -61.197  0.8264E-84  0.1600E+02
 -61.187  0.8264E-84  0.1600E+02
 -61.177  0.8264E-84  0.1600E+02
 -61.167  0.8264E-84  0.1600E+02
 -61.157  0.8264E-84  0.1600E+02
 -61.147  0.8264E-84  0.1600E+02
 -61.137  0.8264E-84  0.1600E+02
 -61.127  0.8264E-84  0.1600E+02
 -61.117  0.8264E-84  0.1600E+02
 -61.107  0.8264E-84  0.1600E+02
 -61.097  0.8264E-84  0.1600E+02
 -61.087  0.8264E-84  0.1600E+02
 -61.077  0.8264E-84  0.1600E+02
 -61.067  0.8264E-84  0.1600E+02
 -61.057  0.8264E-84  0.1600E+02
 -61.047  0.8264E-84  0.1600E+02
 -61.037  0.8264E-84  0.1600E+02
 -61.027  0.8264E-84  0.1600E+02
 -61.017  0.8264E-84  0.1600E+02
 -61.007  0.8264E-84  0.1600E+02
 -60.997  0.8264E-84  0.1600E+02
 -60.987  0.8264E-84  0.1600E+02
 -60.977  0.8264E-84  0.1600E+02
 -60.967  0.8264E-84  0.1600E+02
 -60.957  0.8264E-84  0.1600E+02
 -60.947  0.8264E-84  0.1600E+02
 -60.937  0.8264E-84  0.1600E+02
 -60.927  0.8264E-84  0.1600E+02
 -60.917  0.8264E-84  0.1600E+02
 -60.907  0.8264E-84  0.1600E+02
 -60.897  0.8264E-84  0.1600E+02
 -60.887  0.8264E-84  0.1600E+02
 -60.877  0.8264E-84  0.1600E+02
 -60.867  0.8264E-84  0.1600E+02
 -60.857  0.8264E-84  0.1600E+02
 -60.847  0.8264E-84  0.1600E+02
 -60.837  0.8264E-84  0.1600E+02
 -60.827  0.8264E-84  0.1600E+02
 -60.817  0.8264E-84  0.1600E+02
 -60.807  0.8264E-84  0.1600E+02
 -60.797  0.8264E-84  0.1600E+02
 -60.787  0.8264E-84  0.1600E+02
 -60.777  0.8264E-84  0.1600E+02
 -60.767  0.8264E-84  0.1600E+02
 -60.757  0.8264E-84  0.1600E+02
 -60.747  0.8264E-84  0.1600E+02
 -60.737  0.8264E-84  0.1600E+02
 -60.727  0.8264E-84  0.1600E+02
 -60.717  0.8264E-84  0.1600E+02
 -60.707  0.8264E-84  0.1600E+02
 -60.697  0.8264E-84  0.1600E+02
 -60.687  0.8264E-84  0.1600E+02
 -60.677  0.8264E-84  0.1600E+02
 -60.667  0.8264E-84  0.1600E+02
 -60.657  0.8264E-84  0.1600E+02
 -60.647  0.8264E-84  0.1600E+02
 -60.637  0.8264E-84  0.1600E+02
 -60.627  0.8264E-84  0.1600E+02
 -60.617  0.8264E-84  0.1600E+02
 -60.607  0.8264E-84  0.1600E+02
 -60.597  0.8264E-84  0.1600E+02
 -60.587  0.8264E-84  0.1600E+02
 -60.577  0.8264E-84  0.1600E+02
 -60.567  0.8264E-84  0.1600E+02
 -60.557  0.8264E-84  0.1600E+02
 -60.547  0.8264E-84  0.1600E+02
 -60.537  0.8264E-84  0.1600E+02
 -60.527  0.8264E-84  0.1600E+02
 -60.517  0.8264E-84  0.1600E+02
 -60.507  0.8264E-84  0.1600E+02
 -60.497  0.8264E-84  0.1600E+02
 -60.487  0.8264E-84  0.1600E+02
 -60.477  0.8264E-84  0.1600E+02
 -60.467  0.8264E-84  0.1600E+02
 -60.457  0.8264E-84  0.1600E+02
 -60.447  0.8264E-84  0.1600E+02
 -60.437  0.8264E-84  0.1600E+02
 -60.427  0.8264E-84  0.1600E+02
 -60.417  0.8264E-84  0.1600E+02
 -60.407  0.8264E-84  0.1600E+02
 -60.397  0.8264E-84  0.1600E+02
 -60.387  0.8264E-84  0.1600E+02
 -60.377  0.8264E-84  0.1600E+02
 -60.367  0.8264E-84  0.1600E+02
 -60.357  0.8264E-84  0.1600E+02
 -60.347  0.8264E-84  0.1600E+02
 -60.337  0.8264E-84  0.1600E+02
 -60.327  0.8264E-84  0.1600E+02
 -60.317  0.8264E-84  0.1600E+02
 -60.307  0.8264E-84  0.1600E+02
 -60.297  0.8264E-84  0.1600E+02
 -60.287  0.8264E-84  0.1600E+02
 -60.277  0.8264E-84  0.1600E+02
 -60.267  0.8264E-84  0.1600E+02
 -60.257  0.8264E-84  0.1600E+02
 -60.247  0.8264E-84  0.1600E+02
 -60.237  0.8264E-84  0.1600E+02
 -60.227  0.8264E-84  0.1600E+02
 -60.217  0.8264E-84  0.1600E+02
 -60.207  0.8264E-84  0.1600E+02
 -60.197  0.8264E-84  0.1600E+02
 -60.187  0.8264E-84  0.1600E+02
 -60.177  0.8264E-84  0.1600E+02
 -60.167  0.8264E-84  0.1600E+02
 -60.157  0.8264E-84  0.1600E+02
 -60.147  0.8264E-84  0.1600E+02
 -60.137  0.8264E-84  0.1600E+02
 -60.127  0.8264E-84  0.1600E+02
 -60.117  0.8264E-84  0.1600E+02
 -60.107  0.8264E-84  0.1600E+02
 -60.097  0.8264E-84  0.1600E+02
 -60.087  0.8264E-84  0.1600E+02
 -60.077  0.8264E-84  0.1600E+02
 -60.067  0.8264E-84  0.1600E+02
 -60.057  0.8264E-84  0.1600E+02
 -60.047  0.8264E-84  0.1600E+02
 -60.037  0.8264E-84  0.1600E+02
 -60.027  0.8264E-84  0.1600E+02
 -60.017  0.8264E-84  0.1600E+02
 -60.007  0.8264E-84  0.1600E+02
 -59.997  0.8264E-84  0.1600E+02
 -59.987  0.8264E-84  0.1600E+02
 -59.977  0.8264E-84  0.1600E+02
 -59.967  0.8264E-84  0.1600E+02
 -59.957  0.8264E-84  0.1600E+02
 -59.947  0.8264E-84  0.1600E+02
 -59.937  0.8264E-84  0.1600E+02
 -59.927  0.8264E-84  0.1600E+02
 -59.917  0.8264E-84  0.1600E+02
 -59.907  0.8264E-84  0.1600E+02
 -59.897  0.8264E-84  0.1600E+02
 -59.887  0.8264E-84  0.1600E+02
 -59.877  0.8264E-84  0.1600E+02
 -59.867  0.8264E-84  0.1600E+02
 -59.857  0.8264E-84  0.1600E+02
 -59.847  0.8264E-84  0.1600E+02
 -59.837  0.8264E-84  0.1600E+02
 -59.827  0.8264E-84  0.1600E+02
 -59.817  0.8264E-84  0.1600E+02
 -59.807  0.8264E-84  0.1600E+02
 -59.797  0.8264E-84  0.1600E+02
 -59.787  0.8264E-84  0.1600E+02
 -59.777  0.8264E-84  0.1600E+02
 -59.767  0.8264E-84  0.1600E+02
 -59.757  0.8264E-84  0.1600E+02
 -59.747  0.8264E-84  0.1600E+02
 -59.737  0.8264E-84  0.1600E+02
 -59.727  0.8264E-84  0.1600E+02
 -59.717  0.8264E-84  0.1600E+02
 -59.707  0.8264E-84  0.1600E+02
 -59.697  0.8264E-84  0.1600E+02
 -59.687  0.8264E-84  0.1600E+02
 -59.677  0.8264E-84  0.1600E+02
 -59.667  0.8264E-84  0.1600E+02
 -59.657  0.8264E-84  0.1600E+02
 -59.647  0.8264E-84  0.1600E+02
 -59.637  0.8264E-84  0.1600E+02
 -59.627  0.8264E-84  0.1600E+02
 -59.617  0.8264E-84  0.1600E+02
 -59.607  0.8264E-84  0.1600E+02
 -59.597  0.8264E-84  0.1600E+02
 -59.587  0.8264E-84  0.1600E+02
 -59.577  0.8264E-84  0.1600E+02
 -59.567  0.8264E-84  0.1600E+02
 -59.557  0.8264E-84  0.1600E+02
 -59.547  0.8264E-84  0.1600E+02
 -59.537  0.8264E-84  0.1600E+02
 -59.527  0.8264E-84  0.1600E+02
 -59.517  0.8264E-84  0.1600E+02
 -59.507  0.8264E-84  0.1600E+02
 -59.497  0.8264E-84  0.1600E+02
 -59.487  0.8264E-84  0.1600E+02
 -59.477  0.8264E-84  0.1600E+02
 -59.467  0.8264E-84  0.1600E+02
 -59.457  0.8264E-84  0.1600E+02
 -59.447  0.8264E-84  0.1600E+02
 -59.437  0.8264E-84  0.1600E+02
 -59.427  0.8264E-84  0.1600E+02
 -59.417  0.8264E-84  0.1600E+02
 -59.407  0.8264E-84  0.1600E+02
 -59.397  0.8264E-84  0.1600E+02
 -59.387  0.8264E-84  0.1600E+02
 -59.377  0.8264E-84  0.1600E+02
 -59.367  0.8264E-84  0.1600E+02
 -59.357  0.8264E-84  0.1600E+02
 -59.347  0.8264E-84  0.1600E+02
 -59.337  0.8264E-84  0.1600E+02
 -59.327  0.8264E-84  0.1600E+02
 -59.317  0.8264E-84  0.1600E+02
 -59.307  0.8264E-84  0.1600E+02
 -59.297  0.8264E-84  0.1600E+02
 -59.287  0.8264E-84  0.1600E+02
 -59.277  0.8264E-84  0.1600E+02
 -59.267  0.8264E-84  0.1600E+02
 -59.257  0.8264E-84  0.1600E+02
 -59.247  0.8264E-84  0.1600E+02
 -59.237  0.8264E-84  0.1600E+02
 -59.227  0.8264E-84  0.1600E+02
 -59.217  0.8264E-84  0.1600E+02
 -59.207  0.8264E-84  0.1600E+02
 -59.197  0.8264E-84  0.1600E+02
 -59.187  0.8264E-84  0.1600E+02
 -59.177  0.8264E-84  0.1600E+02
 -59.167  0.8264E-84  0.1600E+02
 -59.157  0.8264E-84  0.1600E+02
 -59.147  0.8264E-84  0.1600E+02
 -59.137  0.8264E-84  0.1600E+02
 -59.127  0.8264E-84  0.1600E+02
 -59.117  0.8264E-84  0.1600E+02
 -59.107  0.8264E-84  0.1600E+02
 -59.097  0.8264E-84  0.1600E+02
 -59.087  0.8264E-84  0.1600E+02
 -59.077  0.8264E-84  0.1600E+02
 -59.067  0.8264E-84  0.1600E+02
 -59.057  0.8264E-84  0.1600E+02
 -59.047  0.8264E-84  0.1600E+02
 -59.037  0.8264E-84  0.1600E+02
 -59.027  0.8264E-84  0.1600E+02
 -59.017  0.8264E-84  0.1600E+02
 -59.007  0.8264E-84  0.1600E+02
 -58.997  0.8264E-84  0.1600E+02
 -58.987  0.8264E-84  0.1600E+02
 -58.977  0.8264E-84  0.1600E+02
 -58.967  0.8264E-84  0.1600E+02
 -58.957  0.8264E-84  0.1600E+02
 -58.947  0.8264E-84  0.1600E+02
 -58.937  0.8264E-84  0.1600E+02
 -58.927  0.8264E-84  0.1600E+02
 -58.917  0.8264E-84  0.1600E+02
 -58.907  0.8264E-84  0.1600E+02
 -58.897  0.8264E-84  0.1600E+02
 -58.887  0.8264E-84  0.1600E+02
 -58.877  0.8264E-84  0.1600E+02
 -58.867  0.8264E-84  0.1600E+02
 -58.857  0.8264E-84  0.1600E+02
 -58.847  0.8264E-84  0.1600E+02
 -58.837  0.8264E-84  0.1600E+02
 -58.827  0.8264E-84  0.1600E+02
 -58.817  0.8264E-84  0.1600E+02
 -58.807  0.8264E-84  0.1600E+02
 -58.797  0.8264E-84  0.1600E+02
 -58.787  0.8264E-84  0.1600E+02
 -58.777  0.8264E-84  0.1600E+02
 -58.767  0.8264E-84  0.1600E+02
 -58.757  0.8264E-84  0.1600E+02
 -58.747  0.8264E-84  0.1600E+02
 -58.737  0.8264E-84  0.1600E+02
 -58.727  0.8264E-84  0.1600E+02
 -58.717  0.8264E-84  0.1600E+02
 -58.707  0.8264E-84  0.1600E+02
 -58.697  0.8264E-84  0.1600E+02
 -58.687  0.8264E-84  0.1600E+02
 -58.677  0.8264E-84  0.1600E+02
 -58.667  0.8264E-84  0.1600E+02
 -58.657  0.8264E-84  0.1600E+02
 -58.647  0.8264E-84  0.1600E+02
 -58.637  0.8264E-84  0.1600E+02
 -58.627  0.8264E-84  0.1600E+02
 -58.617  0.8264E-84  0.1600E+02
 -58.607  0.8264E-84  0.1600E+02
 -58.597  0.8264E-84  0.1600E+02
 -58.587  0.8264E-84  0.1600E+02
 -58.577  0.8264E-84  0.1600E+02
 -58.567  0.8264E-84  0.1600E+02
 -58.557  0.8264E-84  0.1600E+02
 -58.547  0.8264E-84  0.1600E+02
 -58.537  0.8264E-84  0.1600E+02
 -58.527  0.8264E-84  0.1600E+02
 -58.517  0.8264E-84  0.1600E+02
 -58.507  0.8264E-84  0.1600E+02
 -58.497  0.8264E-84  0.1600E+02
 -58.487  0.8264E-84  0.1600E+02
 -58.477  0.8264E-84  0.1600E+02
 -58.467  0.8264E-84  0.1600E+02
 -58.457  0.8264E-84  0.1600E+02
 -58.447  0.8264E-84  0.1600E+02
 -58.437  0.8264E-84  0.1600E+02
 -58.427  0.8264E-84  0.1600E+02
 -58.417  0.8264E-84  0.1600E+02
 -58.407  0.8264E-84  0.1600E+02
 -58.397  0.8264E-84  0.1600E+02
 -58.387  0.8264E-84  0.1600E+02
 -58.377  0.8264E-84  0.1600E+02
 -58.367  0.8264E-84  0.1600E+02
 -58.357  0.8264E-84  0.1600E+02
 -58.347  0.8264E-84  0.1600E+02
 -58.337  0.8264E-84  0.1600E+02
 -58.327  0.8264E-84  0.1600E+02
 -58.317  0.8264E-84  0.1600E+02
 -58.307  0.8264E-84  0.1600E+02
 -58.297  0.8264E-84  0.1600E+02
 -58.287  0.8264E-84  0.1600E+02
 -58.277  0.8264E-84  0.1600E+02
 -58.267  0.8264E-84  0.1600E+02
 -58.257  0.8264E-84  0.1600E+02
 -58.247  0.8264E-84  0.1600E+02
 -58.237  0.8264E-84  0.1600E+02
 -58.227  0.8264E-84  0.1600E+02
 -58.217  0.8264E-84  0.1600E+02
 -58.207  0.8264E-84  0.1600E+02
 -58.197  0.8264E-84  0.1600E+02
 -58.187  0.8264E-84  0.1600E+02
 -58.177  0.8264E-84  0.1600E+02
 -58.167  0.8264E-84  0.1600E+02
 -58.157  0.8264E-84  0.1600E+02
 -58.147  0.8264E-84  0.1600E+02
 -58.137  0.8264E-84  0.1600E+02
 -58.127  0.8264E-84  0.1600E+02
 -58.117  0.8264E-84  0.1600E+02
 -58.107  0.8264E-84  0.1600E+02
 -58.097  0.8264E-84  0.1600E+02
 -58.087  0.8264E-84  0.1600E+02
 -58.077  0.8264E-84  0.1600E+02
 -58.067  0.8264E-84  0.1600E+02
 -58.057  0.8264E-84  0.1600E+02
 -58.047  0.8264E-84  0.1600E+02
 -58.037  0.8264E-84  0.1600E+02
 -58.027  0.8264E-84  0.1600E+02
 -58.017  0.8264E-84  0.1600E+02
 -58.007  0.8264E-84  0.1600E+02
 -57.997  0.8264E-84  0.1600E+02
 -57.987  0.8264E-84  0.1600E+02
 -57.977  0.8264E-84  0.1600E+02
 -57.967  0.8264E-84  0.1600E+02
 -57.957  0.8264E-84  0.1600E+02
 -57.947  0.8264E-84  0.1600E+02
 -57.937  0.8264E-84  0.1600E+02
 -57.927  0.8264E-84  0.1600E+02
 -57.917  0.8264E-84  0.1600E+02
 -57.907  0.8264E-84  0.1600E+02
 -57.897  0.8264E-84  0.1600E+02
 -57.887  0.8264E-84  0.1600E+02
 -57.877  0.8264E-84  0.1600E+02
 -57.867  0.8264E-84  0.1600E+02
 -57.857  0.8264E-84  0.1600E+02
 -57.847  0.8264E-84  0.1600E+02
 -57.837  0.8264E-84  0.1600E+02
 -57.827  0.8264E-84  0.1600E+02
 -57.817  0.8264E-84  0.1600E+02
 -57.807  0.8264E-84  0.1600E+02
 -57.797  0.8264E-84  0.1600E+02
 -57.787  0.8264E-84  0.1600E+02
 -57.777  0.8264E-84  0.1600E+02
 -57.767  0.8264E-84  0.1600E+02
 -57.757  0.8264E-84  0.1600E+02
 -57.747  0.8264E-84  0.1600E+02
 -57.737  0.8264E-84  0.1600E+02
 -57.727  0.8264E-84  0.1600E+02
 -57.717  0.8264E-84  0.1600E+02
 -57.707  0.8264E-84  0.1600E+02
 -57.697  0.8264E-84  0.1600E+02
 -57.687  0.8264E-84  0.1600E+02
 -57.677  0.8264E-84  0.1600E+02
 -57.667  0.8264E-84  0.1600E+02
 -57.657  0.8264E-84  0.1600E+02
 -57.647  0.8264E-84  0.1600E+02
 -57.637  0.8264E-84  0.1600E+02
 -57.627  0.8264E-84  0.1600E+02
 -57.617  0.8264E-84  0.1600E+02
 -57.607  0.8264E-84  0.1600E+02
 -57.597  0.8264E-84  0.1600E+02
 -57.587  0.8264E-84  0.1600E+02
 -57.577  0.8264E-84  0.1600E+02
 -57.567  0.8264E-84  0.1600E+02
 -57.557  0.8264E-84  0.1600E+02
 -57.547  0.8264E-84  0.1600E+02
 -57.537  0.8264E-84  0.1600E+02
 -57.527  0.8264E-84  0.1600E+02
 -57.517  0.8264E-84  0.1600E+02
 -57.507  0.8264E-84  0.1600E+02
 -57.497  0.8264E-84  0.1600E+02
 -57.487  0.8264E-84  0.1600E+02
 -57.477  0.8264E-84  0.1600E+02
 -57.467  0.8264E-84  0.1600E+02
 -57.457  0.8264E-84  0.1600E+02
 -57.447  0.8264E-84  0.1600E+02
 -57.437  0.8264E-84  0.1600E+02
 -57.427  0.8264E-84  0.1600E+02
 -57.417  0.8264E-84  0.1600E+02
 -57.407  0.8264E-84  0.1600E+02
 -57.397  0.8264E-84  0.1600E+02
 -57.387  0.8264E-84  0.1600E+02
 -57.377  0.8264E-84  0.1600E+02
 -57.367  0.8264E-84  0.1600E+02
 -57.357  0.8264E-84  0.1600E+02
 -57.347  0.8264E-84  0.1600E+02
 -57.337  0.8264E-84  0.1600E+02
 -57.327  0.8264E-84  0.1600E+02
 -57.317  0.8264E-84  0.1600E+02
 -57.307  0.8264E-84  0.1600E+02
 -57.297  0.8264E-84  0.1600E+02
 -57.287  0.8264E-84  0.1600E+02
 -57.277  0.8264E-84  0.1600E+02
 -57.267  0.8264E-84  0.1600E+02
 -57.257  0.8264E-84  0.1600E+02
 -57.247  0.8264E-84  0.1600E+02
 -57.237  0.8264E-84  0.1600E+02
 -57.227  0.8264E-84  0.1600E+02
 -57.217  0.8264E-84  0.1600E+02
 -57.207  0.8264E-84  0.1600E+02
 -57.197  0.8264E-84  0.1600E+02
 -57.187  0.8264E-84  0.1600E+02
 -57.177  0.8264E-84  0.1600E+02
 -57.167  0.8264E-84  0.1600E+02
 -57.157  0.8264E-84  0.1600E+02
 -57.147  0.8264E-84  0.1600E+02
 -57.137  0.8264E-84  0.1600E+02
 -57.127  0.8264E-84  0.1600E+02
 -57.117  0.8264E-84  0.1600E+02
 -57.107  0.8264E-84  0.1600E+02
 -57.097  0.8264E-84  0.1600E+02
 -57.087  0.8264E-84  0.1600E+02
 -57.077  0.8264E-84  0.1600E+02
 -57.067  0.8264E-84  0.1600E+02
 -57.057  0.8264E-84  0.1600E+02
 -57.047  0.8264E-84  0.1600E+02
 -57.037  0.8264E-84  0.1600E+02
 -57.027  0.8264E-84  0.1600E+02
 -57.017  0.8264E-84  0.1600E+02
 -57.007  0.8264E-84  0.1600E+02
 -56.997  0.8264E-84  0.1600E+02
 -56.987  0.8264E-84  0.1600E+02
 -56.977  0.8264E-84  0.1600E+02
 -56.967  0.8264E-84  0.1600E+02
 -56.957  0.8264E-84  0.1600E+02
 -56.947  0.8264E-84  0.1600E+02
 -56.937  0.8264E-84  0.1600E+02
 -56.927  0.8264E-84  0.1600E+02
 -56.917  0.8264E-84  0.1600E+02
 -56.907  0.8264E-84  0.1600E+02
 -56.897  0.8264E-84  0.1600E+02
 -56.887  0.8264E-84  0.1600E+02
 -56.877  0.8264E-84  0.1600E+02
 -56.867  0.8264E-84  0.1600E+02
 -56.857  0.8264E-84  0.1600E+02
 -56.847  0.8264E-84  0.1600E+02
 -56.837  0.8264E-84  0.1600E+02
 -56.827  0.8264E-84  0.1600E+02
 -56.817  0.8264E-84  0.1600E+02
 -56.807  0.8264E-84  0.1600E+02
 -56.797  0.8264E-84  0.1600E+02
 -56.787  0.8264E-84  0.1600E+02
 -56.777  0.8264E-84  0.1600E+02
 -56.767  0.8264E-84  0.1600E+02
 -56.757  0.8264E-84  0.1600E+02
 -56.747  0.8264E-84  0.1600E+02
 -56.737  0.8264E-84  0.1600E+02
 -56.727  0.8264E-84  0.1600E+02
 -56.717  0.8264E-84  0.1600E+02
 -56.707  0.8264E-84  0.1600E+02
 -56.697  0.8264E-84  0.1600E+02
 -56.687  0.8264E-84  0.1600E+02
 -56.677  0.8264E-84  0.1600E+02
 -56.667  0.8264E-84  0.1600E+02
 -56.657  0.8264E-84  0.1600E+02
 -56.647  0.8264E-84  0.1600E+02
 -56.637  0.8264E-84  0.1600E+02
 -56.627  0.8264E-84  0.1600E+02
 -56.617  0.8264E-84  0.1600E+02
 -56.607  0.8264E-84  0.1600E+02
 -56.597  0.8264E-84  0.1600E+02
 -56.587  0.8264E-84  0.1600E+02
 -56.577  0.8264E-84  0.1600E+02
 -56.567  0.8264E-84  0.1600E+02
 -56.557  0.8264E-84  0.1600E+02
 -56.547  0.8264E-84  0.1600E+02
 -56.537  0.8264E-84  0.1600E+02
 -56.527  0.8264E-84  0.1600E+02
 -56.517  0.8264E-84  0.1600E+02
 -56.507  0.8264E-84  0.1600E+02
 -56.497  0.8264E-84  0.1600E+02
 -56.487  0.8264E-84  0.1600E+02
 -56.477  0.8264E-84  0.1600E+02
 -56.467  0.8264E-84  0.1600E+02
 -56.457  0.8264E-84  0.1600E+02
 -56.447  0.8264E-84  0.1600E+02
 -56.437  0.8264E-84  0.1600E+02
 -56.427  0.8264E-84  0.1600E+02
 -56.417  0.8264E-84  0.1600E+02
 -56.407  0.8264E-84  0.1600E+02
 -56.397  0.8264E-84  0.1600E+02
 -56.387  0.8264E-84  0.1600E+02
 -56.377  0.8264E-84  0.1600E+02
 -56.367  0.8264E-84  0.1600E+02
 -56.357  0.8264E-84  0.1600E+02
 -56.347  0.8264E-84  0.1600E+02
 -56.337  0.8264E-84  0.1600E+02
 -56.327  0.8264E-84  0.1600E+02
 -56.317  0.8264E-84  0.1600E+02
 -56.307  0.8264E-84  0.1600E+02
 -56.297  0.8264E-84  0.1600E+02
 -56.287  0.8264E-84  0.1600E+02
 -56.277  0.8264E-84  0.1600E+02
 -56.267  0.8264E-84  0.1600E+02
 -56.257  0.8264E-84  0.1600E+02
 -56.247  0.8264E-84  0.1600E+02
 -56.237  0.8264E-84  0.1600E+02
 -56.227  0.8264E-84  0.1600E+02
 -56.217  0.8264E-84  0.1600E+02
 -56.207  0.8264E-84  0.1600E+02
 -56.197  0.8264E-84  0.1600E+02
 -56.187  0.8264E-84  0.1600E+02
 -56.177  0.8264E-84  0.1600E+02
 -56.167  0.8264E-84  0.1600E+02
 -56.157  0.8264E-84  0.1600E+02
 -56.147  0.8264E-84  0.1600E+02
 -56.137  0.8264E-84  0.1600E+02
 -56.127  0.8264E-84  0.1600E+02
 -56.117  0.8264E-84  0.1600E+02
 -56.107  0.8264E-84  0.1600E+02
 -56.097  0.8264E-84  0.1600E+02
 -56.087  0.8264E-84  0.1600E+02
 -56.077  0.8264E-84  0.1600E+02
 -56.067  0.8264E-84  0.1600E+02
 -56.057  0.8264E-84  0.1600E+02
 -56.047  0.8264E-84  0.1600E+02
 -56.037  0.8264E-84  0.1600E+02
 -56.027  0.8264E-84  0.1600E+02
 -56.017  0.8264E-84  0.1600E+02
 -56.007  0.8264E-84  0.1600E+02
 -55.997  0.8264E-84  0.1600E+02
 -55.987  0.8264E-84  0.1600E+02
 -55.977  0.8264E-84  0.1600E+02
 -55.967  0.8264E-84  0.1600E+02
 -55.957  0.8264E-84  0.1600E+02
 -55.947  0.8264E-84  0.1600E+02
 -55.937  0.8264E-84  0.1600E+02
 -55.927  0.8264E-84  0.1600E+02
 -55.917  0.8264E-84  0.1600E+02
 -55.907  0.8264E-84  0.1600E+02
 -55.897  0.8264E-84  0.1600E+02
 -55.887  0.8264E-84  0.1600E+02
 -55.877  0.8264E-84  0.1600E+02
 -55.867  0.8264E-84  0.1600E+02
 -55.857  0.8264E-84  0.1600E+02
 -55.847  0.8264E-84  0.1600E+02
 -55.837  0.8264E-84  0.1600E+02
 -55.827  0.8264E-84  0.1600E+02
 -55.817  0.8264E-84  0.1600E+02
 -55.807  0.8264E-84  0.1600E+02
 -55.797  0.8264E-84  0.1600E+02
 -55.787  0.8264E-84  0.1600E+02
 -55.777  0.8264E-84  0.1600E+02
 -55.767  0.8264E-84  0.1600E+02
 -55.757  0.8264E-84  0.1600E+02
 -55.747  0.8264E-84  0.1600E+02
 -55.737  0.8264E-84  0.1600E+02
 -55.727  0.8264E-84  0.1600E+02
 -55.717  0.8264E-84  0.1600E+02
 -55.707  0.8264E-84  0.1600E+02
 -55.697  0.8264E-84  0.1600E+02
 -55.687  0.8264E-84  0.1600E+02
 -55.677  0.8264E-84  0.1600E+02
 -55.667  0.8264E-84  0.1600E+02
 -55.657  0.8264E-84  0.1600E+02
 -55.647  0.8264E-84  0.1600E+02
 -55.637  0.8264E-84  0.1600E+02
 -55.627  0.8264E-84  0.1600E+02
 -55.617  0.8264E-84  0.1600E+02
 -55.607  0.8264E-84  0.1600E+02
 -55.597  0.8264E-84  0.1600E+02
 -55.587  0.8264E-84  0.1600E+02
 -55.577  0.8264E-84  0.1600E+02
 -55.567  0.8264E-84  0.1600E+02
 -55.557  0.8264E-84  0.1600E+02
 -55.547  0.8264E-84  0.1600E+02
 -55.537  0.8264E-84  0.1600E+02
 -55.527  0.8264E-84  0.1600E+02
 -55.517  0.8264E-84  0.1600E+02
 -55.507  0.8264E-84  0.1600E+02
 -55.497  0.8264E-84  0.1600E+02
 -55.487  0.8264E-84  0.1600E+02
 -55.477  0.8264E-84  0.1600E+02
 -55.467  0.8264E-84  0.1600E+02
 -55.457  0.8264E-84  0.1600E+02
 -55.447  0.8264E-84  0.1600E+02
 -55.437  0.8264E-84  0.1600E+02
 -55.427  0.8264E-84  0.1600E+02
 -55.417  0.8264E-84  0.1600E+02
 -55.407  0.8264E-84  0.1600E+02
 -55.397  0.8264E-84  0.1600E+02
 -55.387  0.8264E-84  0.1600E+02
 -55.377  0.8264E-84  0.1600E+02
 -55.367  0.8264E-84  0.1600E+02
 -55.357  0.8264E-84  0.1600E+02
 -55.347  0.8264E-84  0.1600E+02
 -55.337  0.8264E-84  0.1600E+02
 -55.327  0.8264E-84  0.1600E+02
 -55.317  0.8264E-84  0.1600E+02
 -55.307  0.8264E-84  0.1600E+02
 -55.297  0.8264E-84  0.1600E+02
 -55.287  0.8264E-84  0.1600E+02
 -55.277  0.8264E-84  0.1600E+02
 -55.267  0.8264E-84  0.1600E+02
 -55.257  0.8264E-84  0.1600E+02
 -55.247  0.8264E-84  0.1600E+02
 -55.237  0.8264E-84  0.1600E+02
 -55.227  0.8264E-84  0.1600E+02
 -55.217  0.8264E-84  0.1600E+02
 -55.207  0.8264E-84  0.1600E+02
 -55.197  0.8264E-84  0.1600E+02
 -55.187  0.8264E-84  0.1600E+02
 -55.177  0.8264E-84  0.1600E+02
 -55.167  0.8264E-84  0.1600E+02
 -55.157  0.8264E-84  0.1600E+02
 -55.147  0.8264E-84  0.1600E+02
 -55.137  0.8264E-84  0.1600E+02
 -55.127  0.8264E-84  0.1600E+02
 -55.117  0.8264E-84  0.1600E+02
 -55.107  0.8264E-84  0.1600E+02
 -55.097  0.8264E-84  0.1600E+02
 -55.087  0.8264E-84  0.1600E+02
 -55.077  0.8264E-84  0.1600E+02
 -55.067  0.8264E-84  0.1600E+02
 -55.057  0.8264E-84  0.1600E+02
 -55.047  0.8264E-84  0.1600E+02
 -55.037  0.8264E-84  0.1600E+02
 -55.027  0.8264E-84  0.1600E+02
 -55.017  0.8264E-84  0.1600E+02
 -55.007  0.8264E-84  0.1600E+02
 -54.997  0.8264E-84  0.1600E+02
 -54.987  0.8264E-84  0.1600E+02
 -54.977  0.8264E-84  0.1600E+02
 -54.967  0.8264E-84  0.1600E+02
 -54.957  0.8264E-84  0.1600E+02
 -54.947  0.8264E-84  0.1600E+02
 -54.937  0.8264E-84  0.1600E+02
 -54.927  0.8264E-84  0.1600E+02
 -54.917  0.8264E-84  0.1600E+02
 -54.907  0.8264E-84  0.1600E+02
 -54.897  0.8264E-84  0.1600E+02
 -54.887  0.8264E-84  0.1600E+02
 -54.877  0.8264E-84  0.1600E+02
 -54.867  0.8264E-84  0.1600E+02
 -54.857  0.8264E-84  0.1600E+02
 -54.847  0.8264E-84  0.1600E+02
 -54.837  0.8264E-84  0.1600E+02
 -54.827  0.8264E-84  0.1600E+02
 -54.817  0.8264E-84  0.1600E+02
 -54.807  0.8264E-84  0.1600E+02
 -54.797  0.8264E-84  0.1600E+02
 -54.787  0.8264E-84  0.1600E+02
 -54.777  0.8264E-84  0.1600E+02
 -54.767  0.8264E-84  0.1600E+02
 -54.757  0.8264E-84  0.1600E+02
 -54.747  0.8264E-84  0.1600E+02
 -54.737  0.8264E-84  0.1600E+02
 -54.727  0.8264E-84  0.1600E+02
 -54.717  0.8264E-84  0.1600E+02
 -54.707  0.8264E-84  0.1600E+02
 -54.697  0.8264E-84  0.1600E+02
 -54.687  0.8264E-84  0.1600E+02
 -54.677  0.8264E-84  0.1600E+02
 -54.667  0.8264E-84  0.1600E+02
 -54.657  0.8264E-84  0.1600E+02
 -54.647  0.8264E-84  0.1600E+02
 -54.637  0.8264E-84  0.1600E+02
 -54.627  0.8264E-84  0.1600E+02
 -54.617  0.8264E-84  0.1600E+02
 -54.607  0.8264E-84  0.1600E+02
 -54.597  0.8264E-84  0.1600E+02
 -54.587  0.8264E-84  0.1600E+02
 -54.577  0.8264E-84  0.1600E+02
 -54.567  0.8264E-84  0.1600E+02
 -54.557  0.8264E-84  0.1600E+02
 -54.547  0.8264E-84  0.1600E+02
 -54.537  0.8264E-84  0.1600E+02
 -54.527  0.8264E-84  0.1600E+02
 -54.517  0.8264E-84  0.1600E+02
 -54.507  0.8264E-84  0.1600E+02
 -54.497  0.8264E-84  0.1600E+02
 -54.487  0.8264E-84  0.1600E+02
 -54.477  0.8264E-84  0.1600E+02
 -54.467  0.8264E-84  0.1600E+02
 -54.457  0.8264E-84  0.1600E+02
 -54.447  0.8264E-84  0.1600E+02
 -54.437  0.8264E-84  0.1600E+02
 -54.427  0.8264E-84  0.1600E+02
 -54.417  0.8264E-84  0.1600E+02
 -54.407  0.8264E-84  0.1600E+02
 -54.397  0.8264E-84  0.1600E+02
 -54.387  0.8264E-84  0.1600E+02
 -54.377  0.8264E-84  0.1600E+02
 -54.367  0.8264E-84  0.1600E+02
 -54.357  0.8264E-84  0.1600E+02
 -54.347  0.8264E-84  0.1600E+02
 -54.337  0.8264E-84  0.1600E+02
 -54.327  0.8264E-84  0.1600E+02
 -54.317  0.8264E-84  0.1600E+02
 -54.307  0.8264E-84  0.1600E+02
 -54.297  0.8264E-84  0.1600E+02
 -54.287  0.8264E-84  0.1600E+02
 -54.277  0.8264E-84  0.1600E+02
 -54.267  0.8264E-84  0.1600E+02
 -54.257  0.8264E-84  0.1600E+02
 -54.247  0.8264E-84  0.1600E+02
 -54.237  0.8264E-84  0.1600E+02
 -54.227  0.8264E-84  0.1600E+02
 -54.217  0.8264E-84  0.1600E+02
 -54.207  0.8264E-84  0.1600E+02
 -54.197  0.8264E-84  0.1600E+02
 -54.187  0.8264E-84  0.1600E+02
 -54.177  0.8264E-84  0.1600E+02
 -54.167  0.8264E-84  0.1600E+02
 -54.157  0.8264E-84  0.1600E+02
 -54.147  0.8264E-84  0.1600E+02
 -54.137  0.8264E-84  0.1600E+02
 -54.127  0.8264E-84  0.1600E+02
 -54.117  0.8264E-84  0.1600E+02
 -54.107  0.8264E-84  0.1600E+02
 -54.097  0.8264E-84  0.1600E+02
 -54.087  0.8264E-84  0.1600E+02
 -54.077  0.8264E-84  0.1600E+02
 -54.067  0.8264E-84  0.1600E+02
 -54.057  0.8264E-84  0.1600E+02
 -54.047  0.8264E-84  0.1600E+02
 -54.037  0.8264E-84  0.1600E+02
 -54.027  0.8264E-84  0.1600E+02
 -54.017  0.8264E-84  0.1600E+02
 -54.007  0.8264E-84  0.1600E+02
 -53.997  0.8264E-84  0.1600E+02
 -53.987  0.8264E-84  0.1600E+02
 -53.977  0.8264E-84  0.1600E+02
 -53.967  0.8264E-84  0.1600E+02
 -53.957  0.8264E-84  0.1600E+02
 -53.947  0.8264E-84  0.1600E+02
 -53.937  0.8264E-84  0.1600E+02
 -53.927  0.8264E-84  0.1600E+02
 -53.917  0.8264E-84  0.1600E+02
 -53.907  0.8264E-84  0.1600E+02
 -53.897  0.8264E-84  0.1600E+02
 -53.887  0.8264E-84  0.1600E+02
 -53.877  0.8264E-84  0.1600E+02
 -53.867  0.8264E-84  0.1600E+02
 -53.857  0.8264E-84  0.1600E+02
 -53.847  0.8264E-84  0.1600E+02
 -53.837  0.8264E-84  0.1600E+02
 -53.827  0.8264E-84  0.1600E+02
 -53.817  0.8264E-84  0.1600E+02
 -53.807  0.8264E-84  0.1600E+02
 -53.797  0.8264E-84  0.1600E+02
 -53.787  0.8264E-84  0.1600E+02
 -53.777  0.8264E-84  0.1600E+02
 -53.767  0.8264E-84  0.1600E+02
 -53.757  0.8264E-84  0.1600E+02
 -53.747  0.8264E-84  0.1600E+02
 -53.737  0.8264E-84  0.1600E+02
 -53.727  0.8264E-84  0.1600E+02
 -53.717  0.8264E-84  0.1600E+02
 -53.707  0.8264E-84  0.1600E+02
 -53.697  0.8264E-84  0.1600E+02
 -53.687  0.8264E-84  0.1600E+02
 -53.677  0.8264E-84  0.1600E+02
 -53.667  0.8264E-84  0.1600E+02
 -53.657  0.8264E-84  0.1600E+02
 -53.647  0.8264E-84  0.1600E+02
 -53.637  0.8264E-84  0.1600E+02
 -53.627  0.8264E-84  0.1600E+02
 -53.617  0.8264E-84  0.1600E+02
 -53.607  0.8264E-84  0.1600E+02
 -53.597  0.8264E-84  0.1600E+02
 -53.587  0.8264E-84  0.1600E+02
 -53.577  0.8264E-84  0.1600E+02
 -53.567  0.8264E-84  0.1600E+02
 -53.557  0.8264E-84  0.1600E+02
 -53.547  0.8264E-84  0.1600E+02
 -53.537  0.8264E-84  0.1600E+02
 -53.527  0.8264E-84  0.1600E+02
 -53.517  0.8264E-84  0.1600E+02
 -53.507  0.8264E-84  0.1600E+02
 -53.497  0.8264E-84  0.1600E+02
 -53.487  0.8264E-84  0.1600E+02
 -53.477  0.8264E-84  0.1600E+02
 -53.467  0.8264E-84  0.1600E+02
 -53.457  0.8264E-84  0.1600E+02
 -53.447  0.8264E-84  0.1600E+02
 -53.437  0.8264E-84  0.1600E+02
 -53.427  0.8264E-84  0.1600E+02
 -53.417  0.8264E-84  0.1600E+02
 -53.407  0.8264E-84  0.1600E+02
 -53.397  0.8264E-84  0.1600E+02
 -53.387  0.8264E-84  0.1600E+02
 -53.377  0.8264E-84  0.1600E+02
 -53.367  0.8264E-84  0.1600E+02
 -53.357  0.8264E-84  0.1600E+02
 -53.347  0.8264E-84  0.1600E+02
 -53.337  0.8264E-84  0.1600E+02
 -53.327  0.8264E-84  0.1600E+02
 -53.317  0.8264E-84  0.1600E+02
 -53.307  0.8264E-84  0.1600E+02
 -53.297  0.8264E-84  0.1600E+02
 -53.287  0.8264E-84  0.1600E+02
 -53.277  0.8264E-84  0.1600E+02
 -53.267  0.8264E-84  0.1600E+02
 -53.257  0.8264E-84  0.1600E+02
 -53.247  0.8264E-84  0.1600E+02
 -53.237  0.8264E-84  0.1600E+02
 -53.227  0.8264E-84  0.1600E+02
 -53.217  0.8264E-84  0.1600E+02
 -53.207  0.8264E-84  0.1600E+02
 -53.197  0.8264E-84  0.1600E+02
 -53.187  0.8264E-84  0.1600E+02
 -53.177  0.8264E-84  0.1600E+02
 -53.167  0.8264E-84  0.1600E+02
 -53.157  0.8264E-84  0.1600E+02
 -53.147  0.8264E-84  0.1600E+02
 -53.137  0.8264E-84  0.1600E+02
 -53.127  0.8264E-84  0.1600E+02
 -53.117  0.8264E-84  0.1600E+02
 -53.107  0.8264E-84  0.1600E+02
 -53.097  0.8264E-84  0.1600E+02
 -53.087  0.8264E-84  0.1600E+02
 -53.077  0.8264E-84  0.1600E+02
 -53.067  0.8264E-84  0.1600E+02
 -53.057  0.8264E-84  0.1600E+02
 -53.047  0.8264E-84  0.1600E+02
 -53.037  0.8264E-84  0.1600E+02
 -53.027  0.8264E-84  0.1600E+02
 -53.017  0.8264E-84  0.1600E+02
 -53.007  0.8264E-84  0.1600E+02
 -52.997  0.8264E-84  0.1600E+02
 -52.987  0.8264E-84  0.1600E+02
 -52.977  0.8264E-84  0.1600E+02
 -52.967  0.8264E-84  0.1600E+02
 -52.957  0.8264E-84  0.1600E+02
 -52.947  0.8264E-84  0.1600E+02
 -52.937  0.8264E-84  0.1600E+02
 -52.927  0.8264E-84  0.1600E+02
 -52.917  0.8264E-84  0.1600E+02
 -52.907  0.8264E-84  0.1600E+02
 -52.897  0.8264E-84  0.1600E+02
 -52.887  0.8264E-84  0.1600E+02
 -52.877  0.8264E-84  0.1600E+02
 -52.867  0.8264E-84  0.1600E+02
 -52.857  0.8264E-84  0.1600E+02
 -52.847  0.8264E-84  0.1600E+02
 -52.837  0.8264E-84  0.1600E+02
 -52.827  0.8264E-84  0.1600E+02
 -52.817  0.8264E-84  0.1600E+02
 -52.807  0.8264E-84  0.1600E+02
 -52.797  0.8264E-84  0.1600E+02
 -52.787  0.8264E-84  0.1600E+02
 -52.777  0.8264E-84  0.1600E+02
 -52.767  0.8264E-84  0.1600E+02
 -52.757  0.8264E-84  0.1600E+02
 -52.747  0.8264E-84  0.1600E+02
 -52.737  0.8264E-84  0.1600E+02
 -52.727  0.8264E-84  0.1600E+02
 -52.717  0.8264E-84  0.1600E+02
 -52.707  0.8264E-84  0.1600E+02
 -52.697  0.8264E-84  0.1600E+02
 -52.687  0.8264E-84  0.1600E+02
 -52.677  0.8264E-84  0.1600E+02
 -52.667  0.8264E-84  0.1600E+02
 -52.657  0.8264E-84  0.1600E+02
 -52.647  0.8264E-84  0.1600E+02
 -52.637  0.8264E-84  0.1600E+02
 -52.627  0.8264E-84  0.1600E+02
 -52.617  0.8264E-84  0.1600E+02
 -52.607  0.8264E-84  0.1600E+02
 -52.597  0.8264E-84  0.1600E+02
 -52.587  0.8264E-84  0.1600E+02
 -52.577  0.8264E-84  0.1600E+02
 -52.567  0.8264E-84  0.1600E+02
 -52.557  0.8264E-84  0.1600E+02
 -52.547  0.8264E-84  0.1600E+02
 -52.537  0.8264E-84  0.1600E+02
 -52.527  0.8264E-84  0.1600E+02
 -52.517  0.8264E-84  0.1600E+02
 -52.507  0.8264E-84  0.1600E+02
 -52.497  0.8264E-84  0.1600E+02
 -52.487  0.8264E-84  0.1600E+02
 -52.477  0.8264E-84  0.1600E+02
 -52.467  0.8264E-84  0.1600E+02
 -52.457  0.8264E-84  0.1600E+02
 -52.447  0.8264E-84  0.1600E+02
 -52.437  0.8264E-84  0.1600E+02
 -52.427  0.8264E-84  0.1600E+02
 -52.417  0.8264E-84  0.1600E+02
 -52.407  0.8264E-84  0.1600E+02
 -52.397  0.8264E-84  0.1600E+02
 -52.387  0.8264E-84  0.1600E+02
 -52.377  0.8264E-84  0.1600E+02
 -52.367  0.8264E-84  0.1600E+02
 -52.357  0.8264E-84  0.1600E+02
 -52.347  0.8264E-84  0.1600E+02
 -52.337  0.8264E-84  0.1600E+02
 -52.327  0.8264E-84  0.1600E+02
 -52.317  0.8264E-84  0.1600E+02
 -52.307  0.8264E-84  0.1600E+02
 -52.297  0.8264E-84  0.1600E+02
 -52.287  0.8264E-84  0.1600E+02
 -52.277  0.8264E-84  0.1600E+02
 -52.267  0.8264E-84  0.1600E+02
 -52.257  0.8264E-84  0.1600E+02
 -52.247  0.8264E-84  0.1600E+02
 -52.237  0.8264E-84  0.1600E+02
 -52.227  0.8264E-84  0.1600E+02
 -52.217  0.8264E-84  0.1600E+02
 -52.207  0.8264E-84  0.1600E+02
 -52.197  0.8264E-84  0.1600E+02
 -52.187  0.8264E-84  0.1600E+02
 -52.177  0.8264E-84  0.1600E+02
 -52.167  0.8264E-84  0.1600E+02
 -52.157  0.8264E-84  0.1600E+02
 -52.147  0.8264E-84  0.1600E+02
 -52.137  0.8264E-84  0.1600E+02
 -52.127  0.8264E-84  0.1600E+02
 -52.117  0.8264E-84  0.1600E+02
 -52.107  0.8264E-84  0.1600E+02
 -52.097  0.8264E-84  0.1600E+02
 -52.087  0.8264E-84  0.1600E+02
 -52.077  0.8264E-84  0.1600E+02
 -52.067  0.8264E-84  0.1600E+02
 -52.057  0.8264E-84  0.1600E+02
 -52.047  0.8264E-84  0.1600E+02
 -52.037  0.8264E-84  0.1600E+02
 -52.027  0.8264E-84  0.1600E+02
 -52.017  0.8264E-84  0.1600E+02
 -52.007  0.8264E-84  0.1600E+02
 -51.997  0.8264E-84  0.1600E+02
 -51.987  0.8264E-84  0.1600E+02
 -51.977  0.8264E-84  0.1600E+02
 -51.967  0.8264E-84  0.1600E+02
 -51.957  0.8264E-84  0.1600E+02
 -51.947  0.8264E-84  0.1600E+02
 -51.937  0.8264E-84  0.1600E+02
 -51.927  0.8264E-84  0.1600E+02
 -51.917  0.8264E-84  0.1600E+02
 -51.907  0.8264E-84  0.1600E+02
 -51.897  0.8264E-84  0.1600E+02
 -51.887  0.8264E-84  0.1600E+02
 -51.877  0.8264E-84  0.1600E+02
 -51.867  0.8264E-84  0.1600E+02
 -51.857  0.8264E-84  0.1600E+02
 -51.847  0.8264E-84  0.1600E+02
 -51.837  0.8264E-84  0.1600E+02
 -51.827  0.8264E-84  0.1600E+02
 -51.817  0.8264E-84  0.1600E+02
 -51.807  0.8264E-84  0.1600E+02
 -51.797  0.8264E-84  0.1600E+02
 -51.787  0.8264E-84  0.1600E+02
 -51.777  0.8264E-84  0.1600E+02
 -51.767  0.8264E-84  0.1600E+02
 -51.757  0.8264E-84  0.1600E+02
 -51.747  0.8264E-84  0.1600E+02
 -51.737  0.8264E-84  0.1600E+02
 -51.727  0.8264E-84  0.1600E+02
 -51.717  0.8264E-84  0.1600E+02
 -51.707  0.8264E-84  0.1600E+02
 -51.697  0.8264E-84  0.1600E+02
 -51.687  0.8264E-84  0.1600E+02
 -51.677  0.8264E-84  0.1600E+02
 -51.667  0.8264E-84  0.1600E+02
 -51.657  0.8264E-84  0.1600E+02
 -51.647  0.8264E-84  0.1600E+02
 -51.637  0.8264E-84  0.1600E+02
 -51.627  0.8264E-84  0.1600E+02
 -51.617  0.8264E-84  0.1600E+02
 -51.607  0.8264E-84  0.1600E+02
 -51.597  0.8264E-84  0.1600E+02
 -51.587  0.8264E-84  0.1600E+02
 -51.577  0.8264E-84  0.1600E+02
 -51.567  0.8264E-84  0.1600E+02
 -51.557  0.8264E-84  0.1600E+02
 -51.547  0.8264E-84  0.1600E+02
 -51.537  0.8264E-84  0.1600E+02
 -51.527  0.8264E-84  0.1600E+02
 -51.517  0.8264E-84  0.1600E+02
 -51.507  0.8264E-84  0.1600E+02
 -51.497  0.8264E-84  0.1600E+02
 -51.487  0.8264E-84  0.1600E+02
 -51.477  0.8264E-84  0.1600E+02
 -51.467  0.8264E-84  0.1600E+02
 -51.457  0.8264E-84  0.1600E+02
 -51.447  0.8264E-84  0.1600E+02
 -51.437  0.8264E-84  0.1600E+02
 -51.427  0.8264E-84  0.1600E+02
 -51.417  0.8264E-84  0.1600E+02
 -51.407  0.8264E-84  0.1600E+02
 -51.397  0.8264E-84  0.1600E+02
 -51.387  0.8264E-84  0.1600E+02
 -51.377  0.8264E-84  0.1600E+02
 -51.367  0.8264E-84  0.1600E+02
 -51.357  0.8264E-84  0.1600E+02
 -51.347  0.8264E-84  0.1600E+02
 -51.337  0.8264E-84  0.1600E+02
 -51.327  0.8264E-84  0.1600E+02
 -51.317  0.8264E-84  0.1600E+02
 -51.307  0.8264E-84  0.1600E+02
 -51.297  0.8264E-84  0.1600E+02
 -51.287  0.8264E-84  0.1600E+02
 -51.277  0.8264E-84  0.1600E+02
 -51.267  0.8264E-84  0.1600E+02
 -51.257  0.8264E-84  0.1600E+02
 -51.247  0.8264E-84  0.1600E+02
 -51.237  0.8264E-84  0.1600E+02
 -51.227  0.8264E-84  0.1600E+02
 -51.217  0.8264E-84  0.1600E+02
 -51.207  0.8264E-84  0.1600E+02
 -51.197  0.8264E-84  0.1600E+02
 -51.187  0.8264E-84  0.1600E+02
 -51.177  0.8264E-84  0.1600E+02
 -51.167  0.8264E-84  0.1600E+02
 -51.157  0.8264E-84  0.1600E+02
 -51.147  0.8264E-84  0.1600E+02
 -51.137  0.8264E-84  0.1600E+02
 -51.127  0.8264E-84  0.1600E+02
 -51.117  0.8264E-84  0.1600E+02
 -51.107  0.8264E-84  0.1600E+02
 -51.097  0.8264E-84  0.1600E+02
 -51.087  0.8264E-84  0.1600E+02
 -51.077  0.8264E-84  0.1600E+02
 -51.067  0.8264E-84  0.1600E+02
 -51.057  0.8264E-84  0.1600E+02
 -51.047  0.8264E-84  0.1600E+02
 -51.037  0.8264E-84  0.1600E+02
 -51.027  0.8264E-84  0.1600E+02
 -51.017  0.8264E-84  0.1600E+02
 -51.007  0.8264E-84  0.1600E+02
 -50.997  0.8264E-84  0.1600E+02
 -50.987  0.8264E-84  0.1600E+02
 -50.977  0.8264E-84  0.1600E+02
 -50.967  0.8264E-84  0.1600E+02
 -50.957  0.8264E-84  0.1600E+02
 -50.947  0.8264E-84  0.1600E+02
 -50.937  0.8264E-84  0.1600E+02
 -50.927  0.8264E-84  0.1600E+02
 -50.917  0.8264E-84  0.1600E+02
 -50.907  0.8264E-84  0.1600E+02
 -50.897  0.8264E-84  0.1600E+02
 -50.887  0.8264E-84  0.1600E+02
 -50.877  0.8264E-84  0.1600E+02
 -50.867  0.8264E-84  0.1600E+02
 -50.857  0.8264E-84  0.1600E+02
 -50.847  0.8264E-84  0.1600E+02
 -50.837  0.8264E-84  0.1600E+02
 -50.827  0.8264E-84  0.1600E+02
 -50.817  0.8264E-84  0.1600E+02
 -50.807  0.8264E-84  0.1600E+02
 -50.797  0.8264E-84  0.1600E+02
 -50.787  0.8264E-84  0.1600E+02
 -50.777  0.8264E-84  0.1600E+02
 -50.767  0.8264E-84  0.1600E+02
 -50.757  0.8264E-84  0.1600E+02
 -50.747  0.8264E-84  0.1600E+02
 -50.737  0.8264E-84  0.1600E+02
 -50.727  0.8264E-84  0.1600E+02
 -50.717  0.8264E-84  0.1600E+02
 -50.707  0.8264E-84  0.1600E+02
 -50.697  0.8264E-84  0.1600E+02
 -50.687  0.8264E-84  0.1600E+02
 -50.677  0.8264E-84  0.1600E+02
 -50.667  0.8264E-84  0.1600E+02
 -50.657  0.8264E-84  0.1600E+02
 -50.647  0.8264E-84  0.1600E+02
 -50.637  0.8264E-84  0.1600E+02
 -50.627  0.8264E-84  0.1600E+02
 -50.617  0.8264E-84  0.1600E+02
 -50.607  0.8264E-84  0.1600E+02
 -50.597  0.8264E-84  0.1600E+02
 -50.587  0.8264E-84  0.1600E+02
 -50.577  0.8264E-84  0.1600E+02
 -50.567  0.8264E-84  0.1600E+02
 -50.557  0.8264E-84  0.1600E+02
 -50.547  0.8264E-84  0.1600E+02
 -50.537  0.8264E-84  0.1600E+02
 -50.527  0.8264E-84  0.1600E+02
 -50.517  0.8264E-84  0.1600E+02
 -50.507  0.8264E-84  0.1600E+02
 -50.497  0.8264E-84  0.1600E+02
 -50.487  0.8264E-84  0.1600E+02
 -50.477  0.8264E-84  0.1600E+02
 -50.467  0.8264E-84  0.1600E+02
 -50.457  0.8264E-84  0.1600E+02
 -50.447  0.8264E-84  0.1600E+02
 -50.437  0.8264E-84  0.1600E+02
 -50.427  0.8264E-84  0.1600E+02
 -50.417  0.8264E-84  0.1600E+02
 -50.407  0.8264E-84  0.1600E+02
 -50.397  0.8264E-84  0.1600E+02
 -50.387  0.8264E-84  0.1600E+02
 -50.377  0.8264E-84  0.1600E+02
 -50.367  0.8264E-84  0.1600E+02
 -50.357  0.8264E-84  0.1600E+02
 -50.347  0.8264E-84  0.1600E+02
 -50.337  0.8264E-84  0.1600E+02
 -50.327  0.8264E-84  0.1600E+02
 -50.317  0.8264E-84  0.1600E+02
 -50.307  0.8264E-84  0.1600E+02
 -50.297  0.8264E-84  0.1600E+02
 -50.287  0.8264E-84  0.1600E+02
 -50.277  0.8264E-84  0.1600E+02
 -50.267  0.8264E-84  0.1600E+02
 -50.257  0.8264E-84  0.1600E+02
 -50.247  0.8264E-84  0.1600E+02
 -50.237  0.8264E-84  0.1600E+02
 -50.227  0.8264E-84  0.1600E+02
 -50.217  0.8264E-84  0.1600E+02
 -50.207  0.8264E-84  0.1600E+02
 -50.197  0.8264E-84  0.1600E+02
 -50.187  0.8264E-84  0.1600E+02
 -50.177  0.8264E-84  0.1600E+02
 -50.167  0.8264E-84  0.1600E+02
 -50.157  0.8264E-84  0.1600E+02
 -50.147  0.8264E-84  0.1600E+02
 -50.137  0.8264E-84  0.1600E+02
 -50.127  0.8264E-84  0.1600E+02
 -50.117  0.8264E-84  0.1600E+02
 -50.107  0.8264E-84  0.1600E+02
 -50.097  0.8264E-84  0.1600E+02
 -50.087  0.8264E-84  0.1600E+02
 -50.077  0.8264E-84  0.1600E+02
 -50.067  0.8264E-84  0.1600E+02
 -50.057  0.8264E-84  0.1600E+02
 -50.047  0.8264E-84  0.1600E+02
 -50.037  0.8264E-84  0.1600E+02
 -50.027  0.8264E-84  0.1600E+02
 -50.017  0.8264E-84  0.1600E+02
 -50.007  0.8264E-84  0.1600E+02
 -49.997  0.8264E-84  0.1600E+02
 -49.987  0.8264E-84  0.1600E+02
 -49.977  0.8264E-84  0.1600E+02
 -49.967  0.8264E-84  0.1600E+02
 -49.957  0.8264E-84  0.1600E+02
 -49.947  0.8264E-84  0.1600E+02
 -49.937  0.8264E-84  0.1600E+02
 -49.927  0.8264E-84  0.1600E+02
 -49.917  0.8264E-84  0.1600E+02
 -49.907  0.8264E-84  0.1600E+02
 -49.897  0.8264E-84  0.1600E+02
 -49.887  0.8264E-84  0.1600E+02
 -49.877  0.8264E-84  0.1600E+02
 -49.867  0.8264E-84  0.1600E+02
 -49.857  0.8264E-84  0.1600E+02
 -49.847  0.8264E-84  0.1600E+02
 -49.837  0.8264E-84  0.1600E+02
 -49.827  0.8264E-84  0.1600E+02
 -49.817  0.8264E-84  0.1600E+02
 -49.807  0.8264E-84  0.1600E+02
 -49.797  0.8264E-84  0.1600E+02
 -49.787  0.8264E-84  0.1600E+02
 -49.777  0.8264E-84  0.1600E+02
 -49.767  0.8264E-84  0.1600E+02
 -49.757  0.8264E-84  0.1600E+02
 -49.747  0.8264E-84  0.1600E+02
 -49.737  0.8264E-84  0.1600E+02
 -49.727  0.8264E-84  0.1600E+02
 -49.717  0.8264E-84  0.1600E+02
 -49.707  0.8264E-84  0.1600E+02
 -49.697  0.8264E-84  0.1600E+02
 -49.687  0.8264E-84  0.1600E+02
 -49.677  0.8264E-84  0.1600E+02
 -49.667  0.8264E-84  0.1600E+02
 -49.657  0.8264E-84  0.1600E+02
 -49.647  0.8264E-84  0.1600E+02
 -49.637  0.8264E-84  0.1600E+02
 -49.627  0.8264E-84  0.1600E+02
 -49.617  0.8264E-84  0.1600E+02
 -49.607  0.8264E-84  0.1600E+02
 -49.597  0.8264E-84  0.1600E+02
 -49.587  0.8264E-84  0.1600E+02
 -49.577  0.8264E-84  0.1600E+02
 -49.567  0.8264E-84  0.1600E+02
 -49.557  0.8264E-84  0.1600E+02
 -49.547  0.8264E-84  0.1600E+02
 -49.537  0.8264E-84  0.1600E+02
 -49.527  0.8264E-84  0.1600E+02
 -49.517  0.8264E-84  0.1600E+02
 -49.507  0.8264E-84  0.1600E+02
 -49.497  0.8264E-84  0.1600E+02
 -49.487  0.8264E-84  0.1600E+02
 -49.477  0.8264E-84  0.1600E+02
 -49.467  0.8264E-84  0.1600E+02
 -49.457  0.8264E-84  0.1600E+02
 -49.447  0.8264E-84  0.1600E+02
 -49.437  0.8264E-84  0.1600E+02
 -49.427  0.8264E-84  0.1600E+02
 -49.417  0.8264E-84  0.1600E+02
 -49.407  0.8264E-84  0.1600E+02
 -49.397  0.8264E-84  0.1600E+02
 -49.387  0.8264E-84  0.1600E+02
 -49.377  0.8264E-84  0.1600E+02
 -49.367  0.8264E-84  0.1600E+02
 -49.357  0.8264E-84  0.1600E+02
 -49.347  0.8264E-84  0.1600E+02
 -49.337  0.8264E-84  0.1600E+02
 -49.327  0.8264E-84  0.1600E+02
 -49.317  0.8264E-84  0.1600E+02
 -49.307  0.8264E-84  0.1600E+02
 -49.297  0.8264E-84  0.1600E+02
 -49.287  0.8264E-84  0.1600E+02
 -49.277  0.8264E-84  0.1600E+02
 -49.267  0.8264E-84  0.1600E+02
 -49.257  0.8264E-84  0.1600E+02
 -49.247  0.8264E-84  0.1600E+02
 -49.237  0.8264E-84  0.1600E+02
 -49.227  0.8264E-84  0.1600E+02
 -49.217  0.8264E-84  0.1600E+02
 -49.207  0.8264E-84  0.1600E+02
 -49.197  0.8264E-84  0.1600E+02
 -49.187  0.8264E-84  0.1600E+02
 -49.177  0.8264E-84  0.1600E+02
 -49.167  0.8264E-84  0.1600E+02
 -49.157  0.8264E-84  0.1600E+02
 -49.147  0.8264E-84  0.1600E+02
 -49.137  0.8264E-84  0.1600E+02
 -49.127  0.8264E-84  0.1600E+02
 -49.117  0.8264E-84  0.1600E+02
 -49.107  0.8264E-84  0.1600E+02
 -49.097  0.8264E-84  0.1600E+02
 -49.087  0.8264E-84  0.1600E+02
 -49.077  0.8264E-84  0.1600E+02
 -49.067  0.8264E-84  0.1600E+02
 -49.057  0.8264E-84  0.1600E+02
 -49.047  0.8264E-84  0.1600E+02
 -49.037  0.8264E-84  0.1600E+02
 -49.027  0.8264E-84  0.1600E+02
 -49.017  0.8264E-84  0.1600E+02
 -49.007  0.8264E-84  0.1600E+02
 -48.997  0.8264E-84  0.1600E+02
 -48.987  0.8264E-84  0.1600E+02
 -48.977  0.8264E-84  0.1600E+02
 -48.967  0.8264E-84  0.1600E+02
 -48.957  0.8264E-84  0.1600E+02
 -48.947  0.8264E-84  0.1600E+02
 -48.937  0.8264E-84  0.1600E+02
 -48.927  0.8264E-84  0.1600E+02
 -48.917  0.8264E-84  0.1600E+02
 -48.907  0.8264E-84  0.1600E+02
 -48.897  0.8264E-84  0.1600E+02
 -48.887  0.8264E-84  0.1600E+02
 -48.877  0.8264E-84  0.1600E+02
 -48.867  0.8264E-84  0.1600E+02
 -48.857  0.8264E-84  0.1600E+02
 -48.847  0.8264E-84  0.1600E+02
 -48.837  0.8264E-84  0.1600E+02
 -48.827  0.8264E-84  0.1600E+02
 -48.817  0.8264E-84  0.1600E+02
 -48.807  0.8264E-84  0.1600E+02
 -48.797  0.8264E-84  0.1600E+02
 -48.787  0.8264E-84  0.1600E+02
 -48.777  0.8264E-84  0.1600E+02
 -48.767  0.8264E-84  0.1600E+02
 -48.757  0.8264E-84  0.1600E+02
 -48.747  0.8264E-84  0.1600E+02
 -48.737  0.8264E-84  0.1600E+02
 -48.727  0.8264E-84  0.1600E+02
 -48.717  0.8264E-84  0.1600E+02
 -48.707  0.8264E-84  0.1600E+02
 -48.697  0.8264E-84  0.1600E+02
 -48.687  0.8264E-84  0.1600E+02
 -48.677  0.8264E-84  0.1600E+02
 -48.667  0.8264E-84  0.1600E+02
 -48.657  0.8264E-84  0.1600E+02
 -48.647  0.8264E-84  0.1600E+02
 -48.637  0.8264E-84  0.1600E+02
 -48.627  0.8264E-84  0.1600E+02
 -48.617  0.8264E-84  0.1600E+02
 -48.607  0.8264E-84  0.1600E+02
 -48.597  0.8264E-84  0.1600E+02
 -48.587  0.8264E-84  0.1600E+02
 -48.577  0.8264E-84  0.1600E+02
 -48.567  0.8264E-84  0.1600E+02
 -48.557  0.8264E-84  0.1600E+02
 -48.547  0.8264E-84  0.1600E+02
 -48.537  0.8264E-84  0.1600E+02
 -48.527  0.8264E-84  0.1600E+02
 -48.517  0.8264E-84  0.1600E+02
 -48.507  0.8264E-84  0.1600E+02
 -48.497  0.8264E-84  0.1600E+02
 -48.487  0.8264E-84  0.1600E+02
 -48.477  0.8264E-84  0.1600E+02
 -48.467  0.8264E-84  0.1600E+02
 -48.457  0.8264E-84  0.1600E+02
 -48.447  0.8264E-84  0.1600E+02
 -48.437  0.8264E-84  0.1600E+02
 -48.427  0.8264E-84  0.1600E+02
 -48.417  0.8264E-84  0.1600E+02
 -48.407  0.8264E-84  0.1600E+02
 -48.397  0.8264E-84  0.1600E+02
 -48.387  0.8264E-84  0.1600E+02
 -48.377  0.8264E-84  0.1600E+02
 -48.367  0.8264E-84  0.1600E+02
 -48.357  0.8264E-84  0.1600E+02
 -48.347  0.8264E-84  0.1600E+02
 -48.337  0.8264E-84  0.1600E+02
 -48.327  0.8264E-84  0.1600E+02
 -48.317  0.8264E-84  0.1600E+02
 -48.307  0.8264E-84  0.1600E+02
 -48.297  0.8264E-84  0.1600E+02
 -48.287  0.8264E-84  0.1600E+02
 -48.277  0.8264E-84  0.1600E+02
 -48.267  0.8264E-84  0.1600E+02
 -48.257  0.8264E-84  0.1600E+02
 -48.247  0.8264E-84  0.1600E+02
 -48.237  0.8264E-84  0.1600E+02
 -48.227  0.8264E-84  0.1600E+02
 -48.217  0.8264E-84  0.1600E+02
 -48.207  0.8264E-84  0.1600E+02
 -48.197  0.8264E-84  0.1600E+02
 -48.187  0.8264E-84  0.1600E+02
 -48.177  0.8264E-84  0.1600E+02
 -48.167  0.8264E-84  0.1600E+02
 -48.157  0.8264E-84  0.1600E+02
 -48.147  0.8264E-84  0.1600E+02
 -48.137  0.8264E-84  0.1600E+02
 -48.127  0.8264E-84  0.1600E+02
 -48.117  0.8264E-84  0.1600E+02
 -48.107  0.8264E-84  0.1600E+02
 -48.097  0.8264E-84  0.1600E+02
 -48.087  0.8264E-84  0.1600E+02
 -48.077  0.8264E-84  0.1600E+02
 -48.067  0.8264E-84  0.1600E+02
 -48.057  0.8264E-84  0.1600E+02
 -48.047  0.8264E-84  0.1600E+02
 -48.037  0.8264E-84  0.1600E+02
 -48.027  0.8264E-84  0.1600E+02
 -48.017  0.8264E-84  0.1600E+02
 -48.007  0.8264E-84  0.1600E+02
 -47.997  0.8264E-84  0.1600E+02
 -47.987  0.8264E-84  0.1600E+02
 -47.977  0.8264E-84  0.1600E+02
 -47.967  0.8264E-84  0.1600E+02
 -47.957  0.8264E-84  0.1600E+02
 -47.947  0.8264E-84  0.1600E+02
 -47.937  0.8264E-84  0.1600E+02
 -47.927  0.8264E-84  0.1600E+02
 -47.917  0.8264E-84  0.1600E+02
 -47.907  0.8264E-84  0.1600E+02
 -47.897  0.8264E-84  0.1600E+02
 -47.887  0.8264E-84  0.1600E+02
 -47.877  0.8264E-84  0.1600E+02
 -47.867  0.8264E-84  0.1600E+02
 -47.857  0.8264E-84  0.1600E+02
 -47.847  0.8264E-84  0.1600E+02
 -47.837  0.8264E-84  0.1600E+02
 -47.827  0.8264E-84  0.1600E+02
 -47.817  0.8264E-84  0.1600E+02
 -47.807  0.8264E-84  0.1600E+02
 -47.797  0.8264E-84  0.1600E+02
 -47.787  0.8264E-84  0.1600E+02
 -47.777  0.8264E-84  0.1600E+02
 -47.767  0.8264E-84  0.1600E+02
 -47.757  0.8264E-84  0.1600E+02
 -47.747  0.8264E-84  0.1600E+02
 -47.737  0.8264E-84  0.1600E+02
 -47.727  0.8264E-84  0.1600E+02
 -47.717  0.8264E-84  0.1600E+02
 -47.707  0.8264E-84  0.1600E+02
 -47.697  0.8264E-84  0.1600E+02
 -47.687  0.8264E-84  0.1600E+02
 -47.677  0.8264E-84  0.1600E+02
 -47.667  0.8264E-84  0.1600E+02
 -47.657  0.8264E-84  0.1600E+02
 -47.647  0.8264E-84  0.1600E+02
 -47.637  0.8264E-84  0.1600E+02
 -47.627  0.8264E-84  0.1600E+02
 -47.617  0.8264E-84  0.1600E+02
 -47.607  0.8264E-84  0.1600E+02
 -47.597  0.8264E-84  0.1600E+02
 -47.587  0.8264E-84  0.1600E+02
 -47.577  0.8264E-84  0.1600E+02
 -47.567  0.8264E-84  0.1600E+02
 -47.557  0.8264E-84  0.1600E+02
 -47.547  0.8264E-84  0.1600E+02
 -47.537  0.8264E-84  0.1600E+02
 -47.527  0.8264E-84  0.1600E+02
 -47.517  0.8264E-84  0.1600E+02
 -47.507  0.8264E-84  0.1600E+02
 -47.497  0.8264E-84  0.1600E+02
 -47.487  0.8264E-84  0.1600E+02
 -47.477  0.8264E-84  0.1600E+02
 -47.467  0.8264E-84  0.1600E+02
 -47.457  0.8264E-84  0.1600E+02
 -47.447  0.8264E-84  0.1600E+02
 -47.437  0.8264E-84  0.1600E+02
 -47.427  0.8264E-84  0.1600E+02
 -47.417  0.8264E-84  0.1600E+02
 -47.407  0.8264E-84  0.1600E+02
 -47.397  0.8264E-84  0.1600E+02
 -47.387  0.8264E-84  0.1600E+02
 -47.377  0.8264E-84  0.1600E+02
 -47.367  0.8264E-84  0.1600E+02
 -47.357  0.8264E-84  0.1600E+02
 -47.347  0.8264E-84  0.1600E+02
 -47.337  0.8264E-84  0.1600E+02
 -47.327  0.8264E-84  0.1600E+02
 -47.317  0.8264E-84  0.1600E+02
 -47.307  0.8264E-84  0.1600E+02
 -47.297  0.8264E-84  0.1600E+02
 -47.287  0.8264E-84  0.1600E+02
 -47.277  0.8264E-84  0.1600E+02
 -47.267  0.8264E-84  0.1600E+02
 -47.257  0.8264E-84  0.1600E+02
 -47.247  0.8264E-84  0.1600E+02
 -47.237  0.8264E-84  0.1600E+02
 -47.227  0.8264E-84  0.1600E+02
 -47.217  0.8264E-84  0.1600E+02
 -47.207  0.8264E-84  0.1600E+02
 -47.197  0.8264E-84  0.1600E+02
 -47.187  0.8264E-84  0.1600E+02
 -47.177  0.8264E-84  0.1600E+02
 -47.167  0.8264E-84  0.1600E+02
 -47.157  0.8264E-84  0.1600E+02
 -47.147  0.8264E-84  0.1600E+02
 -47.137  0.8264E-84  0.1600E+02
 -47.127  0.8264E-84  0.1600E+02
 -47.117  0.8264E-84  0.1600E+02
 -47.107  0.8264E-84  0.1600E+02
 -47.097  0.8264E-84  0.1600E+02
 -47.087  0.8264E-84  0.1600E+02
 -47.077  0.8264E-84  0.1600E+02
 -47.067  0.8264E-84  0.1600E+02
 -47.057  0.8264E-84  0.1600E+02
 -47.047  0.8264E-84  0.1600E+02
 -47.037  0.8264E-84  0.1600E+02
 -47.027  0.8264E-84  0.1600E+02
 -47.017  0.8264E-84  0.1600E+02
 -47.007  0.8264E-84  0.1600E+02
 -46.997  0.8264E-84  0.1600E+02
 -46.987  0.8264E-84  0.1600E+02
 -46.977  0.8264E-84  0.1600E+02
 -46.967  0.8264E-84  0.1600E+02
 -46.957  0.8264E-84  0.1600E+02
 -46.947  0.8264E-84  0.1600E+02
 -46.937  0.8264E-84  0.1600E+02
 -46.927  0.8264E-84  0.1600E+02
 -46.917  0.8264E-84  0.1600E+02
 -46.907  0.8264E-84  0.1600E+02
 -46.897  0.8264E-84  0.1600E+02
 -46.887  0.8264E-84  0.1600E+02
 -46.877  0.8264E-84  0.1600E+02
 -46.867  0.8264E-84  0.1600E+02
 -46.857  0.8264E-84  0.1600E+02
 -46.847  0.8264E-84  0.1600E+02
 -46.837  0.8264E-84  0.1600E+02
 -46.827  0.8264E-84  0.1600E+02
 -46.817  0.8264E-84  0.1600E+02
 -46.807  0.8264E-84  0.1600E+02
 -46.797  0.8264E-84  0.1600E+02
 -46.787  0.8264E-84  0.1600E+02
 -46.777  0.8264E-84  0.1600E+02
 -46.767  0.8264E-84  0.1600E+02
 -46.757  0.8264E-84  0.1600E+02
 -46.747  0.8264E-84  0.1600E+02
 -46.737  0.8264E-84  0.1600E+02
 -46.727  0.8264E-84  0.1600E+02
 -46.717  0.8264E-84  0.1600E+02
 -46.707  0.8264E-84  0.1600E+02
 -46.697  0.8264E-84  0.1600E+02
 -46.687  0.8264E-84  0.1600E+02
 -46.677  0.8264E-84  0.1600E+02
 -46.667  0.8264E-84  0.1600E+02
 -46.657  0.8264E-84  0.1600E+02
 -46.647  0.8264E-84  0.1600E+02
 -46.637  0.8264E-84  0.1600E+02
 -46.627  0.8264E-84  0.1600E+02
 -46.617  0.8264E-84  0.1600E+02
 -46.607  0.8264E-84  0.1600E+02
 -46.597  0.8264E-84  0.1600E+02
 -46.587  0.8264E-84  0.1600E+02
 -46.577  0.8264E-84  0.1600E+02
 -46.567  0.8264E-84  0.1600E+02
 -46.557  0.8264E-84  0.1600E+02
 -46.547  0.8264E-84  0.1600E+02
 -46.537  0.8264E-84  0.1600E+02
 -46.527  0.8264E-84  0.1600E+02
 -46.517  0.8264E-84  0.1600E+02
 -46.507  0.8264E-84  0.1600E+02
 -46.497  0.8264E-84  0.1600E+02
 -46.487  0.8264E-84  0.1600E+02
 -46.477  0.8264E-84  0.1600E+02
 -46.467  0.8264E-84  0.1600E+02
 -46.457  0.8264E-84  0.1600E+02
 -46.447  0.8264E-84  0.1600E+02
 -46.437  0.8264E-84  0.1600E+02
 -46.427  0.8264E-84  0.1600E+02
 -46.417  0.8264E-84  0.1600E+02
 -46.407  0.8264E-84  0.1600E+02
 -46.397  0.8264E-84  0.1600E+02
 -46.387  0.8264E-84  0.1600E+02
 -46.377  0.8264E-84  0.1600E+02
 -46.367  0.8264E-84  0.1600E+02
 -46.357  0.8264E-84  0.1600E+02
 -46.347  0.8264E-84  0.1600E+02
 -46.337  0.8264E-84  0.1600E+02
 -46.327  0.8264E-84  0.1600E+02
 -46.317  0.8264E-84  0.1600E+02
 -46.307  0.8264E-84  0.1600E+02
 -46.297  0.8264E-84  0.1600E+02
 -46.287  0.8264E-84  0.1600E+02
 -46.277  0.8264E-84  0.1600E+02
 -46.267  0.8264E-84  0.1600E+02
 -46.257  0.8264E-84  0.1600E+02
 -46.247  0.8264E-84  0.1600E+02
 -46.237  0.8264E-84  0.1600E+02
 -46.227  0.8264E-84  0.1600E+02
 -46.217  0.8264E-84  0.1600E+02
 -46.207  0.8264E-84  0.1600E+02
 -46.197  0.8264E-84  0.1600E+02
 -46.187  0.8264E-84  0.1600E+02
 -46.177  0.8264E-84  0.1600E+02
 -46.167  0.8264E-84  0.1600E+02
 -46.157  0.8264E-84  0.1600E+02
 -46.147  0.8264E-84  0.1600E+02
 -46.137  0.8264E-84  0.1600E+02
 -46.127  0.8264E-84  0.1600E+02
 -46.117  0.8264E-84  0.1600E+02
 -46.107  0.8264E-84  0.1600E+02
 -46.097  0.8264E-84  0.1600E+02
 -46.087  0.8264E-84  0.1600E+02
 -46.077  0.8264E-84  0.1600E+02
 -46.067  0.8264E-84  0.1600E+02
 -46.057  0.8264E-84  0.1600E+02
 -46.047  0.8264E-84  0.1600E+02
 -46.037  0.8264E-84  0.1600E+02
 -46.027  0.8264E-84  0.1600E+02
 -46.017  0.8264E-84  0.1600E+02
 -46.007  0.8264E-84  0.1600E+02
 -45.997  0.8264E-84  0.1600E+02
 -45.987  0.8264E-84  0.1600E+02
 -45.977  0.8264E-84  0.1600E+02
 -45.967  0.8264E-84  0.1600E+02
 -45.957  0.8264E-84  0.1600E+02
 -45.947  0.8264E-84  0.1600E+02
 -45.937  0.8264E-84  0.1600E+02
 -45.927  0.8264E-84  0.1600E+02
 -45.917  0.8264E-84  0.1600E+02
 -45.907  0.8264E-84  0.1600E+02
 -45.897  0.8264E-84  0.1600E+02
 -45.887  0.8264E-84  0.1600E+02
 -45.877  0.8264E-84  0.1600E+02
 -45.867  0.8264E-84  0.1600E+02
 -45.857  0.8264E-84  0.1600E+02
 -45.847  0.8264E-84  0.1600E+02
 -45.837  0.8264E-84  0.1600E+02
 -45.827  0.8264E-84  0.1600E+02
 -45.817  0.8264E-84  0.1600E+02
 -45.807  0.8264E-84  0.1600E+02
 -45.797  0.8264E-84  0.1600E+02
 -45.787  0.8264E-84  0.1600E+02
 -45.777  0.8264E-84  0.1600E+02
 -45.767  0.8264E-84  0.1600E+02
 -45.757  0.8264E-84  0.1600E+02
 -45.747  0.8264E-84  0.1600E+02
 -45.737  0.8264E-84  0.1600E+02
 -45.727  0.8264E-84  0.1600E+02
 -45.717  0.8264E-84  0.1600E+02
 -45.707  0.8264E-84  0.1600E+02
 -45.697  0.8264E-84  0.1600E+02
 -45.687  0.8264E-84  0.1600E+02
 -45.677  0.8264E-84  0.1600E+02
 -45.667  0.8264E-84  0.1600E+02
 -45.657  0.8264E-84  0.1600E+02
 -45.647  0.8264E-84  0.1600E+02
 -45.637  0.8264E-84  0.1600E+02
 -45.627  0.8264E-84  0.1600E+02
 -45.617  0.8264E-84  0.1600E+02
 -45.607  0.8264E-84  0.1600E+02
 -45.597  0.8264E-84  0.1600E+02
 -45.587  0.8264E-84  0.1600E+02
 -45.577  0.8264E-84  0.1600E+02
 -45.567  0.8264E-84  0.1600E+02
 -45.557  0.8264E-84  0.1600E+02
 -45.547  0.8264E-84  0.1600E+02
 -45.537  0.8264E-84  0.1600E+02
 -45.527  0.8264E-84  0.1600E+02
 -45.517  0.8264E-84  0.1600E+02
 -45.507  0.8264E-84  0.1600E+02
 -45.497  0.8264E-84  0.1600E+02
 -45.487  0.8264E-84  0.1600E+02
 -45.477  0.8264E-84  0.1600E+02
 -45.467  0.8264E-84  0.1600E+02
 -45.457  0.8264E-84  0.1600E+02
 -45.447  0.8264E-84  0.1600E+02
 -45.437  0.8264E-84  0.1600E+02
 -45.427  0.8264E-84  0.1600E+02
 -45.417  0.8264E-84  0.1600E+02
 -45.407  0.8264E-84  0.1600E+02
 -45.397  0.8264E-84  0.1600E+02
 -45.387  0.8264E-84  0.1600E+02
 -45.377  0.8264E-84  0.1600E+02
 -45.367  0.8264E-84  0.1600E+02
 -45.357  0.8264E-84  0.1600E+02
 -45.347  0.8264E-84  0.1600E+02
 -45.337  0.8264E-84  0.1600E+02
 -45.327  0.8264E-84  0.1600E+02
 -45.317  0.8264E-84  0.1600E+02
 -45.307  0.8264E-84  0.1600E+02
 -45.297  0.8264E-84  0.1600E+02
 -45.287  0.8264E-84  0.1600E+02
 -45.277  0.8264E-84  0.1600E+02
 -45.267  0.8264E-84  0.1600E+02
 -45.257  0.8264E-84  0.1600E+02
 -45.247  0.8264E-84  0.1600E+02
 -45.237  0.8264E-84  0.1600E+02
 -45.227  0.8264E-84  0.1600E+02
 -45.217  0.8264E-84  0.1600E+02
 -45.207  0.8264E-84  0.1600E+02
 -45.197  0.8264E-84  0.1600E+02
 -45.187  0.8264E-84  0.1600E+02
 -45.177  0.8264E-84  0.1600E+02
 -45.167  0.8264E-84  0.1600E+02
 -45.157  0.8264E-84  0.1600E+02
 -45.147  0.8264E-84  0.1600E+02
 -45.137  0.8264E-84  0.1600E+02
 -45.127  0.8264E-84  0.1600E+02
 -45.117  0.8264E-84  0.1600E+02
 -45.107  0.8264E-84  0.1600E+02
 -45.097  0.8264E-84  0.1600E+02
 -45.087  0.8264E-84  0.1600E+02
 -45.077  0.8264E-84  0.1600E+02
 -45.067  0.8264E-84  0.1600E+02
 -45.057  0.8264E-84  0.1600E+02
 -45.047  0.8264E-84  0.1600E+02
 -45.037  0.8264E-84  0.1600E+02
 -45.027  0.8264E-84  0.1600E+02
 -45.017  0.8264E-84  0.1600E+02
 -45.007  0.8264E-84  0.1600E+02
 -44.997  0.8264E-84  0.1600E+02
 -44.987  0.8264E-84  0.1600E+02
 -44.977  0.8264E-84  0.1600E+02
 -44.967  0.8264E-84  0.1600E+02
 -44.957  0.8264E-84  0.1600E+02
 -44.947  0.8264E-84  0.1600E+02
 -44.937  0.8264E-84  0.1600E+02
 -44.927  0.8264E-84  0.1600E+02
 -44.917  0.8264E-84  0.1600E+02
 -44.907  0.8264E-84  0.1600E+02
 -44.897  0.8264E-84  0.1600E+02
 -44.887  0.8264E-84  0.1600E+02
 -44.877  0.8264E-84  0.1600E+02
 -44.867  0.8264E-84  0.1600E+02
 -44.857  0.8264E-84  0.1600E+02
 -44.847  0.8264E-84  0.1600E+02
 -44.837  0.8264E-84  0.1600E+02
 -44.827  0.8264E-84  0.1600E+02
 -44.817  0.8264E-84  0.1600E+02
 -44.807  0.8264E-84  0.1600E+02
 -44.797  0.8264E-84  0.1600E+02
 -44.787  0.8264E-84  0.1600E+02
 -44.777  0.8264E-84  0.1600E+02
 -44.767  0.8264E-84  0.1600E+02
 -44.757  0.8264E-84  0.1600E+02
 -44.747  0.8264E-84  0.1600E+02
 -44.737  0.8264E-84  0.1600E+02
 -44.727  0.8264E-84  0.1600E+02
 -44.717  0.8264E-84  0.1600E+02
 -44.707  0.8264E-84  0.1600E+02
 -44.697  0.8264E-84  0.1600E+02
 -44.687  0.8264E-84  0.1600E+02
 -44.677  0.8264E-84  0.1600E+02
 -44.667  0.8264E-84  0.1600E+02
 -44.657  0.8264E-84  0.1600E+02
 -44.647  0.8264E-84  0.1600E+02
 -44.637  0.8264E-84  0.1600E+02
 -44.627  0.8264E-84  0.1600E+02
 -44.617  0.8264E-84  0.1600E+02
 -44.607  0.8264E-84  0.1600E+02
 -44.597  0.8264E-84  0.1600E+02
 -44.587  0.8264E-84  0.1600E+02
 -44.577  0.8264E-84  0.1600E+02
 -44.567  0.8264E-84  0.1600E+02
 -44.557  0.8264E-84  0.1600E+02
 -44.547  0.8264E-84  0.1600E+02
 -44.537  0.8264E-84  0.1600E+02
 -44.527  0.8264E-84  0.1600E+02
 -44.517  0.8264E-84  0.1600E+02
 -44.507  0.8264E-84  0.1600E+02
 -44.497  0.8264E-84  0.1600E+02
 -44.487  0.8264E-84  0.1600E+02
 -44.477  0.8264E-84  0.1600E+02
 -44.467  0.8264E-84  0.1600E+02
 -44.457  0.8264E-84  0.1600E+02
 -44.447  0.8264E-84  0.1600E+02
 -44.437  0.8264E-84  0.1600E+02
 -44.427  0.8264E-84  0.1600E+02
 -44.417  0.8264E-84  0.1600E+02
 -44.407  0.8264E-84  0.1600E+02
 -44.397  0.8264E-84  0.1600E+02
 -44.387  0.8264E-84  0.1600E+02
 -44.377  0.8264E-84  0.1600E+02
 -44.367  0.8264E-84  0.1600E+02
 -44.357  0.8264E-84  0.1600E+02
 -44.347  0.8264E-84  0.1600E+02
 -44.337  0.8264E-84  0.1600E+02
 -44.327  0.8264E-84  0.1600E+02
 -44.317  0.8264E-84  0.1600E+02
 -44.307  0.8264E-84  0.1600E+02
 -44.297  0.8264E-84  0.1600E+02
 -44.287  0.8264E-84  0.1600E+02
 -44.277  0.8264E-84  0.1600E+02
 -44.267  0.8264E-84  0.1600E+02
 -44.257  0.8264E-84  0.1600E+02
 -44.247  0.8264E-84  0.1600E+02
 -44.237  0.8264E-84  0.1600E+02
 -44.227  0.8264E-84  0.1600E+02
 -44.217  0.8264E-84  0.1600E+02
 -44.207  0.8264E-84  0.1600E+02
 -44.197  0.8264E-84  0.1600E+02
 -44.187  0.8264E-84  0.1600E+02
 -44.177  0.8264E-84  0.1600E+02
 -44.167  0.8264E-84  0.1600E+02
 -44.157  0.8264E-84  0.1600E+02
 -44.147  0.8264E-84  0.1600E+02
 -44.137  0.8264E-84  0.1600E+02
 -44.127  0.8264E-84  0.1600E+02
 -44.117  0.8264E-84  0.1600E+02
 -44.107  0.8264E-84  0.1600E+02
 -44.097  0.8264E-84  0.1600E+02
 -44.087  0.8264E-84  0.1600E+02
 -44.077  0.8264E-84  0.1600E+02
 -44.067  0.8264E-84  0.1600E+02
 -44.057  0.8264E-84  0.1600E+02
 -44.047  0.8264E-84  0.1600E+02
 -44.037  0.8264E-84  0.1600E+02
 -44.027  0.8264E-84  0.1600E+02
 -44.017  0.8264E-84  0.1600E+02
 -44.007  0.8264E-84  0.1600E+02
 -43.997  0.8264E-84  0.1600E+02
 -43.987  0.8264E-84  0.1600E+02
 -43.977  0.8264E-84  0.1600E+02
 -43.967  0.8264E-84  0.1600E+02
 -43.957  0.8264E-84  0.1600E+02
 -43.947  0.8264E-84  0.1600E+02
 -43.937  0.8264E-84  0.1600E+02
 -43.927  0.8264E-84  0.1600E+02
 -43.917  0.8264E-84  0.1600E+02
 -43.907  0.8264E-84  0.1600E+02
 -43.897  0.8264E-84  0.1600E+02
 -43.887  0.8264E-84  0.1600E+02
 -43.877  0.8264E-84  0.1600E+02
 -43.867  0.8264E-84  0.1600E+02
 -43.857  0.8264E-84  0.1600E+02
 -43.847  0.8264E-84  0.1600E+02
 -43.837  0.8264E-84  0.1600E+02
 -43.827  0.8264E-84  0.1600E+02
 -43.817  0.8264E-84  0.1600E+02
 -43.807  0.8264E-84  0.1600E+02
 -43.797  0.8264E-84  0.1600E+02
 -43.787  0.8264E-84  0.1600E+02
 -43.777  0.8264E-84  0.1600E+02
 -43.767  0.8264E-84  0.1600E+02
 -43.757  0.8264E-84  0.1600E+02
 -43.747  0.8264E-84  0.1600E+02
 -43.737  0.8264E-84  0.1600E+02
 -43.727  0.8264E-84  0.1600E+02
 -43.717  0.8264E-84  0.1600E+02
 -43.707  0.8264E-84  0.1600E+02
 -43.697  0.8264E-84  0.1600E+02
 -43.687  0.8264E-84  0.1600E+02
 -43.677  0.8264E-84  0.1600E+02
 -43.667  0.8264E-84  0.1600E+02
 -43.657  0.8264E-84  0.1600E+02
 -43.647  0.8264E-84  0.1600E+02
 -43.637  0.8264E-84  0.1600E+02
 -43.627  0.8264E-84  0.1600E+02
 -43.617  0.8264E-84  0.1600E+02
 -43.607  0.8264E-84  0.1600E+02
 -43.597  0.8264E-84  0.1600E+02
 -43.587  0.8264E-84  0.1600E+02
 -43.577  0.8264E-84  0.1600E+02
 -43.567  0.8264E-84  0.1600E+02
 -43.557  0.8264E-84  0.1600E+02
 -43.547  0.8264E-84  0.1600E+02
 -43.537  0.8264E-84  0.1600E+02
 -43.527  0.8264E-84  0.1600E+02
 -43.517  0.8264E-84  0.1600E+02
 -43.507  0.8264E-84  0.1600E+02
 -43.497  0.8264E-84  0.1600E+02
 -43.487  0.8264E-84  0.1600E+02
 -43.477  0.8264E-84  0.1600E+02
 -43.467  0.8264E-84  0.1600E+02
 -43.457  0.8264E-84  0.1600E+02
 -43.447  0.8264E-84  0.1600E+02
 -43.437  0.8264E-84  0.1600E+02
 -43.427  0.8264E-84  0.1600E+02
 -43.417  0.8264E-84  0.1600E+02
 -43.407  0.8264E-84  0.1600E+02
 -43.397  0.8264E-84  0.1600E+02
 -43.387  0.8264E-84  0.1600E+02
 -43.377  0.8264E-84  0.1600E+02
 -43.367  0.8264E-84  0.1600E+02
 -43.357  0.8264E-84  0.1600E+02
 -43.347  0.8264E-84  0.1600E+02
 -43.337  0.8264E-84  0.1600E+02
 -43.327  0.8264E-84  0.1600E+02
 -43.317  0.8264E-84  0.1600E+02
 -43.307  0.8264E-84  0.1600E+02
 -43.297  0.8264E-84  0.1600E+02
 -43.287  0.8264E-84  0.1600E+02
 -43.277  0.8264E-84  0.1600E+02
 -43.267  0.8264E-84  0.1600E+02
 -43.257  0.8264E-84  0.1600E+02
 -43.247  0.8264E-84  0.1600E+02
 -43.237  0.8264E-84  0.1600E+02
 -43.227  0.8264E-84  0.1600E+02
 -43.217  0.8264E-84  0.1600E+02
 -43.207  0.8264E-84  0.1600E+02
 -43.197  0.8264E-84  0.1600E+02
 -43.187  0.8264E-84  0.1600E+02
 -43.177  0.8264E-84  0.1600E+02
 -43.167  0.8264E-84  0.1600E+02
 -43.157  0.8264E-84  0.1600E+02
 -43.147  0.8264E-84  0.1600E+02
 -43.137  0.8264E-84  0.1600E+02
 -43.127  0.8264E-84  0.1600E+02
 -43.117  0.8264E-84  0.1600E+02
 -43.107  0.8264E-84  0.1600E+02
 -43.097  0.8264E-84  0.1600E+02
 -43.087  0.8264E-84  0.1600E+02
 -43.077  0.8264E-84  0.1600E+02
 -43.067  0.8264E-84  0.1600E+02
 -43.057  0.8264E-84  0.1600E+02
 -43.047  0.8264E-84  0.1600E+02
 -43.037  0.8264E-84  0.1600E+02
 -43.027  0.8264E-84  0.1600E+02
 -43.017  0.8264E-84  0.1600E+02
 -43.007  0.8264E-84  0.1600E+02
 -42.997  0.8264E-84  0.1600E+02
 -42.987  0.8264E-84  0.1600E+02
 -42.977  0.8264E-84  0.1600E+02
 -42.967  0.8264E-84  0.1600E+02
 -42.957  0.8264E-84  0.1600E+02
 -42.947  0.8264E-84  0.1600E+02
 -42.937  0.8264E-84  0.1600E+02
 -42.927  0.8264E-84  0.1600E+02
 -42.917  0.8264E-84  0.1600E+02
 -42.907  0.8264E-84  0.1600E+02
 -42.897  0.8264E-84  0.1600E+02
 -42.887  0.8264E-84  0.1600E+02
 -42.877  0.8264E-84  0.1600E+02
 -42.867  0.8264E-84  0.1600E+02
 -42.857  0.8264E-84  0.1600E+02
 -42.847  0.8264E-84  0.1600E+02
 -42.837  0.8264E-84  0.1600E+02
 -42.827  0.8264E-84  0.1600E+02
 -42.817  0.8264E-84  0.1600E+02
 -42.807  0.8264E-84  0.1600E+02
 -42.797  0.8264E-84  0.1600E+02
 -42.787  0.8264E-84  0.1600E+02
 -42.777  0.8264E-84  0.1600E+02
 -42.767  0.8264E-84  0.1600E+02
 -42.757  0.8264E-84  0.1600E+02
 -42.747  0.8264E-84  0.1600E+02
 -42.737  0.8264E-84  0.1600E+02
 -42.727  0.8264E-84  0.1600E+02
 -42.717  0.8264E-84  0.1600E+02
 -42.707  0.8264E-84  0.1600E+02
 -42.697  0.8264E-84  0.1600E+02
 -42.687  0.8264E-84  0.1600E+02
 -42.677  0.8264E-84  0.1600E+02
 -42.667  0.8264E-84  0.1600E+02
 -42.657  0.8264E-84  0.1600E+02
 -42.647  0.8264E-84  0.1600E+02
 -42.637  0.8264E-84  0.1600E+02
 -42.627  0.8264E-84  0.1600E+02
 -42.617  0.8264E-84  0.1600E+02
 -42.607  0.8264E-84  0.1600E+02
 -42.597  0.8264E-84  0.1600E+02
 -42.587  0.8264E-84  0.1600E+02
 -42.577  0.8264E-84  0.1600E+02
 -42.567  0.8264E-84  0.1600E+02
 -42.557  0.8264E-84  0.1600E+02
 -42.547  0.8264E-84  0.1600E+02
 -42.537  0.8264E-84  0.1600E+02
 -42.527  0.8264E-84  0.1600E+02
 -42.517  0.8264E-84  0.1600E+02
 -42.507  0.8264E-84  0.1600E+02
 -42.497  0.8264E-84  0.1600E+02
 -42.487  0.8264E-84  0.1600E+02
 -42.477  0.8264E-84  0.1600E+02
 -42.467  0.8264E-84  0.1600E+02
 -42.457  0.8264E-84  0.1600E+02
 -42.447  0.8264E-84  0.1600E+02
 -42.437  0.8264E-84  0.1600E+02
 -42.427  0.8264E-84  0.1600E+02
 -42.417  0.8264E-84  0.1600E+02
 -42.407  0.8264E-84  0.1600E+02
 -42.397  0.8264E-84  0.1600E+02
 -42.387  0.8264E-84  0.1600E+02
 -42.377  0.8264E-84  0.1600E+02
 -42.367  0.8264E-84  0.1600E+02
 -42.357  0.8264E-84  0.1600E+02
 -42.347  0.8264E-84  0.1600E+02
 -42.337  0.8264E-84  0.1600E+02
 -42.327  0.8264E-84  0.1600E+02
 -42.317  0.8264E-84  0.1600E+02
 -42.307  0.8264E-84  0.1600E+02
 -42.297  0.8264E-84  0.1600E+02
 -42.287  0.8264E-84  0.1600E+02
 -42.277  0.8264E-84  0.1600E+02
 -42.267  0.8264E-84  0.1600E+02
 -42.257  0.8264E-84  0.1600E+02
 -42.247  0.8264E-84  0.1600E+02
 -42.237  0.8264E-84  0.1600E+02
 -42.227  0.8264E-84  0.1600E+02
 -42.217  0.8264E-84  0.1600E+02
 -42.207  0.8264E-84  0.1600E+02
 -42.197  0.8264E-84  0.1600E+02
 -42.187  0.8264E-84  0.1600E+02
 -42.177  0.8264E-84  0.1600E+02
 -42.167  0.8264E-84  0.1600E+02
 -42.157  0.8264E-84  0.1600E+02
 -42.147  0.8264E-84  0.1600E+02
 -42.137  0.8264E-84  0.1600E+02
 -42.127  0.8264E-84  0.1600E+02
 -42.117  0.8264E-84  0.1600E+02
 -42.107  0.8264E-84  0.1600E+02
 -42.097  0.8264E-84  0.1600E+02
 -42.087  0.8264E-84  0.1600E+02
 -42.077  0.8264E-84  0.1600E+02
 -42.067  0.8264E-84  0.1600E+02
 -42.057  0.8264E-84  0.1600E+02
 -42.047  0.8264E-84  0.1600E+02
 -42.037  0.8264E-84  0.1600E+02
 -42.027  0.8264E-84  0.1600E+02
 -42.017  0.8264E-84  0.1600E+02
 -42.007  0.8264E-84  0.1600E+02
 -41.997  0.8264E-84  0.1600E+02
 -41.987  0.8264E-84  0.1600E+02
 -41.977  0.8264E-84  0.1600E+02
 -41.967  0.8264E-84  0.1600E+02
 -41.957  0.8264E-84  0.1600E+02
 -41.947  0.8264E-84  0.1600E+02
 -41.937  0.8264E-84  0.1600E+02
 -41.927  0.8264E-84  0.1600E+02
 -41.917  0.8264E-84  0.1600E+02
 -41.907  0.8264E-84  0.1600E+02
 -41.897  0.8264E-84  0.1600E+02
 -41.887  0.8264E-84  0.1600E+02
 -41.877  0.8264E-84  0.1600E+02
 -41.867  0.8264E-84  0.1600E+02
 -41.857  0.8264E-84  0.1600E+02
 -41.847  0.8264E-84  0.1600E+02
 -41.837  0.8264E-84  0.1600E+02
 -41.827  0.8264E-84  0.1600E+02
 -41.817  0.8264E-84  0.1600E+02
 -41.807  0.8264E-84  0.1600E+02
 -41.797  0.8264E-84  0.1600E+02
 -41.787  0.8264E-84  0.1600E+02
 -41.777  0.8264E-84  0.1600E+02
 -41.767  0.8264E-84  0.1600E+02
 -41.757  0.8264E-84  0.1600E+02
 -41.747  0.8264E-84  0.1600E+02
 -41.737  0.8264E-84  0.1600E+02
 -41.727  0.8264E-84  0.1600E+02
 -41.717  0.8264E-84  0.1600E+02
 -41.707  0.8264E-84  0.1600E+02
 -41.697  0.8264E-84  0.1600E+02
 -41.687  0.8264E-84  0.1600E+02
 -41.677  0.8264E-84  0.1600E+02
 -41.667  0.8264E-84  0.1600E+02
 -41.657  0.8264E-84  0.1600E+02
 -41.647  0.8264E-84  0.1600E+02
 -41.637  0.8264E-84  0.1600E+02
 -41.627  0.8264E-84  0.1600E+02
 -41.617  0.8264E-84  0.1600E+02
 -41.607  0.8264E-84  0.1600E+02
 -41.597  0.8264E-84  0.1600E+02
 -41.587  0.8264E-84  0.1600E+02
 -41.577  0.8264E-84  0.1600E+02
 -41.567  0.8264E-84  0.1600E+02
 -41.557  0.8264E-84  0.1600E+02
 -41.547  0.8264E-84  0.1600E+02
 -41.537  0.8264E-84  0.1600E+02
 -41.527  0.8264E-84  0.1600E+02
 -41.517  0.8264E-84  0.1600E+02
 -41.507  0.8264E-84  0.1600E+02
 -41.497  0.8264E-84  0.1600E+02
 -41.487  0.8264E-84  0.1600E+02
 -41.477  0.8264E-84  0.1600E+02
 -41.467  0.8264E-84  0.1600E+02
 -41.457  0.8264E-84  0.1600E+02
 -41.447  0.8264E-84  0.1600E+02
 -41.437  0.8264E-84  0.1600E+02
 -41.427  0.8264E-84  0.1600E+02
 -41.417  0.8264E-84  0.1600E+02
 -41.407  0.8264E-84  0.1600E+02
 -41.397  0.8264E-84  0.1600E+02
 -41.387  0.8264E-84  0.1600E+02
 -41.377  0.8264E-84  0.1600E+02
 -41.367  0.8264E-84  0.1600E+02
 -41.357  0.8264E-84  0.1600E+02
 -41.347  0.8264E-84  0.1600E+02
 -41.337  0.8264E-84  0.1600E+02
 -41.327  0.8264E-84  0.1600E+02
 -41.317  0.8264E-84  0.1600E+02
 -41.307  0.8264E-84  0.1600E+02
 -41.297  0.8264E-84  0.1600E+02
 -41.287  0.8264E-84  0.1600E+02
 -41.277  0.8264E-84  0.1600E+02
 -41.267  0.8264E-84  0.1600E+02
 -41.257  0.8264E-84  0.1600E+02
 -41.247  0.8264E-84  0.1600E+02
 -41.237  0.8264E-84  0.1600E+02
 -41.227  0.8264E-84  0.1600E+02
 -41.217  0.8264E-84  0.1600E+02
 -41.207  0.8264E-84  0.1600E+02
 -41.197  0.8264E-84  0.1600E+02
 -41.187  0.8264E-84  0.1600E+02
 -41.177  0.8264E-84  0.1600E+02
 -41.167  0.8264E-84  0.1600E+02
 -41.157  0.8264E-84  0.1600E+02
 -41.147  0.8264E-84  0.1600E+02
 -41.137  0.8264E-84  0.1600E+02
 -41.127  0.8264E-84  0.1600E+02
 -41.117  0.8264E-84  0.1600E+02
 -41.107  0.8264E-84  0.1600E+02
 -41.097  0.8264E-84  0.1600E+02
 -41.087  0.8264E-84  0.1600E+02
 -41.077  0.8264E-84  0.1600E+02
 -41.067  0.8264E-84  0.1600E+02
 -41.057  0.8264E-84  0.1600E+02
 -41.047  0.8264E-84  0.1600E+02
 -41.037  0.8264E-84  0.1600E+02
 -41.027  0.8264E-84  0.1600E+02
 -41.017  0.8264E-84  0.1600E+02
 -41.007  0.8264E-84  0.1600E+02
 -40.997  0.8264E-84  0.1600E+02
 -40.987  0.8264E-84  0.1600E+02
 -40.977  0.8264E-84  0.1600E+02
 -40.967  0.8264E-84  0.1600E+02
 -40.957  0.8264E-84  0.1600E+02
 -40.947  0.8264E-84  0.1600E+02
 -40.937  0.8264E-84  0.1600E+02
 -40.927  0.8264E-84  0.1600E+02
 -40.917  0.8264E-84  0.1600E+02
 -40.907  0.8264E-84  0.1600E+02
 -40.897  0.8264E-84  0.1600E+02
 -40.887  0.8264E-84  0.1600E+02
 -40.877  0.8264E-84  0.1600E+02
 -40.867  0.8264E-84  0.1600E+02
 -40.857  0.8264E-84  0.1600E+02
 -40.847  0.8264E-84  0.1600E+02
 -40.837  0.8264E-84  0.1600E+02
 -40.827  0.8264E-84  0.1600E+02
 -40.817  0.8264E-84  0.1600E+02
 -40.807  0.8264E-84  0.1600E+02
 -40.797  0.8264E-84  0.1600E+02
 -40.787  0.8264E-84  0.1600E+02
 -40.777  0.8264E-84  0.1600E+02
 -40.767  0.8264E-84  0.1600E+02
 -40.757  0.8264E-84  0.1600E+02
 -40.747  0.8264E-84  0.1600E+02
 -40.737  0.8264E-84  0.1600E+02
 -40.727  0.8264E-84  0.1600E+02
 -40.717  0.8264E-84  0.1600E+02
 -40.707  0.8264E-84  0.1600E+02
 -40.697  0.8264E-84  0.1600E+02
 -40.687  0.8264E-84  0.1600E+02
 -40.677  0.8264E-84  0.1600E+02
 -40.667  0.8264E-84  0.1600E+02
 -40.657  0.8264E-84  0.1600E+02
 -40.647  0.8264E-84  0.1600E+02
 -40.637  0.8264E-84  0.1600E+02
 -40.627  0.8264E-84  0.1600E+02
 -40.617  0.8264E-84  0.1600E+02
 -40.607  0.8264E-84  0.1600E+02
 -40.597  0.8264E-84  0.1600E+02
 -40.587  0.8264E-84  0.1600E+02
 -40.577  0.8264E-84  0.1600E+02
 -40.567  0.8264E-84  0.1600E+02
 -40.557  0.8264E-84  0.1600E+02
 -40.547  0.8264E-84  0.1600E+02
 -40.537  0.8264E-84  0.1600E+02
 -40.527  0.8264E-84  0.1600E+02
 -40.517  0.8264E-84  0.1600E+02
 -40.507  0.8264E-84  0.1600E+02
 -40.497  0.8264E-84  0.1600E+02
 -40.487  0.8264E-84  0.1600E+02
 -40.477  0.8264E-84  0.1600E+02
 -40.467  0.8264E-84  0.1600E+02
 -40.457  0.8264E-84  0.1600E+02
 -40.447  0.8264E-84  0.1600E+02
 -40.437  0.8264E-84  0.1600E+02
 -40.427  0.8264E-84  0.1600E+02
 -40.417  0.8264E-84  0.1600E+02
 -40.407  0.8264E-84  0.1600E+02
 -40.397  0.8264E-84  0.1600E+02
 -40.387  0.8264E-84  0.1600E+02
 -40.377  0.8264E-84  0.1600E+02
 -40.367  0.8264E-84  0.1600E+02
 -40.357  0.8264E-84  0.1600E+02
 -40.347  0.8264E-84  0.1600E+02
 -40.337  0.8264E-84  0.1600E+02
 -40.327  0.8264E-84  0.1600E+02
 -40.317  0.8264E-84  0.1600E+02
 -40.307  0.8264E-84  0.1600E+02
 -40.297  0.8264E-84  0.1600E+02
 -40.287  0.8264E-84  0.1600E+02
 -40.277  0.8264E-84  0.1600E+02
 -40.267  0.8264E-84  0.1600E+02
 -40.257  0.8264E-84  0.1600E+02
 -40.247  0.8264E-84  0.1600E+02
 -40.237  0.8264E-84  0.1600E+02
 -40.227  0.8264E-84  0.1600E+02
 -40.217  0.8264E-84  0.1600E+02
 -40.207  0.8264E-84  0.1600E+02
 -40.197  0.8264E-84  0.1600E+02
 -40.187  0.8264E-84  0.1600E+02
 -40.177  0.8264E-84  0.1600E+02
 -40.167  0.8264E-84  0.1600E+02
 -40.157  0.8264E-84  0.1600E+02
 -40.147  0.8264E-84  0.1600E+02
 -40.137  0.8264E-84  0.1600E+02
 -40.127  0.8264E-84  0.1600E+02
 -40.117  0.8264E-84  0.1600E+02
 -40.107  0.8264E-84  0.1600E+02
 -40.097  0.8264E-84  0.1600E+02
 -40.087  0.8264E-84  0.1600E+02
 -40.077  0.8264E-84  0.1600E+02
 -40.067  0.8264E-84  0.1600E+02
 -40.057  0.8264E-84  0.1600E+02
 -40.047  0.8264E-84  0.1600E+02
 -40.037  0.8264E-84  0.1600E+02
 -40.027  0.8264E-84  0.1600E+02
 -40.017  0.8264E-84  0.1600E+02
 -40.007  0.8264E-84  0.1600E+02
 -39.997  0.8264E-84  0.1600E+02
 -39.987  0.8264E-84  0.1600E+02
 -39.977  0.8264E-84  0.1600E+02
 -39.967  0.8264E-84  0.1600E+02
 -39.957  0.8264E-84  0.1600E+02
 -39.947  0.8264E-84  0.1600E+02
 -39.937  0.8264E-84  0.1600E+02
 -39.927  0.8264E-84  0.1600E+02
 -39.917  0.8264E-84  0.1600E+02
 -39.907  0.8264E-84  0.1600E+02
 -39.897  0.8264E-84  0.1600E+02
 -39.887  0.8264E-84  0.1600E+02
 -39.877  0.8264E-84  0.1600E+02
 -39.867  0.8264E-84  0.1600E+02
 -39.857  0.8264E-84  0.1600E+02
 -39.847  0.8264E-84  0.1600E+02
 -39.837  0.8264E-84  0.1600E+02
 -39.827  0.8264E-84  0.1600E+02
 -39.817  0.8264E-84  0.1600E+02
 -39.807  0.8264E-84  0.1600E+02
 -39.797  0.8264E-84  0.1600E+02
 -39.787  0.8264E-84  0.1600E+02
 -39.777  0.8264E-84  0.1600E+02
 -39.767  0.8264E-84  0.1600E+02
 -39.757  0.8264E-84  0.1600E+02
 -39.747  0.8264E-84  0.1600E+02
 -39.737  0.8264E-84  0.1600E+02
 -39.727  0.8264E-84  0.1600E+02
 -39.717  0.8264E-84  0.1600E+02
 -39.707  0.8264E-84  0.1600E+02
 -39.697  0.8264E-84  0.1600E+02
 -39.687  0.8264E-84  0.1600E+02
 -39.677  0.8264E-84  0.1600E+02
 -39.667  0.8264E-84  0.1600E+02
 -39.657  0.8264E-84  0.1600E+02
 -39.647  0.8264E-84  0.1600E+02
 -39.637  0.8264E-84  0.1600E+02
 -39.627  0.8264E-84  0.1600E+02
 -39.617  0.8264E-84  0.1600E+02
 -39.607  0.8264E-84  0.1600E+02
 -39.597  0.8264E-84  0.1600E+02
 -39.587  0.8264E-84  0.1600E+02
 -39.577  0.8264E-84  0.1600E+02
 -39.567  0.8264E-84  0.1600E+02
 -39.557  0.8264E-84  0.1600E+02
 -39.547  0.8264E-84  0.1600E+02
 -39.537  0.8264E-84  0.1600E+02
 -39.527  0.8264E-84  0.1600E+02
 -39.517  0.8264E-84  0.1600E+02
 -39.507  0.8264E-84  0.1600E+02
 -39.497  0.8264E-84  0.1600E+02
 -39.487  0.8264E-84  0.1600E+02
 -39.477  0.8264E-84  0.1600E+02
 -39.467  0.8264E-84  0.1600E+02
 -39.457  0.8264E-84  0.1600E+02
 -39.447  0.8264E-84  0.1600E+02
 -39.437  0.8264E-84  0.1600E+02
 -39.427  0.8264E-84  0.1600E+02
 -39.417  0.8264E-84  0.1600E+02
 -39.407  0.8264E-84  0.1600E+02
 -39.397  0.8264E-84  0.1600E+02
 -39.387  0.8264E-84  0.1600E+02
 -39.377  0.8264E-84  0.1600E+02
 -39.367  0.8264E-84  0.1600E+02
 -39.357  0.8264E-84  0.1600E+02
 -39.347  0.8264E-84  0.1600E+02
 -39.337  0.8264E-84  0.1600E+02
 -39.327  0.8264E-84  0.1600E+02
 -39.317  0.8264E-84  0.1600E+02
 -39.307  0.8264E-84  0.1600E+02
 -39.297  0.8264E-84  0.1600E+02
 -39.287  0.8264E-84  0.1600E+02
 -39.277  0.8264E-84  0.1600E+02
 -39.267  0.8264E-84  0.1600E+02
 -39.257  0.8264E-84  0.1600E+02
 -39.247  0.8264E-84  0.1600E+02
 -39.237  0.8264E-84  0.1600E+02
 -39.227  0.8264E-84  0.1600E+02
 -39.217  0.8264E-84  0.1600E+02
 -39.207  0.8264E-84  0.1600E+02
 -39.197  0.8264E-84  0.1600E+02
 -39.187  0.8264E-84  0.1600E+02
 -39.177  0.8264E-84  0.1600E+02
 -39.167  0.8264E-84  0.1600E+02
 -39.157  0.8264E-84  0.1600E+02
 -39.147  0.8264E-84  0.1600E+02
 -39.137  0.8264E-84  0.1600E+02
 -39.127  0.8264E-84  0.1600E+02
 -39.117  0.8264E-84  0.1600E+02
 -39.107  0.8264E-84  0.1600E+02
 -39.097  0.8264E-84  0.1600E+02
 -39.087  0.8264E-84  0.1600E+02
 -39.077  0.8264E-84  0.1600E+02
 -39.067  0.8264E-84  0.1600E+02
 -39.057  0.8264E-84  0.1600E+02
 -39.047  0.8264E-84  0.1600E+02
 -39.037  0.8264E-84  0.1600E+02
 -39.027  0.8264E-84  0.1600E+02
 -39.017  0.8264E-84  0.1600E+02
 -39.007  0.8264E-84  0.1600E+02
 -38.997  0.8264E-84  0.1600E+02
 -38.987  0.8264E-84  0.1600E+02
 -38.977  0.8264E-84  0.1600E+02
 -38.967  0.8264E-84  0.1600E+02
 -38.957  0.8264E-84  0.1600E+02
 -38.947  0.8264E-84  0.1600E+02
 -38.937  0.8264E-84  0.1600E+02
 -38.927  0.8264E-84  0.1600E+02
 -38.917  0.8264E-84  0.1600E+02
 -38.907  0.8264E-84  0.1600E+02
 -38.897  0.8264E-84  0.1600E+02
 -38.887  0.8264E-84  0.1600E+02
 -38.877  0.8264E-84  0.1600E+02
 -38.867  0.8264E-84  0.1600E+02
 -38.857  0.8264E-84  0.1600E+02
 -38.847  0.8264E-84  0.1600E+02
 -38.837  0.8264E-84  0.1600E+02
 -38.827  0.8264E-84  0.1600E+02
 -38.817  0.8264E-84  0.1600E+02
 -38.807  0.8264E-84  0.1600E+02
 -38.797  0.8264E-84  0.1600E+02
 -38.787  0.8264E-84  0.1600E+02
 -38.777  0.8264E-84  0.1600E+02
 -38.767  0.8264E-84  0.1600E+02
 -38.757  0.8264E-84  0.1600E+02
 -38.747  0.8264E-84  0.1600E+02
 -38.737  0.8264E-84  0.1600E+02
 -38.727  0.8264E-84  0.1600E+02
 -38.717  0.8264E-84  0.1600E+02
 -38.707  0.8264E-84  0.1600E+02
 -38.697  0.8264E-84  0.1600E+02
 -38.687  0.8264E-84  0.1600E+02
 -38.677  0.8264E-84  0.1600E+02
 -38.667  0.8264E-84  0.1600E+02
 -38.657  0.8264E-84  0.1600E+02
 -38.647  0.8264E-84  0.1600E+02
 -38.637  0.8264E-84  0.1600E+02
 -38.627  0.8264E-84  0.1600E+02
 -38.617  0.8264E-84  0.1600E+02
 -38.607  0.8264E-84  0.1600E+02
 -38.597  0.8264E-84  0.1600E+02
 -38.587  0.8264E-84  0.1600E+02
 -38.577  0.8264E-84  0.1600E+02
 -38.567  0.8264E-84  0.1600E+02
 -38.557  0.8264E-84  0.1600E+02
 -38.547  0.8264E-84  0.1600E+02
 -38.537  0.8264E-84  0.1600E+02
 -38.527  0.8264E-84  0.1600E+02
 -38.517  0.8264E-84  0.1600E+02
 -38.507  0.8264E-84  0.1600E+02
 -38.497  0.8264E-84  0.1600E+02
 -38.487  0.8264E-84  0.1600E+02
 -38.477  0.8264E-84  0.1600E+02
 -38.467  0.8264E-84  0.1600E+02
 -38.457  0.8264E-84  0.1600E+02
 -38.447  0.8264E-84  0.1600E+02
 -38.437  0.8264E-84  0.1600E+02
 -38.427  0.8264E-84  0.1600E+02
 -38.417  0.8264E-84  0.1600E+02
 -38.407  0.8264E-84  0.1600E+02
 -38.397  0.8264E-84  0.1600E+02
 -38.387  0.8264E-84  0.1600E+02
 -38.377  0.8264E-84  0.1600E+02
 -38.367  0.8264E-84  0.1600E+02
 -38.357  0.8264E-84  0.1600E+02
 -38.347  0.8264E-84  0.1600E+02
 -38.337  0.8264E-84  0.1600E+02
 -38.327  0.8264E-84  0.1600E+02
 -38.317  0.8264E-84  0.1600E+02
 -38.307  0.8264E-84  0.1600E+02
 -38.297  0.8264E-84  0.1600E+02
 -38.287  0.8264E-84  0.1600E+02
 -38.277  0.8264E-84  0.1600E+02
 -38.267  0.8264E-84  0.1600E+02
 -38.257  0.8264E-84  0.1600E+02
 -38.247  0.8264E-84  0.1600E+02
 -38.237  0.8264E-84  0.1600E+02
 -38.227  0.8264E-84  0.1600E+02
 -38.217  0.8264E-84  0.1600E+02
 -38.207  0.8264E-84  0.1600E+02
 -38.197  0.8264E-84  0.1600E+02
 -38.187  0.8264E-84  0.1600E+02
 -38.177  0.8264E-84  0.1600E+02
 -38.167  0.8264E-84  0.1600E+02
 -38.157  0.8264E-84  0.1600E+02
 -38.147  0.8264E-84  0.1600E+02
 -38.137  0.8264E-84  0.1600E+02
 -38.127  0.8264E-84  0.1600E+02
 -38.117  0.8264E-84  0.1600E+02
 -38.107  0.8264E-84  0.1600E+02
 -38.097  0.8264E-84  0.1600E+02
 -38.087  0.8264E-84  0.1600E+02
 -38.077  0.8264E-84  0.1600E+02
 -38.067  0.8264E-84  0.1600E+02
 -38.057  0.8264E-84  0.1600E+02
 -38.047  0.8264E-84  0.1600E+02
 -38.037  0.8264E-84  0.1600E+02
 -38.027  0.8264E-84  0.1600E+02
 -38.017  0.8264E-84  0.1600E+02
 -38.007  0.8264E-84  0.1600E+02
 -37.997  0.8264E-84  0.1600E+02
 -37.987  0.8264E-84  0.1600E+02
 -37.977  0.8264E-84  0.1600E+02
 -37.967  0.8264E-84  0.1600E+02
 -37.957  0.8264E-84  0.1600E+02
 -37.947  0.8264E-84  0.1600E+02
 -37.937  0.8264E-84  0.1600E+02
 -37.927  0.8264E-84  0.1600E+02
 -37.917  0.8264E-84  0.1600E+02
 -37.907  0.8264E-84  0.1600E+02
 -37.897  0.8264E-84  0.1600E+02
 -37.887  0.8264E-84  0.1600E+02
 -37.877  0.8264E-84  0.1600E+02
 -37.867  0.8264E-84  0.1600E+02
 -37.857  0.8264E-84  0.1600E+02
 -37.847  0.8264E-84  0.1600E+02
 -37.837  0.8264E-84  0.1600E+02
 -37.827  0.8264E-84  0.1600E+02
 -37.817  0.8264E-84  0.1600E+02
 -37.807  0.8264E-84  0.1600E+02
 -37.797  0.8264E-84  0.1600E+02
 -37.787  0.8264E-84  0.1600E+02
 -37.777  0.8264E-84  0.1600E+02
 -37.767  0.8264E-84  0.1600E+02
 -37.757  0.8264E-84  0.1600E+02
 -37.747  0.8264E-84  0.1600E+02
 -37.737  0.8264E-84  0.1600E+02
 -37.727  0.8264E-84  0.1600E+02
 -37.717  0.8264E-84  0.1600E+02
 -37.707  0.8264E-84  0.1600E+02
 -37.697  0.8264E-84  0.1600E+02
 -37.687  0.8264E-84  0.1600E+02
 -37.677  0.8264E-84  0.1600E+02
 -37.667  0.8264E-84  0.1600E+02
 -37.657  0.8264E-84  0.1600E+02
 -37.647  0.8264E-84  0.1600E+02
 -37.637  0.8264E-84  0.1600E+02
 -37.627  0.8264E-84  0.1600E+02
 -37.617  0.8264E-84  0.1600E+02
 -37.607  0.8264E-84  0.1600E+02
 -37.597  0.8264E-84  0.1600E+02
 -37.587  0.8264E-84  0.1600E+02
 -37.577  0.8264E-84  0.1600E+02
 -37.567  0.8264E-84  0.1600E+02
 -37.557  0.8264E-84  0.1600E+02
 -37.547  0.8264E-84  0.1600E+02
 -37.537  0.8264E-84  0.1600E+02
 -37.527  0.8264E-84  0.1600E+02
 -37.517  0.8264E-84  0.1600E+02
 -37.507  0.8264E-84  0.1600E+02
 -37.497  0.8264E-84  0.1600E+02
 -37.487  0.8264E-84  0.1600E+02
 -37.477  0.8264E-84  0.1600E+02
 -37.467  0.8264E-84  0.1600E+02
 -37.457  0.8264E-84  0.1600E+02
 -37.447  0.8264E-84  0.1600E+02
 -37.437  0.8264E-84  0.1600E+02
 -37.427  0.8264E-84  0.1600E+02
 -37.417  0.8264E-84  0.1600E+02
 -37.407  0.8264E-84  0.1600E+02
 -37.397  0.8264E-84  0.1600E+02
 -37.387  0.8264E-84  0.1600E+02
 -37.377  0.8264E-84  0.1600E+02
 -37.367  0.8264E-84  0.1600E+02
 -37.357  0.8264E-84  0.1600E+02
 -37.347  0.8264E-84  0.1600E+02
 -37.337  0.8264E-84  0.1600E+02
 -37.327  0.8264E-84  0.1600E+02
 -37.317  0.8264E-84  0.1600E+02
 -37.307  0.8264E-84  0.1600E+02
 -37.297  0.8264E-84  0.1600E+02
 -37.287  0.8264E-84  0.1600E+02
 -37.277  0.8264E-84  0.1600E+02
 -37.267  0.8264E-84  0.1600E+02
 -37.257  0.8264E-84  0.1600E+02
 -37.247  0.8264E-84  0.1600E+02
 -37.237  0.8264E-84  0.1600E+02
 -37.227  0.8264E-84  0.1600E+02
 -37.217  0.8264E-84  0.1600E+02
 -37.207  0.8264E-84  0.1600E+02
 -37.197  0.8264E-84  0.1600E+02
 -37.187  0.8264E-84  0.1600E+02
 -37.177  0.8264E-84  0.1600E+02
 -37.167  0.8264E-84  0.1600E+02
 -37.157  0.8264E-84  0.1600E+02
 -37.147  0.8264E-84  0.1600E+02
 -37.137  0.8264E-84  0.1600E+02
 -37.127  0.8264E-84  0.1600E+02
 -37.117  0.8264E-84  0.1600E+02
 -37.107  0.8264E-84  0.1600E+02
 -37.097  0.8264E-84  0.1600E+02
 -37.087  0.8264E-84  0.1600E+02
 -37.077  0.8264E-84  0.1600E+02
 -37.067  0.8264E-84  0.1600E+02
 -37.057  0.8264E-84  0.1600E+02
 -37.047  0.8264E-84  0.1600E+02
 -37.037  0.8264E-84  0.1600E+02
 -37.027  0.8264E-84  0.1600E+02
 -37.017  0.8264E-84  0.1600E+02
 -37.007  0.8264E-84  0.1600E+02
 -36.997  0.8264E-84  0.1600E+02
 -36.987  0.8264E-84  0.1600E+02
 -36.977  0.8264E-84  0.1600E+02
 -36.967  0.8264E-84  0.1600E+02
 -36.957  0.8264E-84  0.1600E+02
 -36.947  0.8264E-84  0.1600E+02
 -36.937  0.8264E-84  0.1600E+02
 -36.927  0.8264E-84  0.1600E+02
 -36.917  0.8264E-84  0.1600E+02
 -36.907  0.8264E-84  0.1600E+02
 -36.897  0.8264E-84  0.1600E+02
 -36.887  0.8264E-84  0.1600E+02
 -36.877  0.8264E-84  0.1600E+02
 -36.867  0.8264E-84  0.1600E+02
 -36.857  0.8264E-84  0.1600E+02
 -36.847  0.8264E-84  0.1600E+02
 -36.837  0.8264E-84  0.1600E+02
 -36.827  0.8264E-84  0.1600E+02
 -36.817  0.8264E-84  0.1600E+02
 -36.807  0.8264E-84  0.1600E+02
 -36.797  0.8264E-84  0.1600E+02
 -36.787  0.8264E-84  0.1600E+02
 -36.777  0.8264E-84  0.1600E+02
 -36.767  0.8264E-84  0.1600E+02
 -36.757  0.8264E-84  0.1600E+02
 -36.747  0.8264E-84  0.1600E+02
 -36.737  0.8264E-84  0.1600E+02
 -36.727  0.8264E-84  0.1600E+02
 -36.717  0.8264E-84  0.1600E+02
 -36.707  0.8264E-84  0.1600E+02
 -36.697  0.8264E-84  0.1600E+02
 -36.687  0.8264E-84  0.1600E+02
 -36.677  0.8264E-84  0.1600E+02
 -36.667  0.8264E-84  0.1600E+02
 -36.657  0.8264E-84  0.1600E+02
 -36.647  0.8264E-84  0.1600E+02
 -36.637  0.8264E-84  0.1600E+02
 -36.627  0.8264E-84  0.1600E+02
 -36.617  0.8264E-84  0.1600E+02
 -36.607  0.8264E-84  0.1600E+02
 -36.597  0.8264E-84  0.1600E+02
 -36.587  0.8264E-84  0.1600E+02
 -36.577  0.8264E-84  0.1600E+02
 -36.567  0.8264E-84  0.1600E+02
 -36.557  0.8264E-84  0.1600E+02
 -36.547  0.8264E-84  0.1600E+02
 -36.537  0.8264E-84  0.1600E+02
 -36.527  0.8264E-84  0.1600E+02
 -36.517  0.8264E-84  0.1600E+02
 -36.507  0.8264E-84  0.1600E+02
 -36.497  0.8264E-84  0.1600E+02
 -36.487  0.8264E-84  0.1600E+02
 -36.477  0.8264E-84  0.1600E+02
 -36.467  0.8264E-84  0.1600E+02
 -36.457  0.8264E-84  0.1600E+02
 -36.447  0.8264E-84  0.1600E+02
 -36.437  0.8264E-84  0.1600E+02
 -36.427  0.8264E-84  0.1600E+02
 -36.417  0.8264E-84  0.1600E+02
 -36.407  0.8264E-84  0.1600E+02
 -36.397  0.8264E-84  0.1600E+02
 -36.387  0.8264E-84  0.1600E+02
 -36.377  0.8264E-84  0.1600E+02
 -36.367  0.8264E-84  0.1600E+02
 -36.357  0.8264E-84  0.1600E+02
 -36.347  0.8264E-84  0.1600E+02
 -36.337  0.8264E-84  0.1600E+02
 -36.327  0.8264E-84  0.1600E+02
 -36.317  0.8264E-84  0.1600E+02
 -36.307  0.8264E-84  0.1600E+02
 -36.297  0.8264E-84  0.1600E+02
 -36.287  0.8264E-84  0.1600E+02
 -36.277  0.8264E-84  0.1600E+02
 -36.267  0.8264E-84  0.1600E+02
 -36.257  0.8264E-84  0.1600E+02
 -36.247  0.8264E-84  0.1600E+02
 -36.237  0.8264E-84  0.1600E+02
 -36.227  0.8264E-84  0.1600E+02
 -36.217  0.8264E-84  0.1600E+02
 -36.207  0.8264E-84  0.1600E+02
 -36.197  0.8264E-84  0.1600E+02
 -36.187  0.8264E-84  0.1600E+02
 -36.177  0.8264E-84  0.1600E+02
 -36.167  0.8264E-84  0.1600E+02
 -36.157  0.8264E-84  0.1600E+02
 -36.147  0.8264E-84  0.1600E+02
 -36.137  0.8264E-84  0.1600E+02
 -36.127  0.8264E-84  0.1600E+02
 -36.117  0.8264E-84  0.1600E+02
 -36.107  0.8264E-84  0.1600E+02
 -36.097  0.8264E-84  0.1600E+02
 -36.087  0.8264E-84  0.1600E+02
 -36.077  0.8264E-84  0.1600E+02
 -36.067  0.8264E-84  0.1600E+02
 -36.057  0.8264E-84  0.1600E+02
 -36.047  0.8264E-84  0.1600E+02
 -36.037  0.8264E-84  0.1600E+02
 -36.027  0.8264E-84  0.1600E+02
 -36.017  0.8264E-84  0.1600E+02
 -36.007  0.8264E-84  0.1600E+02
 -35.997  0.8264E-84  0.1600E+02
 -35.987  0.8264E-84  0.1600E+02
 -35.977  0.8264E-84  0.1600E+02
 -35.967  0.8264E-84  0.1600E+02
 -35.957  0.8264E-84  0.1600E+02
 -35.947  0.8264E-84  0.1600E+02
 -35.937  0.8264E-84  0.1600E+02
 -35.927  0.8264E-84  0.1600E+02
 -35.917  0.8264E-84  0.1600E+02
 -35.907  0.8264E-84  0.1600E+02
 -35.897  0.8264E-84  0.1600E+02
 -35.887  0.8264E-84  0.1600E+02
 -35.877  0.8264E-84  0.1600E+02
 -35.867  0.8264E-84  0.1600E+02
 -35.857  0.8264E-84  0.1600E+02
 -35.847  0.8264E-84  0.1600E+02
 -35.837  0.8264E-84  0.1600E+02
 -35.827  0.8264E-84  0.1600E+02
 -35.817  0.8264E-84  0.1600E+02
 -35.807  0.8264E-84  0.1600E+02
 -35.797  0.8264E-84  0.1600E+02
 -35.787  0.8264E-84  0.1600E+02
 -35.777  0.8264E-84  0.1600E+02
 -35.767  0.8264E-84  0.1600E+02
 -35.757  0.8264E-84  0.1600E+02
 -35.747  0.8264E-84  0.1600E+02
 -35.737  0.8264E-84  0.1600E+02
 -35.727  0.8264E-84  0.1600E+02
 -35.717  0.8264E-84  0.1600E+02
 -35.707  0.8264E-84  0.1600E+02
 -35.697  0.8264E-84  0.1600E+02
 -35.687  0.8264E-84  0.1600E+02
 -35.677  0.8264E-84  0.1600E+02
 -35.667  0.8264E-84  0.1600E+02
 -35.657  0.8264E-84  0.1600E+02
 -35.647  0.8264E-84  0.1600E+02
 -35.637  0.8264E-84  0.1600E+02
 -35.627  0.8264E-84  0.1600E+02
 -35.617  0.8264E-84  0.1600E+02
 -35.607  0.8264E-84  0.1600E+02
 -35.597  0.8264E-84  0.1600E+02
 -35.587  0.8264E-84  0.1600E+02
 -35.577  0.8264E-84  0.1600E+02
 -35.567  0.8264E-84  0.1600E+02
 -35.557  0.8264E-84  0.1600E+02
 -35.547  0.8264E-84  0.1600E+02
 -35.537  0.8264E-84  0.1600E+02
 -35.527  0.8264E-84  0.1600E+02
 -35.517  0.8264E-84  0.1600E+02
 -35.507  0.8264E-84  0.1600E+02
 -35.497  0.8264E-84  0.1600E+02
 -35.487  0.8264E-84  0.1600E+02
 -35.477  0.8264E-84  0.1600E+02
 -35.467  0.8264E-84  0.1600E+02
 -35.457  0.8264E-84  0.1600E+02
 -35.447  0.8264E-84  0.1600E+02
 -35.437  0.8264E-84  0.1600E+02
 -35.427  0.8264E-84  0.1600E+02
 -35.417  0.8264E-84  0.1600E+02
 -35.407  0.8264E-84  0.1600E+02
 -35.397  0.8264E-84  0.1600E+02
 -35.387  0.8264E-84  0.1600E+02
 -35.377  0.8264E-84  0.1600E+02
 -35.367  0.8264E-84  0.1600E+02
 -35.357  0.8264E-84  0.1600E+02
 -35.347  0.8264E-84  0.1600E+02
 -35.337  0.8264E-84  0.1600E+02
 -35.327  0.8264E-84  0.1600E+02
 -35.317  0.8264E-84  0.1600E+02
 -35.307  0.8264E-84  0.1600E+02
 -35.297  0.8264E-84  0.1600E+02
 -35.287  0.8264E-84  0.1600E+02
 -35.277  0.8264E-84  0.1600E+02
 -35.267  0.8264E-84  0.1600E+02
 -35.257  0.8264E-84  0.1600E+02
 -35.247  0.8264E-84  0.1600E+02
 -35.237  0.8264E-84  0.1600E+02
 -35.227  0.8264E-84  0.1600E+02
 -35.217  0.8264E-84  0.1600E+02
 -35.207  0.8264E-84  0.1600E+02
 -35.197  0.8264E-84  0.1600E+02
 -35.187  0.8264E-84  0.1600E+02
 -35.177  0.8264E-84  0.1600E+02
 -35.167  0.8264E-84  0.1600E+02
 -35.157  0.8264E-84  0.1600E+02
 -35.147  0.8264E-84  0.1600E+02
 -35.137  0.8264E-84  0.1600E+02
 -35.127  0.8264E-84  0.1600E+02
 -35.117  0.8264E-84  0.1600E+02
 -35.107  0.8264E-84  0.1600E+02
 -35.097  0.8264E-84  0.1600E+02
 -35.087  0.8264E-84  0.1600E+02
 -35.077  0.8264E-84  0.1600E+02
 -35.067  0.8264E-84  0.1600E+02
 -35.057  0.8264E-84  0.1600E+02
 -35.047  0.8264E-84  0.1600E+02
 -35.037  0.8264E-84  0.1600E+02
 -35.027  0.8264E-84  0.1600E+02
 -35.017  0.8264E-84  0.1600E+02
 -35.007  0.8264E-84  0.1600E+02
 -34.997  0.8264E-84  0.1600E+02
 -34.987  0.8264E-84  0.1600E+02
 -34.977  0.8264E-84  0.1600E+02
 -34.967  0.8264E-84  0.1600E+02
 -34.957  0.8264E-84  0.1600E+02
 -34.947  0.8264E-84  0.1600E+02
 -34.937  0.8264E-84  0.1600E+02
 -34.927  0.8264E-84  0.1600E+02
 -34.917  0.8264E-84  0.1600E+02
 -34.907  0.8264E-84  0.1600E+02
 -34.897  0.8264E-84  0.1600E+02
 -34.887  0.8264E-84  0.1600E+02
 -34.877  0.8264E-84  0.1600E+02
 -34.867  0.8264E-84  0.1600E+02
 -34.857  0.8264E-84  0.1600E+02
 -34.847  0.8264E-84  0.1600E+02
 -34.837  0.8264E-84  0.1600E+02
 -34.827  0.8264E-84  0.1600E+02
 -34.817  0.8264E-84  0.1600E+02
 -34.807  0.8264E-84  0.1600E+02
 -34.797  0.8264E-84  0.1600E+02
 -34.787  0.8264E-84  0.1600E+02
 -34.777  0.8264E-84  0.1600E+02
 -34.767  0.8264E-84  0.1600E+02
 -34.757  0.8264E-84  0.1600E+02
 -34.747  0.8264E-84  0.1600E+02
 -34.737  0.8264E-84  0.1600E+02
 -34.727  0.8264E-84  0.1600E+02
 -34.717  0.8264E-84  0.1600E+02
 -34.707  0.8264E-84  0.1600E+02
 -34.697  0.8264E-84  0.1600E+02
 -34.687  0.8264E-84  0.1600E+02
 -34.677  0.8264E-84  0.1600E+02
 -34.667  0.8264E-84  0.1600E+02
 -34.657  0.8264E-84  0.1600E+02
 -34.647  0.8264E-84  0.1600E+02
 -34.637  0.8264E-84  0.1600E+02
 -34.627  0.8264E-84  0.1600E+02
 -34.617  0.8264E-84  0.1600E+02
 -34.607  0.8264E-84  0.1600E+02
 -34.597  0.8264E-84  0.1600E+02
 -34.587  0.8264E-84  0.1600E+02
 -34.577  0.8264E-84  0.1600E+02
 -34.567  0.8264E-84  0.1600E+02
 -34.557  0.8264E-84  0.1600E+02
 -34.547  0.8264E-84  0.1600E+02
 -34.537  0.8264E-84  0.1600E+02
 -34.527  0.8264E-84  0.1600E+02
 -34.517  0.8264E-84  0.1600E+02
 -34.507  0.8264E-84  0.1600E+02
 -34.497  0.8264E-84  0.1600E+02
 -34.487  0.8264E-84  0.1600E+02
 -34.477  0.8264E-84  0.1600E+02
 -34.467  0.8264E-84  0.1600E+02
 -34.457  0.8264E-84  0.1600E+02
 -34.447  0.8264E-84  0.1600E+02
 -34.437  0.8264E-84  0.1600E+02
 -34.427  0.8264E-84  0.1600E+02
 -34.417  0.8264E-84  0.1600E+02
 -34.407  0.8264E-84  0.1600E+02
 -34.397  0.8264E-84  0.1600E+02
 -34.387  0.8264E-84  0.1600E+02
 -34.377  0.8264E-84  0.1600E+02
 -34.367  0.8264E-84  0.1600E+02
 -34.357  0.8264E-84  0.1600E+02
 -34.347  0.8264E-84  0.1600E+02
 -34.337  0.8264E-84  0.1600E+02
 -34.327  0.8264E-84  0.1600E+02
 -34.317  0.8264E-84  0.1600E+02
 -34.307  0.8264E-84  0.1600E+02
 -34.297  0.8264E-84  0.1600E+02
 -34.287  0.8264E-84  0.1600E+02
 -34.277  0.8264E-84  0.1600E+02
 -34.267  0.8264E-84  0.1600E+02
 -34.257  0.8264E-84  0.1600E+02
 -34.247  0.8264E-84  0.1600E+02
 -34.237  0.8264E-84  0.1600E+02
 -34.227  0.8264E-84  0.1600E+02
 -34.217  0.8264E-84  0.1600E+02
 -34.207  0.8264E-84  0.1600E+02
 -34.197  0.8264E-84  0.1600E+02
 -34.187  0.8264E-84  0.1600E+02
 -34.177  0.8264E-84  0.1600E+02
 -34.167  0.8264E-84  0.1600E+02
 -34.157  0.8264E-84  0.1600E+02
 -34.147  0.8264E-84  0.1600E+02
 -34.137  0.8264E-84  0.1600E+02
 -34.127  0.8264E-84  0.1600E+02
 -34.117  0.8264E-84  0.1600E+02
 -34.107  0.8264E-84  0.1600E+02
 -34.097  0.8264E-84  0.1600E+02
 -34.087  0.8264E-84  0.1600E+02
 -34.077  0.8264E-84  0.1600E+02
 -34.067  0.8264E-84  0.1600E+02
 -34.057  0.8264E-84  0.1600E+02
 -34.047  0.8264E-84  0.1600E+02
 -34.037  0.8264E-84  0.1600E+02
 -34.027  0.8264E-84  0.1600E+02
 -34.017  0.8264E-84  0.1600E+02
 -34.007  0.8264E-84  0.1600E+02
 -33.997  0.8264E-84  0.1600E+02
 -33.987  0.8264E-84  0.1600E+02
 -33.977  0.8264E-84  0.1600E+02
 -33.967  0.8264E-84  0.1600E+02
 -33.957  0.8264E-84  0.1600E+02
 -33.947  0.8264E-84  0.1600E+02
 -33.937  0.8264E-84  0.1600E+02
 -33.927  0.8264E-84  0.1600E+02
 -33.917  0.8264E-84  0.1600E+02
 -33.907  0.8264E-84  0.1600E+02
 -33.897  0.8264E-84  0.1600E+02
 -33.887  0.8264E-84  0.1600E+02
 -33.877  0.8264E-84  0.1600E+02
 -33.867  0.8264E-84  0.1600E+02
 -33.857  0.8264E-84  0.1600E+02
 -33.847  0.8264E-84  0.1600E+02
 -33.837  0.8264E-84  0.1600E+02
 -33.827  0.8264E-84  0.1600E+02
 -33.817  0.8264E-84  0.1600E+02
 -33.807  0.8264E-84  0.1600E+02
 -33.797  0.8264E-84  0.1600E+02
 -33.787  0.8264E-84  0.1600E+02
 -33.777  0.8264E-84  0.1600E+02
 -33.767  0.8264E-84  0.1600E+02
 -33.757  0.8264E-84  0.1600E+02
 -33.747  0.8264E-84  0.1600E+02
 -33.737  0.8264E-84  0.1600E+02
 -33.727  0.8264E-84  0.1600E+02
 -33.717  0.8264E-84  0.1600E+02
 -33.707  0.8264E-84  0.1600E+02
 -33.697  0.8264E-84  0.1600E+02
 -33.687  0.8264E-84  0.1600E+02
 -33.677  0.8264E-84  0.1600E+02
 -33.667  0.8264E-84  0.1600E+02
 -33.657  0.8264E-84  0.1600E+02
 -33.647  0.8264E-84  0.1600E+02
 -33.637  0.8264E-84  0.1600E+02
 -33.627  0.8264E-84  0.1600E+02
 -33.617  0.8264E-84  0.1600E+02
 -33.607  0.8264E-84  0.1600E+02
 -33.597  0.8264E-84  0.1600E+02
 -33.587  0.8264E-84  0.1600E+02
 -33.577  0.8264E-84  0.1600E+02
 -33.567  0.8264E-84  0.1600E+02
 -33.557  0.8264E-84  0.1600E+02
 -33.547  0.8264E-84  0.1600E+02
 -33.537  0.8264E-84  0.1600E+02
 -33.527  0.8264E-84  0.1600E+02
 -33.517  0.8264E-84  0.1600E+02
 -33.507  0.8264E-84  0.1600E+02
 -33.497  0.8264E-84  0.1600E+02
 -33.487  0.8264E-84  0.1600E+02
 -33.477  0.8264E-84  0.1600E+02
 -33.467  0.8264E-84  0.1600E+02
 -33.457  0.8264E-84  0.1600E+02
 -33.447  0.8264E-84  0.1600E+02
 -33.437  0.8264E-84  0.1600E+02
 -33.427  0.8264E-84  0.1600E+02
 -33.417  0.8264E-84  0.1600E+02
 -33.407  0.8264E-84  0.1600E+02
 -33.397  0.8264E-84  0.1600E+02
 -33.387  0.8264E-84  0.1600E+02
 -33.377  0.8264E-84  0.1600E+02
 -33.367  0.8264E-84  0.1600E+02
 -33.357  0.8264E-84  0.1600E+02
 -33.347  0.8264E-84  0.1600E+02
 -33.337  0.8264E-84  0.1600E+02
 -33.327  0.8264E-84  0.1600E+02
 -33.317  0.8264E-84  0.1600E+02
 -33.307  0.8264E-84  0.1600E+02
 -33.297  0.8264E-84  0.1600E+02
 -33.287  0.8264E-84  0.1600E+02
 -33.277  0.8264E-84  0.1600E+02
 -33.267  0.8264E-84  0.1600E+02
 -33.257  0.8264E-84  0.1600E+02
 -33.247  0.8264E-84  0.1600E+02
 -33.237  0.8264E-84  0.1600E+02
 -33.227  0.8264E-84  0.1600E+02
 -33.217  0.8264E-84  0.1600E+02
 -33.207  0.8264E-84  0.1600E+02
 -33.197  0.8264E-84  0.1600E+02
 -33.187  0.8264E-84  0.1600E+02
 -33.177  0.8264E-84  0.1600E+02
 -33.167  0.8264E-84  0.1600E+02
 -33.157  0.8264E-84  0.1600E+02
 -33.147  0.8264E-84  0.1600E+02
 -33.137  0.8264E-84  0.1600E+02
 -33.127  0.8264E-84  0.1600E+02
 -33.117  0.8264E-84  0.1600E+02
 -33.107  0.8264E-84  0.1600E+02
 -33.097  0.8264E-84  0.1600E+02
 -33.087  0.8264E-84  0.1600E+02
 -33.077  0.8264E-84  0.1600E+02
 -33.067  0.8264E-84  0.1600E+02
 -33.057  0.8264E-84  0.1600E+02
 -33.047  0.8264E-84  0.1600E+02
 -33.037  0.8264E-84  0.1600E+02
 -33.027  0.8264E-84  0.1600E+02
 -33.017  0.8264E-84  0.1600E+02
 -33.007  0.8264E-84  0.1600E+02
 -32.997  0.8264E-84  0.1600E+02
 -32.987  0.8264E-84  0.1600E+02
 -32.977  0.8264E-84  0.1600E+02
 -32.967  0.8264E-84  0.1600E+02
 -32.957  0.8264E-84  0.1600E+02
 -32.947  0.8264E-84  0.1600E+02
 -32.937  0.8264E-84  0.1600E+02
 -32.927  0.8264E-84  0.1600E+02
 -32.917  0.8264E-84  0.1600E+02
 -32.907  0.8264E-84  0.1600E+02
 -32.897  0.8264E-84  0.1600E+02
 -32.887  0.8264E-84  0.1600E+02
 -32.877  0.8264E-84  0.1600E+02
 -32.867  0.8264E-84  0.1600E+02
 -32.857  0.8264E-84  0.1600E+02
 -32.847  0.8264E-84  0.1600E+02
 -32.837  0.8264E-84  0.1600E+02
 -32.827  0.8264E-84  0.1600E+02
 -32.817  0.8264E-84  0.1600E+02
 -32.807  0.8264E-84  0.1600E+02
 -32.797  0.8264E-84  0.1600E+02
 -32.787  0.8264E-84  0.1600E+02
 -32.777  0.8264E-84  0.1600E+02
 -32.767  0.8264E-84  0.1600E+02
 -32.757  0.8264E-84  0.1600E+02
 -32.747  0.8264E-84  0.1600E+02
 -32.737  0.8264E-84  0.1600E+02
 -32.727  0.8264E-84  0.1600E+02
 -32.717  0.8264E-84  0.1600E+02
 -32.707  0.8264E-84  0.1600E+02
 -32.697  0.8264E-84  0.1600E+02
 -32.687  0.8264E-84  0.1600E+02
 -32.677  0.8264E-84  0.1600E+02
 -32.667  0.8264E-84  0.1600E+02
 -32.657  0.8264E-84  0.1600E+02
 -32.647  0.8264E-84  0.1600E+02
 -32.637  0.8264E-84  0.1600E+02
 -32.627  0.8264E-84  0.1600E+02
 -32.617  0.8264E-84  0.1600E+02
 -32.607  0.8264E-84  0.1600E+02
 -32.597  0.8264E-84  0.1600E+02
 -32.587  0.8264E-84  0.1600E+02
 -32.577  0.8264E-84  0.1600E+02
 -32.567  0.8264E-84  0.1600E+02
 -32.557  0.8264E-84  0.1600E+02
 -32.547  0.8264E-84  0.1600E+02
 -32.537  0.8264E-84  0.1600E+02
 -32.527  0.8264E-84  0.1600E+02
 -32.517  0.8264E-84  0.1600E+02
 -32.507  0.8264E-84  0.1600E+02
 -32.497  0.8264E-84  0.1600E+02
 -32.487  0.8264E-84  0.1600E+02
 -32.477  0.8264E-84  0.1600E+02
 -32.467  0.8264E-84  0.1600E+02
 -32.457  0.8264E-84  0.1600E+02
 -32.447  0.8264E-84  0.1600E+02
 -32.437  0.8264E-84  0.1600E+02
 -32.427  0.8264E-84  0.1600E+02
 -32.417  0.8264E-84  0.1600E+02
 -32.407  0.8264E-84  0.1600E+02
 -32.397  0.8264E-84  0.1600E+02
 -32.387  0.8264E-84  0.1600E+02
 -32.377  0.8264E-84  0.1600E+02
 -32.367  0.8264E-84  0.1600E+02
 -32.357  0.8264E-84  0.1600E+02
 -32.347  0.8264E-84  0.1600E+02
 -32.337  0.8264E-84  0.1600E+02
 -32.327  0.8264E-84  0.1600E+02
 -32.317  0.8264E-84  0.1600E+02
 -32.307  0.8264E-84  0.1600E+02
 -32.297  0.8264E-84  0.1600E+02
 -32.287  0.8264E-84  0.1600E+02
 -32.277  0.8264E-84  0.1600E+02
 -32.267  0.8264E-84  0.1600E+02
 -32.257  0.8264E-84  0.1600E+02
 -32.247  0.8264E-84  0.1600E+02
 -32.237  0.8264E-84  0.1600E+02
 -32.227  0.8264E-84  0.1600E+02
 -32.217  0.8264E-84  0.1600E+02
 -32.207  0.8264E-84  0.1600E+02
 -32.197  0.8264E-84  0.1600E+02
 -32.187  0.8264E-84  0.1600E+02
 -32.177  0.8264E-84  0.1600E+02
 -32.167  0.8264E-84  0.1600E+02
 -32.157  0.8264E-84  0.1600E+02
 -32.147  0.8264E-84  0.1600E+02
 -32.137  0.8264E-84  0.1600E+02
 -32.127  0.8264E-84  0.1600E+02
 -32.117  0.8264E-84  0.1600E+02
 -32.107  0.8264E-84  0.1600E+02
 -32.097  0.8264E-84  0.1600E+02
 -32.087  0.8264E-84  0.1600E+02
 -32.077  0.8264E-84  0.1600E+02
 -32.067  0.8264E-84  0.1600E+02
 -32.057  0.8264E-84  0.1600E+02
 -32.047  0.8264E-84  0.1600E+02
 -32.037  0.8264E-84  0.1600E+02
 -32.027  0.8264E-84  0.1600E+02
 -32.017  0.8264E-84  0.1600E+02
 -32.007  0.8264E-84  0.1600E+02
 -31.997  0.8264E-84  0.1600E+02
 -31.987  0.8264E-84  0.1600E+02
 -31.977  0.8264E-84  0.1600E+02
 -31.967  0.8264E-84  0.1600E+02
 -31.957  0.8264E-84  0.1600E+02
 -31.947  0.8264E-84  0.1600E+02
 -31.937  0.8264E-84  0.1600E+02
 -31.927  0.8264E-84  0.1600E+02
 -31.917  0.8264E-84  0.1600E+02
 -31.907  0.8264E-84  0.1600E+02
 -31.897  0.8264E-84  0.1600E+02
 -31.887  0.8264E-84  0.1600E+02
 -31.877  0.8264E-84  0.1600E+02
 -31.867  0.8264E-84  0.1600E+02
 -31.857  0.8264E-84  0.1600E+02
 -31.847  0.8264E-84  0.1600E+02
 -31.837  0.8264E-84  0.1600E+02
 -31.827  0.8264E-84  0.1600E+02
 -31.817  0.8264E-84  0.1600E+02
 -31.807  0.8264E-84  0.1600E+02
 -31.797  0.8264E-84  0.1600E+02
 -31.787  0.8264E-84  0.1600E+02
 -31.777  0.8264E-84  0.1600E+02
 -31.767  0.8264E-84  0.1600E+02
 -31.757  0.8264E-84  0.1600E+02
 -31.747  0.8264E-84  0.1600E+02
 -31.737  0.8264E-84  0.1600E+02
 -31.727  0.8264E-84  0.1600E+02
 -31.717  0.8264E-84  0.1600E+02
 -31.707  0.8264E-84  0.1600E+02
 -31.697  0.8264E-84  0.1600E+02
 -31.687  0.8264E-84  0.1600E+02
 -31.677  0.8264E-84  0.1600E+02
 -31.667  0.8264E-84  0.1600E+02
 -31.657  0.8264E-84  0.1600E+02
 -31.647  0.8264E-84  0.1600E+02
 -31.637  0.8264E-84  0.1600E+02
 -31.627  0.8264E-84  0.1600E+02
 -31.617  0.8264E-84  0.1600E+02
 -31.607  0.8264E-84  0.1600E+02
 -31.597  0.8264E-84  0.1600E+02
 -31.587  0.8264E-84  0.1600E+02
 -31.577  0.8264E-84  0.1600E+02
 -31.567  0.8264E-84  0.1600E+02
 -31.557  0.8264E-84  0.1600E+02
 -31.547  0.8264E-84  0.1600E+02
 -31.537  0.8264E-84  0.1600E+02
 -31.527  0.8264E-84  0.1600E+02
 -31.517  0.8264E-84  0.1600E+02
 -31.507  0.8264E-84  0.1600E+02
 -31.497  0.8264E-84  0.1600E+02
 -31.487  0.8264E-84  0.1600E+02
 -31.477  0.8264E-84  0.1600E+02
 -31.467  0.8264E-84  0.1600E+02
 -31.457  0.8264E-84  0.1600E+02
 -31.447  0.8264E-84  0.1600E+02
 -31.437  0.8264E-84  0.1600E+02
 -31.427  0.8264E-84  0.1600E+02
 -31.417  0.8264E-84  0.1600E+02
 -31.407  0.8264E-84  0.1600E+02
 -31.397  0.8264E-84  0.1600E+02
 -31.387  0.8264E-84  0.1600E+02
 -31.377  0.8264E-84  0.1600E+02
 -31.367  0.8264E-84  0.1600E+02
 -31.357  0.8264E-84  0.1600E+02
 -31.347  0.8264E-84  0.1600E+02
 -31.337  0.8264E-84  0.1600E+02
 -31.327  0.8264E-84  0.1600E+02
 -31.317  0.8264E-84  0.1600E+02
 -31.307  0.8264E-84  0.1600E+02
 -31.297  0.8264E-84  0.1600E+02
 -31.287  0.8264E-84  0.1600E+02
 -31.277  0.8264E-84  0.1600E+02
 -31.267  0.8264E-84  0.1600E+02
 -31.257  0.8264E-84  0.1600E+02
 -31.247  0.8264E-84  0.1600E+02
 -31.237  0.8264E-84  0.1600E+02
 -31.227  0.8264E-84  0.1600E+02
 -31.217  0.8264E-84  0.1600E+02
 -31.207  0.8264E-84  0.1600E+02
 -31.197  0.8264E-84  0.1600E+02
 -31.187  0.8264E-84  0.1600E+02
 -31.177  0.8264E-84  0.1600E+02
 -31.167  0.8264E-84  0.1600E+02
 -31.157  0.8264E-84  0.1600E+02
 -31.147  0.8264E-84  0.1600E+02
 -31.137  0.8264E-84  0.1600E+02
 -31.127  0.8264E-84  0.1600E+02
 -31.117  0.8264E-84  0.1600E+02
 -31.107  0.8264E-84  0.1600E+02
 -31.097  0.8264E-84  0.1600E+02
 -31.087  0.8264E-84  0.1600E+02
 -31.077  0.8264E-84  0.1600E+02
 -31.067  0.8264E-84  0.1600E+02
 -31.057  0.8264E-84  0.1600E+02
 -31.047  0.8264E-84  0.1600E+02
 -31.037  0.8264E-84  0.1600E+02
 -31.027  0.8264E-84  0.1600E+02
 -31.017  0.8264E-84  0.1600E+02
 -31.007  0.8264E-84  0.1600E+02
 -30.997  0.8264E-84  0.1600E+02
 -30.987  0.8264E-84  0.1600E+02
 -30.977  0.8264E-84  0.1600E+02
 -30.967  0.8264E-84  0.1600E+02
 -30.957  0.8264E-84  0.1600E+02
 -30.947  0.8264E-84  0.1600E+02
 -30.937  0.8264E-84  0.1600E+02
 -30.927  0.8264E-84  0.1600E+02
 -30.917  0.8264E-84  0.1600E+02
 -30.907  0.8264E-84  0.1600E+02
 -30.897  0.8264E-84  0.1600E+02
 -30.887  0.8264E-84  0.1600E+02
 -30.877  0.8264E-84  0.1600E+02
 -30.867  0.8264E-84  0.1600E+02
 -30.857  0.8264E-84  0.1600E+02
 -30.847  0.8264E-84  0.1600E+02
 -30.837  0.8264E-84  0.1600E+02
 -30.827  0.8264E-84  0.1600E+02
 -30.817  0.8264E-84  0.1600E+02
 -30.807  0.8264E-84  0.1600E+02
 -30.797  0.8264E-84  0.1600E+02
 -30.787  0.8264E-84  0.1600E+02
 -30.777  0.8264E-84  0.1600E+02
 -30.767  0.8264E-84  0.1600E+02
 -30.757  0.8264E-84  0.1600E+02
 -30.747  0.8264E-84  0.1600E+02
 -30.737  0.8264E-84  0.1600E+02
 -30.727  0.8264E-84  0.1600E+02
 -30.717  0.8264E-84  0.1600E+02
 -30.707  0.8264E-84  0.1600E+02
 -30.697  0.8264E-84  0.1600E+02
 -30.687  0.8264E-84  0.1600E+02
 -30.677  0.8264E-84  0.1600E+02
 -30.667  0.8264E-84  0.1600E+02
 -30.657  0.8264E-84  0.1600E+02
 -30.647  0.8264E-84  0.1600E+02
 -30.637  0.8264E-84  0.1600E+02
 -30.627  0.8264E-84  0.1600E+02
 -30.617  0.8264E-84  0.1600E+02
 -30.607  0.8264E-84  0.1600E+02
 -30.597  0.8264E-84  0.1600E+02
 -30.587  0.8264E-84  0.1600E+02
 -30.577  0.8264E-84  0.1600E+02
 -30.567  0.8264E-84  0.1600E+02
 -30.557  0.8264E-84  0.1600E+02
 -30.547  0.8264E-84  0.1600E+02
 -30.537  0.8264E-84  0.1600E+02
 -30.527  0.8264E-84  0.1600E+02
 -30.517  0.8264E-84  0.1600E+02
 -30.507  0.8264E-84  0.1600E+02
 -30.497  0.8264E-84  0.1600E+02
 -30.487  0.8264E-84  0.1600E+02
 -30.477  0.8264E-84  0.1600E+02
 -30.467  0.8264E-84  0.1600E+02
 -30.457  0.8264E-84  0.1600E+02
 -30.447  0.8264E-84  0.1600E+02
 -30.437  0.8264E-84  0.1600E+02
 -30.427  0.8264E-84  0.1600E+02
 -30.417  0.8264E-84  0.1600E+02
 -30.407  0.8264E-84  0.1600E+02
 -30.397  0.8264E-84  0.1600E+02
 -30.387  0.8264E-84  0.1600E+02
 -30.377  0.8264E-84  0.1600E+02
 -30.367  0.8264E-84  0.1600E+02
 -30.357  0.8264E-84  0.1600E+02
 -30.347  0.8264E-84  0.1600E+02
 -30.337  0.8264E-84  0.1600E+02
 -30.327  0.8264E-84  0.1600E+02
 -30.317  0.8264E-84  0.1600E+02
 -30.307  0.8264E-84  0.1600E+02
 -30.297  0.8264E-84  0.1600E+02
 -30.287  0.8264E-84  0.1600E+02
 -30.277  0.8264E-84  0.1600E+02
 -30.267  0.8264E-84  0.1600E+02
 -30.257  0.8264E-84  0.1600E+02
 -30.247  0.8264E-84  0.1600E+02
 -30.237  0.8264E-84  0.1600E+02
 -30.227  0.8264E-84  0.1600E+02
 -30.217  0.8264E-84  0.1600E+02
 -30.207  0.8264E-84  0.1600E+02
 -30.197  0.8264E-84  0.1600E+02
 -30.187  0.8264E-84  0.1600E+02
 -30.177  0.8264E-84  0.1600E+02
 -30.167  0.8264E-84  0.1600E+02
 -30.157  0.8264E-84  0.1600E+02
 -30.147  0.8264E-84  0.1600E+02
 -30.137  0.8264E-84  0.1600E+02
 -30.127  0.8264E-84  0.1600E+02
 -30.117  0.8264E-84  0.1600E+02
 -30.107  0.8264E-84  0.1600E+02
 -30.097  0.8264E-84  0.1600E+02
 -30.087  0.8264E-84  0.1600E+02
 -30.077  0.8264E-84  0.1600E+02
 -30.067  0.8264E-84  0.1600E+02
 -30.057  0.8264E-84  0.1600E+02
 -30.047  0.8264E-84  0.1600E+02
 -30.037  0.8264E-84  0.1600E+02
 -30.027  0.8264E-84  0.1600E+02
 -30.017  0.8264E-84  0.1600E+02
 -30.007  0.8264E-84  0.1600E+02
 -29.997  0.8264E-84  0.1600E+02
 -29.987  0.8264E-84  0.1600E+02
 -29.977  0.8264E-84  0.1600E+02
 -29.967  0.8264E-84  0.1600E+02
 -29.957  0.8264E-84  0.1600E+02
 -29.947  0.8264E-84  0.1600E+02
 -29.937  0.8264E-84  0.1600E+02
 -29.927  0.8264E-84  0.1600E+02
 -29.917  0.8264E-84  0.1600E+02
 -29.907  0.8264E-84  0.1600E+02
 -29.897  0.8264E-84  0.1600E+02
 -29.887  0.8264E-84  0.1600E+02
 -29.877  0.8264E-84  0.1600E+02
 -29.867  0.8264E-84  0.1600E+02
 -29.857  0.8264E-84  0.1600E+02
 -29.847  0.8264E-84  0.1600E+02
 -29.837  0.8264E-84  0.1600E+02
 -29.827  0.8264E-84  0.1600E+02
 -29.817  0.8264E-84  0.1600E+02
 -29.807  0.8264E-84  0.1600E+02
 -29.797  0.8264E-84  0.1600E+02
 -29.787  0.8264E-84  0.1600E+02
 -29.777  0.8264E-84  0.1600E+02
 -29.767  0.8264E-84  0.1600E+02
 -29.757  0.8264E-84  0.1600E+02
 -29.747  0.8264E-84  0.1600E+02
 -29.737  0.8264E-84  0.1600E+02
 -29.727  0.8264E-84  0.1600E+02
 -29.717  0.8264E-84  0.1600E+02
 -29.707  0.8264E-84  0.1600E+02
 -29.697  0.8264E-84  0.1600E+02
 -29.687  0.8264E-84  0.1600E+02
 -29.677  0.8264E-84  0.1600E+02
 -29.667  0.8264E-84  0.1600E+02
 -29.657  0.8264E-84  0.1600E+02
 -29.647  0.8264E-84  0.1600E+02
 -29.637  0.8264E-84  0.1600E+02
 -29.627  0.8264E-84  0.1600E+02
 -29.617  0.8264E-84  0.1600E+02
 -29.607  0.8264E-84  0.1600E+02
 -29.597  0.8264E-84  0.1600E+02
 -29.587  0.8264E-84  0.1600E+02
 -29.577  0.8264E-84  0.1600E+02
 -29.567  0.8264E-84  0.1600E+02
 -29.557  0.8264E-84  0.1600E+02
 -29.547  0.8264E-84  0.1600E+02
 -29.537  0.8264E-84  0.1600E+02
 -29.527  0.8264E-84  0.1600E+02
 -29.517  0.8264E-84  0.1600E+02
 -29.507  0.8264E-84  0.1600E+02
 -29.497  0.8264E-84  0.1600E+02
 -29.487  0.8264E-84  0.1600E+02
 -29.477  0.8264E-84  0.1600E+02
 -29.467  0.8264E-84  0.1600E+02
 -29.457  0.8264E-84  0.1600E+02
 -29.447  0.8264E-84  0.1600E+02
 -29.437  0.8264E-84  0.1600E+02
 -29.427  0.8264E-84  0.1600E+02
 -29.417  0.8264E-84  0.1600E+02
 -29.407  0.8264E-84  0.1600E+02
 -29.397  0.8264E-84  0.1600E+02
 -29.387  0.8264E-84  0.1600E+02
 -29.377  0.8264E-84  0.1600E+02
 -29.367  0.8264E-84  0.1600E+02
 -29.357  0.8264E-84  0.1600E+02
 -29.347  0.8264E-84  0.1600E+02
 -29.337  0.8264E-84  0.1600E+02
 -29.327  0.8264E-84  0.1600E+02
 -29.317  0.8264E-84  0.1600E+02
 -29.307  0.8264E-84  0.1600E+02
 -29.297  0.8264E-84  0.1600E+02
 -29.287  0.8264E-84  0.1600E+02
 -29.277  0.8264E-84  0.1600E+02
 -29.267  0.8264E-84  0.1600E+02
 -29.257  0.8264E-84  0.1600E+02
 -29.247  0.8264E-84  0.1600E+02
 -29.237  0.8264E-84  0.1600E+02
 -29.227  0.8264E-84  0.1600E+02
 -29.217  0.8264E-84  0.1600E+02
 -29.207  0.8264E-84  0.1600E+02
 -29.197  0.8264E-84  0.1600E+02
 -29.187  0.8264E-84  0.1600E+02
 -29.177  0.8264E-84  0.1600E+02
 -29.167  0.8264E-84  0.1600E+02
 -29.157  0.8264E-84  0.1600E+02
 -29.147  0.8264E-84  0.1600E+02
 -29.137  0.8264E-84  0.1600E+02
 -29.127  0.8264E-84  0.1600E+02
 -29.117  0.8264E-84  0.1600E+02
 -29.107  0.8264E-84  0.1600E+02
 -29.097  0.8264E-84  0.1600E+02
 -29.087  0.8264E-84  0.1600E+02
 -29.077  0.8264E-84  0.1600E+02
 -29.067  0.8264E-84  0.1600E+02
 -29.057  0.8264E-84  0.1600E+02
 -29.047  0.8264E-84  0.1600E+02
 -29.037  0.8264E-84  0.1600E+02
 -29.027  0.8264E-84  0.1600E+02
 -29.017  0.8264E-84  0.1600E+02
 -29.007  0.8264E-84  0.1600E+02
 -28.997  0.8264E-84  0.1600E+02
 -28.987  0.8264E-84  0.1600E+02
 -28.977  0.8264E-84  0.1600E+02
 -28.967  0.8264E-84  0.1600E+02
 -28.957  0.8264E-84  0.1600E+02
 -28.947  0.8264E-84  0.1600E+02
 -28.937  0.8264E-84  0.1600E+02
 -28.927  0.8264E-84  0.1600E+02
 -28.917  0.8264E-84  0.1600E+02
 -28.907  0.8264E-84  0.1600E+02
 -28.897  0.8264E-84  0.1600E+02
 -28.887  0.8264E-84  0.1600E+02
 -28.877  0.8264E-84  0.1600E+02
 -28.867  0.8264E-84  0.1600E+02
 -28.857  0.8264E-84  0.1600E+02
 -28.847  0.8264E-84  0.1600E+02
 -28.837  0.8264E-84  0.1600E+02
 -28.827  0.8264E-84  0.1600E+02
 -28.817  0.8264E-84  0.1600E+02
 -28.807  0.8264E-84  0.1600E+02
 -28.797  0.8264E-84  0.1600E+02
 -28.787  0.8264E-84  0.1600E+02
 -28.777  0.8264E-84  0.1600E+02
 -28.767  0.8264E-84  0.1600E+02
 -28.757  0.8264E-84  0.1600E+02
 -28.747  0.8264E-84  0.1600E+02
 -28.737  0.8264E-84  0.1600E+02
 -28.727  0.8264E-84  0.1600E+02
 -28.717  0.8264E-84  0.1600E+02
 -28.707  0.8264E-84  0.1600E+02
 -28.697  0.8264E-84  0.1600E+02
 -28.687  0.8264E-84  0.1600E+02
 -28.677  0.8264E-84  0.1600E+02
 -28.667  0.8264E-84  0.1600E+02
 -28.657  0.8264E-84  0.1600E+02
 -28.647  0.8264E-84  0.1600E+02
 -28.637  0.8264E-84  0.1600E+02
 -28.627  0.8264E-84  0.1600E+02
 -28.617  0.8264E-84  0.1600E+02
 -28.607  0.8264E-84  0.1600E+02
 -28.597  0.8264E-84  0.1600E+02
 -28.587  0.8264E-84  0.1600E+02
 -28.577  0.8264E-84  0.1600E+02
 -28.567  0.8264E-84  0.1600E+02
 -28.557  0.8264E-84  0.1600E+02
 -28.547  0.8264E-84  0.1600E+02
 -28.537  0.8264E-84  0.1600E+02
 -28.527  0.8264E-84  0.1600E+02
 -28.517  0.8264E-84  0.1600E+02
 -28.507  0.8264E-84  0.1600E+02
 -28.497  0.8264E-84  0.1600E+02
 -28.487  0.8264E-84  0.1600E+02
 -28.477  0.8264E-84  0.1600E+02
 -28.467  0.8264E-84  0.1600E+02
 -28.457  0.8264E-84  0.1600E+02
 -28.447  0.8264E-84  0.1600E+02
 -28.437  0.8264E-84  0.1600E+02
 -28.427  0.8264E-84  0.1600E+02
 -28.417  0.8264E-84  0.1600E+02
 -28.407  0.8264E-84  0.1600E+02
 -28.397  0.8264E-84  0.1600E+02
 -28.387  0.8264E-84  0.1600E+02
 -28.377  0.8264E-84  0.1600E+02
 -28.367  0.8264E-84  0.1600E+02
 -28.357  0.8264E-84  0.1600E+02
 -28.347  0.8264E-84  0.1600E+02
 -28.337  0.8264E-84  0.1600E+02
 -28.327  0.8264E-84  0.1600E+02
 -28.317  0.8264E-84  0.1600E+02
 -28.307  0.8264E-84  0.1600E+02
 -28.297  0.8264E-84  0.1600E+02
 -28.287  0.8264E-84  0.1600E+02
 -28.277  0.8264E-84  0.1600E+02
 -28.267  0.8264E-84  0.1600E+02
 -28.257  0.8264E-84  0.1600E+02
 -28.247  0.8264E-84  0.1600E+02
 -28.237  0.8264E-84  0.1600E+02
 -28.227  0.8264E-84  0.1600E+02
 -28.217  0.8264E-84  0.1600E+02
 -28.207  0.8264E-84  0.1600E+02
 -28.197  0.8264E-84  0.1600E+02
 -28.187  0.8264E-84  0.1600E+02
 -28.177  0.8264E-84  0.1600E+02
 -28.167  0.8264E-84  0.1600E+02
 -28.157  0.8264E-84  0.1600E+02
 -28.147  0.8264E-84  0.1600E+02
 -28.137  0.8264E-84  0.1600E+02
 -28.127  0.8264E-84  0.1600E+02
 -28.117  0.8264E-84  0.1600E+02
 -28.107  0.8264E-84  0.1600E+02
 -28.097  0.8264E-84  0.1600E+02
 -28.087  0.8264E-84  0.1600E+02
 -28.077  0.8264E-84  0.1600E+02
 -28.067  0.8264E-84  0.1600E+02
 -28.057  0.8264E-84  0.1600E+02
 -28.047  0.8264E-84  0.1600E+02
 -28.037  0.8264E-84  0.1600E+02
 -28.027  0.8264E-84  0.1600E+02
 -28.017  0.8264E-84  0.1600E+02
 -28.007  0.8264E-84  0.1600E+02
 -27.997  0.8264E-84  0.1600E+02
 -27.987  0.8264E-84  0.1600E+02
 -27.977  0.8264E-84  0.1600E+02
 -27.967  0.8264E-84  0.1600E+02
 -27.957  0.8264E-84  0.1600E+02
 -27.947  0.8264E-84  0.1600E+02
 -27.937  0.8264E-84  0.1600E+02
 -27.927  0.8264E-84  0.1600E+02
 -27.917  0.8264E-84  0.1600E+02
 -27.907  0.8264E-84  0.1600E+02
 -27.897  0.8264E-84  0.1600E+02
 -27.887  0.8264E-84  0.1600E+02
 -27.877  0.8264E-84  0.1600E+02
 -27.867  0.8264E-84  0.1600E+02
 -27.857  0.8264E-84  0.1600E+02
 -27.847  0.8264E-84  0.1600E+02
 -27.837  0.8264E-84  0.1600E+02
 -27.827  0.8264E-84  0.1600E+02
 -27.817  0.8264E-84  0.1600E+02
 -27.807  0.8264E-84  0.1600E+02
 -27.797  0.8264E-84  0.1600E+02
 -27.787  0.8264E-84  0.1600E+02
 -27.777  0.8264E-84  0.1600E+02
 -27.767  0.8264E-84  0.1600E+02
 -27.757  0.8264E-84  0.1600E+02
 -27.747  0.8264E-84  0.1600E+02
 -27.737  0.8264E-84  0.1600E+02
 -27.727  0.8264E-84  0.1600E+02
 -27.717  0.8264E-84  0.1600E+02
 -27.707  0.8264E-84  0.1600E+02
 -27.697  0.8264E-84  0.1600E+02
 -27.687  0.8264E-84  0.1600E+02
 -27.677  0.8264E-84  0.1600E+02
 -27.667  0.8264E-84  0.1600E+02
 -27.657  0.8264E-84  0.1600E+02
 -27.647  0.8264E-84  0.1600E+02
 -27.637  0.8264E-84  0.1600E+02
 -27.627  0.8264E-84  0.1600E+02
 -27.617  0.8264E-84  0.1600E+02
 -27.607  0.8264E-84  0.1600E+02
 -27.597  0.8264E-84  0.1600E+02
 -27.587  0.8264E-84  0.1600E+02
 -27.577  0.8264E-84  0.1600E+02
 -27.567  0.8264E-84  0.1600E+02
 -27.557  0.8264E-84  0.1600E+02
 -27.547  0.8264E-84  0.1600E+02
 -27.537  0.8264E-84  0.1600E+02
 -27.527  0.8264E-84  0.1600E+02
 -27.517  0.8264E-84  0.1600E+02
 -27.507  0.8264E-84  0.1600E+02
 -27.497  0.8264E-84  0.1600E+02
 -27.487  0.8264E-84  0.1600E+02
 -27.477  0.8264E-84  0.1600E+02
 -27.467  0.8264E-84  0.1600E+02
 -27.457  0.8264E-84  0.1600E+02
 -27.447  0.8264E-84  0.1600E+02
 -27.437  0.8264E-84  0.1600E+02
 -27.427  0.8264E-84  0.1600E+02
 -27.417  0.8264E-84  0.1600E+02
 -27.407  0.8264E-84  0.1600E+02
 -27.397  0.8264E-84  0.1600E+02
 -27.387  0.8264E-84  0.1600E+02
 -27.377  0.8264E-84  0.1600E+02
 -27.367  0.8264E-84  0.1600E+02
 -27.357  0.8264E-84  0.1600E+02
 -27.347  0.8264E-84  0.1600E+02
 -27.337  0.8264E-84  0.1600E+02
 -27.327  0.8264E-84  0.1600E+02
 -27.317  0.8264E-84  0.1600E+02
 -27.307  0.8264E-84  0.1600E+02
 -27.297  0.8264E-84  0.1600E+02
 -27.287  0.8264E-84  0.1600E+02
 -27.277  0.8264E-84  0.1600E+02
 -27.267  0.8264E-84  0.1600E+02
 -27.257  0.8264E-84  0.1600E+02
 -27.247  0.8264E-84  0.1600E+02
 -27.237  0.8264E-84  0.1600E+02
 -27.227  0.8264E-84  0.1600E+02
 -27.217  0.8264E-84  0.1600E+02
 -27.207  0.8264E-84  0.1600E+02
 -27.197  0.8264E-84  0.1600E+02
 -27.187  0.8264E-84  0.1600E+02
 -27.177  0.8264E-84  0.1600E+02
 -27.167  0.8264E-84  0.1600E+02
 -27.157  0.8264E-84  0.1600E+02
 -27.147  0.8264E-84  0.1600E+02
 -27.137  0.8264E-84  0.1600E+02
 -27.127  0.8264E-84  0.1600E+02
 -27.117  0.8264E-84  0.1600E+02
 -27.107  0.8264E-84  0.1600E+02
 -27.097  0.8264E-84  0.1600E+02
 -27.087  0.8264E-84  0.1600E+02
 -27.077  0.8264E-84  0.1600E+02
 -27.067  0.8264E-84  0.1600E+02
 -27.057  0.8264E-84  0.1600E+02
 -27.047  0.8264E-84  0.1600E+02
 -27.037  0.8264E-84  0.1600E+02
 -27.027  0.8264E-84  0.1600E+02
 -27.017  0.8264E-84  0.1600E+02
 -27.007  0.8264E-84  0.1600E+02
 -26.997  0.8264E-84  0.1600E+02
 -26.987  0.8264E-84  0.1600E+02
 -26.977  0.8264E-84  0.1600E+02
 -26.967  0.8264E-84  0.1600E+02
 -26.957  0.8264E-84  0.1600E+02
 -26.947  0.8264E-84  0.1600E+02
 -26.937  0.8264E-84  0.1600E+02
 -26.927  0.8264E-84  0.1600E+02
 -26.917  0.8264E-84  0.1600E+02
 -26.907  0.8264E-84  0.1600E+02
 -26.897  0.8264E-84  0.1600E+02
 -26.887  0.8264E-84  0.1600E+02
 -26.877  0.8264E-84  0.1600E+02
 -26.867  0.8264E-84  0.1600E+02
 -26.857  0.8264E-84  0.1600E+02
 -26.847  0.8264E-84  0.1600E+02
 -26.837  0.8264E-84  0.1600E+02
 -26.827  0.8264E-84  0.1600E+02
 -26.817  0.8264E-84  0.1600E+02
 -26.807  0.8264E-84  0.1600E+02
 -26.797  0.8264E-84  0.1600E+02
 -26.787  0.8264E-84  0.1600E+02
 -26.777  0.8264E-84  0.1600E+02
 -26.767  0.8264E-84  0.1600E+02
 -26.757  0.8264E-84  0.1600E+02
 -26.747  0.8264E-84  0.1600E+02
 -26.737  0.8264E-84  0.1600E+02
 -26.727  0.8264E-84  0.1600E+02
 -26.717  0.8264E-84  0.1600E+02
 -26.707  0.8264E-84  0.1600E+02
 -26.697  0.8264E-84  0.1600E+02
 -26.687  0.8264E-84  0.1600E+02
 -26.677  0.8264E-84  0.1600E+02
 -26.667  0.8264E-84  0.1600E+02
 -26.657  0.8264E-84  0.1600E+02
 -26.647  0.8264E-84  0.1600E+02
 -26.637  0.8264E-84  0.1600E+02
 -26.627  0.8264E-84  0.1600E+02
 -26.617  0.8264E-84  0.1600E+02
 -26.607  0.8264E-84  0.1600E+02
 -26.597  0.8264E-84  0.1600E+02
 -26.587  0.8264E-84  0.1600E+02
 -26.577  0.8264E-84  0.1600E+02
 -26.567  0.8264E-84  0.1600E+02
 -26.557  0.8264E-84  0.1600E+02
 -26.547  0.8264E-84  0.1600E+02
 -26.537  0.8264E-84  0.1600E+02
 -26.527  0.8264E-84  0.1600E+02
 -26.517  0.8264E-84  0.1600E+02
 -26.507  0.8264E-84  0.1600E+02
 -26.497  0.8264E-84  0.1600E+02
 -26.487  0.8264E-84  0.1600E+02
 -26.477  0.8264E-84  0.1600E+02
 -26.467  0.8264E-84  0.1600E+02
 -26.457  0.8264E-84  0.1600E+02
 -26.447  0.8264E-84  0.1600E+02
 -26.437  0.8264E-84  0.1600E+02
 -26.427  0.8264E-84  0.1600E+02
 -26.417  0.8264E-84  0.1600E+02
 -26.407  0.8264E-84  0.1600E+02
 -26.397  0.8264E-84  0.1600E+02
 -26.387  0.8264E-84  0.1600E+02
 -26.377  0.8264E-84  0.1600E+02
 -26.367  0.8264E-84  0.1600E+02
 -26.357  0.8264E-84  0.1600E+02
 -26.347  0.8264E-84  0.1600E+02
 -26.337  0.8264E-84  0.1600E+02
 -26.327  0.8264E-84  0.1600E+02
 -26.317  0.8264E-84  0.1600E+02
 -26.307  0.8264E-84  0.1600E+02
 -26.297  0.8264E-84  0.1600E+02
 -26.287  0.8264E-84  0.1600E+02
 -26.277  0.8264E-84  0.1600E+02
 -26.267  0.8264E-84  0.1600E+02
 -26.257  0.8264E-84  0.1600E+02
 -26.247  0.8264E-84  0.1600E+02
 -26.237  0.8264E-84  0.1600E+02
 -26.227  0.8264E-84  0.1600E+02
 -26.217  0.8264E-84  0.1600E+02
 -26.207  0.8264E-84  0.1600E+02
 -26.197  0.8264E-84  0.1600E+02
 -26.187  0.8264E-84  0.1600E+02
 -26.177  0.8264E-84  0.1600E+02
 -26.167  0.8264E-84  0.1600E+02
 -26.157  0.8264E-84  0.1600E+02
 -26.147  0.8264E-84  0.1600E+02
 -26.137  0.8264E-84  0.1600E+02
 -26.127  0.8264E-84  0.1600E+02
 -26.117  0.8264E-84  0.1600E+02
 -26.107  0.8264E-84  0.1600E+02
 -26.097  0.8264E-84  0.1600E+02
 -26.087  0.8264E-84  0.1600E+02
 -26.077  0.8264E-84  0.1600E+02
 -26.067  0.8264E-84  0.1600E+02
 -26.057  0.8264E-84  0.1600E+02
 -26.047  0.8264E-84  0.1600E+02
 -26.037  0.8264E-84  0.1600E+02
 -26.027  0.8264E-84  0.1600E+02
 -26.017  0.8264E-84  0.1600E+02
 -26.007  0.8264E-84  0.1600E+02
 -25.997  0.8264E-84  0.1600E+02
 -25.987  0.8264E-84  0.1600E+02
 -25.977  0.8264E-84  0.1600E+02
 -25.967  0.8264E-84  0.1600E+02
 -25.957  0.8264E-84  0.1600E+02
 -25.947  0.8264E-84  0.1600E+02
 -25.937  0.8264E-84  0.1600E+02
 -25.927  0.8264E-84  0.1600E+02
 -25.917  0.8264E-84  0.1600E+02
 -25.907  0.8264E-84  0.1600E+02
 -25.897  0.8264E-84  0.1600E+02
 -25.887  0.8264E-84  0.1600E+02
 -25.877  0.8264E-84  0.1600E+02
 -25.867  0.8264E-84  0.1600E+02
 -25.857  0.8264E-84  0.1600E+02
 -25.847  0.8264E-84  0.1600E+02
 -25.837  0.8264E-84  0.1600E+02
 -25.827  0.8264E-84  0.1600E+02
 -25.817  0.8264E-84  0.1600E+02
 -25.807  0.8264E-84  0.1600E+02
 -25.797  0.8264E-84  0.1600E+02
 -25.787  0.8264E-84  0.1600E+02
 -25.777  0.8264E-84  0.1600E+02
 -25.767  0.8264E-84  0.1600E+02
 -25.757  0.8264E-84  0.1600E+02
 -25.747  0.8264E-84  0.1600E+02
 -25.737  0.8264E-84  0.1600E+02
 -25.727  0.8264E-84  0.1600E+02
 -25.717  0.8264E-84  0.1600E+02
 -25.707  0.8264E-84  0.1600E+02
 -25.697  0.8264E-84  0.1600E+02
 -25.687  0.8264E-84  0.1600E+02
 -25.677  0.8264E-84  0.1600E+02
 -25.667  0.8264E-84  0.1600E+02
 -25.657  0.8264E-84  0.1600E+02
 -25.647  0.8264E-84  0.1600E+02
 -25.637  0.8264E-84  0.1600E+02
 -25.627  0.8264E-84  0.1600E+02
 -25.617  0.8264E-84  0.1600E+02
 -25.607  0.8264E-84  0.1600E+02
 -25.597  0.8264E-84  0.1600E+02
 -25.587  0.8264E-84  0.1600E+02
 -25.577  0.8264E-84  0.1600E+02
 -25.567  0.8264E-84  0.1600E+02
 -25.557  0.8264E-84  0.1600E+02
 -25.547  0.8264E-84  0.1600E+02
 -25.537  0.8264E-84  0.1600E+02
 -25.527  0.8264E-84  0.1600E+02
 -25.517  0.8264E-84  0.1600E+02
 -25.507  0.8264E-84  0.1600E+02
 -25.497  0.8264E-84  0.1600E+02
 -25.487  0.8264E-84  0.1600E+02
 -25.477  0.8264E-84  0.1600E+02
 -25.467  0.8264E-84  0.1600E+02
 -25.457  0.8264E-84  0.1600E+02
 -25.447  0.8264E-84  0.1600E+02
 -25.437  0.8264E-84  0.1600E+02
 -25.427  0.8264E-84  0.1600E+02
 -25.417  0.8264E-84  0.1600E+02
 -25.407  0.8264E-84  0.1600E+02
 -25.397  0.8264E-84  0.1600E+02
 -25.387  0.8264E-84  0.1600E+02
 -25.377  0.8264E-84  0.1600E+02
 -25.367  0.8264E-84  0.1600E+02
 -25.357  0.8264E-84  0.1600E+02
 -25.347  0.8264E-84  0.1600E+02
 -25.337  0.8264E-84  0.1600E+02
 -25.327  0.8264E-84  0.1600E+02
 -25.317  0.8264E-84  0.1600E+02
 -25.307  0.8264E-84  0.1600E+02
 -25.297  0.8264E-84  0.1600E+02
 -25.287  0.8264E-84  0.1600E+02
 -25.277  0.8264E-84  0.1600E+02
 -25.267  0.8264E-84  0.1600E+02
 -25.257  0.8264E-84  0.1600E+02
 -25.247  0.8264E-84  0.1600E+02
 -25.237  0.8264E-84  0.1600E+02
 -25.227  0.8264E-84  0.1600E+02
 -25.217  0.8264E-84  0.1600E+02
 -25.207  0.8264E-84  0.1600E+02
 -25.197  0.8264E-84  0.1600E+02
 -25.187  0.8264E-84  0.1600E+02
 -25.177  0.8264E-84  0.1600E+02
 -25.167  0.8264E-84  0.1600E+02
 -25.157  0.8264E-84  0.1600E+02
 -25.147  0.8264E-84  0.1600E+02
 -25.137  0.8264E-84  0.1600E+02
 -25.127  0.8264E-84  0.1600E+02
 -25.117  0.8264E-84  0.1600E+02
 -25.107  0.8264E-84  0.1600E+02
 -25.097  0.8264E-84  0.1600E+02
 -25.087  0.8264E-84  0.1600E+02
 -25.077  0.8264E-84  0.1600E+02
 -25.067  0.8264E-84  0.1600E+02
 -25.057  0.8264E-84  0.1600E+02
 -25.047  0.8264E-84  0.1600E+02
 -25.037  0.8264E-84  0.1600E+02
 -25.027  0.8264E-84  0.1600E+02
 -25.017  0.8264E-84  0.1600E+02
 -25.007  0.8264E-84  0.1600E+02
 -24.997  0.8264E-84  0.1600E+02
 -24.987  0.8264E-84  0.1600E+02
 -24.977  0.8264E-84  0.1600E+02
 -24.967  0.8264E-84  0.1600E+02
 -24.957  0.8264E-84  0.1600E+02
 -24.947  0.8264E-84  0.1600E+02
 -24.937  0.8264E-84  0.1600E+02
 -24.927  0.8264E-84  0.1600E+02
 -24.917  0.8264E-84  0.1600E+02
 -24.907  0.8264E-84  0.1600E+02
 -24.897  0.8264E-84  0.1600E+02
 -24.887  0.8264E-84  0.1600E+02
 -24.877  0.8264E-84  0.1600E+02
 -24.867  0.8264E-84  0.1600E+02
 -24.857  0.8264E-84  0.1600E+02
 -24.847  0.8264E-84  0.1600E+02
 -24.837  0.8264E-84  0.1600E+02
 -24.827  0.8264E-84  0.1600E+02
 -24.817  0.8264E-84  0.1600E+02
 -24.807  0.8264E-84  0.1600E+02
 -24.797  0.8264E-84  0.1600E+02
 -24.787  0.8264E-84  0.1600E+02
 -24.777  0.8264E-84  0.1600E+02
 -24.767  0.8264E-84  0.1600E+02
 -24.757  0.8264E-84  0.1600E+02
 -24.747  0.8264E-84  0.1600E+02
 -24.737  0.8264E-84  0.1600E+02
 -24.727  0.8264E-84  0.1600E+02
 -24.717  0.8264E-84  0.1600E+02
 -24.707  0.8264E-84  0.1600E+02
 -24.697  0.8264E-84  0.1600E+02
 -24.687  0.8264E-84  0.1600E+02
 -24.677  0.8264E-84  0.1600E+02
 -24.667  0.8264E-84  0.1600E+02
 -24.657  0.8264E-84  0.1600E+02
 -24.647  0.8264E-84  0.1600E+02
 -24.637  0.8264E-84  0.1600E+02
 -24.627  0.8264E-84  0.1600E+02
 -24.617  0.8264E-84  0.1600E+02
 -24.607  0.8264E-84  0.1600E+02
 -24.597  0.8264E-84  0.1600E+02
 -24.587  0.8264E-84  0.1600E+02
 -24.577  0.8264E-84  0.1600E+02
 -24.567  0.8264E-84  0.1600E+02
 -24.557  0.8264E-84  0.1600E+02
 -24.547  0.8264E-84  0.1600E+02
 -24.537  0.8264E-84  0.1600E+02
 -24.527  0.8264E-84  0.1600E+02
 -24.517  0.8264E-84  0.1600E+02
 -24.507  0.8264E-84  0.1600E+02
 -24.497  0.8264E-84  0.1600E+02
 -24.487  0.8264E-84  0.1600E+02
 -24.477  0.8264E-84  0.1600E+02
 -24.467  0.8264E-84  0.1600E+02
 -24.457  0.8264E-84  0.1600E+02
 -24.447  0.8264E-84  0.1600E+02
 -24.437  0.8264E-84  0.1600E+02
 -24.427  0.8264E-84  0.1600E+02
 -24.417  0.8264E-84  0.1600E+02
 -24.407  0.8264E-84  0.1600E+02
 -24.397  0.8264E-84  0.1600E+02
 -24.387  0.8264E-84  0.1600E+02
 -24.377  0.8264E-84  0.1600E+02
 -24.367  0.8264E-84  0.1600E+02
 -24.357  0.8264E-84  0.1600E+02
 -24.347  0.8264E-84  0.1600E+02
 -24.337  0.8264E-84  0.1600E+02
 -24.327  0.8264E-84  0.1600E+02
 -24.317  0.8264E-84  0.1600E+02
 -24.307  0.8264E-84  0.1600E+02
 -24.297  0.8264E-84  0.1600E+02
 -24.287  0.8264E-84  0.1600E+02
 -24.277  0.8264E-84  0.1600E+02
 -24.267  0.8264E-84  0.1600E+02
 -24.257  0.8264E-84  0.1600E+02
 -24.247  0.8264E-84  0.1600E+02
 -24.237  0.8264E-84  0.1600E+02
 -24.227  0.8264E-84  0.1600E+02
 -24.217  0.8264E-84  0.1600E+02
 -24.207  0.8264E-84  0.1600E+02
 -24.197  0.8264E-84  0.1600E+02
 -24.187  0.8264E-84  0.1600E+02
 -24.177  0.8264E-84  0.1600E+02
 -24.167  0.8264E-84  0.1600E+02
 -24.157  0.8264E-84  0.1600E+02
 -24.147  0.8264E-84  0.1600E+02
 -24.137  0.8264E-84  0.1600E+02
 -24.127  0.8264E-84  0.1600E+02
 -24.117  0.8264E-84  0.1600E+02
 -24.107  0.8264E-84  0.1600E+02
 -24.097  0.8264E-84  0.1600E+02
 -24.087  0.8264E-84  0.1600E+02
 -24.077  0.8264E-84  0.1600E+02
 -24.067  0.8264E-84  0.1600E+02
 -24.057  0.8264E-84  0.1600E+02
 -24.047  0.8264E-84  0.1600E+02
 -24.037  0.8264E-84  0.1600E+02
 -24.027  0.8264E-84  0.1600E+02
 -24.017  0.8264E-84  0.1600E+02
 -24.007  0.8264E-84  0.1600E+02
 -23.997  0.8264E-84  0.1600E+02
 -23.987  0.8264E-84  0.1600E+02
 -23.977  0.8264E-84  0.1600E+02
 -23.967  0.8264E-84  0.1600E+02
 -23.957  0.8264E-84  0.1600E+02
 -23.947  0.8264E-84  0.1600E+02
 -23.937  0.8264E-84  0.1600E+02
 -23.927  0.8264E-84  0.1600E+02
 -23.917  0.8264E-84  0.1600E+02
 -23.907  0.8264E-84  0.1600E+02
 -23.897  0.8264E-84  0.1600E+02
 -23.887  0.8264E-84  0.1600E+02
 -23.877  0.8264E-84  0.1600E+02
 -23.867  0.8264E-84  0.1600E+02
 -23.857  0.8264E-84  0.1600E+02
 -23.847  0.8264E-84  0.1600E+02
 -23.837  0.8264E-84  0.1600E+02
 -23.827  0.8264E-84  0.1600E+02
 -23.817  0.8264E-84  0.1600E+02
 -23.807  0.8264E-84  0.1600E+02
 -23.797  0.8264E-84  0.1600E+02
 -23.787  0.8264E-84  0.1600E+02
 -23.777  0.8264E-84  0.1600E+02
 -23.767  0.8264E-84  0.1600E+02
 -23.757  0.8264E-84  0.1600E+02
 -23.747  0.8264E-84  0.1600E+02
 -23.737  0.8264E-84  0.1600E+02
 -23.727  0.8264E-84  0.1600E+02
 -23.717  0.8264E-84  0.1600E+02
 -23.707  0.8264E-84  0.1600E+02
 -23.697  0.8264E-84  0.1600E+02
 -23.687  0.8264E-84  0.1600E+02
 -23.677  0.8264E-84  0.1600E+02
 -23.667  0.8264E-84  0.1600E+02
 -23.657  0.8264E-84  0.1600E+02
 -23.647  0.8264E-84  0.1600E+02
 -23.637  0.8264E-84  0.1600E+02
 -23.627  0.8264E-84  0.1600E+02
 -23.617  0.8264E-84  0.1600E+02
 -23.607  0.8264E-84  0.1600E+02
 -23.597  0.8264E-84  0.1600E+02
 -23.587  0.8264E-84  0.1600E+02
 -23.577  0.8264E-84  0.1600E+02
 -23.567  0.8264E-84  0.1600E+02
 -23.557  0.8264E-84  0.1600E+02
 -23.547  0.8264E-84  0.1600E+02
 -23.537  0.8264E-84  0.1600E+02
 -23.527  0.8264E-84  0.1600E+02
 -23.517  0.8264E-84  0.1600E+02
 -23.507  0.8264E-84  0.1600E+02
 -23.497  0.8264E-84  0.1600E+02
 -23.487  0.8264E-84  0.1600E+02
 -23.477  0.8264E-84  0.1600E+02
 -23.467  0.8264E-84  0.1600E+02
 -23.457  0.8264E-84  0.1600E+02
 -23.447  0.8264E-84  0.1600E+02
 -23.437  0.8264E-84  0.1600E+02
 -23.427  0.8264E-84  0.1600E+02
 -23.417  0.8264E-84  0.1600E+02
 -23.407  0.8264E-84  0.1600E+02
 -23.397  0.8264E-84  0.1600E+02
 -23.387  0.8264E-84  0.1600E+02
 -23.377  0.8264E-84  0.1600E+02
 -23.367  0.8264E-84  0.1600E+02
 -23.357  0.8264E-84  0.1600E+02
 -23.347  0.8264E-84  0.1600E+02
 -23.337  0.8264E-84  0.1600E+02
 -23.327  0.8264E-84  0.1600E+02
 -23.317  0.8264E-84  0.1600E+02
 -23.307  0.8264E-84  0.1600E+02
 -23.297  0.8264E-84  0.1600E+02
 -23.287  0.8264E-84  0.1600E+02
 -23.277  0.8264E-84  0.1600E+02
 -23.267  0.8264E-84  0.1600E+02
 -23.257  0.8264E-84  0.1600E+02
 -23.247  0.8264E-84  0.1600E+02
 -23.237  0.8264E-84  0.1600E+02
 -23.227  0.8264E-84  0.1600E+02
 -23.217  0.8264E-84  0.1600E+02
 -23.207  0.8264E-84  0.1600E+02
 -23.197  0.8264E-84  0.1600E+02
 -23.187  0.8264E-84  0.1600E+02
 -23.177  0.8264E-84  0.1600E+02
 -23.167  0.8264E-84  0.1600E+02
 -23.157  0.8264E-84  0.1600E+02
 -23.147  0.8264E-84  0.1600E+02
 -23.137  0.8264E-84  0.1600E+02
 -23.127  0.8264E-84  0.1600E+02
 -23.117  0.8264E-84  0.1600E+02
 -23.107  0.8264E-84  0.1600E+02
 -23.097  0.8264E-84  0.1600E+02
 -23.087  0.8264E-84  0.1600E+02
 -23.077  0.8264E-84  0.1600E+02
 -23.067  0.8264E-84  0.1600E+02
 -23.057  0.8264E-84  0.1600E+02
 -23.047  0.8264E-84  0.1600E+02
 -23.037  0.8264E-84  0.1600E+02
 -23.027  0.8264E-84  0.1600E+02
 -23.017  0.8264E-84  0.1600E+02
 -23.007  0.8264E-84  0.1600E+02
 -22.997  0.8264E-84  0.1600E+02
 -22.987  0.8264E-84  0.1600E+02
 -22.977  0.8264E-84  0.1600E+02
 -22.967  0.8264E-84  0.1600E+02
 -22.957  0.8264E-84  0.1600E+02
 -22.947  0.8264E-84  0.1600E+02
 -22.937  0.8264E-84  0.1600E+02
 -22.927  0.8264E-84  0.1600E+02
 -22.917  0.8264E-84  0.1600E+02
 -22.907  0.8264E-84  0.1600E+02
 -22.897  0.8264E-84  0.1600E+02
 -22.887  0.8264E-84  0.1600E+02
 -22.877  0.8264E-84  0.1600E+02
 -22.867  0.8264E-84  0.1600E+02
 -22.857  0.8264E-84  0.1600E+02
 -22.847  0.8264E-84  0.1600E+02
 -22.837  0.8264E-84  0.1600E+02
 -22.827  0.8264E-84  0.1600E+02
 -22.817  0.8264E-84  0.1600E+02
 -22.807  0.8264E-84  0.1600E+02
 -22.797  0.8264E-84  0.1600E+02
 -22.787  0.8264E-84  0.1600E+02
 -22.777  0.8264E-84  0.1600E+02
 -22.767  0.8264E-84  0.1600E+02
 -22.757  0.8264E-84  0.1600E+02
 -22.747  0.8264E-84  0.1600E+02
 -22.737  0.8264E-84  0.1600E+02
 -22.727  0.8264E-84  0.1600E+02
 -22.717  0.8264E-84  0.1600E+02
 -22.707  0.8264E-84  0.1600E+02
 -22.697  0.8264E-84  0.1600E+02
 -22.687  0.8264E-84  0.1600E+02
 -22.677  0.8264E-84  0.1600E+02
 -22.667  0.8264E-84  0.1600E+02
 -22.657  0.8264E-84  0.1600E+02
 -22.647  0.8264E-84  0.1600E+02
 -22.637  0.8264E-84  0.1600E+02
 -22.627  0.8264E-84  0.1600E+02
 -22.617  0.8264E-84  0.1600E+02
 -22.607  0.8264E-84  0.1600E+02
 -22.597  0.8264E-84  0.1600E+02
 -22.587  0.8264E-84  0.1600E+02
 -22.577  0.8264E-84  0.1600E+02
 -22.567  0.8264E-84  0.1600E+02
 -22.557  0.8264E-84  0.1600E+02
 -22.547  0.8264E-84  0.1600E+02
 -22.537  0.8264E-84  0.1600E+02
 -22.527  0.8264E-84  0.1600E+02
 -22.517  0.8264E-84  0.1600E+02
 -22.507  0.8264E-84  0.1600E+02
 -22.497  0.8264E-84  0.1600E+02
 -22.487  0.8264E-84  0.1600E+02
 -22.477  0.8264E-84  0.1600E+02
 -22.467  0.8264E-84  0.1600E+02
 -22.457  0.8264E-84  0.1600E+02
 -22.447  0.8264E-84  0.1600E+02
 -22.437  0.8264E-84  0.1600E+02
 -22.427  0.8264E-84  0.1600E+02
 -22.417  0.8264E-84  0.1600E+02
 -22.407  0.8264E-84  0.1600E+02
 -22.397  0.8264E-84  0.1600E+02
 -22.387  0.8264E-84  0.1600E+02
 -22.377  0.8264E-84  0.1600E+02
 -22.367  0.8264E-84  0.1600E+02
 -22.357  0.8264E-84  0.1600E+02
 -22.347  0.8264E-84  0.1600E+02
 -22.337  0.8264E-84  0.1600E+02
 -22.327  0.8264E-84  0.1600E+02
 -22.317  0.8264E-84  0.1600E+02
 -22.307  0.8264E-84  0.1600E+02
 -22.297  0.8264E-84  0.1600E+02
 -22.287  0.8264E-84  0.1600E+02
 -22.277  0.8264E-84  0.1600E+02
 -22.267  0.8264E-84  0.1600E+02
 -22.257  0.8264E-84  0.1600E+02
 -22.247  0.8264E-84  0.1600E+02
 -22.237  0.8264E-84  0.1600E+02
 -22.227  0.8264E-84  0.1600E+02
 -22.217  0.8264E-84  0.1600E+02
 -22.207  0.8264E-84  0.1600E+02
 -22.197  0.8264E-84  0.1600E+02
 -22.187  0.8264E-84  0.1600E+02
 -22.177  0.8264E-84  0.1600E+02
 -22.167  0.8264E-84  0.1600E+02
 -22.157  0.8264E-84  0.1600E+02
 -22.147  0.8264E-84  0.1600E+02
 -22.137  0.8264E-84  0.1600E+02
 -22.127  0.8264E-84  0.1600E+02
 -22.117  0.8264E-84  0.1600E+02
 -22.107  0.8264E-84  0.1600E+02
 -22.097  0.8264E-84  0.1600E+02
 -22.087  0.8264E-84  0.1600E+02
 -22.077  0.8264E-84  0.1600E+02
 -22.067  0.8264E-84  0.1600E+02
 -22.057  0.8264E-84  0.1600E+02
 -22.047  0.8264E-84  0.1600E+02
 -22.037  0.8264E-84  0.1600E+02
 -22.027  0.8264E-84  0.1600E+02
 -22.017  0.8264E-84  0.1600E+02
 -22.007  0.8264E-84  0.1600E+02
 -21.997  0.8264E-84  0.1600E+02
 -21.987  0.8264E-84  0.1600E+02
 -21.977  0.8264E-84  0.1600E+02
 -21.967  0.8264E-84  0.1600E+02
 -21.957  0.8264E-84  0.1600E+02
 -21.947  0.8264E-84  0.1600E+02
 -21.937  0.8264E-84  0.1600E+02
 -21.927  0.8264E-84  0.1600E+02
 -21.917  0.8264E-84  0.1600E+02
 -21.907  0.8264E-84  0.1600E+02
 -21.897  0.8264E-84  0.1600E+02
 -21.887  0.8264E-84  0.1600E+02
 -21.877  0.8264E-84  0.1600E+02
 -21.867  0.8264E-84  0.1600E+02
 -21.857  0.8264E-84  0.1600E+02
 -21.847  0.8264E-84  0.1600E+02
 -21.837  0.8264E-84  0.1600E+02
 -21.827  0.8264E-84  0.1600E+02
 -21.817  0.8264E-84  0.1600E+02
 -21.807  0.8264E-84  0.1600E+02
 -21.797  0.8264E-84  0.1600E+02
 -21.787  0.8264E-84  0.1600E+02
 -21.777  0.8264E-84  0.1600E+02
 -21.767  0.8264E-84  0.1600E+02
 -21.757  0.8264E-84  0.1600E+02
 -21.747  0.8264E-84  0.1600E+02
 -21.737  0.8264E-84  0.1600E+02
 -21.727  0.8264E-84  0.1600E+02
 -21.717  0.8264E-84  0.1600E+02
 -21.707  0.8264E-84  0.1600E+02
 -21.697  0.8264E-84  0.1600E+02
 -21.687  0.8264E-84  0.1600E+02
 -21.677  0.8264E-84  0.1600E+02
 -21.667  0.8264E-84  0.1600E+02
 -21.657  0.8264E-84  0.1600E+02
 -21.647  0.8264E-84  0.1600E+02
 -21.637  0.8264E-84  0.1600E+02
 -21.627  0.8264E-84  0.1600E+02
 -21.617  0.8264E-84  0.1600E+02
 -21.607  0.8264E-84  0.1600E+02
 -21.597  0.8264E-84  0.1600E+02
 -21.587  0.8264E-84  0.1600E+02
 -21.577  0.8264E-84  0.1600E+02
 -21.567  0.8264E-84  0.1600E+02
 -21.557  0.8264E-84  0.1600E+02
 -21.547  0.8264E-84  0.1600E+02
 -21.537  0.8264E-84  0.1600E+02
 -21.527  0.8264E-84  0.1600E+02
 -21.517  0.8264E-84  0.1600E+02
 -21.507  0.8264E-84  0.1600E+02
 -21.497  0.8264E-84  0.1600E+02
 -21.487  0.8264E-84  0.1600E+02
 -21.477  0.8264E-84  0.1600E+02
 -21.467  0.8264E-84  0.1600E+02
 -21.457  0.8264E-84  0.1600E+02
 -21.447  0.8264E-84  0.1600E+02
 -21.437  0.8264E-84  0.1600E+02
 -21.427  0.8264E-84  0.1600E+02
 -21.417  0.8264E-84  0.1600E+02
 -21.407  0.8264E-84  0.1600E+02
 -21.397  0.8264E-84  0.1600E+02
 -21.387  0.8264E-84  0.1600E+02
 -21.377  0.8264E-84  0.1600E+02
 -21.367  0.8264E-84  0.1600E+02
 -21.357  0.8264E-84  0.1600E+02
 -21.347  0.8264E-84  0.1600E+02
 -21.337  0.8264E-84  0.1600E+02
 -21.327  0.8264E-84  0.1600E+02
 -21.317  0.8264E-84  0.1600E+02
 -21.307  0.8264E-84  0.1600E+02
 -21.297  0.8264E-84  0.1600E+02
 -21.287  0.8264E-84  0.1600E+02
 -21.277  0.8264E-84  0.1600E+02
 -21.267  0.8264E-84  0.1600E+02
 -21.257  0.8264E-84  0.1600E+02
 -21.247  0.8264E-84  0.1600E+02
 -21.237  0.8264E-84  0.1600E+02
 -21.227  0.8264E-84  0.1600E+02
 -21.217  0.8264E-84  0.1600E+02
 -21.207  0.8264E-84  0.1600E+02
 -21.197  0.8264E-84  0.1600E+02
 -21.187  0.8264E-84  0.1600E+02
 -21.177  0.8264E-84  0.1600E+02
 -21.167  0.8264E-84  0.1600E+02
 -21.157  0.8264E-84  0.1600E+02
 -21.147  0.8264E-84  0.1600E+02
 -21.137  0.8264E-84  0.1600E+02
 -21.127  0.8264E-84  0.1600E+02
 -21.117  0.8264E-84  0.1600E+02
 -21.107  0.8264E-84  0.1600E+02
 -21.097  0.8264E-84  0.1600E+02
 -21.087  0.8264E-84  0.1600E+02
 -21.077  0.8264E-84  0.1600E+02
 -21.067  0.8264E-84  0.1600E+02
 -21.057  0.8264E-84  0.1600E+02
 -21.047  0.8264E-84  0.1600E+02
 -21.037  0.8264E-84  0.1600E+02
 -21.027  0.8264E-84  0.1600E+02
 -21.017  0.8264E-84  0.1600E+02
 -21.007  0.8264E-84  0.1600E+02
 -20.997  0.8264E-84  0.1600E+02
 -20.987  0.8264E-84  0.1600E+02
 -20.977  0.8264E-84  0.1600E+02
 -20.967  0.8264E-84  0.1600E+02
 -20.957  0.8264E-84  0.1600E+02
 -20.947  0.8264E-84  0.1600E+02
 -20.937  0.8264E-84  0.1600E+02
 -20.927  0.8264E-84  0.1600E+02
 -20.917  0.8264E-84  0.1600E+02
 -20.907  0.8264E-84  0.1600E+02
 -20.897  0.8264E-84  0.1600E+02
 -20.887  0.8264E-84  0.1600E+02
 -20.877  0.8264E-84  0.1600E+02
 -20.867  0.8264E-84  0.1600E+02
 -20.857  0.8264E-84  0.1600E+02
 -20.847  0.8264E-84  0.1600E+02
 -20.837  0.8264E-84  0.1600E+02
 -20.827  0.8264E-84  0.1600E+02
 -20.817  0.8264E-84  0.1600E+02
 -20.807  0.8264E-84  0.1600E+02
 -20.797  0.8264E-84  0.1600E+02
 -20.787  0.8264E-84  0.1600E+02
 -20.777  0.8264E-84  0.1600E+02
 -20.767  0.8264E-84  0.1600E+02
 -20.757  0.8264E-84  0.1600E+02
 -20.747  0.8264E-84  0.1600E+02
 -20.737  0.8264E-84  0.1600E+02
 -20.727  0.8264E-84  0.1600E+02
 -20.717  0.8264E-84  0.1600E+02
 -20.707  0.8264E-84  0.1600E+02
 -20.697  0.8264E-84  0.1600E+02
 -20.687  0.8264E-84  0.1600E+02
 -20.677  0.8264E-84  0.1600E+02
 -20.667  0.8264E-84  0.1600E+02
 -20.657  0.8264E-84  0.1600E+02
 -20.647  0.8264E-84  0.1600E+02
 -20.637  0.8264E-84  0.1600E+02
 -20.627  0.8264E-84  0.1600E+02
 -20.617  0.8264E-84  0.1600E+02
 -20.607  0.8264E-84  0.1600E+02
 -20.597  0.8264E-84  0.1600E+02
 -20.587  0.8264E-84  0.1600E+02
 -20.577  0.8264E-84  0.1600E+02
 -20.567  0.8264E-84  0.1600E+02
 -20.557  0.8264E-84  0.1600E+02
 -20.547  0.8264E-84  0.1600E+02
 -20.537  0.8264E-84  0.1600E+02
 -20.527  0.8264E-84  0.1600E+02
 -20.517  0.8264E-84  0.1600E+02
 -20.507  0.8264E-84  0.1600E+02
 -20.497  0.8264E-84  0.1600E+02
 -20.487  0.8264E-84  0.1600E+02
 -20.477  0.8264E-84  0.1600E+02
 -20.467  0.8264E-84  0.1600E+02
 -20.457  0.8264E-84  0.1600E+02
 -20.447  0.8264E-84  0.1600E+02
 -20.437  0.8264E-84  0.1600E+02
 -20.427  0.8264E-84  0.1600E+02
 -20.417  0.8264E-84  0.1600E+02
 -20.407  0.8264E-84  0.1600E+02
 -20.397  0.8264E-84  0.1600E+02
 -20.387  0.8264E-84  0.1600E+02
 -20.377  0.8264E-84  0.1600E+02
 -20.367  0.8264E-84  0.1600E+02
 -20.357  0.8264E-84  0.1600E+02
 -20.347  0.8264E-84  0.1600E+02
 -20.337  0.8264E-84  0.1600E+02
 -20.327  0.8264E-84  0.1600E+02
 -20.317  0.8264E-84  0.1600E+02
 -20.307  0.8264E-84  0.1600E+02
 -20.297  0.8264E-84  0.1600E+02
 -20.287  0.8264E-84  0.1600E+02
 -20.277  0.8264E-84  0.1600E+02
 -20.267  0.8264E-84  0.1600E+02
 -20.257  0.8264E-84  0.1600E+02
 -20.247  0.8264E-84  0.1600E+02
 -20.237  0.8264E-84  0.1600E+02
 -20.227  0.8264E-84  0.1600E+02
 -20.217  0.8264E-84  0.1600E+02
 -20.207  0.8264E-84  0.1600E+02
 -20.197  0.8264E-84  0.1600E+02
 -20.187  0.8264E-84  0.1600E+02
 -20.177  0.8264E-84  0.1600E+02
 -20.167  0.8264E-84  0.1600E+02
 -20.157  0.8264E-84  0.1600E+02
 -20.147  0.8264E-84  0.1600E+02
 -20.137  0.8264E-84  0.1600E+02
 -20.127  0.8264E-84  0.1600E+02
 -20.117  0.8264E-84  0.1600E+02
 -20.107  0.8264E-84  0.1600E+02
 -20.097  0.8264E-84  0.1600E+02
 -20.087  0.8264E-84  0.1600E+02
 -20.077  0.8264E-84  0.1600E+02
 -20.067  0.8264E-84  0.1600E+02
 -20.057  0.8264E-84  0.1600E+02
 -20.047  0.8264E-84  0.1600E+02
 -20.037  0.8264E-84  0.1600E+02
 -20.027  0.8264E-84  0.1600E+02
 -20.017  0.8264E-84  0.1600E+02
 -20.007  0.8264E-84  0.1600E+02
 -19.997  0.8264E-84  0.1600E+02
 -19.987  0.8264E-84  0.1600E+02
 -19.977  0.8264E-84  0.1600E+02
 -19.967  0.8264E-84  0.1600E+02
 -19.957  0.8264E-84  0.1600E+02
 -19.947  0.8264E-84  0.1600E+02
 -19.937  0.8264E-84  0.1600E+02
 -19.927  0.8264E-84  0.1600E+02
 -19.917  0.8264E-84  0.1600E+02
 -19.907  0.8264E-84  0.1600E+02
 -19.897  0.8264E-84  0.1600E+02
 -19.887  0.8264E-84  0.1600E+02
 -19.877  0.8264E-84  0.1600E+02
 -19.867  0.8264E-84  0.1600E+02
 -19.857  0.8264E-84  0.1600E+02
 -19.847  0.8264E-84  0.1600E+02
 -19.837  0.8264E-84  0.1600E+02
 -19.827  0.8264E-84  0.1600E+02
 -19.817  0.8264E-84  0.1600E+02
 -19.807  0.8264E-84  0.1600E+02
 -19.797  0.8264E-84  0.1600E+02
 -19.787  0.8264E-84  0.1600E+02
 -19.777  0.8264E-84  0.1600E+02
 -19.767  0.8264E-84  0.1600E+02
 -19.757  0.8264E-84  0.1600E+02
 -19.747  0.8264E-84  0.1600E+02
 -19.737  0.8264E-84  0.1600E+02
 -19.727  0.8264E-84  0.1600E+02
 -19.717  0.8264E-84  0.1600E+02
 -19.707  0.8264E-84  0.1600E+02
 -19.697  0.8264E-84  0.1600E+02
 -19.687  0.8264E-84  0.1600E+02
 -19.677  0.8264E-84  0.1600E+02
 -19.667  0.8264E-84  0.1600E+02
 -19.657  0.8264E-84  0.1600E+02
 -19.647  0.8264E-84  0.1600E+02
 -19.637  0.8264E-84  0.1600E+02
 -19.627  0.8264E-84  0.1600E+02
 -19.617  0.8264E-84  0.1600E+02
 -19.607  0.8264E-84  0.1600E+02
 -19.597  0.8264E-84  0.1600E+02
 -19.587  0.8264E-84  0.1600E+02
 -19.577  0.8264E-84  0.1600E+02
 -19.567  0.8264E-84  0.1600E+02
 -19.557  0.8264E-84  0.1600E+02
 -19.547  0.8264E-84  0.1600E+02
 -19.537  0.8264E-84  0.1600E+02
 -19.527  0.8264E-84  0.1600E+02
 -19.517  0.8264E-84  0.1600E+02
 -19.507  0.8264E-84  0.1600E+02
 -19.497  0.8264E-84  0.1600E+02
 -19.487  0.8264E-84  0.1600E+02
 -19.477  0.8264E-84  0.1600E+02
 -19.467  0.8264E-84  0.1600E+02
 -19.457  0.8264E-84  0.1600E+02
 -19.447  0.8264E-84  0.1600E+02
 -19.437  0.8264E-84  0.1600E+02
 -19.427  0.8264E-84  0.1600E+02
 -19.417  0.8264E-84  0.1600E+02
 -19.407  0.8264E-84  0.1600E+02
 -19.397  0.8264E-84  0.1600E+02
 -19.387  0.8264E-84  0.1600E+02
 -19.377  0.8264E-84  0.1600E+02
 -19.367  0.8264E-84  0.1600E+02
 -19.357  0.8264E-84  0.1600E+02
 -19.347  0.8264E-84  0.1600E+02
 -19.337  0.8264E-84  0.1600E+02
 -19.327  0.8264E-84  0.1600E+02
 -19.317  0.8264E-84  0.1600E+02
 -19.307  0.8264E-84  0.1600E+02
 -19.297  0.8264E-84  0.1600E+02
 -19.287  0.8264E-84  0.1600E+02
 -19.277  0.8264E-84  0.1600E+02
 -19.267  0.8264E-84  0.1600E+02
 -19.257  0.8264E-84  0.1600E+02
 -19.247  0.8264E-84  0.1600E+02
 -19.237  0.8264E-84  0.1600E+02
 -19.227  0.8264E-84  0.1600E+02
 -19.217  0.8264E-84  0.1600E+02
 -19.207  0.8264E-84  0.1600E+02
 -19.197  0.8264E-84  0.1600E+02
 -19.187  0.8264E-84  0.1600E+02
 -19.177  0.8264E-84  0.1600E+02
 -19.167  0.8264E-84  0.1600E+02
 -19.157  0.8264E-84  0.1600E+02
 -19.147  0.8264E-84  0.1600E+02
 -19.137  0.8264E-84  0.1600E+02
 -19.127  0.8264E-84  0.1600E+02
 -19.117  0.8264E-84  0.1600E+02
 -19.107  0.8264E-84  0.1600E+02
 -19.097  0.8264E-84  0.1600E+02
 -19.087  0.8264E-84  0.1600E+02
 -19.077  0.8264E-84  0.1600E+02
 -19.067  0.8264E-84  0.1600E+02
 -19.057  0.8264E-84  0.1600E+02
 -19.047  0.8264E-84  0.1600E+02
 -19.037  0.8264E-84  0.1600E+02
 -19.027  0.8264E-84  0.1600E+02
 -19.017  0.8264E-84  0.1600E+02
 -19.007  0.8264E-84  0.1600E+02
 -18.997  0.8264E-84  0.1600E+02
 -18.987  0.8264E-84  0.1600E+02
 -18.977  0.8264E-84  0.1600E+02
 -18.967  0.8264E-84  0.1600E+02
 -18.957  0.8264E-84  0.1600E+02
 -18.947  0.8264E-84  0.1600E+02
 -18.937  0.8264E-84  0.1600E+02
 -18.927  0.8264E-84  0.1600E+02
 -18.917  0.8264E-84  0.1600E+02
 -18.907  0.8264E-84  0.1600E+02
 -18.897  0.8264E-84  0.1600E+02
 -18.887  0.8264E-84  0.1600E+02
 -18.877  0.8264E-84  0.1600E+02
 -18.867  0.8264E-84  0.1600E+02
 -18.857  0.8264E-84  0.1600E+02
 -18.847  0.8264E-84  0.1600E+02
 -18.837  0.8264E-84  0.1600E+02
 -18.827  0.8264E-84  0.1600E+02
 -18.817  0.8264E-84  0.1600E+02
 -18.807  0.8264E-84  0.1600E+02
 -18.797  0.8264E-84  0.1600E+02
 -18.787  0.8264E-84  0.1600E+02
 -18.777  0.8264E-84  0.1600E+02
 -18.767  0.8264E-84  0.1600E+02
 -18.757  0.8264E-84  0.1600E+02
 -18.747  0.8264E-84  0.1600E+02
 -18.737  0.8264E-84  0.1600E+02
 -18.727  0.8264E-84  0.1600E+02
 -18.717  0.8264E-84  0.1600E+02
 -18.707  0.8264E-84  0.1600E+02
 -18.697  0.8264E-84  0.1600E+02
 -18.687  0.8264E-84  0.1600E+02
 -18.677  0.8264E-84  0.1600E+02
 -18.667  0.8264E-84  0.1600E+02
 -18.657  0.8264E-84  0.1600E+02
 -18.647  0.8264E-84  0.1600E+02
 -18.637  0.8264E-84  0.1600E+02
 -18.627  0.8264E-84  0.1600E+02
 -18.617  0.8264E-84  0.1600E+02
 -18.607  0.8264E-84  0.1600E+02
 -18.597  0.8264E-84  0.1600E+02
 -18.587  0.8264E-84  0.1600E+02
 -18.577  0.8264E-84  0.1600E+02
 -18.567  0.8264E-84  0.1600E+02
 -18.557  0.8264E-84  0.1600E+02
 -18.547  0.8264E-84  0.1600E+02
 -18.537  0.8264E-84  0.1600E+02
 -18.527  0.8264E-84  0.1600E+02
 -18.517  0.8264E-84  0.1600E+02
 -18.507  0.8264E-84  0.1600E+02
 -18.497  0.8264E-84  0.1600E+02
 -18.487  0.8264E-84  0.1600E+02
 -18.477  0.8264E-84  0.1600E+02
 -18.467  0.8264E-84  0.1600E+02
 -18.457  0.8264E-84  0.1600E+02
 -18.447  0.8264E-84  0.1600E+02
 -18.437  0.8264E-84  0.1600E+02
 -18.427  0.8264E-84  0.1600E+02
 -18.417  0.8264E-84  0.1600E+02
 -18.407  0.8264E-84  0.1600E+02
 -18.397  0.8264E-84  0.1600E+02
 -18.387  0.8264E-84  0.1600E+02
 -18.377  0.8264E-84  0.1600E+02
 -18.367  0.8264E-84  0.1600E+02
 -18.357  0.8264E-84  0.1600E+02
 -18.347  0.8264E-84  0.1600E+02
 -18.337  0.8264E-84  0.1600E+02
 -18.327  0.8264E-84  0.1600E+02
 -18.317  0.8264E-84  0.1600E+02
 -18.307  0.8264E-84  0.1600E+02
 -18.297  0.8264E-84  0.1600E+02
 -18.287  0.8264E-84  0.1600E+02
 -18.277  0.8264E-84  0.1600E+02
 -18.267  0.8264E-84  0.1600E+02
 -18.257  0.8264E-84  0.1600E+02
 -18.247  0.8264E-84  0.1600E+02
 -18.237  0.8264E-84  0.1600E+02
 -18.227  0.8264E-84  0.1600E+02
 -18.217  0.8264E-84  0.1600E+02
 -18.207  0.8264E-84  0.1600E+02
 -18.197  0.8264E-84  0.1600E+02
 -18.187  0.8264E-84  0.1600E+02
 -18.177  0.8264E-84  0.1600E+02
 -18.167  0.8264E-84  0.1600E+02
 -18.157  0.8264E-84  0.1600E+02
 -18.147  0.8264E-84  0.1600E+02
 -18.137  0.8264E-84  0.1600E+02
 -18.127  0.8264E-84  0.1600E+02
 -18.117  0.8264E-84  0.1600E+02
 -18.107  0.8264E-84  0.1600E+02
 -18.097  0.8264E-84  0.1600E+02
 -18.087  0.8264E-84  0.1600E+02
 -18.077  0.8264E-84  0.1600E+02
 -18.067  0.8264E-84  0.1600E+02
 -18.057  0.8264E-84  0.1600E+02
 -18.047  0.8264E-84  0.1600E+02
 -18.037  0.8264E-84  0.1600E+02
 -18.027  0.8264E-84  0.1600E+02
 -18.017  0.8264E-84  0.1600E+02
 -18.007  0.8264E-84  0.1600E+02
 -17.997  0.8264E-84  0.1600E+02
 -17.987  0.8264E-84  0.1600E+02
 -17.977  0.8264E-84  0.1600E+02
 -17.967  0.8264E-84  0.1600E+02
 -17.957  0.8264E-84  0.1600E+02
 -17.947  0.8264E-84  0.1600E+02
 -17.937  0.8264E-84  0.1600E+02
 -17.927  0.8264E-84  0.1600E+02
 -17.917  0.8264E-84  0.1600E+02
 -17.907  0.8264E-84  0.1600E+02
 -17.897  0.8264E-84  0.1600E+02
 -17.887  0.8264E-84  0.1600E+02
 -17.877  0.8264E-84  0.1600E+02
 -17.867  0.8264E-84  0.1600E+02
 -17.857  0.8264E-84  0.1600E+02
 -17.847  0.8264E-84  0.1600E+02
 -17.837  0.8264E-84  0.1600E+02
 -17.827  0.8264E-84  0.1600E+02
 -17.817  0.8264E-84  0.1600E+02
 -17.807  0.8264E-84  0.1600E+02
 -17.797  0.8264E-84  0.1600E+02
 -17.787  0.8264E-84  0.1600E+02
 -17.777  0.8264E-84  0.1600E+02
 -17.767  0.8264E-84  0.1600E+02
 -17.757  0.8264E-84  0.1600E+02
 -17.747  0.8264E-84  0.1600E+02
 -17.737  0.8264E-84  0.1600E+02
 -17.727  0.8264E-84  0.1600E+02
 -17.717  0.8264E-84  0.1600E+02
 -17.707  0.8264E-84  0.1600E+02
 -17.697  0.8264E-84  0.1600E+02
 -17.687  0.8264E-84  0.1600E+02
 -17.677  0.8264E-84  0.1600E+02
 -17.667  0.8264E-84  0.1600E+02
 -17.657  0.8264E-84  0.1600E+02
 -17.647  0.8264E-84  0.1600E+02
 -17.637  0.8264E-84  0.1600E+02
 -17.627  0.8264E-84  0.1600E+02
 -17.617  0.8264E-84  0.1600E+02
 -17.607  0.8264E-84  0.1600E+02
 -17.597  0.8264E-84  0.1600E+02
 -17.587  0.8264E-84  0.1600E+02
 -17.577  0.8264E-84  0.1600E+02
 -17.567  0.8264E-84  0.1600E+02
 -17.557  0.8264E-84  0.1600E+02
 -17.547  0.8264E-84  0.1600E+02
 -17.537  0.8264E-84  0.1600E+02
 -17.527  0.8264E-84  0.1600E+02
 -17.517  0.8264E-84  0.1600E+02
 -17.507  0.8264E-84  0.1600E+02
 -17.497  0.8264E-84  0.1600E+02
 -17.487  0.8264E-84  0.1600E+02
 -17.477  0.8264E-84  0.1600E+02
 -17.467  0.8264E-84  0.1600E+02
 -17.457  0.8264E-84  0.1600E+02
 -17.447  0.8264E-84  0.1600E+02
 -17.437  0.8264E-84  0.1600E+02
 -17.427  0.8264E-84  0.1600E+02
 -17.417  0.8264E-84  0.1600E+02
 -17.407  0.8264E-84  0.1600E+02
 -17.397  0.8264E-84  0.1600E+02
 -17.387  0.8264E-84  0.1600E+02
 -17.377  0.8264E-84  0.1600E+02
 -17.367  0.8264E-84  0.1600E+02
 -17.357  0.8264E-84  0.1600E+02
 -17.347  0.8264E-84  0.1600E+02
 -17.337  0.8264E-84  0.1600E+02
 -17.327  0.8264E-84  0.1600E+02
 -17.317  0.8264E-84  0.1600E+02
 -17.307  0.8264E-84  0.1600E+02
 -17.297  0.8264E-84  0.1600E+02
 -17.287  0.8264E-84  0.1600E+02
 -17.277  0.8264E-84  0.1600E+02
 -17.267  0.8264E-84  0.1600E+02
 -17.257  0.8264E-84  0.1600E+02
 -17.247  0.8264E-84  0.1600E+02
 -17.237  0.8264E-84  0.1600E+02
 -17.227  0.8264E-84  0.1600E+02
 -17.217  0.8264E-84  0.1600E+02
 -17.207  0.8264E-84  0.1600E+02
 -17.197  0.8264E-84  0.1600E+02
 -17.187  0.8264E-84  0.1600E+02
 -17.177  0.8264E-84  0.1600E+02
 -17.167  0.8264E-84  0.1600E+02
 -17.157  0.8264E-84  0.1600E+02
 -17.147  0.8264E-84  0.1600E+02
 -17.137  0.8264E-84  0.1600E+02
 -17.127  0.8264E-84  0.1600E+02
 -17.117  0.8264E-84  0.1600E+02
 -17.107  0.8264E-84  0.1600E+02
 -17.097  0.8264E-84  0.1600E+02
 -17.087  0.8264E-84  0.1600E+02
 -17.077  0.8264E-84  0.1600E+02
 -17.067  0.8264E-84  0.1600E+02
 -17.057  0.8264E-84  0.1600E+02
 -17.047  0.8264E-84  0.1600E+02
 -17.037  0.8264E-84  0.1600E+02
 -17.027  0.8264E-84  0.1600E+02
 -17.017  0.8264E-84  0.1600E+02
 -17.007  0.8264E-84  0.1600E+02
 -16.997  0.8264E-84  0.1600E+02
 -16.987  0.8264E-84  0.1600E+02
 -16.977  0.8264E-84  0.1600E+02
 -16.967  0.8264E-84  0.1600E+02
 -16.957  0.8264E-84  0.1600E+02
 -16.947  0.8264E-84  0.1600E+02
 -16.937  0.8264E-84  0.1600E+02
 -16.927  0.8264E-84  0.1600E+02
 -16.917  0.8264E-84  0.1600E+02
 -16.907  0.8264E-84  0.1600E+02
 -16.897  0.8264E-84  0.1600E+02
 -16.887  0.8264E-84  0.1600E+02
 -16.877  0.8264E-84  0.1600E+02
 -16.867  0.8264E-84  0.1600E+02
 -16.857  0.8264E-84  0.1600E+02
 -16.847  0.8264E-84  0.1600E+02
 -16.837  0.8264E-84  0.1600E+02
 -16.827  0.8264E-84  0.1600E+02
 -16.817  0.8264E-84  0.1600E+02
 -16.807  0.8264E-84  0.1600E+02
 -16.797  0.8264E-84  0.1600E+02
 -16.787  0.8264E-84  0.1600E+02
 -16.777  0.8264E-84  0.1600E+02
 -16.767  0.8264E-84  0.1600E+02
 -16.757  0.8264E-84  0.1600E+02
 -16.747  0.8264E-84  0.1600E+02
 -16.737  0.8264E-84  0.1600E+02
 -16.727  0.8264E-84  0.1600E+02
 -16.717  0.8264E-84  0.1600E+02
 -16.707  0.8264E-84  0.1600E+02
 -16.697  0.8264E-84  0.1600E+02
 -16.687  0.8264E-84  0.1600E+02
 -16.677  0.8264E-84  0.1600E+02
 -16.667  0.8264E-84  0.1600E+02
 -16.657  0.8264E-84  0.1600E+02
 -16.647  0.8264E-84  0.1600E+02
 -16.637  0.8264E-84  0.1600E+02
 -16.627  0.8264E-84  0.1600E+02
 -16.617  0.8264E-84  0.1600E+02
 -16.607  0.8264E-84  0.1600E+02
 -16.597  0.8264E-84  0.1600E+02
 -16.587  0.8264E-84  0.1600E+02
 -16.577  0.8264E-84  0.1600E+02
 -16.567  0.8264E-84  0.1600E+02
 -16.557  0.8264E-84  0.1600E+02
 -16.547  0.8264E-84  0.1600E+02
 -16.537  0.8264E-84  0.1600E+02
 -16.527  0.8264E-84  0.1600E+02
 -16.517  0.8264E-84  0.1600E+02
 -16.507  0.8264E-84  0.1600E+02
 -16.497  0.8264E-84  0.1600E+02
 -16.487  0.8264E-84  0.1600E+02
 -16.477  0.8264E-84  0.1600E+02
 -16.467  0.8264E-84  0.1600E+02
 -16.457  0.8264E-84  0.1600E+02
 -16.447  0.8264E-84  0.1600E+02
 -16.437  0.8264E-84  0.1600E+02
 -16.427  0.8264E-84  0.1600E+02
 -16.417  0.8264E-84  0.1600E+02
 -16.407  0.8264E-84  0.1600E+02
 -16.397  0.8264E-84  0.1600E+02
 -16.387  0.8264E-84  0.1600E+02
 -16.377  0.8264E-84  0.1600E+02
 -16.367  0.8264E-84  0.1600E+02
 -16.357  0.8264E-84  0.1600E+02
 -16.347  0.8264E-84  0.1600E+02
 -16.337  0.8264E-84  0.1600E+02
 -16.327  0.8264E-84  0.1600E+02
 -16.317  0.8264E-84  0.1600E+02
 -16.307  0.8264E-84  0.1600E+02
 -16.297  0.8264E-84  0.1600E+02
 -16.287  0.8264E-84  0.1600E+02
 -16.277  0.8264E-84  0.1600E+02
 -16.267  0.8264E-84  0.1600E+02
 -16.257  0.8264E-84  0.1600E+02
 -16.247  0.8264E-84  0.1600E+02
 -16.237  0.8264E-84  0.1600E+02
 -16.227  0.8264E-84  0.1600E+02
 -16.217  0.8264E-84  0.1600E+02
 -16.207  0.8264E-84  0.1600E+02
 -16.197  0.8264E-84  0.1600E+02
 -16.187  0.8264E-84  0.1600E+02
 -16.177  0.8264E-84  0.1600E+02
 -16.167  0.8264E-84  0.1600E+02
 -16.157  0.8264E-84  0.1600E+02
 -16.147  0.8264E-84  0.1600E+02
 -16.137  0.8264E-84  0.1600E+02
 -16.127  0.8264E-84  0.1600E+02
 -16.117  0.8264E-84  0.1600E+02
 -16.107  0.8264E-84  0.1600E+02
 -16.097  0.8264E-84  0.1600E+02
 -16.087  0.8264E-84  0.1600E+02
 -16.077  0.8264E-84  0.1600E+02
 -16.067  0.8264E-84  0.1600E+02
 -16.057  0.8264E-84  0.1600E+02
 -16.047  0.8264E-84  0.1600E+02
 -16.037  0.8264E-84  0.1600E+02
 -16.027  0.8264E-84  0.1600E+02
 -16.017  0.8264E-84  0.1600E+02
 -16.007  0.8264E-84  0.1600E+02
 -15.997  0.8264E-84  0.1600E+02
 -15.987  0.8264E-84  0.1600E+02
 -15.977  0.8264E-84  0.1600E+02
 -15.967  0.8264E-84  0.1600E+02
 -15.957  0.8264E-84  0.1600E+02
 -15.947  0.8264E-84  0.1600E+02
 -15.937  0.8264E-84  0.1600E+02
 -15.927  0.8264E-84  0.1600E+02
 -15.917  0.8264E-84  0.1600E+02
 -15.907  0.8264E-84  0.1600E+02
 -15.897  0.8264E-84  0.1600E+02
 -15.887  0.8264E-84  0.1600E+02
 -15.877  0.8264E-84  0.1600E+02
 -15.867  0.8264E-84  0.1600E+02
 -15.857  0.8264E-84  0.1600E+02
 -15.847  0.8264E-84  0.1600E+02
 -15.837  0.8264E-84  0.1600E+02
 -15.827  0.8264E-84  0.1600E+02
 -15.817  0.8264E-84  0.1600E+02
 -15.807  0.8264E-84  0.1600E+02
 -15.797  0.8264E-84  0.1600E+02
 -15.787  0.8264E-84  0.1600E+02
 -15.777  0.8264E-84  0.1600E+02
 -15.767  0.8264E-84  0.1600E+02
 -15.757  0.8264E-84  0.1600E+02
 -15.747  0.8264E-84  0.1600E+02
 -15.737  0.8264E-84  0.1600E+02
 -15.727  0.8264E-84  0.1600E+02
 -15.717  0.8264E-84  0.1600E+02
 -15.707  0.8264E-84  0.1600E+02
 -15.697  0.8264E-84  0.1600E+02
 -15.687  0.8264E-84  0.1600E+02
 -15.677  0.8264E-84  0.1600E+02
 -15.667  0.8264E-84  0.1600E+02
 -15.657  0.8264E-84  0.1600E+02
 -15.647  0.8264E-84  0.1600E+02
 -15.637  0.8264E-84  0.1600E+02
 -15.627  0.8264E-84  0.1600E+02
 -15.617  0.8264E-84  0.1600E+02
 -15.607  0.8264E-84  0.1600E+02
 -15.597  0.8264E-84  0.1600E+02
 -15.587  0.8264E-84  0.1600E+02
 -15.577  0.8264E-84  0.1600E+02
 -15.567  0.8264E-84  0.1600E+02
 -15.557  0.8264E-84  0.1600E+02
 -15.547  0.8264E-84  0.1600E+02
 -15.537  0.8264E-84  0.1600E+02
 -15.527  0.8264E-84  0.1600E+02
 -15.517  0.8264E-84  0.1600E+02
 -15.507  0.8264E-84  0.1600E+02
 -15.497  0.8264E-84  0.1600E+02
 -15.487  0.8264E-84  0.1600E+02
 -15.477  0.8264E-84  0.1600E+02
 -15.467  0.8264E-84  0.1600E+02
 -15.457  0.8264E-84  0.1600E+02
 -15.447  0.8264E-84  0.1600E+02
 -15.437  0.8264E-84  0.1600E+02
 -15.427  0.8264E-84  0.1600E+02
 -15.417  0.8264E-84  0.1600E+02
 -15.407  0.8264E-84  0.1600E+02
 -15.397  0.8264E-84  0.1600E+02
 -15.387  0.8264E-84  0.1600E+02
 -15.377  0.8264E-84  0.1600E+02
 -15.367  0.8264E-84  0.1600E+02
 -15.357  0.8264E-84  0.1600E+02
 -15.347  0.8264E-84  0.1600E+02
 -15.337  0.8264E-84  0.1600E+02
 -15.327  0.8264E-84  0.1600E+02
 -15.317  0.8264E-84  0.1600E+02
 -15.307  0.8264E-84  0.1600E+02
 -15.297  0.8264E-84  0.1600E+02
 -15.287  0.8264E-84  0.1600E+02
 -15.277  0.8264E-84  0.1600E+02
 -15.267  0.8264E-84  0.1600E+02
 -15.257  0.8264E-84  0.1600E+02
 -15.247  0.8264E-84  0.1600E+02
 -15.237  0.8264E-84  0.1600E+02
 -15.227  0.8264E-84  0.1600E+02
 -15.217  0.8264E-84  0.1600E+02
 -15.207  0.8264E-84  0.1600E+02
 -15.197  0.8264E-84  0.1600E+02
 -15.187  0.8264E-84  0.1600E+02
 -15.177  0.8264E-84  0.1600E+02
 -15.167  0.8264E-84  0.1600E+02
 -15.157  0.8264E-84  0.1600E+02
 -15.147  0.8264E-84  0.1600E+02
 -15.137  0.8264E-84  0.1600E+02
 -15.127  0.8264E-84  0.1600E+02
 -15.117  0.8264E-84  0.1600E+02
 -15.107  0.8264E-84  0.1600E+02
 -15.097  0.8264E-84  0.1600E+02
 -15.087  0.8264E-84  0.1600E+02
 -15.077  0.8264E-84  0.1600E+02
 -15.067  0.8264E-84  0.1600E+02
 -15.057  0.8264E-84  0.1600E+02
 -15.047  0.8264E-84  0.1600E+02
 -15.037  0.8264E-84  0.1600E+02
 -15.027  0.8264E-84  0.1600E+02
 -15.017  0.8264E-84  0.1600E+02
 -15.007  0.8264E-84  0.1600E+02
 -14.997  0.8264E-84  0.1600E+02
 -14.987  0.8264E-84  0.1600E+02
 -14.977  0.8264E-84  0.1600E+02
 -14.967  0.8264E-84  0.1600E+02
 -14.957  0.8264E-84  0.1600E+02
 -14.947  0.8264E-84  0.1600E+02
 -14.937  0.8264E-84  0.1600E+02
 -14.927  0.8264E-84  0.1600E+02
 -14.917  0.8264E-84  0.1600E+02
 -14.907  0.8264E-84  0.1600E+02
 -14.897  0.8264E-84  0.1600E+02
 -14.887  0.8264E-84  0.1600E+02
 -14.877  0.8264E-84  0.1600E+02
 -14.867  0.8264E-84  0.1600E+02
 -14.857  0.8264E-84  0.1600E+02
 -14.847  0.8264E-84  0.1600E+02
 -14.837  0.8264E-84  0.1600E+02
 -14.827  0.8264E-84  0.1600E+02
 -14.817  0.8264E-84  0.1600E+02
 -14.807  0.8264E-84  0.1600E+02
 -14.797  0.8264E-84  0.1600E+02
 -14.787  0.8264E-84  0.1600E+02
 -14.777  0.8264E-84  0.1600E+02
 -14.767  0.8264E-84  0.1600E+02
 -14.757  0.8264E-84  0.1600E+02
 -14.747  0.8264E-84  0.1600E+02
 -14.737  0.8264E-84  0.1600E+02
 -14.727  0.8264E-84  0.1600E+02
 -14.717  0.8264E-84  0.1600E+02
 -14.707  0.8264E-84  0.1600E+02
 -14.697  0.8264E-84  0.1600E+02
 -14.687  0.8264E-84  0.1600E+02
 -14.677  0.8264E-84  0.1600E+02
 -14.667  0.8264E-84  0.1600E+02
 -14.657  0.8264E-84  0.1600E+02
 -14.647  0.8264E-84  0.1600E+02
 -14.637  0.8264E-84  0.1600E+02
 -14.627  0.8264E-84  0.1600E+02
 -14.617  0.8264E-84  0.1600E+02
 -14.607  0.8264E-84  0.1600E+02
 -14.597  0.8264E-84  0.1600E+02
 -14.587  0.8264E-84  0.1600E+02
 -14.577  0.8264E-84  0.1600E+02
 -14.567  0.8264E-84  0.1600E+02
 -14.557  0.8264E-84  0.1600E+02
 -14.547  0.8264E-84  0.1600E+02
 -14.537  0.8264E-84  0.1600E+02
 -14.527  0.8264E-84  0.1600E+02
 -14.517  0.8264E-84  0.1600E+02
 -14.507  0.8264E-84  0.1600E+02
 -14.497  0.8264E-84  0.1600E+02
 -14.487  0.8264E-84  0.1600E+02
 -14.477  0.8264E-84  0.1600E+02
 -14.467  0.8264E-84  0.1600E+02
 -14.457  0.8264E-84  0.1600E+02
 -14.447  0.8264E-84  0.1600E+02
 -14.437  0.8264E-84  0.1600E+02
 -14.427  0.8264E-84  0.1600E+02
 -14.417  0.8264E-84  0.1600E+02
 -14.407  0.8264E-84  0.1600E+02
 -14.397  0.8264E-84  0.1600E+02
 -14.387  0.8264E-84  0.1600E+02
 -14.377  0.8264E-84  0.1600E+02
 -14.367  0.8264E-84  0.1600E+02
 -14.357  0.8264E-84  0.1600E+02
 -14.347  0.8264E-84  0.1600E+02
 -14.337  0.8264E-84  0.1600E+02
 -14.327  0.8264E-84  0.1600E+02
 -14.317  0.8264E-84  0.1600E+02
 -14.307  0.8264E-84  0.1600E+02
 -14.297  0.8264E-84  0.1600E+02
 -14.287  0.8264E-84  0.1600E+02
 -14.277  0.8264E-84  0.1600E+02
 -14.267  0.8264E-84  0.1600E+02
 -14.257  0.8264E-84  0.1600E+02
 -14.247  0.8264E-84  0.1600E+02
 -14.237  0.8264E-84  0.1600E+02
 -14.227  0.8264E-84  0.1600E+02
 -14.217  0.8264E-84  0.1600E+02
 -14.207  0.8264E-84  0.1600E+02
 -14.197  0.8264E-84  0.1600E+02
 -14.187  0.8264E-84  0.1600E+02
 -14.177  0.8264E-84  0.1600E+02
 -14.167  0.8264E-84  0.1600E+02
 -14.157  0.8264E-84  0.1600E+02
 -14.147  0.8264E-84  0.1600E+02
 -14.137  0.8264E-84  0.1600E+02
 -14.127  0.8264E-84  0.1600E+02
 -14.117  0.8264E-84  0.1600E+02
 -14.107  0.8264E-84  0.1600E+02
 -14.097  0.8264E-84  0.1600E+02
 -14.087  0.8264E-84  0.1600E+02
 -14.077  0.8264E-84  0.1600E+02
 -14.067  0.8264E-84  0.1600E+02
 -14.057  0.8264E-84  0.1600E+02
 -14.047  0.8264E-84  0.1600E+02
 -14.037  0.8264E-84  0.1600E+02
 -14.027  0.8264E-84  0.1600E+02
 -14.017  0.8264E-84  0.1600E+02
 -14.007  0.8264E-84  0.1600E+02
 -13.997  0.8264E-84  0.1600E+02
 -13.987  0.8264E-84  0.1600E+02
 -13.977  0.8264E-84  0.1600E+02
 -13.967  0.8264E-84  0.1600E+02
 -13.957  0.8264E-84  0.1600E+02
 -13.947  0.8264E-84  0.1600E+02
 -13.937  0.8264E-84  0.1600E+02
 -13.927  0.8264E-84  0.1600E+02
 -13.917  0.8264E-84  0.1600E+02
 -13.907  0.8264E-84  0.1600E+02
 -13.897  0.8264E-84  0.1600E+02
 -13.887  0.8264E-84  0.1600E+02
 -13.877  0.8264E-84  0.1600E+02
 -13.867  0.8264E-84  0.1600E+02
 -13.857  0.8264E-84  0.1600E+02
 -13.847  0.8264E-84  0.1600E+02
 -13.837  0.8264E-84  0.1600E+02
 -13.827  0.8264E-84  0.1600E+02
 -13.817  0.8264E-84  0.1600E+02
 -13.807  0.8264E-84  0.1600E+02
 -13.797  0.8264E-84  0.1600E+02
 -13.787  0.8264E-84  0.1600E+02
 -13.777  0.8264E-84  0.1600E+02
 -13.767  0.8264E-84  0.1600E+02
 -13.757  0.8264E-84  0.1600E+02
 -13.747  0.8264E-84  0.1600E+02
 -13.737  0.8264E-84  0.1600E+02
 -13.727  0.8264E-84  0.1600E+02
 -13.717  0.8264E-84  0.1600E+02
 -13.707  0.8264E-84  0.1600E+02
 -13.697  0.8264E-84  0.1600E+02
 -13.687  0.8264E-84  0.1600E+02
 -13.677  0.8264E-84  0.1600E+02
 -13.667  0.8264E-84  0.1600E+02
 -13.657  0.8264E-84  0.1600E+02
 -13.647  0.8264E-84  0.1600E+02
 -13.637  0.8264E-84  0.1600E+02
 -13.627  0.8264E-84  0.1600E+02
 -13.617  0.8264E-84  0.1600E+02
 -13.607  0.8264E-84  0.1600E+02
 -13.597  0.8264E-84  0.1600E+02
 -13.587  0.8264E-84  0.1600E+02
 -13.577  0.8264E-84  0.1600E+02
 -13.567  0.8264E-84  0.1600E+02
 -13.557  0.8264E-84  0.1600E+02
 -13.547  0.8264E-84  0.1600E+02
 -13.537  0.8264E-84  0.1600E+02
 -13.527  0.8264E-84  0.1600E+02
 -13.517  0.8264E-84  0.1600E+02
 -13.507  0.8264E-84  0.1600E+02
 -13.497  0.8264E-84  0.1600E+02
 -13.487  0.8264E-84  0.1600E+02
 -13.477  0.8264E-84  0.1600E+02
 -13.467  0.8264E-84  0.1600E+02
 -13.457  0.8264E-84  0.1600E+02
 -13.447  0.8264E-84  0.1600E+02
 -13.437  0.8264E-84  0.1600E+02
 -13.427  0.8264E-84  0.1600E+02
 -13.417  0.8264E-84  0.1600E+02
 -13.407  0.8264E-84  0.1600E+02
 -13.397  0.8264E-84  0.1600E+02
 -13.387  0.8264E-84  0.1600E+02
 -13.377  0.8264E-84  0.1600E+02
 -13.367  0.8264E-84  0.1600E+02
 -13.357  0.8264E-84  0.1600E+02
 -13.347  0.8264E-84  0.1600E+02
 -13.337  0.8264E-84  0.1600E+02
 -13.327  0.8264E-84  0.1600E+02
 -13.317  0.8264E-84  0.1600E+02
 -13.307  0.8264E-84  0.1600E+02
 -13.297  0.8264E-84  0.1600E+02
 -13.287  0.8264E-84  0.1600E+02
 -13.277  0.8264E-84  0.1600E+02
 -13.267  0.8264E-84  0.1600E+02
 -13.257  0.8264E-84  0.1600E+02
 -13.247  0.8264E-84  0.1600E+02
 -13.237  0.8264E-84  0.1600E+02
 -13.227  0.8264E-84  0.1600E+02
 -13.217  0.8264E-84  0.1600E+02
 -13.207  0.8264E-84  0.1600E+02
 -13.197  0.8264E-84  0.1600E+02
 -13.187  0.8264E-84  0.1600E+02
 -13.177  0.8264E-84  0.1600E+02
 -13.167  0.8264E-84  0.1600E+02
 -13.157  0.8264E-84  0.1600E+02
 -13.147  0.8264E-84  0.1600E+02
 -13.137  0.8264E-84  0.1600E+02
 -13.127  0.8264E-84  0.1600E+02
 -13.117  0.8264E-84  0.1600E+02
 -13.107  0.8264E-84  0.1600E+02
 -13.097  0.8264E-84  0.1600E+02
 -13.087  0.8264E-84  0.1600E+02
 -13.077  0.8264E-84  0.1600E+02
 -13.067  0.8264E-84  0.1600E+02
 -13.057  0.8264E-84  0.1600E+02
 -13.047  0.8264E-84  0.1600E+02
 -13.037  0.8264E-84  0.1600E+02
 -13.027  0.8264E-84  0.1600E+02
 -13.017  0.8264E-84  0.1600E+02
 -13.007  0.8264E-84  0.1600E+02
 -12.997  0.8264E-84  0.1600E+02
 -12.987  0.8264E-84  0.1600E+02
 -12.977  0.8264E-84  0.1600E+02
 -12.967  0.8264E-84  0.1600E+02
 -12.957  0.8264E-84  0.1600E+02
 -12.947  0.8264E-84  0.1600E+02
 -12.937  0.8264E-84  0.1600E+02
 -12.927  0.8264E-84  0.1600E+02
 -12.917  0.8264E-84  0.1600E+02
 -12.907  0.8264E-84  0.1600E+02
 -12.897  0.8264E-84  0.1600E+02
 -12.887  0.8264E-84  0.1600E+02
 -12.877  0.8264E-84  0.1600E+02
 -12.867  0.8264E-84  0.1600E+02
 -12.857  0.8264E-84  0.1600E+02
 -12.847  0.8264E-84  0.1600E+02
 -12.837  0.8264E-84  0.1600E+02
 -12.827  0.8264E-84  0.1600E+02
 -12.817  0.8264E-84  0.1600E+02
 -12.807  0.8264E-84  0.1600E+02
 -12.797  0.8264E-84  0.1600E+02
 -12.787  0.8264E-84  0.1600E+02
 -12.777  0.8264E-84  0.1600E+02
 -12.767  0.8264E-84  0.1600E+02
 -12.757  0.8264E-84  0.1600E+02
 -12.747  0.8264E-84  0.1600E+02
 -12.737  0.8264E-84  0.1600E+02
 -12.727  0.8264E-84  0.1600E+02
 -12.717  0.8264E-84  0.1600E+02
 -12.707  0.8264E-84  0.1600E+02
 -12.697  0.8264E-84  0.1600E+02
 -12.687  0.8264E-84  0.1600E+02
 -12.677  0.8264E-84  0.1600E+02
 -12.667  0.8264E-84  0.1600E+02
 -12.657  0.8264E-84  0.1600E+02
 -12.647  0.8264E-84  0.1600E+02
 -12.637  0.8264E-84  0.1600E+02
 -12.627  0.8264E-84  0.1600E+02
 -12.617  0.8264E-84  0.1600E+02
 -12.607  0.8264E-84  0.1600E+02
 -12.597  0.8264E-84  0.1600E+02
 -12.587  0.8264E-84  0.1600E+02
 -12.577  0.8264E-84  0.1600E+02
 -12.567  0.8264E-84  0.1600E+02
 -12.557  0.8264E-84  0.1600E+02
 -12.547  0.8264E-84  0.1600E+02
 -12.537  0.8264E-84  0.1600E+02
 -12.527  0.8264E-84  0.1600E+02
 -12.517  0.8264E-84  0.1600E+02
 -12.507  0.8264E-84  0.1600E+02
 -12.497  0.8264E-84  0.1600E+02
 -12.487  0.8264E-84  0.1600E+02
 -12.477  0.8264E-84  0.1600E+02
 -12.467  0.8264E-84  0.1600E+02
 -12.457  0.8264E-84  0.1600E+02
 -12.447  0.8264E-84  0.1600E+02
 -12.437  0.8264E-84  0.1600E+02
 -12.427  0.8264E-84  0.1600E+02
 -12.417  0.8264E-84  0.1600E+02
 -12.407  0.8264E-84  0.1600E+02
 -12.397  0.8264E-84  0.1600E+02
 -12.387  0.8264E-84  0.1600E+02
 -12.377  0.8264E-84  0.1600E+02
 -12.367  0.8264E-84  0.1600E+02
 -12.357  0.8264E-84  0.1600E+02
 -12.347  0.8264E-84  0.1600E+02
 -12.337  0.8264E-84  0.1600E+02
 -12.327  0.8264E-84  0.1600E+02
 -12.317  0.8264E-84  0.1600E+02
 -12.307  0.8264E-84  0.1600E+02
 -12.297  0.8264E-84  0.1600E+02
 -12.287  0.8264E-84  0.1600E+02
 -12.277  0.8264E-84  0.1600E+02
 -12.267  0.8264E-84  0.1600E+02
 -12.257  0.8264E-84  0.1600E+02
 -12.247  0.8264E-84  0.1600E+02
 -12.237  0.8264E-84  0.1600E+02
 -12.227  0.8264E-84  0.1600E+02
 -12.217  0.8264E-84  0.1600E+02
 -12.207  0.8264E-84  0.1600E+02
 -12.197  0.8264E-84  0.1600E+02
 -12.187  0.8264E-84  0.1600E+02
 -12.177  0.8264E-84  0.1600E+02
 -12.167  0.8264E-84  0.1600E+02
 -12.157  0.8264E-84  0.1600E+02
 -12.147  0.8264E-84  0.1600E+02
 -12.137  0.8264E-84  0.1600E+02
 -12.127  0.8264E-84  0.1600E+02
 -12.117  0.8264E-84  0.1600E+02
 -12.107  0.8264E-84  0.1600E+02
 -12.097  0.8264E-84  0.1600E+02
 -12.087  0.8264E-84  0.1600E+02
 -12.077  0.8264E-84  0.1600E+02
 -12.067  0.8264E-84  0.1600E+02
 -12.057  0.8264E-84  0.1600E+02
 -12.047  0.8264E-84  0.1600E+02
 -12.037  0.8264E-84  0.1600E+02
 -12.027  0.8264E-84  0.1600E+02
 -12.017  0.8264E-84  0.1600E+02
 -12.007  0.8264E-84  0.1600E+02
 -11.997  0.8264E-84  0.1600E+02
 -11.987  0.8264E-84  0.1600E+02
 -11.977  0.8264E-84  0.1600E+02
 -11.967  0.8264E-84  0.1600E+02
 -11.957  0.8264E-84  0.1600E+02
 -11.947  0.8264E-84  0.1600E+02
 -11.937  0.8264E-84  0.1600E+02
 -11.927  0.8264E-84  0.1600E+02
 -11.917  0.8264E-84  0.1600E+02
 -11.907  0.8264E-84  0.1600E+02
 -11.897  0.8264E-84  0.1600E+02
 -11.887  0.8264E-84  0.1600E+02
 -11.877  0.8264E-84  0.1600E+02
 -11.867  0.8264E-84  0.1600E+02
 -11.857  0.8264E-84  0.1600E+02
 -11.847  0.8264E-84  0.1600E+02
 -11.837  0.8264E-84  0.1600E+02
 -11.827  0.8264E-84  0.1600E+02
 -11.817  0.8264E-84  0.1600E+02
 -11.807  0.8264E-84  0.1600E+02
 -11.797  0.8264E-84  0.1600E+02
 -11.787  0.8264E-84  0.1600E+02
 -11.777  0.8264E-84  0.1600E+02
 -11.767  0.8264E-84  0.1600E+02
 -11.757  0.8264E-84  0.1600E+02
 -11.747  0.8264E-84  0.1600E+02
 -11.737  0.8264E-84  0.1600E+02
 -11.727  0.8264E-84  0.1600E+02
 -11.717  0.8264E-84  0.1600E+02
 -11.707  0.8264E-84  0.1600E+02
 -11.697  0.8264E-84  0.1600E+02
 -11.687  0.8264E-84  0.1600E+02
 -11.677  0.8264E-84  0.1600E+02
 -11.667  0.8264E-84  0.1600E+02
 -11.657  0.8264E-84  0.1600E+02
 -11.647  0.8264E-84  0.1600E+02
 -11.637  0.8264E-84  0.1600E+02
 -11.627  0.8264E-84  0.1600E+02
 -11.617  0.8264E-84  0.1600E+02
 -11.607  0.8264E-84  0.1600E+02
 -11.597  0.8264E-84  0.1600E+02
 -11.587  0.8264E-84  0.1600E+02
 -11.577  0.8264E-84  0.1600E+02
 -11.567  0.8264E-84  0.1600E+02
 -11.557  0.8264E-84  0.1600E+02
 -11.547  0.8264E-84  0.1600E+02
 -11.537  0.8264E-84  0.1600E+02
 -11.527  0.8264E-84  0.1600E+02
 -11.517  0.8264E-84  0.1600E+02
 -11.507  0.8264E-84  0.1600E+02
 -11.497  0.8264E-84  0.1600E+02
 -11.487  0.8264E-84  0.1600E+02
 -11.477  0.8264E-84  0.1600E+02
 -11.467  0.8264E-84  0.1600E+02
 -11.457  0.8264E-84  0.1600E+02
 -11.447  0.8264E-84  0.1600E+02
 -11.437  0.8264E-84  0.1600E+02
 -11.427  0.8264E-84  0.1600E+02
 -11.417  0.8264E-84  0.1600E+02
 -11.407  0.8264E-84  0.1600E+02
 -11.397  0.8264E-84  0.1600E+02
 -11.387  0.8264E-84  0.1600E+02
 -11.377  0.8264E-84  0.1600E+02
 -11.367  0.8264E-84  0.1600E+02
 -11.357  0.8264E-84  0.1600E+02
 -11.347  0.8264E-84  0.1600E+02
 -11.337  0.8264E-84  0.1600E+02
 -11.327  0.8264E-84  0.1600E+02
 -11.317  0.8264E-84  0.1600E+02
 -11.307  0.8264E-84  0.1600E+02
 -11.297  0.8264E-84  0.1600E+02
 -11.287  0.8264E-84  0.1600E+02
 -11.277  0.8264E-84  0.1600E+02
 -11.267  0.8264E-84  0.1600E+02
 -11.257  0.8264E-84  0.1600E+02
 -11.247  0.8264E-84  0.1600E+02
 -11.237  0.8264E-84  0.1600E+02
 -11.227  0.8264E-84  0.1600E+02
 -11.217  0.8264E-84  0.1600E+02
 -11.207  0.8264E-84  0.1600E+02
 -11.197  0.8264E-84  0.1600E+02
 -11.187  0.8264E-84  0.1600E+02
 -11.177  0.8264E-84  0.1600E+02
 -11.167  0.8264E-84  0.1600E+02
 -11.157  0.8264E-84  0.1600E+02
 -11.147  0.8264E-84  0.1600E+02
 -11.137  0.8264E-84  0.1600E+02
 -11.127  0.8264E-84  0.1600E+02
 -11.117  0.8264E-84  0.1600E+02
 -11.107  0.8264E-84  0.1600E+02
 -11.097  0.8264E-84  0.1600E+02
 -11.087  0.8264E-84  0.1600E+02
 -11.077  0.8264E-84  0.1600E+02
 -11.067  0.8264E-84  0.1600E+02
 -11.057  0.8264E-84  0.1600E+02
 -11.047  0.8264E-84  0.1600E+02
 -11.037  0.8264E-84  0.1600E+02
 -11.027  0.8264E-84  0.1600E+02
 -11.017  0.8264E-84  0.1600E+02
 -11.007  0.8264E-84  0.1600E+02
 -10.997  0.8264E-84  0.1600E+02
 -10.987  0.8264E-84  0.1600E+02
 -10.977  0.8264E-84  0.1600E+02
 -10.967  0.8264E-84  0.1600E+02
 -10.957  0.8264E-84  0.1600E+02
 -10.947  0.8264E-84  0.1600E+02
 -10.937  0.8264E-84  0.1600E+02
 -10.927  0.8264E-84  0.1600E+02
 -10.917  0.8264E-84  0.1600E+02
 -10.907  0.8264E-84  0.1600E+02
 -10.897  0.8264E-84  0.1600E+02
 -10.887  0.8264E-84  0.1600E+02
 -10.877  0.8264E-84  0.1600E+02
 -10.867  0.8264E-84  0.1600E+02
 -10.857  0.8264E-84  0.1600E+02
 -10.847  0.8264E-84  0.1600E+02
 -10.837  0.8264E-84  0.1600E+02
 -10.827  0.8264E-84  0.1600E+02
 -10.817  0.8264E-84  0.1600E+02
 -10.807  0.8264E-84  0.1600E+02
 -10.797  0.8264E-84  0.1600E+02
 -10.787  0.8264E-84  0.1600E+02
 -10.777  0.8264E-84  0.1600E+02
 -10.767  0.8264E-84  0.1600E+02
 -10.757  0.8264E-84  0.1600E+02
 -10.747  0.8264E-84  0.1600E+02
 -10.737  0.8264E-84  0.1600E+02
 -10.727  0.8264E-84  0.1600E+02
 -10.717  0.8264E-84  0.1600E+02
 -10.707  0.8264E-84  0.1600E+02
 -10.697  0.8264E-84  0.1600E+02
 -10.687  0.8264E-84  0.1600E+02
 -10.677  0.8264E-84  0.1600E+02
 -10.667  0.8264E-84  0.1600E+02
 -10.657  0.8264E-84  0.1600E+02
 -10.647  0.8264E-84  0.1600E+02
 -10.637  0.8264E-84  0.1600E+02
 -10.627  0.8264E-84  0.1600E+02
 -10.617  0.8264E-84  0.1600E+02
 -10.607  0.8264E-84  0.1600E+02
 -10.597  0.8264E-84  0.1600E+02
 -10.587  0.8264E-84  0.1600E+02
 -10.577  0.8264E-84  0.1600E+02
 -10.567  0.8264E-84  0.1600E+02
 -10.557  0.8264E-84  0.1600E+02
 -10.547  0.8264E-84  0.1600E+02
 -10.537  0.8264E-84  0.1600E+02
 -10.527  0.8264E-84  0.1600E+02
 -10.517  0.8264E-84  0.1600E+02
 -10.507  0.8264E-84  0.1600E+02
 -10.497  0.8264E-84  0.1600E+02
 -10.487  0.8264E-84  0.1600E+02
 -10.477  0.8264E-84  0.1600E+02
 -10.467  0.8264E-84  0.1600E+02
 -10.457  0.8264E-84  0.1600E+02
 -10.447  0.8264E-84  0.1600E+02
 -10.437  0.8264E-84  0.1600E+02
 -10.427  0.8264E-84  0.1600E+02
 -10.417  0.8264E-84  0.1600E+02
 -10.407  0.8264E-84  0.1600E+02
 -10.397  0.8264E-84  0.1600E+02
 -10.387  0.8264E-84  0.1600E+02
 -10.377  0.8264E-84  0.1600E+02
 -10.367  0.8264E-84  0.1600E+02
 -10.357  0.8264E-84  0.1600E+02
 -10.347  0.8264E-84  0.1600E+02
 -10.337  0.8264E-84  0.1600E+02
 -10.327  0.8264E-84  0.1600E+02
 -10.317  0.8264E-84  0.1600E+02
 -10.307  0.8264E-84  0.1600E+02
 -10.297  0.8264E-84  0.1600E+02
 -10.287  0.8264E-84  0.1600E+02
 -10.277  0.8264E-84  0.1600E+02
 -10.267  0.8264E-84  0.1600E+02
 -10.257  0.8264E-84  0.1600E+02
 -10.247  0.8264E-84  0.1600E+02
 -10.237  0.8264E-84  0.1600E+02
 -10.227  0.8264E-84  0.1600E+02
 -10.217  0.8264E-84  0.1600E+02
 -10.207  0.8264E-84  0.1600E+02
 -10.197  0.8264E-84  0.1600E+02
 -10.187  0.8264E-84  0.1600E+02
 -10.177  0.8264E-84  0.1600E+02
 -10.167  0.8264E-84  0.1600E+02
 -10.157  0.8264E-84  0.1600E+02
 -10.147  0.8264E-84  0.1600E+02
 -10.137  0.8264E-84  0.1600E+02
 -10.127  0.8264E-84  0.1600E+02
 -10.117  0.8264E-84  0.1600E+02
 -10.107  0.8264E-84  0.1600E+02
 -10.097  0.8264E-84  0.1600E+02
 -10.087  0.8264E-84  0.1600E+02
 -10.077  0.8264E-84  0.1600E+02
 -10.067  0.8264E-84  0.1600E+02
 -10.057  0.8264E-84  0.1600E+02
 -10.047  0.8264E-84  0.1600E+02
 -10.037  0.8264E-84  0.1600E+02
 -10.027  0.8264E-84  0.1600E+02
 -10.017  0.8264E-84  0.1600E+02
 -10.007  0.8264E-84  0.1600E+02
  -9.997  0.8264E-84  0.1600E+02
  -9.987  0.8264E-84  0.1600E+02
  -9.977  0.8264E-84  0.1600E+02
  -9.967  0.8264E-84  0.1600E+02
  -9.957  0.8264E-84  0.1600E+02
  -9.947  0.8264E-84  0.1600E+02
  -9.937  0.8264E-84  0.1600E+02
  -9.927  0.8264E-84  0.1600E+02
  -9.917  0.8264E-84  0.1600E+02
  -9.907  0.8264E-84  0.1600E+02
  -9.897  0.8264E-84  0.1600E+02
  -9.887  0.8264E-84  0.1600E+02
  -9.877  0.8264E-84  0.1600E+02
  -9.867  0.8264E-84  0.1600E+02
  -9.857  0.8264E-84  0.1600E+02
  -9.847  0.8264E-84  0.1600E+02
  -9.837  0.8264E-84  0.1600E+02
  -9.827  0.8264E-84  0.1600E+02
  -9.817  0.8264E-84  0.1600E+02
  -9.807  0.8264E-84  0.1600E+02
  -9.797  0.8264E-84  0.1600E+02
  -9.787  0.8264E-84  0.1600E+02
  -9.777  0.8264E-84  0.1600E+02
  -9.767  0.8264E-84  0.1600E+02
  -9.757  0.8264E-84  0.1600E+02
  -9.747  0.8264E-84  0.1600E+02
  -9.737  0.8264E-84  0.1600E+02
  -9.727  0.8264E-84  0.1600E+02
  -9.717  0.8264E-84  0.1600E+02
  -9.707  0.8264E-84  0.1600E+02
  -9.697  0.8264E-84  0.1600E+02
  -9.687  0.8264E-84  0.1600E+02
  -9.677  0.8264E-84  0.1600E+02
  -9.667  0.8264E-84  0.1600E+02
  -9.657  0.8264E-84  0.1600E+02
  -9.647  0.8264E-84  0.1600E+02
  -9.637  0.8264E-84  0.1600E+02
  -9.627  0.8264E-84  0.1600E+02
  -9.617  0.8264E-84  0.1600E+02
  -9.607  0.8264E-84  0.1600E+02
  -9.597  0.8264E-84  0.1600E+02
  -9.587  0.8264E-84  0.1600E+02
  -9.577  0.8264E-84  0.1600E+02
  -9.567  0.8264E-84  0.1600E+02
  -9.557  0.8264E-84  0.1600E+02
  -9.547  0.8264E-84  0.1600E+02
  -9.537  0.8264E-84  0.1600E+02
  -9.527  0.8264E-84  0.1600E+02
  -9.517  0.8264E-84  0.1600E+02
  -9.507  0.8264E-84  0.1600E+02
  -9.497  0.8264E-84  0.1600E+02
  -9.487  0.8264E-84  0.1600E+02
  -9.477  0.8264E-84  0.1600E+02
  -9.467  0.8264E-84  0.1600E+02
  -9.457  0.8264E-84  0.1600E+02
  -9.447  0.8264E-84  0.1600E+02
  -9.437  0.8264E-84  0.1600E+02
  -9.427  0.8264E-84  0.1600E+02
  -9.417  0.8264E-84  0.1600E+02
  -9.407  0.8264E-84  0.1600E+02
  -9.397  0.8264E-84  0.1600E+02
  -9.387  0.8264E-84  0.1600E+02
  -9.377  0.8264E-84  0.1600E+02
  -9.367  0.8264E-84  0.1600E+02
  -9.357  0.8264E-84  0.1600E+02
  -9.347  0.8264E-84  0.1600E+02
  -9.337  0.8264E-84  0.1600E+02
  -9.327  0.8264E-84  0.1600E+02
  -9.317  0.8264E-84  0.1600E+02
  -9.307  0.8264E-84  0.1600E+02
  -9.297  0.8264E-84  0.1600E+02
  -9.287  0.8264E-84  0.1600E+02
  -9.277  0.8264E-84  0.1600E+02
  -9.267  0.8264E-84  0.1600E+02
  -9.257  0.8264E-84  0.1600E+02
  -9.247  0.8264E-84  0.1600E+02
  -9.237  0.8264E-84  0.1600E+02
  -9.227  0.8264E-84  0.1600E+02
  -9.217  0.8264E-84  0.1600E+02
  -9.207  0.8264E-84  0.1600E+02
  -9.197  0.8264E-84  0.1600E+02
  -9.187  0.8264E-84  0.1600E+02
  -9.177  0.8264E-84  0.1600E+02
  -9.167  0.8264E-84  0.1600E+02
  -9.157  0.8264E-84  0.1600E+02
  -9.147  0.8264E-84  0.1600E+02
  -9.137  0.8264E-84  0.1600E+02
  -9.127  0.8264E-84  0.1600E+02
  -9.117  0.8264E-84  0.1600E+02
  -9.107  0.8264E-84  0.1600E+02
  -9.097  0.8264E-84  0.1600E+02
  -9.087  0.8264E-84  0.1600E+02
  -9.077  0.8264E-84  0.1600E+02
  -9.067  0.8264E-84  0.1600E+02
  -9.057  0.8264E-84  0.1600E+02
  -9.047  0.8264E-84  0.1600E+02
  -9.037  0.8264E-84  0.1600E+02
  -9.027  0.8264E-84  0.1600E+02
  -9.017  0.8264E-84  0.1600E+02
  -9.007  0.8264E-84  0.1600E+02
  -8.997  0.8264E-84  0.1600E+02
  -8.987  0.8264E-84  0.1600E+02
  -8.977  0.8264E-84  0.1600E+02
  -8.967  0.8267E-84  0.1600E+02
  -8.957  0.8504E-84  0.1600E+02
  -8.947  0.2223E-83  0.1600E+02
  -8.937  0.7833E-82  0.1600E+02
  -8.927  0.4120E-80  0.1600E+02
  -8.917  0.2096E-78  0.1600E+02
  -8.907  0.1022E-76  0.1600E+02
  -8.897  0.4769E-75  0.1600E+02
  -8.887  0.2132E-73  0.1600E+02
  -8.877  0.9128E-72  0.1600E+02
  -8.867  0.3743E-70  0.1600E+02
  -8.857  0.1470E-68  0.1600E+02
  -8.847  0.5528E-67  0.1600E+02
  -8.837  0.1991E-65  0.1600E+02
  -8.827  0.6869E-64  0.1600E+02
  -8.817  0.2269E-62  0.1600E+02
  -8.807  0.7180E-61  0.1600E+02
  -8.797  0.2176E-59  0.1600E+02
  -8.787  0.6315E-58  0.1600E+02
  -8.777  0.1755E-56  0.1600E+02
  -8.767  0.4672E-55  0.1600E+02
  -8.757  0.1191E-53  0.1600E+02
  -8.747  0.2908E-52  0.1600E+02
  -8.737  0.6801E-51  0.1600E+02
  -8.727  0.1523E-49  0.1600E+02
  -8.717  0.3267E-48  0.1600E+02
  -8.707  0.6712E-47  0.1600E+02
  -8.697  0.1321E-45  0.1600E+02
  -8.687  0.2488E-44  0.1600E+02
  -8.677  0.4491E-43  0.1600E+02
  -8.667  0.7763E-42  0.1600E+02
  -8.657  0.1285E-40  0.1600E+02
  -8.647  0.2038E-39  0.1600E+02
  -8.637  0.3094E-38  0.1600E+02
  -8.627  0.4500E-37  0.1600E+02
  -8.617  0.6269E-36  0.1600E+02
  -8.607  0.8364E-35  0.1600E+02
  -8.597  0.1069E-33  0.1600E+02
  -8.587  0.1308E-32  0.1600E+02
  -8.577  0.1534E-31  0.1600E+02
  -8.567  0.1722E-30  0.1600E+02
  -8.557  0.1852E-29  0.1600E+02
  -8.547  0.1908E-28  0.1600E+02
  -8.537  0.1882E-27  0.1600E+02
  -8.527  0.1779E-26  0.1600E+02
  -8.517  0.1611E-25  0.1600E+02
  -8.507  0.1397E-24  0.1600E+02
  -8.497  0.1160E-23  0.1600E+02
  -8.487  0.9230E-23  0.1600E+02
  -8.477  0.7036E-22  0.1600E+02
  -8.467  0.5137E-21  0.1600E+02
  -8.457  0.3593E-20  0.1600E+02
  -8.447  0.2408E-19  0.1600E+02
  -8.437  0.1546E-18  0.1600E+02
  -8.427  0.9508E-18  0.1600E+02
  -8.417  0.5603E-17  0.1600E+02
  -8.407  0.3163E-16  0.1600E+02
  -8.397  0.1711E-15  0.1600E+02
  -8.387  0.8872E-15  0.1600E+02
  -8.377  0.4407E-14  0.1600E+02
  -8.367  0.2098E-13  0.1600E+02
  -8.357  0.9571E-13  0.1600E+02
  -8.347  0.4185E-12  0.1600E+02
  -8.337  0.1754E-11  0.1600E+02
  -8.327  0.7048E-11  0.1600E+02
  -8.317  0.2715E-10  0.1600E+02
  -8.307  0.1003E-09  0.1600E+02
  -8.297  0.3551E-09  0.1600E+02
  -8.287  0.1206E-08  0.1600E+02
  -8.277  0.3929E-08  0.1600E+02
  -8.267  0.1228E-07  0.1600E+02
  -8.257  0.3684E-07  0.1600E+02
  -8.247  0.1061E-06  0.1600E+02
  -8.237  0.2932E-06  0.1600E+02
  -8.227  0.7783E-06  0.1600E+02
  -8.217  0.1985E-05  0.1600E+02
  -8.207  0.4866E-05  0.1600E+02
  -8.197  0.1147E-04  0.1600E+02
  -8.187  0.2600E-04  0.1600E+02
  -8.177  0.5674E-04  0.1600E+02
  -8.167  0.1192E-03  0.1600E+02
  -8.157  0.2415E-03  0.1600E+02
  -8.147  0.4717E-03  0.1600E+02
  -8.137  0.8889E-03  0.1600E+02
  -8.127  0.1618E-02  0.1600E+02
  -8.117  0.2845E-02  0.1600E+02
  -8.107  0.4837E-02  0.1600E+02
  -8.097  0.7958E-02  0.1600E+02
  -8.087  0.1267E-01  0.1600E+02
  -8.077  0.1955E-01  0.1600E+02
  -8.067  0.2921E-01  0.1600E+02
  -8.057  0.4231E-01  0.1600E+02
  -8.047  0.5942E-01  0.1600E+02
  -8.037  0.8093E-01  0.1600E+02
  -8.027  0.1070E+00  0.1600E+02
  -8.017  0.1373E+00  0.1601E+02
  -8.007  0.1712E+00  0.1601E+02
  -7.997  0.2078E+00  0.1601E+02
  -7.987  0.2459E+00  0.1601E+02
  -7.977  0.2845E+00  0.1601E+02
  -7.967  0.3226E+00  0.1602E+02
  -7.957  0.3599E+00  0.1602E+02
  -7.947  0.3963E+00  0.1602E+02
  -7.937  0.4325E+00  0.1603E+02
  -7.927  0.4691E+00  0.1603E+02
  -7.917  0.5068E+00  0.1604E+02
  -7.907  0.5460E+00  0.1604E+02
  -7.897  0.5866E+00  0.1605E+02
  -7.887  0.6278E+00  0.1606E+02
  -7.877  0.6684E+00  0.1606E+02
  -7.867  0.7070E+00  0.1607E+02
  -7.857  0.7418E+00  0.1608E+02
  -7.847  0.7715E+00  0.1609E+02
  -7.837  0.7953E+00  0.1609E+02
  -7.827  0.8134E+00  0.1610E+02
  -7.817  0.8271E+00  0.1611E+02
  -7.807  0.8389E+00  0.1612E+02
  -7.797  0.8521E+00  0.1613E+02
  -7.787  0.8703E+00  0.1614E+02
  -7.777  0.8967E+00  0.1614E+02
  -7.767  0.9333E+00  0.1615E+02
  -7.757  0.9803E+00  0.1616E+02
  -7.747  0.1036E+01  0.1617E+02
  -7.737  0.1096E+01  0.1618E+02
  -7.727  0.1156E+01  0.1620E+02
  -7.717  0.1212E+01  0.1621E+02
  -7.707  0.1258E+01  0.1622E+02
  -7.697  0.1293E+01  0.1623E+02
  -7.687  0.1316E+01  0.1625E+02
  -7.677  0.1329E+01  0.1626E+02
  -7.667  0.1335E+01  0.1627E+02
  -7.657  0.1340E+01  0.1629E+02
  -7.647  0.1347E+01  0.1630E+02
  -7.637  0.1360E+01  0.1631E+02
  -7.627  0.1383E+01  0.1633E+02
  -7.617  0.1415E+01  0.1634E+02
  -7.607  0.1458E+01  0.1636E+02
  -7.597  0.1510E+01  0.1637E+02
  -7.587  0.1571E+01  0.1639E+02
  -7.577  0.1638E+01  0.1640E+02
  -7.567  0.1710E+01  0.1642E+02
  -7.557  0.1784E+01  0.1644E+02
  -7.547  0.1859E+01  0.1646E+02
  -7.537  0.1931E+01  0.1648E+02
  -7.527  0.1997E+01  0.1650E+02
  -7.517  0.2055E+01  0.1652E+02
  -7.507  0.2103E+01  0.1654E+02
  -7.497  0.2140E+01  0.1656E+02
  -7.487  0.2168E+01  0.1658E+02
  -7.477  0.2189E+01  0.1660E+02
  -7.467  0.2209E+01  0.1663E+02
  -7.457  0.2233E+01  0.1665E+02
  -7.447  0.2267E+01  0.1667E+02
  -7.437  0.2316E+01  0.1669E+02
  -7.427  0.2384E+01  0.1672E+02
  -7.417  0.2473E+01  0.1674E+02
  -7.407  0.2582E+01  0.1677E+02
  -7.397  0.2708E+01  0.1680E+02
  -7.387  0.2845E+01  0.1682E+02
  -7.377  0.2985E+01  0.1685E+02
  -7.367  0.3123E+01  0.1688E+02
  -7.357  0.3251E+01  0.1692E+02
  -7.347  0.3369E+01  0.1695E+02
  -7.337  0.3476E+01  0.1699E+02
  -7.327  0.3576E+01  0.1702E+02
  -7.317  0.3678E+01  0.1706E+02
  -7.307  0.3788E+01  0.1710E+02
  -7.297  0.3915E+01  0.1714E+02
  -7.287  0.4067E+01  0.1718E+02
  -7.277  0.4248E+01  0.1722E+02
  -7.267  0.4460E+01  0.1726E+02
  -7.257  0.4702E+01  0.1731E+02
  -7.247  0.4970E+01  0.1736E+02
  -7.237  0.5256E+01  0.1741E+02
  -7.227  0.5550E+01  0.1747E+02
  -7.217  0.5843E+01  0.1753E+02
  -7.207  0.6123E+01  0.1759E+02
  -7.197  0.6383E+01  0.1765E+02
  -7.187  0.6618E+01  0.1772E+02
  -7.177  0.6829E+01  0.1779E+02
  -7.167  0.7018E+01  0.1786E+02
  -7.157  0.7190E+01  0.1793E+02
  -7.147  0.7354E+01  0.1800E+02
  -7.137  0.7515E+01  0.1808E+02
  -7.127  0.7678E+01  0.1815E+02
  -7.117  0.7845E+01  0.1823E+02
  -7.107  0.8018E+01  0.1831E+02
  -7.097  0.8198E+01  0.1839E+02
  -7.087  0.8385E+01  0.1848E+02
  -7.077  0.8582E+01  0.1856E+02
  -7.067  0.8788E+01  0.1865E+02
  -7.057  0.9004E+01  0.1874E+02
  -7.047  0.9223E+01  0.1883E+02
  -7.037  0.9433E+01  0.1893E+02
  -7.027  0.9616E+01  0.1902E+02
  -7.017  0.9745E+01  0.1912E+02
  -7.007  0.9788E+01  0.1922E+02
  -6.997  0.9713E+01  0.1932E+02
  -6.987  0.9491E+01  0.1941E+02
  -6.977  0.9103E+01  0.1950E+02
  -6.967  0.8544E+01  0.1959E+02
  -6.957  0.7826E+01  0.1967E+02
  -6.947  0.6980E+01  0.1974E+02
  -6.937  0.6049E+01  0.1980E+02
  -6.927  0.5083E+01  0.1985E+02
  -6.917  0.4136E+01  0.1989E+02
  -6.907  0.3254E+01  0.1992E+02
  -6.897  0.2473E+01  0.1995E+02
  -6.887  0.1813E+01  0.1996E+02
  -6.877  0.1281E+01  0.1998E+02
  -6.867  0.8723E+00  0.1999E+02
  -6.857  0.5717E+00  0.1999E+02
  -6.847  0.3605E+00  0.2000E+02
  -6.837  0.2186E+00  0.2000E+02
  -6.827  0.1274E+00  0.2000E+02
  -6.817  0.7138E-01  0.2000E+02
  -6.807  0.3841E-01  0.2000E+02
  -6.797  0.1985E-01  0.2000E+02
  -6.787  0.9851E-02  0.2000E+02
  -6.777  0.4693E-02  0.2000E+02
  -6.767  0.2145E-02  0.2000E+02
  -6.757  0.9413E-03  0.2000E+02
  -6.747  0.3962E-03  0.2000E+02
  -6.737  0.1600E-03  0.2000E+02
  -6.727  0.6198E-04  0.2000E+02
  -6.717  0.2303E-04  0.2000E+02
  -6.707  0.8206E-05  0.2000E+02
  -6.697  0.2804E-05  0.2000E+02
  -6.687  0.9187E-06  0.2000E+02
  -6.677  0.2886E-06  0.2000E+02
  -6.667  0.8694E-07  0.2000E+02
  -6.657  0.2510E-07  0.2000E+02
  -6.647  0.6949E-08  0.2000E+02
  -6.637  0.1844E-08  0.2000E+02
  -6.627  0.4691E-09  0.2000E+02
  -6.617  0.1144E-09  0.2000E+02
  -6.607  0.2673E-10  0.2000E+02
  -6.597  0.5986E-11  0.2000E+02
  -6.587  0.1285E-11  0.2000E+02
  -6.577  0.2643E-12  0.2000E+02
  -6.567  0.5212E-13  0.2000E+02
  -6.557  0.9847E-14  0.2000E+02
  -6.547  0.1783E-14  0.2000E+02
  -6.537  0.3094E-15  0.2000E+02
  -6.527  0.5144E-16  0.2000E+02
  -6.517  0.8195E-17  0.2000E+02
  -6.507  0.1251E-17  0.2000E+02
  -6.497  0.1830E-18  0.2000E+02
  -6.487  0.2565E-19  0.2000E+02
  -6.477  0.3445E-20  0.2000E+02
  -6.467  0.4433E-21  0.2000E+02
  -6.457  0.5466E-22  0.2000E+02
  -6.447  0.6457E-23  0.2000E+02
  -6.437  0.7309E-24  0.2000E+02
  -6.427  0.7926E-25  0.2000E+02
  -6.417  0.8235E-26  0.2000E+02
  -6.407  0.8197E-27  0.2000E+02
  -6.397  0.7818E-28  0.2000E+02
  -6.387  0.7143E-29  0.2000E+02
  -6.377  0.6253E-30  0.2000E+02
  -6.367  0.5244E-31  0.2000E+02
  -6.357  0.4213E-32  0.2000E+02
  -6.347  0.3243E-33  0.2000E+02
  -6.337  0.2391E-34  0.2000E+02
  -6.327  0.1689E-35  0.2000E+02
  -6.317  0.1143E-36  0.2000E+02
  -6.307  0.7413E-38  0.2000E+02
  -6.297  0.4604E-39  0.2000E+02
  -6.287  0.2740E-40  0.2000E+02
  -6.277  0.1562E-41  0.2000E+02
  -6.267  0.8528E-43  0.2000E+02
  -6.257  0.4461E-44  0.2000E+02
  -6.247  0.2235E-45  0.2000E+02
  -6.237  0.1073E-46  0.2000E+02
  -6.227  0.4935E-48  0.2000E+02
  -6.217  0.2174E-49  0.2000E+02
  -6.207  0.9175E-51  0.2000E+02
  -6.197  0.3709E-52  0.2000E+02
  -6.187  0.1436E-53  0.2000E+02
  -6.177  0.5328E-55  0.2000E+02
  -6.167  0.1893E-56  0.2000E+02
  -6.157  0.6445E-58  0.2000E+02
  -6.147  0.2102E-59  0.2000E+02
  -6.137  0.6564E-61  0.2000E+02
  -6.127  0.1964E-62  0.2000E+02
  -6.117  0.5629E-64  0.2000E+02
  -6.107  0.1546E-65  0.2000E+02
  -6.097  0.4065E-67  0.2000E+02
  -6.087  0.1024E-68  0.2000E+02
  -6.077  0.2471E-70  0.2000E+02
  -6.067  0.5712E-72  0.2000E+02
  -6.057  0.1265E-73  0.2000E+02
  -6.047  0.2682E-75  0.2000E+02
  -6.037  0.5450E-77  0.2000E+02
  -6.027  0.1061E-78  0.2000E+02
  -6.017  0.1978E-80  0.2000E+02
  -6.007  0.3612E-82  0.2000E+02
  -5.997  0.1427E-83  0.2000E+02
  -5.987  0.8345E-84  0.2000E+02
  -5.977  0.8264E-84  0.2000E+02
  -5.967  0.8264E-84  0.2000E+02
  -5.957  0.8264E-84  0.2000E+02
  -5.947  0.8264E-84  0.2000E+02
  -5.937  0.8264E-84  0.2000E+02
  -5.927  0.8264E-84  0.2000E+02
  -5.917  0.8264E-84  0.2000E+02
  -5.907  0.8264E-84  0.2000E+02
  -5.897  0.8264E-84  0.2000E+02
  -5.887  0.8264E-84  0.2000E+02
  -5.877  0.8264E-84  0.2000E+02
  -5.867  0.8264E-84  0.2000E+02
  -5.857  0.8264E-84  0.2000E+02
  -5.847  0.8264E-84  0.2000E+02
  -5.837  0.8264E-84  0.2000E+02
  -5.827  0.8264E-84  0.2000E+02
  -5.817  0.8264E-84  0.2000E+02
  -5.807  0.8264E-84  0.2000E+02
  -5.797  0.8264E-84  0.2000E+02
  -5.787  0.8264E-84  0.2000E+02
  -5.777  0.8264E-84  0.2000E+02
  -5.767  0.8264E-84  0.2000E+02
  -5.757  0.8264E-84  0.2000E+02
  -5.747  0.8264E-84  0.2000E+02
  -5.737  0.8264E-84  0.2000E+02
  -5.727  0.8264E-84  0.2000E+02
  -5.717  0.8264E-84  0.2000E+02
  -5.707  0.8264E-84  0.2000E+02
  -5.697  0.8264E-84  0.2000E+02
  -5.687  0.8264E-84  0.2000E+02
  -5.677  0.8264E-84  0.2000E+02
  -5.667  0.8264E-84  0.2000E+02
  -5.657  0.8264E-84  0.2000E+02
  -5.647  0.8264E-84  0.2000E+02
  -5.637  0.8264E-84  0.2000E+02
  -5.627  0.8264E-84  0.2000E+02
  -5.617  0.8264E-84  0.2000E+02
  -5.607  0.8264E-84  0.2000E+02
  -5.597  0.8264E-84  0.2000E+02
  -5.587  0.8264E-84  0.2000E+02
  -5.577  0.8264E-84  0.2000E+02
  -5.567  0.8264E-84  0.2000E+02
  -5.557  0.8264E-84  0.2000E+02
  -5.547  0.8264E-84  0.2000E+02
  -5.537  0.8264E-84  0.2000E+02
  -5.527  0.8264E-84  0.2000E+02
  -5.517  0.8264E-84  0.2000E+02
  -5.507  0.8264E-84  0.2000E+02
  -5.497  0.8264E-84  0.2000E+02
  -5.487  0.8264E-84  0.2000E+02
  -5.477  0.8264E-84  0.2000E+02
  -5.467  0.8264E-84  0.2000E+02
  -5.457  0.8264E-84  0.2000E+02
  -5.447  0.8264E-84  0.2000E+02
  -5.437  0.8264E-84  0.2000E+02
  -5.427  0.8264E-84  0.2000E+02
  -5.417  0.8264E-84  0.2000E+02
  -5.407  0.8264E-84  0.2000E+02
  -5.397  0.8264E-84  0.2000E+02
  -5.387  0.8264E-84  0.2000E+02
  -5.377  0.8264E-84  0.2000E+02
  -5.367  0.8264E-84  0.2000E+02
  -5.357  0.8264E-84  0.2000E+02
  -5.347  0.8264E-84  0.2000E+02
  -5.337  0.8264E-84  0.2000E+02
  -5.327  0.8264E-84  0.2000E+02
  -5.317  0.8264E-84  0.2000E+02
  -5.307  0.8264E-84  0.2000E+02
  -5.297  0.8264E-84  0.2000E+02
  -5.287  0.8264E-84  0.2000E+02
  -5.277  0.8264E-84  0.2000E+02
  -5.267  0.8264E-84  0.2000E+02
  -5.257  0.8264E-84  0.2000E+02
  -5.247  0.8264E-84  0.2000E+02
  -5.237  0.8264E-84  0.2000E+02
  -5.227  0.8264E-84  0.2000E+02
  -5.217  0.8264E-84  0.2000E+02
  -5.207  0.8264E-84  0.2000E+02
  -5.197  0.8264E-84  0.2000E+02
  -5.187  0.8264E-84  0.2000E+02
  -5.177  0.8264E-84  0.2000E+02
  -5.167  0.8264E-84  0.2000E+02
  -5.157  0.8264E-84  0.2000E+02
  -5.147  0.8264E-84  0.2000E+02
  -5.137  0.8264E-84  0.2000E+02
  -5.127  0.8264E-84  0.2000E+02
  -5.117  0.8264E-84  0.2000E+02
  -5.107  0.8264E-84  0.2000E+02
  -5.097  0.8264E-84  0.2000E+02
  -5.087  0.8264E-84  0.2000E+02
  -5.077  0.8264E-84  0.2000E+02
  -5.067  0.8264E-84  0.2000E+02
  -5.057  0.8264E-84  0.2000E+02
  -5.047  0.8264E-84  0.2000E+02
  -5.037  0.8264E-84  0.2000E+02
  -5.027  0.8264E-84  0.2000E+02
  -5.017  0.8264E-84  0.2000E+02
  -5.007  0.8264E-84  0.2000E+02
  -4.997  0.8264E-84  0.2000E+02
  -4.987  0.8264E-84  0.2000E+02
  -4.977  0.8264E-84  0.2000E+02
  -4.967  0.8264E-84  0.2000E+02
  -4.957  0.8264E-84  0.2000E+02
  -4.947  0.8264E-84  0.2000E+02
  -4.937  0.8264E-84  0.2000E+02
  -4.927  0.8264E-84  0.2000E+02
  -4.917  0.8264E-84  0.2000E+02
  -4.907  0.8264E-84  0.2000E+02
  -4.897  0.8264E-84  0.2000E+02
  -4.887  0.8264E-84  0.2000E+02
  -4.877  0.8264E-84  0.2000E+02
  -4.867  0.8264E-84  0.2000E+02
  -4.857  0.8264E-84  0.2000E+02
  -4.847  0.8264E-84  0.2000E+02
  -4.837  0.8264E-84  0.2000E+02
  -4.827  0.8264E-84  0.2000E+02
  -4.817  0.8264E-84  0.2000E+02
  -4.807  0.8264E-84  0.2000E+02
  -4.797  0.8264E-84  0.2000E+02
  -4.787  0.8264E-84  0.2000E+02
  -4.777  0.8264E-84  0.2000E+02
  -4.767  0.8264E-84  0.2000E+02
  -4.757  0.8264E-84  0.2000E+02
  -4.747  0.8264E-84  0.2000E+02
  -4.737  0.8264E-84  0.2000E+02
  -4.727  0.8264E-84  0.2000E+02
  -4.717  0.8264E-84  0.2000E+02
  -4.707  0.8264E-84  0.2000E+02
  -4.697  0.8264E-84  0.2000E+02
  -4.687  0.8264E-84  0.2000E+02
  -4.677  0.8264E-84  0.2000E+02
  -4.667  0.8264E-84  0.2000E+02
  -4.657  0.8264E-84  0.2000E+02
  -4.647  0.8264E-84  0.2000E+02
  -4.637  0.8264E-84  0.2000E+02
  -4.627  0.8264E-84  0.2000E+02
  -4.617  0.8264E-84  0.2000E+02
  -4.607  0.8264E-84  0.2000E+02
  -4.597  0.8264E-84  0.2000E+02
  -4.587  0.8264E-84  0.2000E+02
  -4.577  0.8264E-84  0.2000E+02
  -4.567  0.8264E-84  0.2000E+02
  -4.557  0.8264E-84  0.2000E+02
  -4.547  0.8264E-84  0.2000E+02
  -4.537  0.8264E-84  0.2000E+02
  -4.527  0.8264E-84  0.2000E+02
  -4.517  0.8264E-84  0.2000E+02
  -4.507  0.8264E-84  0.2000E+02
  -4.497  0.8264E-84  0.2000E+02
  -4.487  0.8264E-84  0.2000E+02
  -4.477  0.8264E-84  0.2000E+02
  -4.467  0.8264E-84  0.2000E+02
  -4.457  0.8264E-84  0.2000E+02
  -4.447  0.8264E-84  0.2000E+02
  -4.437  0.8264E-84  0.2000E+02
  -4.427  0.8264E-84  0.2000E+02
  -4.417  0.8264E-84  0.2000E+02
  -4.407  0.8264E-84  0.2000E+02
  -4.397  0.8264E-84  0.2000E+02
  -4.387  0.8264E-84  0.2000E+02
  -4.377  0.8264E-84  0.2000E+02
  -4.367  0.8264E-84  0.2000E+02
  -4.357  0.8264E-84  0.2000E+02
  -4.347  0.8264E-84  0.2000E+02
  -4.337  0.8264E-84  0.2000E+02
  -4.327  0.8264E-84  0.2000E+02
  -4.317  0.8264E-84  0.2000E+02
  -4.307  0.8264E-84  0.2000E+02
  -4.297  0.8264E-84  0.2000E+02
  -4.287  0.8264E-84  0.2000E+02
  -4.277  0.8264E-84  0.2000E+02
  -4.267  0.8264E-84  0.2000E+02
  -4.257  0.8264E-84  0.2000E+02
  -4.247  0.8264E-84  0.2000E+02
  -4.237  0.8264E-84  0.2000E+02
  -4.227  0.8264E-84  0.2000E+02
  -4.217  0.8264E-84  0.2000E+02
  -4.207  0.8264E-84  0.2000E+02
  -4.197  0.8264E-84  0.2000E+02
  -4.187  0.8264E-84  0.2000E+02
  -4.177  0.8264E-84  0.2000E+02
  -4.167  0.8264E-84  0.2000E+02
  -4.157  0.8264E-84  0.2000E+02
  -4.147  0.8264E-84  0.2000E+02
  -4.137  0.8264E-84  0.2000E+02
  -4.127  0.8264E-84  0.2000E+02
  -4.117  0.8264E-84  0.2000E+02
  -4.107  0.8264E-84  0.2000E+02
  -4.097  0.8264E-84  0.2000E+02
  -4.087  0.8264E-84  0.2000E+02
  -4.077  0.8264E-84  0.2000E+02
  -4.067  0.8264E-84  0.2000E+02
  -4.057  0.8264E-84  0.2000E+02
  -4.047  0.8264E-84  0.2000E+02
  -4.037  0.8264E-84  0.2000E+02
  -4.027  0.8264E-84  0.2000E+02
  -4.017  0.8264E-84  0.2000E+02
  -4.007  0.8264E-84  0.2000E+02
  -3.997  0.8264E-84  0.2000E+02
  -3.987  0.8264E-84  0.2000E+02
  -3.977  0.8264E-84  0.2000E+02
  -3.967  0.8264E-84  0.2000E+02
  -3.957  0.8264E-84  0.2000E+02
  -3.947  0.8264E-84  0.2000E+02
  -3.937  0.8264E-84  0.2000E+02
  -3.927  0.8264E-84  0.2000E+02
  -3.917  0.8264E-84  0.2000E+02
  -3.907  0.8264E-84  0.2000E+02
  -3.897  0.8264E-84  0.2000E+02
  -3.887  0.8264E-84  0.2000E+02
  -3.877  0.8264E-84  0.2000E+02
  -3.867  0.8264E-84  0.2000E+02
  -3.857  0.8264E-84  0.2000E+02
  -3.847  0.8264E-84  0.2000E+02
  -3.837  0.8264E-84  0.2000E+02
  -3.827  0.8264E-84  0.2000E+02
  -3.817  0.8264E-84  0.2000E+02
  -3.807  0.8264E-84  0.2000E+02
  -3.797  0.8264E-84  0.2000E+02
  -3.787  0.8264E-84  0.2000E+02
  -3.777  0.8264E-84  0.2000E+02
  -3.767  0.8264E-84  0.2000E+02
  -3.757  0.8264E-84  0.2000E+02
  -3.747  0.8264E-84  0.2000E+02
  -3.737  0.8264E-84  0.2000E+02
  -3.727  0.8264E-84  0.2000E+02
  -3.717  0.8264E-84  0.2000E+02
  -3.707  0.8264E-84  0.2000E+02
  -3.697  0.8264E-84  0.2000E+02
  -3.687  0.8264E-84  0.2000E+02
  -3.677  0.8264E-84  0.2000E+02
  -3.667  0.8264E-84  0.2000E+02
  -3.657  0.8264E-84  0.2000E+02
  -3.647  0.8264E-84  0.2000E+02
  -3.637  0.8264E-84  0.2000E+02
  -3.627  0.8264E-84  0.2000E+02
  -3.617  0.8264E-84  0.2000E+02
  -3.607  0.8264E-84  0.2000E+02
  -3.597  0.8264E-84  0.2000E+02
  -3.587  0.8264E-84  0.2000E+02
  -3.577  0.8264E-84  0.2000E+02
  -3.567  0.8264E-84  0.2000E+02
  -3.557  0.8264E-84  0.2000E+02
  -3.547  0.8264E-84  0.2000E+02
  -3.537  0.8264E-84  0.2000E+02
  -3.527  0.8264E-84  0.2000E+02
  -3.517  0.8264E-84  0.2000E+02
  -3.507  0.8264E-84  0.2000E+02
  -3.497  0.8264E-84  0.2000E+02
  -3.487  0.8264E-84  0.2000E+02
  -3.477  0.8264E-84  0.2000E+02
  -3.467  0.8264E-84  0.2000E+02
  -3.457  0.8264E-84  0.2000E+02
  -3.447  0.8264E-84  0.2000E+02
  -3.437  0.8264E-84  0.2000E+02
  -3.427  0.8264E-84  0.2000E+02
  -3.417  0.8264E-84  0.2000E+02
  -3.407  0.8264E-84  0.2000E+02
  -3.397  0.8264E-84  0.2000E+02
  -3.387  0.8264E-84  0.2000E+02
  -3.377  0.8264E-84  0.2000E+02
  -3.367  0.8264E-84  0.2000E+02
  -3.357  0.8264E-84  0.2000E+02
  -3.347  0.8264E-84  0.2000E+02
  -3.337  0.8264E-84  0.2000E+02
  -3.327  0.8264E-84  0.2000E+02
  -3.317  0.8264E-84  0.2000E+02
  -3.307  0.8264E-84  0.2000E+02
  -3.297  0.8264E-84  0.2000E+02
  -3.287  0.8264E-84  0.2000E+02
  -3.277  0.8264E-84  0.2000E+02
  -3.267  0.8264E-84  0.2000E+02
  -3.257  0.8264E-84  0.2000E+02
  -3.247  0.8264E-84  0.2000E+02
  -3.237  0.8264E-84  0.2000E+02
  -3.227  0.8264E-84  0.2000E+02
  -3.217  0.8264E-84  0.2000E+02
  -3.207  0.8264E-84  0.2000E+02
  -3.197  0.8264E-84  0.2000E+02
  -3.187  0.8264E-84  0.2000E+02
  -3.177  0.8264E-84  0.2000E+02
  -3.167  0.8264E-84  0.2000E+02
  -3.157  0.8264E-84  0.2000E+02
  -3.147  0.8264E-84  0.2000E+02
  -3.137  0.8264E-84  0.2000E+02
  -3.127  0.8264E-84  0.2000E+02
  -3.117  0.8264E-84  0.2000E+02
  -3.107  0.8264E-84  0.2000E+02
  -3.097  0.8264E-84  0.2000E+02
  -3.087  0.8264E-84  0.2000E+02
  -3.077  0.8264E-84  0.2000E+02
  -3.067  0.8264E-84  0.2000E+02
  -3.057  0.8264E-84  0.2000E+02
  -3.047  0.8264E-84  0.2000E+02
  -3.037  0.8264E-84  0.2000E+02
  -3.027  0.8264E-84  0.2000E+02
  -3.017  0.8264E-84  0.2000E+02
  -3.007  0.8264E-84  0.2000E+02
  -2.997  0.8264E-84  0.2000E+02
  -2.987  0.8264E-84  0.2000E+02
  -2.977  0.8264E-84  0.2000E+02
  -2.967  0.8264E-84  0.2000E+02
  -2.957  0.8264E-84  0.2000E+02
  -2.947  0.8264E-84  0.2000E+02
  -2.937  0.8264E-84  0.2000E+02
  -2.927  0.8264E-84  0.2000E+02
  -2.917  0.8264E-84  0.2000E+02
  -2.907  0.8264E-84  0.2000E+02
  -2.897  0.8264E-84  0.2000E+02
  -2.887  0.8264E-84  0.2000E+02
  -2.877  0.8264E-84  0.2000E+02
  -2.867  0.8264E-84  0.2000E+02
  -2.857  0.8264E-84  0.2000E+02
  -2.847  0.8264E-84  0.2000E+02
  -2.837  0.8264E-84  0.2000E+02
  -2.827  0.8264E-84  0.2000E+02
  -2.817  0.8264E-84  0.2000E+02
  -2.807  0.8264E-84  0.2000E+02
  -2.797  0.8264E-84  0.2000E+02
  -2.787  0.8264E-84  0.2000E+02
  -2.777  0.8264E-84  0.2000E+02
  -2.767  0.8264E-84  0.2000E+02
  -2.757  0.8264E-84  0.2000E+02
  -2.747  0.8264E-84  0.2000E+02
  -2.737  0.8264E-84  0.2000E+02
  -2.727  0.8264E-84  0.2000E+02
  -2.717  0.8264E-84  0.2000E+02
  -2.707  0.8264E-84  0.2000E+02
  -2.697  0.8264E-84  0.2000E+02
  -2.687  0.8264E-84  0.2000E+02
  -2.677  0.8264E-84  0.2000E+02
  -2.667  0.8264E-84  0.2000E+02
  -2.657  0.8264E-84  0.2000E+02
  -2.647  0.8264E-84  0.2000E+02
  -2.637  0.8264E-84  0.2000E+02
  -2.627  0.8264E-84  0.2000E+02
  -2.617  0.8264E-84  0.2000E+02
  -2.607  0.8264E-84  0.2000E+02
  -2.597  0.8264E-84  0.2000E+02
  -2.587  0.8264E-84  0.2000E+02
  -2.577  0.8264E-84  0.2000E+02
  -2.567  0.8264E-84  0.2000E+02
  -2.557  0.8264E-84  0.2000E+02
  -2.547  0.8264E-84  0.2000E+02
  -2.537  0.8264E-84  0.2000E+02
  -2.527  0.8264E-84  0.2000E+02
  -2.517  0.8264E-84  0.2000E+02
  -2.507  0.8264E-84  0.2000E+02
  -2.497  0.8264E-84  0.2000E+02
  -2.487  0.8264E-84  0.2000E+02
  -2.477  0.8264E-84  0.2000E+02
  -2.467  0.8264E-84  0.2000E+02
  -2.457  0.8264E-84  0.2000E+02
  -2.447  0.8264E-84  0.2000E+02
  -2.437  0.8264E-84  0.2000E+02
  -2.427  0.8264E-84  0.2000E+02
  -2.417  0.8264E-84  0.2000E+02
  -2.407  0.8264E-84  0.2000E+02
  -2.397  0.8264E-84  0.2000E+02
  -2.387  0.8264E-84  0.2000E+02
  -2.377  0.8264E-84  0.2000E+02
  -2.367  0.8264E-84  0.2000E+02
  -2.357  0.8264E-84  0.2000E+02
  -2.347  0.8264E-84  0.2000E+02
  -2.337  0.8264E-84  0.2000E+02
  -2.327  0.8264E-84  0.2000E+02
  -2.317  0.8264E-84  0.2000E+02
  -2.307  0.8264E-84  0.2000E+02
  -2.297  0.8264E-84  0.2000E+02
  -2.287  0.8264E-84  0.2000E+02
  -2.277  0.8264E-84  0.2000E+02
  -2.267  0.8264E-84  0.2000E+02
  -2.257  0.8264E-84  0.2000E+02
  -2.247  0.8264E-84  0.2000E+02
  -2.237  0.8264E-84  0.2000E+02
  -2.227  0.8264E-84  0.2000E+02
  -2.217  0.8264E-84  0.2000E+02
  -2.207  0.8264E-84  0.2000E+02
  -2.197  0.8264E-84  0.2000E+02
  -2.187  0.8264E-84  0.2000E+02
  -2.177  0.8264E-84  0.2000E+02
  -2.167  0.8264E-84  0.2000E+02
  -2.157  0.8264E-84  0.2000E+02
  -2.147  0.8264E-84  0.2000E+02
  -2.137  0.8264E-84  0.2000E+02
  -2.127  0.8264E-84  0.2000E+02
  -2.117  0.8264E-84  0.2000E+02
  -2.107  0.8264E-84  0.2000E+02
  -2.097  0.8264E-84  0.2000E+02
  -2.087  0.8264E-84  0.2000E+02
  -2.077  0.8264E-84  0.2000E+02
  -2.067  0.8264E-84  0.2000E+02
  -2.057  0.8264E-84  0.2000E+02
  -2.047  0.8264E-84  0.2000E+02
  -2.037  0.8264E-84  0.2000E+02
  -2.027  0.8264E-84  0.2000E+02
  -2.017  0.8264E-84  0.2000E+02
  -2.007  0.8264E-84  0.2000E+02
  -1.997  0.8264E-84  0.2000E+02
  -1.987  0.8264E-84  0.2000E+02
  -1.977  0.8264E-84  0.2000E+02
  -1.967  0.8264E-84  0.2000E+02
  -1.957  0.8264E-84  0.2000E+02
  -1.947  0.8264E-84  0.2000E+02
  -1.937  0.8264E-84  0.2000E+02
  -1.927  0.8264E-84  0.2000E+02
  -1.917  0.8264E-84  0.2000E+02
  -1.907  0.8264E-84  0.2000E+02
  -1.897  0.8264E-84  0.2000E+02
  -1.887  0.8264E-84  0.2000E+02
  -1.877  0.8264E-84  0.2000E+02
  -1.867  0.8264E-84  0.2000E+02
  -1.857  0.8264E-84  0.2000E+02
  -1.847  0.8264E-84  0.2000E+02
  -1.837  0.8264E-84  0.2000E+02
  -1.827  0.8264E-84  0.2000E+02
  -1.817  0.8264E-84  0.2000E+02
  -1.807  0.8264E-84  0.2000E+02
  -1.797  0.8264E-84  0.2000E+02
  -1.787  0.8264E-84  0.2000E+02
  -1.777  0.8264E-84  0.2000E+02
  -1.767  0.8264E-84  0.2000E+02
  -1.757  0.8264E-84  0.2000E+02
  -1.747  0.8264E-84  0.2000E+02
  -1.737  0.8264E-84  0.2000E+02
  -1.727  0.8264E-84  0.2000E+02
  -1.717  0.8264E-84  0.2000E+02
  -1.707  0.8264E-84  0.2000E+02
  -1.697  0.8264E-84  0.2000E+02
  -1.687  0.8264E-84  0.2000E+02
  -1.677  0.8264E-84  0.2000E+02
  -1.667  0.8264E-84  0.2000E+02
  -1.657  0.8264E-84  0.2000E+02
  -1.647  0.8264E-84  0.2000E+02
  -1.637  0.8264E-84  0.2000E+02
  -1.627  0.8264E-84  0.2000E+02
  -1.617  0.8264E-84  0.2000E+02
  -1.607  0.8264E-84  0.2000E+02
  -1.597  0.8264E-84  0.2000E+02
  -1.587  0.8264E-84  0.2000E+02
  -1.577  0.8264E-84  0.2000E+02
  -1.567  0.8264E-84  0.2000E+02
  -1.557  0.8264E-84  0.2000E+02
  -1.547  0.8264E-84  0.2000E+02
  -1.537  0.8264E-84  0.2000E+02
  -1.527  0.8264E-84  0.2000E+02
  -1.517  0.8264E-84  0.2000E+02
  -1.507  0.8264E-84  0.2000E+02
  -1.497  0.8264E-84  0.2000E+02
  -1.487  0.8264E-84  0.2000E+02
  -1.477  0.8264E-84  0.2000E+02
  -1.467  0.8264E-84  0.2000E+02
  -1.457  0.8264E-84  0.2000E+02
  -1.447  0.8264E-84  0.2000E+02
  -1.437  0.8264E-84  0.2000E+02
  -1.427  0.8264E-84  0.2000E+02
  -1.417  0.8264E-84  0.2000E+02
  -1.407  0.8264E-84  0.2000E+02
  -1.397  0.8264E-84  0.2000E+02
  -1.387  0.8264E-84  0.2000E+02
  -1.377  0.8264E-84  0.2000E+02
  -1.367  0.8264E-84  0.2000E+02
  -1.357  0.8264E-84  0.2000E+02
  -1.347  0.8264E-84  0.2000E+02
  -1.337  0.8264E-84  0.2000E+02
  -1.327  0.8264E-84  0.2000E+02
  -1.317  0.8264E-84  0.2000E+02
  -1.307  0.8264E-84  0.2000E+02
  -1.297  0.8264E-84  0.2000E+02
  -1.287  0.8264E-84  0.2000E+02
  -1.277  0.8264E-84  0.2000E+02
  -1.267  0.8264E-84  0.2000E+02
  -1.257  0.8264E-84  0.2000E+02
  -1.247  0.8264E-84  0.2000E+02
  -1.237  0.8264E-84  0.2000E+02
  -1.227  0.8264E-84  0.2000E+02
  -1.217  0.8264E-84  0.2000E+02
  -1.207  0.8264E-84  0.2000E+02
  -1.197  0.8264E-84  0.2000E+02
  -1.187  0.8264E-84  0.2000E+02
  -1.177  0.8264E-84  0.2000E+02
  -1.167  0.8264E-84  0.2000E+02
  -1.157  0.8264E-84  0.2000E+02
  -1.147  0.8264E-84  0.2000E+02
  -1.137  0.8264E-84  0.2000E+02
  -1.127  0.8264E-84  0.2000E+02
  -1.117  0.8264E-84  0.2000E+02
  -1.107  0.8264E-84  0.2000E+02
  -1.097  0.8264E-84  0.2000E+02
  -1.087  0.8264E-84  0.2000E+02
  -1.077  0.8264E-84  0.2000E+02
  -1.067  0.8264E-84  0.2000E+02
  -1.057  0.8264E-84  0.2000E+02
  -1.047  0.8264E-84  0.2000E+02
  -1.037  0.8264E-84  0.2000E+02
  -1.027  0.8264E-84  0.2000E+02
  -1.017  0.8264E-84  0.2000E+02
  -1.007  0.8264E-84  0.2000E+02
  -0.997  0.8264E-84  0.2000E+02
  -0.987  0.8264E-84  0.2000E+02
  -0.977  0.8264E-84  0.2000E+02
  -0.967  0.8264E-84  0.2000E+02
  -0.957  0.8264E-84  0.2000E+02
  -0.947  0.8264E-84  0.2000E+02
  -0.937  0.8264E-84  0.2000E+02
  -0.927  0.8264E-84  0.2000E+02
  -0.917  0.8264E-84  0.2000E+02
  -0.907  0.8264E-84  0.2000E+02
  -0.897  0.8264E-84  0.2000E+02
  -0.887  0.8264E-84  0.2000E+02
  -0.877  0.8264E-84  0.2000E+02
  -0.867  0.8264E-84  0.2000E+02
  -0.857  0.8264E-84  0.2000E+02
  -0.847  0.8264E-84  0.2000E+02
  -0.837  0.8264E-84  0.2000E+02
  -0.827  0.8264E-84  0.2000E+02
  -0.817  0.8264E-84  0.2000E+02
  -0.807  0.8264E-84  0.2000E+02
  -0.797  0.8264E-84  0.2000E+02
  -0.787  0.8264E-84  0.2000E+02
  -0.777  0.8264E-84  0.2000E+02
  -0.767  0.8264E-84  0.2000E+02
  -0.757  0.8264E-84  0.2000E+02
  -0.747  0.8264E-84  0.2000E+02
  -0.737  0.8264E-84  0.2000E+02
  -0.727  0.8264E-84  0.2000E+02
  -0.717  0.8264E-84  0.2000E+02
  -0.707  0.8264E-84  0.2000E+02
  -0.697  0.8264E-84  0.2000E+02
  -0.687  0.8264E-84  0.2000E+02
  -0.677  0.8264E-84  0.2000E+02
  -0.667  0.8264E-84  0.2000E+02
  -0.657  0.8264E-84  0.2000E+02
  -0.647  0.8264E-84  0.2000E+02
  -0.637  0.8264E-84  0.2000E+02
  -0.627  0.8264E-84  0.2000E+02
  -0.617  0.8264E-84  0.2000E+02
  -0.607  0.8264E-84  0.2000E+02
  -0.597  0.8264E-84  0.2000E+02
  -0.587  0.8264E-84  0.2000E+02
  -0.577  0.8264E-84  0.2000E+02
  -0.567  0.8264E-84  0.2000E+02
  -0.557  0.8264E-84  0.2000E+02
  -0.547  0.8264E-84  0.2000E+02
  -0.537  0.8264E-84  0.2000E+02
  -0.527  0.8264E-84  0.2000E+02
  -0.517  0.8264E-84  0.2000E+02
  -0.507  0.8264E-84  0.2000E+02
  -0.497  0.8264E-84  0.2000E+02
  -0.487  0.8264E-84  0.2000E+02
  -0.477  0.8264E-84  0.2000E+02
  -0.467  0.8264E-84  0.2000E+02
  -0.457  0.8264E-84  0.2000E+02
  -0.447  0.8264E-84  0.2000E+02
  -0.437  0.8264E-84  0.2000E+02
  -0.427  0.8264E-84  0.2000E+02
  -0.417  0.8264E-84  0.2000E+02
  -0.407  0.8264E-84  0.2000E+02
  -0.397  0.8264E-84  0.2000E+02
  -0.387  0.8264E-84  0.2000E+02
  -0.377  0.8264E-84  0.2000E+02
  -0.367  0.8264E-84  0.2000E+02
  -0.357  0.8264E-84  0.2000E+02
  -0.347  0.8264E-84  0.2000E+02
  -0.337  0.8264E-84  0.2000E+02
  -0.327  0.8264E-84  0.2000E+02
  -0.317  0.8264E-84  0.2000E+02
  -0.307  0.8264E-84  0.2000E+02
  -0.297  0.8264E-84  0.2000E+02
  -0.287  0.8264E-84  0.2000E+02
  -0.277  0.8264E-84  0.2000E+02
  -0.267  0.8264E-84  0.2000E+02
  -0.257  0.8264E-84  0.2000E+02
  -0.247  0.8264E-84  0.2000E+02
  -0.237  0.8264E-84  0.2000E+02
  -0.227  0.8264E-84  0.2000E+02
  -0.217  0.8264E-84  0.2000E+02
  -0.207  0.8264E-84  0.2000E+02
  -0.197  0.8264E-84  0.2000E+02
  -0.187  0.8264E-84  0.2000E+02
  -0.177  0.8264E-84  0.2000E+02
  -0.167  0.8264E-84  0.2000E+02
  -0.157  0.8264E-84  0.2000E+02
  -0.147  0.8264E-84  0.2000E+02
  -0.137  0.8264E-84  0.2000E+02
  -0.127  0.8264E-84  0.2000E+02
  -0.117  0.8264E-84  0.2000E+02
  -0.107  0.8264E-84  0.2000E+02
  -0.097  0.8264E-84  0.2000E+02
  -0.087  0.8264E-84  0.2000E+02
  -0.077  0.8264E-84  0.2000E+02
  -0.067  0.8264E-84  0.2000E+02
  -0.057  0.8264E-84  0.2000E+02
  -0.047  0.8264E-84  0.2000E+02
  -0.037  0.8264E-84  0.2000E+02
  -0.027  0.8264E-84  0.2000E+02
  -0.017  0.8264E-84  0.2000E+02
  -0.007  0.8264E-84  0.2000E+02
   0.003  0.8264E-84  0.2000E+02
   0.013  0.8264E-84  0.2000E+02
   0.023  0.8264E-84  0.2000E+02
   0.033  0.8264E-84  0.2000E+02
   0.043  0.8264E-84  0.2000E+02
   0.053  0.8264E-84  0.2000E+02
   0.063  0.8264E-84  0.2000E+02
   0.073  0.8264E-84  0.2000E+02
   0.083  0.8264E-84  0.2000E+02
   0.093  0.8264E-84  0.2000E+02
   0.103  0.8264E-84  0.2000E+02
   0.113  0.8264E-84  0.2000E+02
   0.123  0.8264E-84  0.2000E+02
   0.133  0.8264E-84  0.2000E+02
   0.143  0.8264E-84  0.2000E+02
   0.153  0.8264E-84  0.2000E+02
   0.163  0.8264E-84  0.2000E+02
   0.173  0.8264E-84  0.2000E+02
   0.183  0.8264E-84  0.2000E+02
   0.193  0.8264E-84  0.2000E+02
   0.203  0.8264E-84  0.2000E+02
   0.213  0.8264E-84  0.2000E+02
   0.223  0.8264E-84  0.2000E+02
   0.233  0.8264E-84  0.2000E+02
   0.243  0.8264E-84  0.2000E+02
   0.253  0.8264E-84  0.2000E+02
   0.263  0.8264E-84  0.2000E+02
   0.273  0.8264E-84  0.2000E+02
   0.283  0.8264E-84  0.2000E+02
   0.293  0.8264E-84  0.2000E+02
   0.303  0.8264E-84  0.2000E+02
   0.313  0.8264E-84  0.2000E+02
   0.323  0.8264E-84  0.2000E+02
   0.333  0.8264E-84  0.2000E+02
   0.343  0.8264E-84  0.2000E+02
   0.353  0.8264E-84  0.2000E+02
   0.363  0.8264E-84  0.2000E+02
   0.373  0.8264E-84  0.2000E+02
   0.383  0.8264E-84  0.2000E+02
   0.393  0.8264E-84  0.2000E+02
   0.403  0.8264E-84  0.2000E+02
   0.413  0.8264E-84  0.2000E+02
   0.423  0.8264E-84  0.2000E+02
   0.433  0.8264E-84  0.2000E+02
   0.443  0.8264E-84  0.2000E+02
   0.453  0.8264E-84  0.2000E+02
   0.463  0.8264E-84  0.2000E+02
   0.473  0.8264E-84  0.2000E+02
   0.483  0.8264E-84  0.2000E+02
   0.493  0.8264E-84  0.2000E+02
   0.503  0.8264E-84  0.2000E+02
   0.513  0.8264E-84  0.2000E+02
   0.523  0.8264E-84  0.2000E+02
   0.533  0.8264E-84  0.2000E+02
   0.543  0.8264E-84  0.2000E+02
   0.553  0.8264E-84  0.2000E+02
   0.563  0.8264E-84  0.2000E+02
   0.573  0.8264E-84  0.2000E+02
   0.583  0.8264E-84  0.2000E+02
   0.593  0.8264E-84  0.2000E+02
   0.603  0.8264E-84  0.2000E+02
   0.613  0.8264E-84  0.2000E+02
   0.623  0.8264E-84  0.2000E+02
   0.633  0.8264E-84  0.2000E+02
   0.643  0.8264E-84  0.2000E+02
   0.653  0.8264E-84  0.2000E+02
   0.663  0.8264E-84  0.2000E+02
   0.673  0.8264E-84  0.2000E+02
   0.683  0.8264E-84  0.2000E+02
   0.693  0.8264E-84  0.2000E+02
   0.703  0.8264E-84  0.2000E+02
   0.713  0.8264E-84  0.2000E+02
   0.723  0.8264E-84  0.2000E+02
   0.733  0.8264E-84  0.2000E+02
   0.743  0.8264E-84  0.2000E+02
   0.753  0.8264E-84  0.2000E+02
   0.763  0.8264E-84  0.2000E+02
   0.773  0.8264E-84  0.2000E+02
   0.783  0.8264E-84  0.2000E+02
   0.793  0.8264E-84  0.2000E+02
   0.803  0.8264E-84  0.2000E+02
   0.813  0.8264E-84  0.2000E+02
   0.823  0.8264E-84  0.2000E+02
   0.833  0.8264E-84  0.2000E+02
   0.843  0.8264E-84  0.2000E+02
   0.853  0.8264E-84  0.2000E+02
   0.863  0.8264E-84  0.2000E+02
   0.873  0.8264E-84  0.2000E+02
   0.883  0.8264E-84  0.2000E+02
   0.893  0.8264E-84  0.2000E+02
   0.903  0.8264E-84  0.2000E+02
   0.913  0.8264E-84  0.2000E+02
   0.923  0.8264E-84  0.2000E+02
   0.933  0.8264E-84  0.2000E+02
   0.943  0.8264E-84  0.2000E+02
   0.953  0.8264E-84  0.2000E+02
   0.963  0.8264E-84  0.2000E+02
   0.973  0.8264E-84  0.2000E+02
   0.983  0.8264E-84  0.2000E+02
   0.993  0.8264E-84  0.2000E+02
   1.003  0.8264E-84  0.2000E+02
   1.013  0.8264E-84  0.2000E+02
   1.023  0.8264E-84  0.2000E+02
   1.033  0.8264E-84  0.2000E+02
   1.043  0.8264E-84  0.2000E+02
   1.053  0.8264E-84  0.2000E+02
   1.063  0.8264E-84  0.2000E+02
   1.073  0.8264E-84  0.2000E+02
   1.083  0.8264E-84  0.2000E+02
   1.093  0.8264E-84  0.2000E+02
   1.103  0.8264E-84  0.2000E+02
   1.113  0.8264E-84  0.2000E+02
   1.123  0.8264E-84  0.2000E+02
   1.133  0.8264E-84  0.2000E+02
   1.143  0.8264E-84  0.2000E+02
   1.153  0.8264E-84  0.2000E+02
   1.163  0.8264E-84  0.2000E+02
   1.173  0.8264E-84  0.2000E+02
   1.183  0.8264E-84  0.2000E+02
   1.193  0.8264E-84  0.2000E+02
   1.203  0.8264E-84  0.2000E+02
   1.213  0.8264E-84  0.2000E+02
   1.223  0.8264E-84  0.2000E+02
   1.233  0.8264E-84  0.2000E+02
   1.243  0.8264E-84  0.2000E+02
   1.253  0.8264E-84  0.2000E+02
   1.263  0.8264E-84  0.2000E+02
   1.273  0.8264E-84  0.2000E+02
   1.283  0.8264E-84  0.2000E+02
   1.293  0.8264E-84  0.2000E+02
   1.303  0.8264E-84  0.2000E+02
   1.313  0.8264E-84  0.2000E+02
   1.323  0.8264E-84  0.2000E+02
   1.333  0.8264E-84  0.2000E+02
   1.343  0.8264E-84  0.2000E+02
   1.353  0.8264E-84  0.2000E+02
   1.363  0.8264E-84  0.2000E+02
   1.373  0.8264E-84  0.2000E+02
   1.383  0.8264E-84  0.2000E+02
   1.393  0.8264E-84  0.2000E+02
   1.403  0.8264E-84  0.2000E+02
   1.413  0.8264E-84  0.2000E+02
   1.423  0.8264E-84  0.2000E+02
   1.433  0.8264E-84  0.2000E+02
   1.443  0.8264E-84  0.2000E+02
   1.453  0.8264E-84  0.2000E+02
   1.463  0.8264E-84  0.2000E+02
   1.473  0.8264E-84  0.2000E+02
   1.483  0.8264E-84  0.2000E+02
   1.493  0.8264E-84  0.2000E+02
   1.503  0.8264E-84  0.2000E+02
   1.513  0.8264E-84  0.2000E+02
   1.523  0.8264E-84  0.2000E+02
   1.533  0.8264E-84  0.2000E+02
   1.543  0.8264E-84  0.2000E+02
   1.553  0.8264E-84  0.2000E+02
   1.563  0.8264E-84  0.2000E+02
   1.573  0.8264E-84  0.2000E+02
   1.583  0.8264E-84  0.2000E+02
   1.593  0.8264E-84  0.2000E+02
   1.603  0.8264E-84  0.2000E+02
   1.613  0.8264E-84  0.2000E+02
   1.623  0.8264E-84  0.2000E+02
   1.633  0.8264E-84  0.2000E+02
   1.643  0.8264E-84  0.2000E+02
   1.653  0.8264E-84  0.2000E+02
   1.663  0.8264E-84  0.2000E+02
   1.673  0.8264E-84  0.2000E+02
   1.683  0.8264E-84  0.2000E+02
   1.693  0.8264E-84  0.2000E+02
   1.703  0.8264E-84  0.2000E+02
   1.713  0.8264E-84  0.2000E+02
   1.723  0.8264E-84  0.2000E+02
   1.733  0.8264E-84  0.2000E+02
   1.743  0.8264E-84  0.2000E+02
   1.753  0.8264E-84  0.2000E+02
   1.763  0.8264E-84  0.2000E+02
   1.773  0.8264E-84  0.2000E+02
   1.783  0.8264E-84  0.2000E+02
   1.793  0.8264E-84  0.2000E+02
   1.803  0.8264E-84  0.2000E+02
   1.813  0.8264E-84  0.2000E+02
   1.823  0.8264E-84  0.2000E+02
   1.833  0.8264E-84  0.2000E+02
   1.843  0.8264E-84  0.2000E+02
   1.853  0.8264E-84  0.2000E+02
   1.863  0.8264E-84  0.2000E+02
   1.873  0.8264E-84  0.2000E+02
   1.883  0.8264E-84  0.2000E+02
   1.893  0.8264E-84  0.2000E+02
   1.903  0.8264E-84  0.2000E+02
   1.913  0.8264E-84  0.2000E+02
   1.923  0.8264E-84  0.2000E+02
   1.933  0.8264E-84  0.2000E+02
   1.943  0.8264E-84  0.2000E+02
   1.953  0.8264E-84  0.2000E+02
   1.963  0.8264E-84  0.2000E+02
   1.973  0.8264E-84  0.2000E+02
   1.983  0.8264E-84  0.2000E+02
   1.993  0.8264E-84  0.2000E+02
   2.003  0.8264E-84  0.2000E+02
   2.013  0.8264E-84  0.2000E+02
   2.023  0.8264E-84  0.2000E+02
   2.033  0.8264E-84  0.2000E+02
   2.043  0.8264E-84  0.2000E+02
   2.053  0.8264E-84  0.2000E+02
   2.063  0.8264E-84  0.2000E+02
   2.073  0.8264E-84  0.2000E+02
   2.083  0.8264E-84  0.2000E+02
   2.093  0.8264E-84  0.2000E+02
   2.103  0.8264E-84  0.2000E+02
   2.113  0.8264E-84  0.2000E+02
   2.123  0.8264E-84  0.2000E+02
   2.133  0.8264E-84  0.2000E+02
   2.143  0.8264E-84  0.2000E+02
   2.153  0.8264E-84  0.2000E+02
   2.163  0.8264E-84  0.2000E+02
   2.173  0.8264E-84  0.2000E+02
   2.183  0.8264E-84  0.2000E+02
   2.193  0.8264E-84  0.2000E+02
   2.203  0.8264E-84  0.2000E+02
   2.213  0.8264E-84  0.2000E+02
   2.223  0.8264E-84  0.2000E+02
   2.233  0.8264E-84  0.2000E+02
   2.243  0.8264E-84  0.2000E+02
   2.253  0.8264E-84  0.2000E+02
   2.263  0.8264E-84  0.2000E+02
   2.273  0.8264E-84  0.2000E+02
   2.283  0.8264E-84  0.2000E+02
   2.293  0.8264E-84  0.2000E+02
   2.303  0.8264E-84  0.2000E+02
   2.313  0.8264E-84  0.2000E+02
   2.323  0.8264E-84  0.2000E+02
   2.333  0.8264E-84  0.2000E+02
   2.343  0.8264E-84  0.2000E+02
   2.353  0.8264E-84  0.2000E+02
   2.363  0.8264E-84  0.2000E+02
   2.373  0.8264E-84  0.2000E+02
   2.383  0.8264E-84  0.2000E+02
   2.393  0.8264E-84  0.2000E+02
   2.403  0.8264E-84  0.2000E+02
   2.413  0.8264E-84  0.2000E+02
   2.423  0.8264E-84  0.2000E+02
   2.433  0.8264E-84  0.2000E+02
   2.443  0.8264E-84  0.2000E+02
   2.453  0.8264E-84  0.2000E+02
   2.463  0.8264E-84  0.2000E+02
   2.473  0.8264E-84  0.2000E+02
   2.483  0.8264E-84  0.2000E+02
   2.493  0.8264E-84  0.2000E+02
   2.503  0.8264E-84  0.2000E+02
   2.513  0.8264E-84  0.2000E+02
   2.523  0.8264E-84  0.2000E+02
   2.533  0.8264E-84  0.2000E+02
   2.543  0.8264E-84  0.2000E+02
   2.553  0.8264E-84  0.2000E+02
   2.563  0.8264E-84  0.2000E+02
   2.573  0.8264E-84  0.2000E+02
   2.583  0.8264E-84  0.2000E+02
   2.593  0.8264E-84  0.2000E+02
   2.603  0.8264E-84  0.2000E+02
   2.613  0.8264E-84  0.2000E+02
   2.623  0.8264E-84  0.2000E+02
   2.633  0.8264E-84  0.2000E+02
   2.643  0.8268E-84  0.2000E+02
   2.653  0.8770E-84  0.2000E+02
   2.663  0.3879E-83  0.2000E+02
   2.673  0.1750E-81  0.2000E+02
   2.683  0.9509E-80  0.2000E+02
   2.693  0.4973E-78  0.2000E+02
   2.703  0.2491E-76  0.2000E+02
   2.713  0.1195E-74  0.2000E+02
   2.723  0.5491E-73  0.2000E+02
   2.733  0.2416E-71  0.2000E+02
   2.743  0.1018E-69  0.2000E+02
   2.753  0.4111E-68  0.2000E+02
   2.763  0.1589E-66  0.2000E+02
   2.773  0.5884E-65  0.2000E+02
   2.783  0.2087E-63  0.2000E+02
   2.793  0.7087E-62  0.2000E+02
   2.803  0.2306E-60  0.2000E+02
   2.813  0.7183E-59  0.2000E+02
   2.823  0.2143E-57  0.2000E+02
   2.833  0.6126E-56  0.2000E+02
   2.843  0.1677E-54  0.2000E+02
   2.853  0.4396E-53  0.2000E+02
   2.863  0.1104E-51  0.2000E+02
   2.873  0.2655E-50  0.2000E+02
   2.883  0.6115E-49  0.2000E+02
   2.893  0.1349E-47  0.2000E+02
   2.903  0.2850E-46  0.2000E+02
   2.913  0.5768E-45  0.2000E+02
   2.923  0.1118E-43  0.2000E+02
   2.933  0.2076E-42  0.2000E+02
   2.943  0.3691E-41  0.2000E+02
   2.953  0.6285E-40  0.2000E+02
   2.963  0.1025E-38  0.2000E+02
   2.973  0.1602E-37  0.2000E+02
   2.983  0.2397E-36  0.2000E+02
   2.993  0.3436E-35  0.2000E+02
   3.003  0.4716E-34  0.2000E+02
   3.013  0.6201E-33  0.2000E+02
   3.023  0.7810E-32  0.2000E+02
   3.033  0.9421E-31  0.2000E+02
   3.043  0.1089E-29  0.2000E+02
   3.053  0.1205E-28  0.2000E+02
   3.063  0.1277E-27  0.2000E+02
   3.073  0.1297E-26  0.2000E+02
   3.083  0.1261E-25  0.2000E+02
   3.093  0.1175E-24  0.2000E+02
   3.103  0.1048E-23  0.2000E+02
   3.113  0.8959E-23  0.2000E+02
   3.123  0.7335E-22  0.2000E+02
   3.133  0.5752E-21  0.2000E+02
   3.143  0.4321E-20  0.2000E+02
   3.153  0.3110E-19  0.2000E+02
   3.163  0.2144E-18  0.2000E+02
   3.173  0.1416E-17  0.2000E+02
   3.183  0.8954E-17  0.2000E+02
   3.193  0.5426E-16  0.2000E+02
   3.203  0.3150E-15  0.2000E+02
   3.213  0.1752E-14  0.2000E+02
   3.223  0.9334E-14  0.2000E+02
   3.233  0.4765E-13  0.2000E+02
   3.243  0.2330E-12  0.2000E+02
   3.253  0.1092E-11  0.2000E+02
   3.263  0.4903E-11  0.2000E+02
   3.273  0.2109E-10  0.2000E+02
   3.283  0.8695E-10  0.2000E+02
   3.293  0.3435E-09  0.2000E+02
   3.303  0.1301E-08  0.2000E+02
   3.313  0.4720E-08  0.2000E+02
   3.323  0.1642E-07  0.2000E+02
   3.333  0.5474E-07  0.2000E+02
   3.343  0.1750E-06  0.2000E+02
   3.353  0.5363E-06  0.2000E+02
   3.363  0.1576E-05  0.2000E+02
   3.373  0.4444E-05  0.2000E+02
   3.383  0.1202E-04  0.2000E+02
   3.393  0.3119E-04  0.2000E+02
   3.403  0.7768E-04  0.2000E+02
   3.413  0.1857E-03  0.2000E+02
   3.423  0.4265E-03  0.2000E+02
   3.433  0.9408E-03  0.2000E+02
   3.443  0.1995E-02  0.2000E+02
   3.453  0.4066E-02  0.2000E+02
   3.463  0.7974E-02  0.2000E+02
   3.473  0.1505E-01  0.2000E+02
   3.483  0.2737E-01  0.2000E+02
   3.493  0.4796E-01  0.2000E+02
   3.503  0.8107E-01  0.2000E+02
   3.513  0.1323E+00  0.2000E+02
   3.523  0.2086E+00  0.2001E+02
   3.533  0.3180E+00  0.2001E+02
   3.543  0.4694E+00  0.2001E+02
   3.553  0.6713E+00  0.2002E+02
   3.563  0.9313E+00  0.2003E+02
   3.573  0.1255E+01  0.2004E+02
   3.583  0.1644E+01  0.2006E+02
   3.593  0.2096E+01  0.2008E+02
   3.603  0.2606E+01  0.2011E+02
   3.613  0.3165E+01  0.2014E+02
   3.623  0.3759E+01  0.2017E+02
   3.633  0.4374E+01  0.2022E+02
   3.643  0.4996E+01  0.2027E+02
   3.653  0.5613E+01  0.2032E+02
   3.663  0.6212E+01  0.2039E+02
   3.673  0.6787E+01  0.2045E+02
   3.683  0.7329E+01  0.2053E+02
   3.693  0.7833E+01  0.2061E+02
   3.703  0.8294E+01  0.2069E+02
   3.713  0.8706E+01  0.2078E+02
   3.723  0.9064E+01  0.2087E+02
   3.733  0.9363E+01  0.2096E+02
   3.743  0.9599E+01  0.2106E+02
   3.753  0.9769E+01  0.2115E+02
   3.763  0.9872E+01  0.2125E+02
   3.773  0.9910E+01  0.2135E+02
   3.783  0.9884E+01  0.2145E+02
   3.793  0.9800E+01  0.2155E+02
   3.803  0.9663E+01  0.2165E+02
   3.813  0.9477E+01  0.2174E+02
   3.823  0.9248E+01  0.2183E+02
   3.833  0.8982E+01  0.2192E+02
   3.843  0.8687E+01  0.2201E+02
   3.853  0.8372E+01  0.2209E+02
   3.863  0.8051E+01  0.2217E+02
   3.873  0.7736E+01  0.2225E+02
   3.883  0.7440E+01  0.2233E+02
   3.893  0.7175E+01  0.2240E+02
   3.903  0.6950E+01  0.2247E+02
   3.913  0.6769E+01  0.2253E+02
   3.923  0.6631E+01  0.2260E+02
   3.933  0.6531E+01  0.2267E+02
   3.943  0.6461E+01  0.2273E+02
   3.953  0.6410E+01  0.2279E+02
   3.963  0.6369E+01  0.2286E+02
   3.973  0.6330E+01  0.2292E+02
   3.983  0.6286E+01  0.2298E+02
   3.993  0.6236E+01  0.2305E+02
   4.003  0.6180E+01  0.2311E+02
   4.013  0.6121E+01  0.2317E+02
   4.023  0.6063E+01  0.2323E+02
   4.033  0.6010E+01  0.2329E+02
   4.043  0.5964E+01  0.2335E+02
   4.053  0.5925E+01  0.2341E+02
   4.063  0.5892E+01  0.2347E+02
   4.073  0.5863E+01  0.2353E+02
   4.083  0.5837E+01  0.2359E+02
   4.093  0.5814E+01  0.2364E+02
   4.103  0.5799E+01  0.2370E+02
   4.113  0.5798E+01  0.2376E+02
   4.123  0.5819E+01  0.2382E+02
   4.133  0.5871E+01  0.2388E+02
   4.143  0.5962E+01  0.2394E+02
   4.153  0.6099E+01  0.2400E+02
   4.163  0.6285E+01  0.2406E+02
   4.173  0.6523E+01  0.2412E+02
   4.183  0.6816E+01  0.2419E+02
   4.193  0.7165E+01  0.2426E+02
   4.203  0.7573E+01  0.2434E+02
   4.213  0.8039E+01  0.2442E+02
   4.223  0.8566E+01  0.2451E+02
   4.233  0.9151E+01  0.2460E+02
   4.243  0.9791E+01  0.2470E+02
   4.253  0.1048E+02  0.2480E+02
   4.263  0.1120E+02  0.2491E+02
   4.273  0.1194E+02  0.2503E+02
   4.283  0.1268E+02  0.2516E+02
   4.293  0.1341E+02  0.2529E+02
   4.303  0.1409E+02  0.2543E+02
   4.313  0.1470E+02  0.2558E+02
   4.323  0.1521E+02  0.2573E+02
   4.333  0.1559E+02  0.2589E+02
   4.343  0.1582E+02  0.2605E+02
   4.353  0.1588E+02  0.2621E+02
   4.363  0.1577E+02  0.2636E+02
   4.373  0.1551E+02  0.2652E+02
   4.383  0.1512E+02  0.2667E+02
   4.393  0.1464E+02  0.2682E+02
   4.403  0.1412E+02  0.2696E+02
   4.413  0.1358E+02  0.2709E+02
   4.423  0.1308E+02  0.2722E+02
   4.433  0.1264E+02  0.2735E+02
   4.443  0.1226E+02  0.2747E+02
   4.453  0.1195E+02  0.2759E+02
   4.463  0.1171E+02  0.2771E+02
   4.473  0.1151E+02  0.2782E+02
   4.483  0.1134E+02  0.2794E+02
   4.493  0.1119E+02  0.2805E+02
   4.503  0.1105E+02  0.2816E+02
   4.513  0.1091E+02  0.2827E+02
   4.523  0.1078E+02  0.2838E+02
   4.533  0.1066E+02  0.2848E+02
   4.543  0.1055E+02  0.2859E+02
   4.553  0.1046E+02  0.2869E+02
   4.563  0.1037E+02  0.2880E+02
   4.573  0.1030E+02  0.2890E+02
   4.583  0.1021E+02  0.2900E+02
   4.593  0.1012E+02  0.2910E+02
   4.603  0.1001E+02  0.2920E+02
   4.613  0.9895E+01  0.2930E+02
   4.623  0.9769E+01  0.2940E+02
   4.633  0.9642E+01  0.2950E+02
   4.643  0.9520E+01  0.2959E+02
   4.653  0.9403E+01  0.2969E+02
   4.663  0.9291E+01  0.2978E+02
   4.673  0.9176E+01  0.2987E+02
   4.683  0.9051E+01  0.2996E+02
   4.693  0.8912E+01  0.3005E+02
   4.703  0.8757E+01  0.3014E+02
   4.713  0.8591E+01  0.3022E+02
   4.723  0.8425E+01  0.3031E+02
   4.733  0.8271E+01  0.3039E+02
   4.743  0.8141E+01  0.3047E+02
   4.753  0.8044E+01  0.3055E+02
   4.763  0.7979E+01  0.3063E+02
   4.773  0.7939E+01  0.3071E+02
   4.783  0.7909E+01  0.3079E+02
   4.793  0.7870E+01  0.3087E+02
   4.803  0.7804E+01  0.3095E+02
   4.813  0.7693E+01  0.3103E+02
   4.823  0.7527E+01  0.3110E+02
   4.833  0.7304E+01  0.3117E+02
   4.843  0.7028E+01  0.3124E+02
   4.853  0.6708E+01  0.3131E+02
   4.863  0.6359E+01  0.3137E+02
   4.873  0.5994E+01  0.3143E+02
   4.883  0.5622E+01  0.3149E+02
   4.893  0.5253E+01  0.3154E+02
   4.903  0.4889E+01  0.3159E+02
   4.913  0.4533E+01  0.3164E+02
   4.923  0.4183E+01  0.3168E+02
   4.933  0.3838E+01  0.3172E+02
   4.943  0.3499E+01  0.3175E+02
   4.953  0.3165E+01  0.3178E+02
   4.963  0.2842E+01  0.3181E+02
   4.973  0.2531E+01  0.3184E+02
   4.983  0.2239E+01  0.3186E+02
   4.993  0.1968E+01  0.3188E+02
   5.003  0.1722E+01  0.3190E+02
   5.013  0.1501E+01  0.3191E+02
   5.023  0.1306E+01  0.3193E+02
   5.033  0.1134E+01  0.3194E+02
   5.043  0.9851E+00  0.3195E+02
   5.053  0.8553E+00  0.3195E+02
   5.063  0.7424E+00  0.3196E+02
   5.073  0.6441E+00  0.3197E+02
   5.083  0.5585E+00  0.3197E+02
   5.093  0.4843E+00  0.3198E+02
   5.103  0.4211E+00  0.3198E+02
   5.113  0.3698E+00  0.3199E+02
   5.123  0.3324E+00  0.3199E+02
   5.133  0.3124E+00  0.3199E+02
   5.143  0.3148E+00  0.3200E+02
   5.153  0.3459E+00  0.3200E+02
   5.163  0.4126E+00  0.3200E+02
   5.173  0.5220E+00  0.3201E+02
   5.183  0.6802E+00  0.3202E+02
   5.193  0.8918E+00  0.3203E+02
   5.203  0.1158E+01  0.3204E+02
   5.213  0.1479E+01  0.3205E+02
   5.223  0.1850E+01  0.3207E+02
   5.233  0.2266E+01  0.3209E+02
   5.243  0.2720E+01  0.3212E+02
   5.253  0.3206E+01  0.3215E+02
   5.263  0.3720E+01  0.3219E+02
   5.273  0.4261E+01  0.3223E+02
   5.283  0.4827E+01  0.3228E+02
   5.293  0.5421E+01  0.3233E+02
   5.303  0.6044E+01  0.3239E+02
   5.313  0.6697E+01  0.3246E+02
   5.323  0.7381E+01  0.3254E+02
   5.333  0.8094E+01  0.3262E+02
   5.343  0.8834E+01  0.3270E+02
   5.353  0.9594E+01  0.3280E+02
   5.363  0.1037E+02  0.3290E+02
   5.373  0.1115E+02  0.3302E+02
   5.383  0.1192E+02  0.3314E+02
   5.393  0.1268E+02  0.3326E+02
   5.403  0.1342E+02  0.3340E+02
   5.413  0.1414E+02  0.3354E+02
   5.423  0.1482E+02  0.3369E+02
   5.433  0.1546E+02  0.3384E+02
   5.443  0.1606E+02  0.3400E+02
   5.453  0.1662E+02  0.3417E+02
   5.463  0.1713E+02  0.3434E+02
   5.473  0.1757E+02  0.3451E+02
   5.483  0.1794E+02  0.3469E+02
   5.493  0.1823E+02  0.3488E+02
   5.503  0.1842E+02  0.3506E+02
   5.513  0.1852E+02  0.3525E+02
   5.523  0.1853E+02  0.3543E+02
   5.533  0.1846E+02  0.3562E+02
   5.543  0.1832E+02  0.3580E+02
   5.553  0.1816E+02  0.3598E+02
   5.563  0.1799E+02  0.3616E+02
   5.573  0.1784E+02  0.3634E+02
   5.583  0.1773E+02  0.3652E+02
   5.593  0.1766E+02  0.3669E+02
   5.603  0.1760E+02  0.3687E+02
   5.613  0.1752E+02  0.3704E+02
   5.623  0.1740E+02  0.3722E+02
   5.633  0.1718E+02  0.3739E+02
   5.643  0.1684E+02  0.3756E+02
   5.653  0.1637E+02  0.3772E+02
   5.663  0.1576E+02  0.3788E+02
   5.673  0.1503E+02  0.3803E+02
   5.683  0.1422E+02  0.3817E+02
   5.693  0.1337E+02  0.3831E+02
   5.703  0.1252E+02  0.3843E+02
   5.713  0.1171E+02  0.3855E+02
   5.723  0.1096E+02  0.3866E+02
   5.733  0.1030E+02  0.3876E+02
   5.743  0.9718E+01  0.3886E+02
   5.753  0.9216E+01  0.3895E+02
   5.763  0.8771E+01  0.3904E+02
   5.773  0.8362E+01  0.3912E+02
   5.783  0.7970E+01  0.3920E+02
   5.793  0.7579E+01  0.3928E+02
   5.803  0.7182E+01  0.3935E+02
   5.813  0.6780E+01  0.3942E+02
   5.823  0.6379E+01  0.3948E+02
   5.833  0.5986E+01  0.3954E+02
   5.843  0.5609E+01  0.3960E+02
   5.853  0.5253E+01  0.3965E+02
   5.863  0.4918E+01  0.3970E+02
   5.873  0.4600E+01  0.3974E+02
   5.883  0.4291E+01  0.3979E+02
   5.893  0.3984E+01  0.3983E+02
   5.903  0.3672E+01  0.3986E+02
   5.913  0.3353E+01  0.3990E+02
   5.923  0.3030E+01  0.3993E+02
   5.933  0.2710E+01  0.3995E+02
   5.943  0.2407E+01  0.3998E+02
   5.953  0.2135E+01  0.4000E+02
   5.963  0.1911E+01  0.4002E+02
   5.973  0.1748E+01  0.4004E+02
   5.983  0.1656E+01  0.4005E+02
   5.993  0.1639E+01  0.4007E+02
   6.003  0.1694E+01  0.4009E+02
   6.013  0.1814E+01  0.4010E+02
   6.023  0.1986E+01  0.4012E+02
   6.033  0.2195E+01  0.4015E+02
   6.043  0.2428E+01  0.4017E+02
   6.053  0.2671E+01  0.4020E+02
   6.063  0.2912E+01  0.4023E+02
   6.073  0.3147E+01  0.4026E+02
   6.083  0.3369E+01  0.4029E+02
   6.093  0.3578E+01  0.4033E+02
   6.103  0.3772E+01  0.4036E+02
   6.113  0.3954E+01  0.4040E+02
   6.123  0.4125E+01  0.4044E+02
   6.133  0.4284E+01  0.4049E+02
   6.143  0.4432E+01  0.4053E+02
   6.153  0.4566E+01  0.4058E+02
   6.163  0.4680E+01  0.4062E+02
   6.173  0.4767E+01  0.4067E+02
   6.183  0.4818E+01  0.4072E+02
   6.193  0.4824E+01  0.4077E+02
   6.203  0.4780E+01  0.4082E+02
   6.213  0.4685E+01  0.4086E+02
   6.223  0.4541E+01  0.4091E+02
   6.233  0.4358E+01  0.4095E+02
   6.243  0.4147E+01  0.4099E+02
   6.253  0.3922E+01  0.4103E+02
   6.263  0.3697E+01  0.4107E+02
   6.273  0.3483E+01  0.4110E+02
   6.283  0.3290E+01  0.4114E+02
   6.293  0.3128E+01  0.4117E+02
   6.303  0.3001E+01  0.4120E+02
   6.313  0.2914E+01  0.4123E+02
   6.323  0.2869E+01  0.4126E+02
   6.333  0.2869E+01  0.4129E+02
   6.343  0.2910E+01  0.4131E+02
   6.353  0.2989E+01  0.4134E+02
   6.363  0.3099E+01  0.4138E+02
   6.373  0.3230E+01  0.4141E+02
   6.383  0.3368E+01  0.4144E+02
   6.393  0.3502E+01  0.4148E+02
   6.403  0.3620E+01  0.4151E+02
   6.413  0.3712E+01  0.4155E+02
   6.423  0.3773E+01  0.4159E+02
   6.433  0.3804E+01  0.4163E+02
   6.443  0.3806E+01  0.4166E+02
   6.453  0.3783E+01  0.4170E+02
   6.463  0.3740E+01  0.4174E+02
   6.473  0.3679E+01  0.4178E+02
   6.483  0.3602E+01  0.4181E+02
   6.493  0.3507E+01  0.4185E+02
   6.503  0.3394E+01  0.4188E+02
   6.513  0.3261E+01  0.4191E+02
   6.523  0.3111E+01  0.4194E+02
   6.533  0.2948E+01  0.4197E+02
   6.543  0.2780E+01  0.4200E+02
   6.553  0.2619E+01  0.4203E+02
   6.563  0.2476E+01  0.4205E+02
   6.573  0.2363E+01  0.4208E+02
   6.583  0.2287E+01  0.4210E+02
   6.593  0.2253E+01  0.4212E+02
   6.603  0.2260E+01  0.4214E+02
   6.613  0.2301E+01  0.4217E+02
   6.623  0.2365E+01  0.4219E+02
   6.633  0.2441E+01  0.4222E+02
   6.643  0.2515E+01  0.4224E+02
   6.653  0.2577E+01  0.4227E+02
   6.663  0.2622E+01  0.4229E+02
   6.673  0.2646E+01  0.4232E+02
   6.683  0.2651E+01  0.4235E+02
   6.693  0.2641E+01  0.4237E+02
   6.703  0.2621E+01  0.4240E+02
   6.713  0.2596E+01  0.4242E+02
   6.723  0.2568E+01  0.4245E+02
   6.733  0.2541E+01  0.4248E+02
   6.743  0.2518E+01  0.4250E+02
   6.753  0.2499E+01  0.4253E+02
   6.763  0.2488E+01  0.4255E+02
   6.773  0.2486E+01  0.4258E+02
   6.783  0.2494E+01  0.4260E+02
   6.793  0.2513E+01  0.4263E+02
   6.803  0.2542E+01  0.4265E+02
   6.813  0.2580E+01  0.4268E+02
   6.823  0.2619E+01  0.4270E+02
   6.833  0.2653E+01  0.4273E+02
   6.843  0.2672E+01  0.4276E+02
   6.853  0.2665E+01  0.4278E+02
   6.863  0.2625E+01  0.4281E+02
   6.873  0.2545E+01  0.4283E+02
   6.883  0.2425E+01  0.4286E+02
   6.893  0.2270E+01  0.4288E+02
   6.903  0.2093E+01  0.4290E+02
   6.913  0.1907E+01  0.4292E+02
   6.923  0.1729E+01  0.4294E+02
   6.933  0.1577E+01  0.4295E+02
   6.943  0.1462E+01  0.4297E+02
   6.953  0.1394E+01  0.4298E+02
   6.963  0.1373E+01  0.4300E+02
   6.973  0.1396E+01  0.4301E+02
   6.983  0.1455E+01  0.4302E+02
   6.993  0.1538E+01  0.4304E+02
   7.003  0.1634E+01  0.4306E+02
   7.013  0.1733E+01  0.4307E+02
   7.023  0.1828E+01  0.4309E+02
   7.033  0.1916E+01  0.4311E+02
   7.043  0.1998E+01  0.4313E+02
   7.053  0.2077E+01  0.4315E+02
   7.063  0.2155E+01  0.4317E+02
   7.073  0.2233E+01  0.4320E+02
   7.083  0.2310E+01  0.4322E+02
   7.093  0.2381E+01  0.4324E+02
   7.103  0.2441E+01  0.4327E+02
   7.113  0.2483E+01  0.4329E+02
   7.123  0.2504E+01  0.4332E+02
   7.133  0.2500E+01  0.4334E+02
   7.143  0.2471E+01  0.4337E+02
   7.153  0.2422E+01  0.4339E+02
   7.163  0.2357E+01  0.4341E+02
   7.173  0.2280E+01  0.4344E+02
   7.183  0.2198E+01  0.4346E+02
   7.193  0.2115E+01  0.4348E+02
   7.203  0.2038E+01  0.4350E+02
   7.213  0.1970E+01  0.4352E+02
   7.223  0.1916E+01  0.4354E+02
   7.233  0.1881E+01  0.4356E+02
   7.243  0.1867E+01  0.4358E+02
   7.253  0.1875E+01  0.4360E+02
   7.263  0.1903E+01  0.4362E+02
   7.273  0.1946E+01  0.4363E+02
   7.283  0.1998E+01  0.4365E+02
   7.293  0.2050E+01  0.4368E+02
   7.303  0.2096E+01  0.4370E+02
   7.313  0.2132E+01  0.4372E+02
   7.323  0.2157E+01  0.4374E+02
   7.333  0.2171E+01  0.4376E+02
   7.343  0.2182E+01  0.4378E+02
   7.353  0.2195E+01  0.4380E+02
   7.363  0.2220E+01  0.4383E+02
   7.373  0.2261E+01  0.4385E+02
   7.383  0.2322E+01  0.4387E+02
   7.393  0.2402E+01  0.4390E+02
   7.403  0.2497E+01  0.4392E+02
   7.413  0.2598E+01  0.4395E+02
   7.423  0.2694E+01  0.4397E+02
   7.433  0.2776E+01  0.4400E+02
   7.443  0.2834E+01  0.4403E+02
   7.453  0.2859E+01  0.4406E+02
   7.463  0.2850E+01  0.4409E+02
   7.473  0.2804E+01  0.4412E+02
   7.483  0.2725E+01  0.4414E+02
   7.493  0.2618E+01  0.4417E+02
   7.503  0.2492E+01  0.4419E+02
   7.513  0.2356E+01  0.4422E+02
   7.523  0.2222E+01  0.4424E+02
   7.533  0.2099E+01  0.4426E+02
   7.543  0.1998E+01  0.4428E+02
   7.553  0.1928E+01  0.4430E+02
   7.563  0.1896E+01  0.4432E+02
   7.573  0.1904E+01  0.4434E+02
   7.583  0.1954E+01  0.4436E+02
   7.593  0.2041E+01  0.4438E+02
   7.603  0.2160E+01  0.4440E+02
   7.613  0.2305E+01  0.4442E+02
   7.623  0.2467E+01  0.4445E+02
   7.633  0.2640E+01  0.4447E+02
   7.643  0.2818E+01  0.4450E+02
   7.653  0.2996E+01  0.4453E+02
   7.663  0.3170E+01  0.4456E+02
   7.673  0.3334E+01  0.4460E+02
   7.683  0.3482E+01  0.4463E+02
   7.693  0.3609E+01  0.4467E+02
   7.703  0.3707E+01  0.4470E+02
   7.713  0.3770E+01  0.4474E+02
   7.723  0.3796E+01  0.4478E+02
   7.733  0.3785E+01  0.4482E+02
   7.743  0.3744E+01  0.4486E+02
   7.753  0.3679E+01  0.4489E+02
   7.763  0.3602E+01  0.4493E+02
   7.773  0.3524E+01  0.4496E+02
   7.783  0.3457E+01  0.4500E+02
   7.793  0.3407E+01  0.4503E+02
   7.803  0.3381E+01  0.4507E+02
   7.813  0.3381E+01  0.4510E+02
   7.823  0.3407E+01  0.4513E+02
   7.833  0.3455E+01  0.4517E+02
   7.843  0.3520E+01  0.4520E+02
   7.853  0.3591E+01  0.4524E+02
   7.863  0.3658E+01  0.4528E+02
   7.873  0.3708E+01  0.4531E+02
   7.883  0.3731E+01  0.4535E+02
   7.893  0.3717E+01  0.4539E+02
   7.903  0.3663E+01  0.4542E+02
   7.913  0.3569E+01  0.4546E+02
   7.923  0.3440E+01  0.4549E+02
   7.933  0.3287E+01  0.4553E+02
   7.943  0.3120E+01  0.4556E+02
   7.953  0.2953E+01  0.4559E+02
   7.963  0.2796E+01  0.4562E+02
   7.973  0.2658E+01  0.4564E+02
   7.983  0.2543E+01  0.4567E+02
   7.993  0.2450E+01  0.4569E+02
   8.003  0.2376E+01  0.4572E+02
   8.013  0.2317E+01  0.4574E+02
   8.023  0.2265E+01  0.4576E+02
   8.033  0.2216E+01  0.4578E+02
   8.043  0.2169E+01  0.4581E+02
   8.053  0.2124E+01  0.4583E+02
   8.063  0.2083E+01  0.4585E+02
   8.073  0.2051E+01  0.4587E+02
   8.083  0.2031E+01  0.4589E+02
   8.093  0.2027E+01  0.4591E+02
   8.103  0.2041E+01  0.4593E+02
   8.113  0.2075E+01  0.4595E+02
   8.123  0.2129E+01  0.4597E+02
   8.133  0.2203E+01  0.4599E+02
   8.143  0.2297E+01  0.4602E+02
   8.153  0.2408E+01  0.4604E+02
   8.163  0.2537E+01  0.4607E+02
   8.173  0.2681E+01  0.4609E+02
   8.183  0.2838E+01  0.4612E+02
   8.193  0.3005E+01  0.4615E+02
   8.203  0.3181E+01  0.4618E+02
   8.213  0.3361E+01  0.4622E+02
   8.223  0.3542E+01  0.4625E+02
   8.233  0.3723E+01  0.4629E+02
   8.243  0.3900E+01  0.4633E+02
   8.253  0.4068E+01  0.4637E+02
   8.263  0.4222E+01  0.4641E+02
   8.273  0.4356E+01  0.4645E+02
   8.283  0.4460E+01  0.4650E+02
   8.293  0.4525E+01  0.4654E+02
   8.303  0.4544E+01  0.4659E+02
   8.313  0.4509E+01  0.4664E+02
   8.323  0.4420E+01  0.4668E+02
   8.333  0.4278E+01  0.4672E+02
   8.343  0.4090E+01  0.4676E+02
   8.353  0.3867E+01  0.4680E+02
   8.363  0.3623E+01  0.4684E+02
   8.373  0.3375E+01  0.4687E+02
   8.383  0.3138E+01  0.4690E+02
   8.393  0.2927E+01  0.4693E+02
   8.403  0.2754E+01  0.4696E+02
   8.413  0.2628E+01  0.4699E+02
   8.423  0.2554E+01  0.4701E+02
   8.433  0.2530E+01  0.4704E+02
   8.443  0.2553E+01  0.4706E+02
   8.453  0.2616E+01  0.4709E+02
   8.463  0.2707E+01  0.4712E+02
   8.473  0.2814E+01  0.4714E+02
   8.483  0.2924E+01  0.4717E+02
   8.493  0.3026E+01  0.4720E+02
   8.503  0.3113E+01  0.4723E+02
   8.513  0.3181E+01  0.4727E+02
   8.523  0.3230E+01  0.4730E+02
   8.533  0.3263E+01  0.4733E+02
   8.543  0.3288E+01  0.4736E+02
   8.553  0.3308E+01  0.4740E+02
   8.563  0.3328E+01  0.4743E+02
   8.573  0.3351E+01  0.4746E+02
   8.583  0.3376E+01  0.4750E+02
   8.593  0.3402E+01  0.4753E+02
   8.603  0.3428E+01  0.4757E+02
   8.613  0.3455E+01  0.4760E+02
   8.623  0.3488E+01  0.4764E+02
   8.633  0.3534E+01  0.4767E+02
   8.643  0.3605E+01  0.4771E+02
   8.653  0.3712E+01  0.4774E+02
   8.663  0.3866E+01  0.4778E+02
   8.673  0.4071E+01  0.4782E+02
   8.683  0.4324E+01  0.4787E+02
   8.693  0.4617E+01  0.4791E+02
   8.703  0.4929E+01  0.4796E+02
   8.713  0.5239E+01  0.4801E+02
   8.723  0.5520E+01  0.4807E+02
   8.733  0.5750E+01  0.4813E+02
   8.743  0.5911E+01  0.4819E+02
   8.753  0.5993E+01  0.4825E+02
   8.763  0.5994E+01  0.4831E+02
   8.773  0.5921E+01  0.4837E+02
   8.783  0.5788E+01  0.4842E+02
   8.793  0.5610E+01  0.4848E+02
   8.803  0.5409E+01  0.4853E+02
   8.813  0.5203E+01  0.4859E+02
   8.823  0.5013E+01  0.4864E+02
   8.833  0.4854E+01  0.4868E+02
   8.843  0.4739E+01  0.4873E+02
   8.853  0.4679E+01  0.4878E+02
   8.863  0.4676E+01  0.4883E+02
   8.873  0.4727E+01  0.4887E+02
   8.883  0.4824E+01  0.4892E+02
   8.893  0.4953E+01  0.4897E+02
   8.903  0.5098E+01  0.4902E+02
   8.913  0.5241E+01  0.4907E+02
   8.923  0.5367E+01  0.4913E+02
   8.933  0.5463E+01  0.4918E+02
   8.943  0.5519E+01  0.4924E+02
   8.953  0.5529E+01  0.4929E+02
   8.963  0.5492E+01  0.4935E+02
   8.973  0.5410E+01  0.4940E+02
   8.983  0.5289E+01  0.4945E+02
   8.993  0.5136E+01  0.4951E+02
   9.003  0.4963E+01  0.4956E+02
   9.013  0.4780E+01  0.4960E+02
   9.023  0.4599E+01  0.4965E+02
   9.033  0.4428E+01  0.4969E+02
   9.043  0.4278E+01  0.4974E+02
   9.053  0.4154E+01  0.4978E+02
   9.063  0.4064E+01  0.4982E+02
   9.073  0.4013E+01  0.4986E+02
   9.083  0.4003E+01  0.4990E+02
   9.093  0.4036E+01  0.4994E+02
   9.103  0.4106E+01  0.4998E+02
   9.113  0.4205E+01  0.5002E+02
   9.123  0.4318E+01  0.5007E+02
   9.133  0.4424E+01  0.5011E+02
   9.143  0.4505E+01  0.5015E+02
   9.153  0.4541E+01  0.5020E+02
   9.163  0.4520E+01  0.5025E+02
   9.173  0.4438E+01  0.5029E+02
   9.183  0.4300E+01  0.5033E+02
   9.193  0.4119E+01  0.5037E+02
   9.203  0.3913E+01  0.5041E+02
   9.213  0.3701E+01  0.5045E+02
   9.223  0.3500E+01  0.5048E+02
   9.233  0.3324E+01  0.5052E+02
   9.243  0.3178E+01  0.5055E+02
   9.253  0.3065E+01  0.5058E+02
   9.263  0.2983E+01  0.5061E+02
   9.273  0.2925E+01  0.5064E+02
   9.283  0.2887E+01  0.5067E+02
   9.293  0.2862E+01  0.5070E+02
   9.303  0.2847E+01  0.5073E+02
   9.313  0.2839E+01  0.5075E+02
   9.323  0.2836E+01  0.5078E+02
   9.333  0.2839E+01  0.5081E+02
   9.343  0.2848E+01  0.5084E+02
   9.353  0.2863E+01  0.5087E+02
   9.363  0.2883E+01  0.5090E+02
   9.373  0.2904E+01  0.5093E+02
   9.383  0.2924E+01  0.5095E+02
   9.393  0.2938E+01  0.5098E+02
   9.403  0.2939E+01  0.5101E+02
   9.413  0.2922E+01  0.5104E+02
   9.423  0.2882E+01  0.5107E+02
   9.433  0.2817E+01  0.5110E+02
   9.443  0.2727E+01  0.5113E+02
   9.453  0.2614E+01  0.5115E+02
   9.463  0.2483E+01  0.5118E+02
   9.473  0.2340E+01  0.5120E+02
   9.483  0.2196E+01  0.5122E+02
   9.493  0.2060E+01  0.5124E+02
   9.503  0.1940E+01  0.5126E+02
   9.513  0.1845E+01  0.5128E+02
   9.523  0.1780E+01  0.5130E+02
   9.533  0.1746E+01  0.5132E+02
   9.543  0.1742E+01  0.5133E+02
   9.553  0.1761E+01  0.5135E+02
   9.563  0.1797E+01  0.5137E+02
   9.573  0.1843E+01  0.5139E+02
   9.583  0.1890E+01  0.5141E+02
   9.593  0.1934E+01  0.5143E+02
   9.603  0.1969E+01  0.5145E+02
   9.613  0.1993E+01  0.5147E+02
   9.623  0.2006E+01  0.5149E+02
   9.633  0.2008E+01  0.5151E+02
   9.643  0.1998E+01  0.5153E+02
   9.653  0.1975E+01  0.5155E+02
   9.663  0.1940E+01  0.5157E+02
   9.673  0.1893E+01  0.5158E+02
   9.683  0.1834E+01  0.5160E+02
   9.693  0.1765E+01  0.5162E+02
   9.703  0.1688E+01  0.5164E+02
   9.713  0.1608E+01  0.5165E+02
   9.723  0.1527E+01  0.5167E+02
   9.733  0.1450E+01  0.5168E+02
   9.743  0.1381E+01  0.5170E+02
   9.753  0.1320E+01  0.5171E+02
   9.763  0.1270E+01  0.5172E+02
   9.773  0.1231E+01  0.5174E+02
   9.783  0.1202E+01  0.5175E+02
   9.793  0.1183E+01  0.5176E+02
   9.803  0.1170E+01  0.5177E+02
   9.813  0.1164E+01  0.5178E+02
   9.823  0.1162E+01  0.5179E+02
   9.833  0.1163E+01  0.5181E+02
   9.843  0.1163E+01  0.5182E+02
   9.853  0.1161E+01  0.5183E+02
   9.863  0.1154E+01  0.5184E+02
   9.873  0.1141E+01  0.5185E+02
   9.883  0.1120E+01  0.5186E+02
   9.893  0.1092E+01  0.5187E+02
   9.903  0.1055E+01  0.5188E+02
   9.913  0.1011E+01  0.5189E+02
   9.923  0.9615E+00  0.5190E+02
   9.933  0.9070E+00  0.5191E+02
   9.943  0.8495E+00  0.5192E+02
   9.953  0.7906E+00  0.5193E+02
   9.963  0.7322E+00  0.5194E+02
   9.973  0.6758E+00  0.5194E+02
   9.983  0.6227E+00  0.5195E+02
   9.993  0.5741E+00  0.5196E+02
  10.003  0.5301E+00  0.5196E+02
  10.013  0.4904E+00  0.5197E+02
  10.023  0.4540E+00  0.5197E+02
  10.033  0.4196E+00  0.5197E+02
  10.043  0.3858E+00  0.5198E+02
  10.053  0.3516E+00  0.5198E+02
  10.063  0.3163E+00  0.5199E+02
  10.073  0.2801E+00  0.5199E+02
  10.083  0.2435E+00  0.5199E+02
  10.093  0.2073E+00  0.5199E+02
  10.103  0.1727E+00  0.5199E+02
  10.113  0.1406E+00  0.5200E+02
  10.123  0.1117E+00  0.5200E+02
  10.133  0.8660E-01  0.5200E+02
  10.143  0.6537E-01  0.5200E+02
  10.153  0.4802E-01  0.5200E+02
  10.163  0.3427E-01  0.5200E+02
  10.173  0.2374E-01  0.5200E+02
  10.183  0.1593E-01  0.5200E+02
  10.193  0.1035E-01  0.5200E+02
  10.203  0.6495E-02  0.5200E+02
  10.213  0.3936E-02  0.5200E+02
  10.223  0.2300E-02  0.5200E+02
  10.233  0.1295E-02  0.5200E+02
  10.243  0.7022E-03  0.5200E+02
  10.253  0.3663E-03  0.5200E+02
  10.263  0.1837E-03  0.5200E+02
  10.273  0.8855E-04  0.5200E+02
  10.283  0.4101E-04  0.5200E+02
  10.293  0.1824E-04  0.5200E+02
  10.303  0.7786E-05  0.5200E+02
  10.313  0.3191E-05  0.5200E+02
  10.323  0.1255E-05  0.5200E+02
  10.333  0.4735E-06  0.5200E+02
  10.343  0.1714E-06  0.5200E+02
  10.353  0.5949E-07  0.5200E+02
  10.363  0.1980E-07  0.5200E+02
  10.373  0.6322E-08  0.5200E+02
  10.383  0.1935E-08  0.5200E+02
  10.393  0.5678E-09  0.5200E+02
  10.403  0.1597E-09  0.5200E+02
  10.413  0.4307E-10  0.5200E+02
  10.423  0.1113E-10  0.5200E+02
  10.433  0.2758E-11  0.5200E+02
  10.443  0.6547E-12  0.5200E+02
  10.453  0.1489E-12  0.5200E+02
  10.463  0.3247E-13  0.5200E+02
  10.473  0.6784E-14  0.5200E+02
  10.483  0.1358E-14  0.5200E+02
  10.493  0.2604E-15  0.5200E+02
  10.503  0.4786E-16  0.5200E+02
  10.513  0.8427E-17  0.5200E+02
  10.523  0.1422E-17  0.5200E+02
  10.533  0.2332E-18  0.5200E+02
  10.543  0.5866E-19  0.5200E+02
  10.553  0.1530E-18  0.5200E+02
  10.563  0.9050E-18  0.5200E+02
  10.573  0.5302E-17  0.5200E+02
  10.583  0.2977E-16  0.5200E+02
  10.593  0.1601E-15  0.5200E+02
  10.603  0.8245E-15  0.5200E+02
  10.613  0.4067E-14  0.5200E+02
  10.623  0.1921E-13  0.5200E+02
  10.633  0.8692E-13  0.5200E+02
  10.643  0.3766E-12  0.5200E+02
  10.653  0.1563E-11  0.5200E+02
  10.663  0.6210E-11  0.5200E+02
  10.673  0.2363E-10  0.5200E+02
  10.683  0.8614E-10  0.5200E+02
  10.693  0.3007E-09  0.5200E+02
  10.703  0.1005E-08  0.5200E+02
  10.713  0.3218E-08  0.5200E+02
  10.723  0.9869E-08  0.5200E+02
  10.733  0.2898E-07  0.5200E+02
  10.743  0.8150E-07  0.5200E+02
  10.753  0.2195E-06  0.5200E+02
  10.763  0.5663E-06  0.5200E+02
  10.773  0.1399E-05  0.5200E+02
  10.783  0.3310E-05  0.5200E+02
  10.793  0.7499E-05  0.5200E+02
  10.803  0.1627E-04  0.5200E+02
  10.813  0.3382E-04  0.5200E+02
  10.823  0.6731E-04  0.5200E+02
  10.833  0.1283E-03  0.5200E+02
  10.843  0.2342E-03  0.5200E+02
  10.853  0.4095E-03  0.5200E+02
  10.863  0.6856E-03  0.5200E+02
  10.873  0.1099E-02  0.5200E+02
  10.883  0.1688E-02  0.5200E+02
  10.893  0.2483E-02  0.5200E+02
  10.903  0.3498E-02  0.5200E+02
  10.913  0.4718E-02  0.5200E+02
  10.923  0.6096E-02  0.5200E+02
  10.933  0.7542E-02  0.5200E+02
  10.943  0.8937E-02  0.5200E+02
  10.953  0.1014E-01  0.5200E+02
  10.963  0.1102E-01  0.5200E+02
  10.973  0.1147E-01  0.5200E+02
  10.983  0.1144E-01  0.5200E+02
  10.993  0.1092E-01  0.5200E+02
  11.003  0.9983E-02  0.5200E+02
  11.013  0.8741E-02  0.5200E+02
  11.023  0.7331E-02  0.5200E+02
  11.033  0.5888E-02  0.5200E+02
  11.043  0.4529E-02  0.5200E+02
  11.053  0.3337E-02  0.5200E+02
  11.063  0.2358E-02  0.5200E+02
  11.073  0.1600E-02  0.5200E+02
  11.083  0.1052E-02  0.5200E+02
  11.093  0.6861E-03  0.5200E+02
  11.103  0.4771E-03  0.5200E+02
  11.113  0.4070E-03  0.5200E+02
  11.123  0.4745E-03  0.5200E+02
  11.133  0.6984E-03  0.5200E+02
  11.143  0.1119E-02  0.5200E+02
  11.153  0.1795E-02  0.5200E+02
  11.163  0.2796E-02  0.5200E+02
  11.173  0.4187E-02  0.5200E+02
  11.183  0.6013E-02  0.5200E+02
  11.193  0.8272E-02  0.5200E+02
  11.203  0.1090E-01  0.5200E+02
  11.213  0.1376E-01  0.5200E+02
  11.223  0.1663E-01  0.5200E+02
  11.233  0.1925E-01  0.5200E+02
  11.243  0.2133E-01  0.5200E+02
  11.253  0.2265E-01  0.5200E+02
  11.263  0.2303E-01  0.5200E+02
  11.273  0.2243E-01  0.5200E+02
  11.283  0.2091E-01  0.5200E+02
  11.293  0.1868E-01  0.5200E+02
  11.303  0.1598E-01  0.5200E+02
  11.313  0.1309E-01  0.5200E+02
  11.323  0.1027E-01  0.5200E+02
  11.333  0.7724E-02  0.5200E+02
  11.343  0.5572E-02  0.5200E+02
  11.353  0.3873E-02  0.5200E+02
  11.363  0.2626E-02  0.5200E+02
  11.373  0.1805E-02  0.5200E+02
  11.383  0.1382E-02  0.5200E+02
  11.393  0.1350E-02  0.5200E+02
  11.403  0.1751E-02  0.5200E+02
  11.413  0.2679E-02  0.5200E+02
  11.423  0.4285E-02  0.5200E+02
  11.433  0.6764E-02  0.5200E+02
  11.443  0.1033E-01  0.5200E+02
  11.453  0.1514E-01  0.5200E+02
  11.463  0.2128E-01  0.5200E+02
  11.473  0.2865E-01  0.5201E+02
  11.483  0.3694E-01  0.5201E+02
  11.493  0.4563E-01  0.5201E+02
  11.503  0.5397E-01  0.5201E+02
  11.513  0.6116E-01  0.5201E+02
  11.523  0.6639E-01  0.5201E+02
  11.533  0.6908E-01  0.5201E+02
  11.543  0.6894E-01  0.5201E+02
  11.553  0.6610E-01  0.5201E+02
  11.563  0.6110E-01  0.5201E+02
  11.573  0.5483E-01  0.5201E+02
  11.583  0.4838E-01  0.5201E+02
  11.593  0.4297E-01  0.5201E+02
  11.603  0.3971E-01  0.5201E+02
  11.613  0.3955E-01  0.5201E+02
  11.623  0.4311E-01  0.5201E+02
  11.633  0.5063E-01  0.5201E+02
  11.643  0.6187E-01  0.5201E+02
  11.653  0.7609E-01  0.5201E+02
  11.663  0.9204E-01  0.5202E+02
  11.673  0.1081E+00  0.5202E+02
  11.683  0.1226E+00  0.5202E+02
  11.693  0.1337E+00  0.5202E+02
  11.703  0.1401E+00  0.5202E+02
  11.713  0.1411E+00  0.5202E+02
  11.723  0.1368E+00  0.5202E+02
  11.733  0.1279E+00  0.5202E+02
  11.743  0.1157E+00  0.5203E+02
  11.753  0.1016E+00  0.5203E+02
  11.763  0.8719E-01  0.5203E+02
  11.773  0.7354E-01  0.5203E+02
  11.783  0.6141E-01  0.5203E+02
  11.793  0.5110E-01  0.5203E+02
  11.803  0.4253E-01  0.5203E+02
  11.813  0.3543E-01  0.5203E+02
  11.823  0.2943E-01  0.5203E+02
  11.833  0.2425E-01  0.5203E+02
  11.843  0.1967E-01  0.5203E+02
  11.853  0.1561E-01  0.5203E+02
  11.863  0.1204E-01  0.5203E+02
  11.873  0.8994E-02  0.5203E+02
  11.883  0.6480E-02  0.5203E+02
  11.893  0.4494E-02  0.5203E+02
  11.903  0.2996E-02  0.5203E+02
  11.913  0.1920E-02  0.5203E+02
  11.923  0.1188E-02  0.5203E+02
  11.933  0.7239E-03  0.5203E+02
  11.943  0.4658E-03  0.5203E+02
  11.953  0.3783E-03  0.5203E+02
  11.963  0.4615E-03  0.5203E+02
  11.973  0.7626E-03  0.5203E+02
  11.983  0.1389E-02  0.5203E+02
  11.993  0.2523E-02  0.5203E+02
  12.003  0.4438E-02  0.5203E+02
  12.013  0.7498E-02  0.5203E+02
  12.023  0.1215E-01  0.5203E+02
  12.033  0.1885E-01  0.5203E+02
  12.043  0.2806E-01  0.5203E+02
  12.053  0.4003E-01  0.5203E+02
  12.063  0.5479E-01  0.5203E+02
  12.073  0.7195E-01  0.5203E+02
  12.083  0.9074E-01  0.5204E+02
  12.093  0.1100E+00  0.5204E+02
  12.103  0.1283E+00  0.5204E+02
  12.113  0.1442E+00  0.5204E+02
  12.123  0.1565E+00  0.5204E+02
  12.133  0.1644E+00  0.5204E+02
  12.143  0.1675E+00  0.5204E+02
  12.153  0.1660E+00  0.5205E+02
  12.163  0.1607E+00  0.5205E+02
  12.173  0.1524E+00  0.5205E+02
  12.183  0.1423E+00  0.5205E+02
  12.193  0.1314E+00  0.5205E+02
  12.203  0.1207E+00  0.5205E+02
  12.213  0.1113E+00  0.5205E+02
  12.223  0.1041E+00  0.5205E+02
  12.233  0.9997E-01  0.5206E+02
  12.243  0.9934E-01  0.5206E+02
  12.253  0.1024E+00  0.5206E+02
  12.263  0.1088E+00  0.5206E+02
  12.273  0.1176E+00  0.5206E+02
  12.283  0.1274E+00  0.5206E+02
  12.293  0.1364E+00  0.5206E+02
  12.303  0.1430E+00  0.5206E+02
  12.313  0.1460E+00  0.5207E+02
  12.323  0.1447E+00  0.5207E+02
  12.333  0.1393E+00  0.5207E+02
  12.343  0.1308E+00  0.5207E+02
  12.353  0.1207E+00  0.5207E+02
  12.363  0.1105E+00  0.5207E+02
  12.373  0.1018E+00  0.5207E+02
  12.383  0.9570E-01  0.5207E+02
  12.393  0.9253E-01  0.5208E+02
  12.403  0.9213E-01  0.5208E+02
  12.413  0.9384E-01  0.5208E+02
  12.423  0.9675E-01  0.5208E+02
  12.433  0.9998E-01  0.5208E+02
  12.443  0.1030E+00  0.5208E+02
  12.453  0.1055E+00  0.5208E+02
  12.463  0.1080E+00  0.5208E+02
  12.473  0.1109E+00  0.5208E+02
  12.483  0.1150E+00  0.5208E+02
  12.493  0.1210E+00  0.5209E+02
  12.503  0.1291E+00  0.5209E+02
  12.513  0.1389E+00  0.5209E+02
  12.523  0.1501E+00  0.5209E+02
  12.533  0.1617E+00  0.5209E+02
  12.543  0.1729E+00  0.5209E+02
  12.553  0.1835E+00  0.5209E+02
  12.563  0.1933E+00  0.5210E+02
  12.573  0.2028E+00  0.5210E+02
  12.583  0.2126E+00  0.5210E+02
  12.593  0.2233E+00  0.5210E+02
  12.603  0.2349E+00  0.5211E+02
  12.613  0.2469E+00  0.5211E+02
  12.623  0.2580E+00  0.5211E+02
  12.633  0.2667E+00  0.5211E+02
  12.643  0.2710E+00  0.5212E+02
  12.653  0.2694E+00  0.5212E+02
  12.663  0.2610E+00  0.5212E+02
  12.673  0.2457E+00  0.5212E+02
  12.683  0.2244E+00  0.5213E+02
  12.693  0.1985E+00  0.5213E+02
  12.703  0.1703E+00  0.5213E+02
  12.713  0.1422E+00  0.5213E+02
  12.723  0.1164E+00  0.5213E+02
  12.733  0.9496E-01  0.5213E+02
  12.743  0.7928E-01  0.5213E+02
  12.753  0.7017E-01  0.5213E+02
  12.763  0.6779E-01  0.5214E+02
  12.773  0.7163E-01  0.5214E+02
  12.783  0.8060E-01  0.5214E+02
  12.793  0.9310E-01  0.5214E+02
  12.803  0.1071E+00  0.5214E+02
  12.813  0.1205E+00  0.5214E+02
  12.823  0.1312E+00  0.5214E+02
  12.833  0.1374E+00  0.5214E+02
  12.843  0.1383E+00  0.5214E+02
  12.853  0.1334E+00  0.5215E+02
  12.863  0.1233E+00  0.5215E+02
  12.873  0.1092E+00  0.5215E+02
  12.883  0.9270E-01  0.5215E+02
  12.893  0.7543E-01  0.5215E+02
  12.903  0.5892E-01  0.5215E+02
  12.913  0.4433E-01  0.5215E+02
  12.923  0.3240E-01  0.5215E+02
  12.933  0.2346E-01  0.5215E+02
  12.943  0.1755E-01  0.5215E+02
  12.953  0.1456E-01  0.5215E+02
  12.963  0.1437E-01  0.5215E+02
  12.973  0.1692E-01  0.5215E+02
  12.983  0.2234E-01  0.5215E+02
  12.993  0.3091E-01  0.5215E+02
  13.003  0.4306E-01  0.5215E+02
  13.013  0.5926E-01  0.5215E+02
  13.023  0.7995E-01  0.5215E+02
  13.033  0.1053E+00  0.5216E+02
  13.043  0.1351E+00  0.5216E+02
  13.053  0.1686E+00  0.5216E+02
  13.063  0.2044E+00  0.5216E+02
  13.073  0.2409E+00  0.5216E+02
  13.083  0.2761E+00  0.5217E+02
  13.093  0.3080E+00  0.5217E+02
  13.103  0.3353E+00  0.5217E+02
  13.113  0.3574E+00  0.5218E+02
  13.123  0.3742E+00  0.5218E+02
  13.133  0.3865E+00  0.5218E+02
  13.143  0.3953E+00  0.5219E+02
  13.153  0.4014E+00  0.5219E+02
  13.163  0.4055E+00  0.5219E+02
  13.173  0.4079E+00  0.5220E+02
  13.183  0.4088E+00  0.5220E+02
  13.193  0.4080E+00  0.5221E+02
  13.203  0.4058E+00  0.5221E+02
  13.213  0.4024E+00  0.5222E+02
  13.223  0.3980E+00  0.5222E+02
  13.233  0.3925E+00  0.5222E+02
  13.243  0.3854E+00  0.5223E+02
  13.253  0.3756E+00  0.5223E+02
  13.263  0.3622E+00  0.5223E+02
  13.273  0.3442E+00  0.5224E+02
  13.283  0.3217E+00  0.5224E+02
  13.293  0.2958E+00  0.5224E+02
  13.303  0.2687E+00  0.5225E+02
  13.313  0.2435E+00  0.5225E+02
  13.323  0.2234E+00  0.5225E+02
  13.333  0.2115E+00  0.5225E+02
  13.343  0.2096E+00  0.5226E+02
  13.353  0.2183E+00  0.5226E+02
  13.363  0.2363E+00  0.5226E+02
  13.373  0.2610E+00  0.5226E+02
  13.383  0.2885E+00  0.5227E+02
  13.393  0.3149E+00  0.5227E+02
  13.403  0.3365E+00  0.5227E+02
  13.413  0.3505E+00  0.5228E+02
  13.423  0.3557E+00  0.5228E+02
  13.433  0.3522E+00  0.5228E+02
  13.443  0.3412E+00  0.5229E+02
  13.453  0.3248E+00  0.5229E+02
  13.463  0.3051E+00  0.5229E+02
  13.473  0.2838E+00  0.5230E+02
  13.483  0.2621E+00  0.5230E+02
  13.493  0.2403E+00  0.5230E+02
  13.503  0.2187E+00  0.5230E+02
  13.513  0.1970E+00  0.5230E+02
  13.523  0.1756E+00  0.5231E+02
  13.533  0.1551E+00  0.5231E+02
  13.543  0.1365E+00  0.5231E+02
  13.553  0.1216E+00  0.5231E+02
  13.563  0.1118E+00  0.5231E+02
  13.573  0.1088E+00  0.5231E+02
  13.583  0.1134E+00  0.5231E+02
  13.593  0.1259E+00  0.5232E+02
  13.603  0.1457E+00  0.5232E+02
  13.613  0.1712E+00  0.5232E+02
  13.623  0.2004E+00  0.5232E+02
  13.633  0.2305E+00  0.5232E+02
  13.643  0.2590E+00  0.5233E+02
  13.653  0.2838E+00  0.5233E+02
  13.663  0.3035E+00  0.5233E+02
  13.673  0.3181E+00  0.5233E+02
  13.683  0.3284E+00  0.5234E+02
  13.693  0.3362E+00  0.5234E+02
  13.703  0.3438E+00  0.5234E+02
  13.713  0.3531E+00  0.5235E+02
  13.723  0.3653E+00  0.5235E+02
  13.733  0.3806E+00  0.5236E+02
  13.743  0.3977E+00  0.5236E+02
  13.753  0.4144E+00  0.5236E+02
  13.763  0.4281E+00  0.5237E+02
  13.773  0.4360E+00  0.5237E+02
  13.783  0.4365E+00  0.5238E+02
  13.793  0.4288E+00  0.5238E+02
  13.803  0.4134E+00  0.5238E+02
  13.813  0.3916E+00  0.5239E+02
  13.823  0.3654E+00  0.5239E+02
  13.833  0.3369E+00  0.5240E+02
  13.843  0.3076E+00  0.5240E+02
  13.853  0.2786E+00  0.5240E+02
  13.863  0.2506E+00  0.5240E+02
  13.873  0.2239E+00  0.5241E+02
  13.883  0.1987E+00  0.5241E+02
  13.893  0.1756E+00  0.5241E+02
  13.903  0.1556E+00  0.5241E+02
  13.913  0.1398E+00  0.5241E+02
  13.923  0.1295E+00  0.5241E+02
  13.933  0.1255E+00  0.5242E+02
  13.943  0.1284E+00  0.5242E+02
  13.953  0.1380E+00  0.5242E+02
  13.963  0.1533E+00  0.5242E+02
  13.973  0.1729E+00  0.5242E+02
  13.983  0.1948E+00  0.5242E+02
  13.993  0.2173E+00  0.5243E+02
  14.003  0.2388E+00  0.5243E+02
  14.013  0.2583E+00  0.5243E+02
  14.023  0.2757E+00  0.5243E+02
  14.033  0.2912E+00  0.5244E+02
  14.043  0.3056E+00  0.5244E+02
  14.053  0.3201E+00  0.5244E+02
  14.063  0.3357E+00  0.5245E+02
  14.073  0.3533E+00  0.5245E+02
  14.083  0.3736E+00  0.5245E+02
  14.093  0.3968E+00  0.5246E+02
  14.103  0.4226E+00  0.5246E+02
  14.113  0.4504E+00  0.5247E+02
  14.123  0.4796E+00  0.5247E+02
  14.133  0.5096E+00  0.5248E+02
  14.143  0.5401E+00  0.5248E+02
  14.153  0.5711E+00  0.5249E+02
  14.163  0.6031E+00  0.5249E+02
  14.173  0.6367E+00  0.5250E+02
  14.183  0.6721E+00  0.5251E+02
  14.193  0.7089E+00  0.5251E+02
  14.203  0.7456E+00  0.5252E+02
  14.213  0.7794E+00  0.5253E+02
  14.223  0.8066E+00  0.5254E+02
  14.233  0.8233E+00  0.5254E+02
  14.243  0.8258E+00  0.5255E+02
  14.253  0.8117E+00  0.5256E+02
  14.263  0.7803E+00  0.5257E+02
  14.273  0.7330E+00  0.5258E+02
  14.283  0.6729E+00  0.5258E+02
  14.293  0.6049E+00  0.5259E+02
  14.303  0.5344E+00  0.5259E+02
  14.313  0.4671E+00  0.5260E+02
  14.323  0.4082E+00  0.5260E+02
  14.333  0.3618E+00  0.5261E+02
  14.343  0.3307E+00  0.5261E+02
  14.353  0.3162E+00  0.5261E+02
  14.363  0.3180E+00  0.5262E+02
  14.373  0.3350E+00  0.5262E+02
  14.383  0.3651E+00  0.5262E+02
  14.393  0.4056E+00  0.5263E+02
  14.403  0.4536E+00  0.5263E+02
  14.413  0.5063E+00  0.5264E+02
  14.423  0.5608E+00  0.5264E+02
  14.433  0.6144E+00  0.5265E+02
  14.443  0.6642E+00  0.5266E+02
  14.453  0.7080E+00  0.5266E+02
  14.463  0.7433E+00  0.5267E+02
  14.473  0.7682E+00  0.5268E+02
  14.483  0.7810E+00  0.5269E+02
  14.493  0.7805E+00  0.5269E+02
  14.503  0.7659E+00  0.5270E+02
  14.513  0.7372E+00  0.5271E+02
  14.523  0.6953E+00  0.5272E+02
  14.533  0.6416E+00  0.5272E+02
  14.543  0.5786E+00  0.5273E+02
  14.553  0.5092E+00  0.5273E+02
  14.563  0.4369E+00  0.5274E+02
  14.573  0.3653E+00  0.5274E+02
  14.583  0.2976E+00  0.5274E+02
  14.593  0.2367E+00  0.5275E+02
  14.603  0.1849E+00  0.5275E+02
  14.613  0.1437E+00  0.5275E+02
  14.623  0.1138E+00  0.5275E+02
  14.633  0.9512E-01  0.5275E+02
  14.643  0.8731E-01  0.5275E+02
  14.653  0.8937E-01  0.5275E+02
  14.663  0.1001E+00  0.5275E+02
  14.673  0.1180E+00  0.5276E+02
  14.683  0.1416E+00  0.5276E+02
  14.693  0.1695E+00  0.5276E+02
  14.703  0.2006E+00  0.5276E+02
  14.713  0.2340E+00  0.5276E+02
  14.723  0.2691E+00  0.5277E+02
  14.733  0.3057E+00  0.5277E+02
  14.743  0.3435E+00  0.5277E+02
  14.753  0.3822E+00  0.5278E+02
  14.763  0.4211E+00  0.5278E+02
  14.773  0.4593E+00  0.5278E+02
  14.783  0.4955E+00  0.5279E+02
  14.793  0.5287E+00  0.5279E+02
  14.803  0.5578E+00  0.5280E+02
  14.813  0.5825E+00  0.5281E+02
  14.823  0.6027E+00  0.5281E+02
  14.833  0.6186E+00  0.5282E+02
  14.843  0.6304E+00  0.5282E+02
  14.853  0.6383E+00  0.5283E+02
  14.863  0.6425E+00  0.5284E+02
  14.873  0.6432E+00  0.5284E+02
  14.883  0.6408E+00  0.5285E+02
  14.893  0.6362E+00  0.5286E+02
  14.903  0.6305E+00  0.5286E+02
  14.913  0.6247E+00  0.5287E+02
  14.923  0.6195E+00  0.5288E+02
  14.933  0.6152E+00  0.5288E+02
  14.943  0.6112E+00  0.5289E+02
  14.953  0.6069E+00  0.5289E+02
  14.963  0.6015E+00  0.5290E+02
  14.973  0.5951E+00  0.5291E+02
  14.983  0.5884E+00  0.5291E+02
  14.993  0.5834E+00  0.5292E+02
  15.003  0.5826E+00  0.5292E+02
  15.013  0.5888E+00  0.5293E+02
  15.023  0.6045E+00  0.5294E+02
  15.033  0.6314E+00  0.5294E+02
  15.043  0.6704E+00  0.5295E+02
  15.053  0.7211E+00  0.5296E+02
  15.063  0.7824E+00  0.5296E+02
  15.073  0.8519E+00  0.5297E+02
  15.083  0.9263E+00  0.5298E+02
  15.093  0.1001E+01  0.5299E+02
  15.103  0.1070E+01  0.5300E+02
  15.113  0.1128E+01  0.5301E+02
  15.123  0.1168E+01  0.5302E+02
  15.133  0.1184E+01  0.5304E+02
  15.143  0.1174E+01  0.5305E+02
  15.153  0.1136E+01  0.5306E+02
  15.163  0.1074E+01  0.5307E+02
  15.173  0.9952E+00  0.5308E+02
  15.183  0.9076E+00  0.5309E+02
  15.193  0.8208E+00  0.5310E+02
  15.203  0.7433E+00  0.5310E+02
  15.213  0.6822E+00  0.5311E+02
  15.223  0.6421E+00  0.5312E+02
  15.233  0.6256E+00  0.5312E+02
  15.243  0.6339E+00  0.5313E+02
  15.253  0.6668E+00  0.5314E+02
  15.263  0.7236E+00  0.5314E+02
  15.273  0.8029E+00  0.5315E+02
  15.283  0.9017E+00  0.5316E+02
  15.293  0.1016E+01  0.5317E+02
  15.303  0.1138E+01  0.5318E+02
  15.313  0.1262E+01  0.5320E+02
  15.323  0.1377E+01  0.5321E+02
  15.333  0.1474E+01  0.5322E+02
  15.343  0.1547E+01  0.5324E+02
  15.353  0.1589E+01  0.5326E+02
  15.363  0.1599E+01  0.5327E+02
  15.373  0.1579E+01  0.5329E+02
  15.383  0.1533E+01  0.5330E+02
  15.393  0.1468E+01  0.5332E+02
  15.403  0.1389E+01  0.5333E+02
  15.413  0.1304E+01  0.5334E+02
  15.423  0.1215E+01  0.5336E+02
  15.433  0.1127E+01  0.5337E+02
  15.443  0.1041E+01  0.5338E+02
  15.453  0.9592E+00  0.5339E+02
  15.463  0.8838E+00  0.5340E+02
  15.473  0.8170E+00  0.5340E+02
  15.483  0.7612E+00  0.5341E+02
  15.493  0.7180E+00  0.5342E+02
  15.503  0.6881E+00  0.5343E+02
  15.513  0.6704E+00  0.5343E+02
  15.523  0.6624E+00  0.5344E+02
  15.533  0.6605E+00  0.5345E+02
  15.543  0.6605E+00  0.5345E+02
  15.553  0.6587E+00  0.5346E+02
  15.563  0.6521E+00  0.5347E+02
  15.573  0.6390E+00  0.5347E+02
  15.583  0.6190E+00  0.5348E+02
  15.593  0.5926E+00  0.5348E+02
  15.603  0.5614E+00  0.5349E+02
  15.613  0.5276E+00  0.5350E+02
  15.623  0.4939E+00  0.5350E+02
  15.633  0.4638E+00  0.5351E+02
  15.643  0.4411E+00  0.5351E+02
  15.653  0.4297E+00  0.5351E+02
  15.663  0.4333E+00  0.5352E+02
  15.673  0.4547E+00  0.5352E+02
  15.683  0.4953E+00  0.5353E+02
  15.693  0.5547E+00  0.5353E+02
  15.703  0.6306E+00  0.5354E+02
  15.713  0.7191E+00  0.5355E+02
  15.723  0.8152E+00  0.5355E+02
  15.733  0.9133E+00  0.5356E+02
  15.743  0.1008E+01  0.5357E+02
  15.753  0.1094E+01  0.5359E+02
  15.763  0.1168E+01  0.5360E+02
  15.773  0.1226E+01  0.5361E+02
  15.783  0.1266E+01  0.5362E+02
  15.793  0.1286E+01  0.5363E+02
  15.803  0.1287E+01  0.5365E+02
  15.813  0.1272E+01  0.5366E+02
  15.823  0.1244E+01  0.5367E+02
  15.833  0.1211E+01  0.5368E+02
  15.843  0.1179E+01  0.5370E+02
  15.853  0.1155E+01  0.5371E+02
  15.863  0.1146E+01  0.5372E+02
  15.873  0.1157E+01  0.5373E+02
  15.883  0.1187E+01  0.5374E+02
  15.893  0.1236E+01  0.5376E+02
  15.903  0.1298E+01  0.5377E+02
  15.913  0.1367E+01  0.5378E+02
  15.923  0.1438E+01  0.5380E+02
  15.933  0.1503E+01  0.5381E+02
  15.943  0.1560E+01  0.5383E+02
  15.953  0.1607E+01  0.5384E+02
  15.963  0.1645E+01  0.5386E+02
  15.973  0.1677E+01  0.5388E+02
  15.983  0.1706E+01  0.5389E+02
  15.993  0.1733E+01  0.5391E+02
  16.003  0.1759E+01  0.5393E+02
  16.013  0.1781E+01  0.5395E+02
  16.023  0.1798E+01  0.5396E+02
  16.033  0.1804E+01  0.5398E+02
  16.043  0.1798E+01  0.5400E+02
  16.053  0.1779E+01  0.5402E+02
  16.063  0.1746E+01  0.5404E+02
  16.073  0.1702E+01  0.5405E+02
  16.083  0.1650E+01  0.5407E+02
  16.093  0.1592E+01  0.5408E+02
  16.103  0.1533E+01  0.5410E+02
  16.113  0.1473E+01  0.5411E+02
  16.123  0.1414E+01  0.5413E+02
  16.133  0.1356E+01  0.5414E+02
  16.143  0.1298E+01  0.5416E+02
  16.153  0.1240E+01  0.5417E+02
  16.163  0.1181E+01  0.5418E+02
  16.173  0.1120E+01  0.5419E+02
  16.183  0.1056E+01  0.5420E+02
  16.193  0.9878E+00  0.5421E+02
  16.203  0.9155E+00  0.5422E+02
  16.213  0.8403E+00  0.5423E+02
  16.223  0.7644E+00  0.5424E+02
  16.233  0.6915E+00  0.5424E+02
  16.243  0.6261E+00  0.5425E+02
  16.253  0.5730E+00  0.5426E+02
  16.263  0.5364E+00  0.5426E+02
  16.273  0.5195E+00  0.5427E+02
  16.283  0.5238E+00  0.5427E+02
  16.293  0.5492E+00  0.5428E+02
  16.303  0.5940E+00  0.5428E+02
  16.313  0.6558E+00  0.5429E+02
  16.323  0.7319E+00  0.5430E+02
  16.333  0.8196E+00  0.5430E+02
  16.343  0.9167E+00  0.5431E+02
  16.353  0.1021E+01  0.5432E+02
  16.363  0.1131E+01  0.5434E+02
  16.373  0.1244E+01  0.5435E+02
  16.383  0.1356E+01  0.5436E+02
  16.393  0.1463E+01  0.5438E+02
  16.403  0.1560E+01  0.5439E+02
  16.413  0.1641E+01  0.5441E+02
  16.423  0.1700E+01  0.5442E+02
  16.433  0.1731E+01  0.5444E+02
  16.443  0.1731E+01  0.5446E+02
  16.453  0.1696E+01  0.5448E+02
  16.463  0.1627E+01  0.5449E+02
  16.473  0.1526E+01  0.5451E+02
  16.483  0.1398E+01  0.5452E+02
  16.493  0.1250E+01  0.5453E+02
  16.503  0.1092E+01  0.5455E+02
  16.513  0.9348E+00  0.5455E+02
  16.523  0.7883E+00  0.5456E+02
  16.533  0.6627E+00  0.5457E+02
  16.543  0.5664E+00  0.5458E+02
  16.553  0.5052E+00  0.5458E+02
  16.563  0.4823E+00  0.5458E+02
  16.573  0.4977E+00  0.5459E+02
  16.583  0.5482E+00  0.5460E+02
  16.593  0.6277E+00  0.5460E+02
  16.603  0.7275E+00  0.5461E+02
  16.613  0.8368E+00  0.5462E+02
  16.623  0.9443E+00  0.5463E+02
  16.633  0.1039E+01  0.5464E+02
  16.643  0.1110E+01  0.5465E+02
  16.653  0.1153E+01  0.5466E+02
  16.663  0.1165E+01  0.5467E+02
  16.673  0.1145E+01  0.5468E+02
  16.683  0.1100E+01  0.5469E+02
  16.693  0.1034E+01  0.5470E+02
  16.703  0.9544E+00  0.5471E+02
  16.713  0.8680E+00  0.5472E+02
  16.723  0.7797E+00  0.5473E+02
  16.733  0.6936E+00  0.5474E+02
  16.743  0.6127E+00  0.5474E+02
  16.753  0.5404E+00  0.5475E+02
  16.763  0.4803E+00  0.5475E+02
  16.773  0.4364E+00  0.5476E+02
  16.783  0.4133E+00  0.5476E+02
  16.793  0.4147E+00  0.5477E+02
  16.803  0.4432E+00  0.5477E+02
  16.813  0.4987E+00  0.5478E+02
  16.823  0.5779E+00  0.5478E+02
  16.833  0.6747E+00  0.5479E+02
  16.843  0.7806E+00  0.5480E+02
  16.853  0.8857E+00  0.5480E+02
  16.863  0.9811E+00  0.5481E+02
  16.873  0.1060E+01  0.5483E+02
  16.883  0.1119E+01  0.5484E+02
  16.893  0.1159E+01  0.5485E+02
  16.903  0.1183E+01  0.5486E+02
  16.913  0.1197E+01  0.5487E+02
  16.923  0.1208E+01  0.5488E+02
  16.933  0.1221E+01  0.5490E+02
  16.943  0.1239E+01  0.5491E+02
  16.953  0.1265E+01  0.5492E+02
  16.963  0.1298E+01  0.5493E+02
  16.973  0.1340E+01  0.5495E+02
  16.983  0.1390E+01  0.5496E+02
  16.993  0.1449E+01  0.5498E+02
  17.003  0.1518E+01  0.5499E+02
  17.013  0.1596E+01  0.5501E+02
  17.023  0.1681E+01  0.5502E+02
  17.033  0.1769E+01  0.5504E+02
  17.043  0.1853E+01  0.5506E+02
  17.053  0.1924E+01  0.5508E+02
  17.063  0.1972E+01  0.5510E+02
  17.073  0.1990E+01  0.5512E+02
  17.083  0.1971E+01  0.5514E+02
  17.093  0.1915E+01  0.5516E+02
  17.103  0.1824E+01  0.5518E+02
  17.113  0.1705E+01  0.5519E+02
  17.123  0.1568E+01  0.5521E+02
  17.133  0.1426E+01  0.5522E+02
  17.143  0.1291E+01  0.5524E+02
  17.153  0.1172E+01  0.5525E+02
  17.163  0.1074E+01  0.5526E+02
  17.173  0.1002E+01  0.5527E+02
  17.183  0.9536E+00  0.5528E+02
  17.193  0.9259E+00  0.5529E+02
  17.203  0.9139E+00  0.5530E+02
  17.213  0.9121E+00  0.5531E+02
  17.223  0.9156E+00  0.5531E+02
  17.233  0.9201E+00  0.5532E+02
  17.243  0.9229E+00  0.5533E+02
  17.253  0.9220E+00  0.5534E+02
  17.263  0.9171E+00  0.5535E+02
  17.273  0.9082E+00  0.5536E+02
  17.283  0.8964E+00  0.5537E+02
  17.293  0.8831E+00  0.5538E+02
  17.303  0.8704E+00  0.5539E+02
  17.313  0.8607E+00  0.5540E+02
  17.323  0.8564E+00  0.5540E+02
  17.333  0.8603E+00  0.5541E+02
  17.343  0.8747E+00  0.5542E+02
  17.353  0.9010E+00  0.5543E+02
  17.363  0.9395E+00  0.5544E+02
  17.373  0.9889E+00  0.5545E+02
  17.383  0.1046E+01  0.5546E+02
  17.393  0.1108E+01  0.5547E+02
  17.403  0.1167E+01  0.5548E+02
  17.413  0.1220E+01  0.5550E+02
  17.423  0.1262E+01  0.5551E+02
  17.433  0.1288E+01  0.5552E+02
  17.443  0.1296E+01  0.5553E+02
  17.453  0.1287E+01  0.5555E+02
  17.463  0.1263E+01  0.5556E+02
  17.473  0.1226E+01  0.5557E+02
  17.483  0.1180E+01  0.5558E+02
  17.493  0.1129E+01  0.5559E+02
  17.503  0.1076E+01  0.5561E+02
  17.513  0.1026E+01  0.5562E+02
  17.523  0.9812E+00  0.5563E+02
  17.533  0.9451E+00  0.5563E+02
  17.543  0.9205E+00  0.5564E+02
  17.553  0.9102E+00  0.5565E+02
  17.563  0.9166E+00  0.5566E+02
  17.573  0.9418E+00  0.5567E+02
  17.583  0.9874E+00  0.5568E+02
  17.593  0.1055E+01  0.5569E+02
  17.603  0.1144E+01  0.5570E+02
  17.613  0.1253E+01  0.5572E+02
  17.623  0.1379E+01  0.5573E+02
  17.633  0.1515E+01  0.5574E+02
  17.643  0.1652E+01  0.5576E+02
  17.653  0.1778E+01  0.5578E+02
  17.663  0.1881E+01  0.5580E+02
  17.673  0.1950E+01  0.5582E+02
  17.683  0.1978E+01  0.5584E+02
  17.693  0.1962E+01  0.5586E+02
  17.703  0.1905E+01  0.5588E+02
  17.713  0.1814E+01  0.5589E+02
  17.723  0.1699E+01  0.5591E+02
  17.733  0.1574E+01  0.5593E+02
  17.743  0.1448E+01  0.5594E+02
  17.753  0.1330E+01  0.5595E+02
  17.763  0.1225E+01  0.5597E+02
  17.773  0.1132E+01  0.5598E+02
  17.783  0.1052E+01  0.5599E+02
  17.793  0.9784E+00  0.5600E+02
  17.803  0.9088E+00  0.5601E+02
  17.813  0.8395E+00  0.5602E+02
  17.823  0.7686E+00  0.5602E+02
  17.833  0.6961E+00  0.5603E+02
  17.843  0.6234E+00  0.5604E+02
  17.853  0.5534E+00  0.5604E+02
  17.863  0.4891E+00  0.5605E+02
  17.873  0.4338E+00  0.5605E+02
  17.883  0.3900E+00  0.5606E+02
  17.893  0.3594E+00  0.5606E+02
  17.903  0.3431E+00  0.5606E+02
  17.913  0.3412E+00  0.5607E+02
  17.923  0.3534E+00  0.5607E+02
  17.933  0.3790E+00  0.5607E+02
  17.943  0.4169E+00  0.5608E+02
  17.953  0.4654E+00  0.5608E+02
  17.963  0.5220E+00  0.5609E+02
  17.973  0.5838E+00  0.5609E+02
  17.983  0.6469E+00  0.5610E+02
  17.993  0.7075E+00  0.5611E+02
  18.003  0.7618E+00  0.5611E+02
  18.013  0.8074E+00  0.5612E+02
  18.023  0.8429E+00  0.5613E+02
  18.033  0.8687E+00  0.5614E+02
  18.043  0.8863E+00  0.5615E+02
  18.053  0.8983E+00  0.5616E+02
  18.063  0.9076E+00  0.5617E+02
  18.073  0.9170E+00  0.5618E+02
  18.083  0.9291E+00  0.5618E+02
  18.093  0.9461E+00  0.5619E+02
  18.103  0.9702E+00  0.5620E+02
  18.113  0.1004E+01  0.5621E+02
  18.123  0.1048E+01  0.5622E+02
  18.133  0.1105E+01  0.5624E+02
  18.143  0.1176E+01  0.5625E+02
  18.153  0.1259E+01  0.5626E+02
  18.163  0.1352E+01  0.5627E+02
  18.173  0.1449E+01  0.5629E+02
  18.183  0.1544E+01  0.5630E+02
  18.193  0.1630E+01  0.5632E+02
  18.203  0.1700E+01  0.5634E+02
  18.213  0.1748E+01  0.5635E+02
  18.223  0.1771E+01  0.5637E+02
  18.233  0.1770E+01  0.5639E+02
  18.243  0.1746E+01  0.5641E+02
  18.253  0.1705E+01  0.5642E+02
  18.263  0.1655E+01  0.5644E+02
  18.273  0.1603E+01  0.5646E+02
  18.283  0.1559E+01  0.5647E+02
  18.293  0.1527E+01  0.5649E+02
  18.303  0.1514E+01  0.5650E+02
  18.313  0.1520E+01  0.5652E+02
  18.323  0.1545E+01  0.5653E+02
  18.333  0.1584E+01  0.5655E+02
  18.343  0.1632E+01  0.5657E+02
  18.353  0.1685E+01  0.5658E+02
  18.363  0.1736E+01  0.5660E+02
  18.373  0.1782E+01  0.5662E+02
  18.383  0.1822E+01  0.5664E+02
  18.393  0.1853E+01  0.5665E+02
  18.403  0.1877E+01  0.5667E+02
  18.413  0.1891E+01  0.5669E+02
  18.423  0.1896E+01  0.5671E+02
  18.433  0.1891E+01  0.5673E+02
  18.443  0.1876E+01  0.5675E+02
  18.453  0.1852E+01  0.5677E+02
  18.463  0.1822E+01  0.5679E+02
  18.473  0.1789E+01  0.5680E+02
  18.483  0.1757E+01  0.5682E+02
  18.493  0.1728E+01  0.5684E+02
  18.503  0.1702E+01  0.5686E+02
  18.513  0.1677E+01  0.5687E+02
  18.523  0.1651E+01  0.5689E+02
  18.533  0.1620E+01  0.5690E+02
  18.543  0.1582E+01  0.5692E+02
  18.553  0.1538E+01  0.5694E+02
  18.563  0.1495E+01  0.5695E+02
  18.573  0.1462E+01  0.5697E+02
  18.583  0.1452E+01  0.5698E+02
  18.593  0.1478E+01  0.5699E+02
  18.603  0.1552E+01  0.5701E+02
  18.613  0.1679E+01  0.5703E+02
  18.623  0.1861E+01  0.5705E+02
  18.633  0.2087E+01  0.5707E+02
  18.643  0.2343E+01  0.5709E+02
  18.653  0.2608E+01  0.5712E+02
  18.663  0.2859E+01  0.5714E+02
  18.673  0.3075E+01  0.5718E+02
  18.683  0.3239E+01  0.5721E+02
  18.693  0.3343E+01  0.5724E+02
  18.703  0.3385E+01  0.5728E+02
  18.713  0.3375E+01  0.5731E+02
  18.723  0.3328E+01  0.5734E+02
  18.733  0.3263E+01  0.5737E+02
  18.743  0.3203E+01  0.5741E+02
  18.753  0.3169E+01  0.5744E+02
  18.763  0.3178E+01  0.5747E+02
  18.773  0.3242E+01  0.5750E+02
  18.783  0.3367E+01  0.5754E+02
  18.793  0.3548E+01  0.5757E+02
  18.803  0.3777E+01  0.5761E+02
  18.813  0.4037E+01  0.5765E+02
  18.823  0.4309E+01  0.5769E+02
  18.833  0.4572E+01  0.5774E+02
  18.843  0.4810E+01  0.5779E+02
  18.853  0.5008E+01  0.5784E+02
  18.863  0.5159E+01  0.5789E+02
  18.873  0.5261E+01  0.5794E+02
  18.883  0.5320E+01  0.5799E+02
  18.893  0.5342E+01  0.5805E+02
  18.903  0.5335E+01  0.5810E+02
  18.913  0.5309E+01  0.5815E+02
  18.923  0.5268E+01  0.5821E+02
  18.933  0.5213E+01  0.5826E+02
  18.943  0.5144E+01  0.5831E+02
  18.953  0.5057E+01  0.5836E+02
  18.963  0.4947E+01  0.5841E+02
  18.973  0.4811E+01  0.5846E+02
  18.983  0.4645E+01  0.5850E+02
  18.993  0.4447E+01  0.5855E+02
  19.003  0.4219E+01  0.5859E+02
  19.013  0.3964E+01  0.5863E+02
  19.023  0.3689E+01  0.5867E+02
  19.033  0.3403E+01  0.5870E+02
  19.043  0.3114E+01  0.5873E+02
  19.053  0.2833E+01  0.5876E+02
  19.063  0.2571E+01  0.5879E+02
  19.073  0.2335E+01  0.5881E+02
  19.083  0.2133E+01  0.5883E+02
  19.093  0.1968E+01  0.5885E+02
  19.103  0.1839E+01  0.5887E+02
  19.113  0.1744E+01  0.5889E+02
  19.123  0.1677E+01  0.5890E+02
  19.133  0.1629E+01  0.5892E+02
  19.143  0.1591E+01  0.5894E+02
  19.153  0.1553E+01  0.5895E+02
  19.163  0.1508E+01  0.5897E+02
  19.173  0.1453E+01  0.5898E+02
  19.183  0.1385E+01  0.5900E+02
  19.193  0.1311E+01  0.5901E+02
  19.203  0.1236E+01  0.5902E+02
  19.213  0.1168E+01  0.5903E+02
  19.223  0.1114E+01  0.5904E+02
  19.233  0.1080E+01  0.5905E+02
  19.243  0.1065E+01  0.5907E+02
  19.253  0.1066E+01  0.5908E+02
  19.263  0.1078E+01  0.5909E+02
  19.273  0.1093E+01  0.5910E+02
  19.283  0.1104E+01  0.5911E+02
  19.293  0.1108E+01  0.5912E+02
  19.303  0.1103E+01  0.5913E+02
  19.313  0.1089E+01  0.5914E+02
  19.323  0.1072E+01  0.5915E+02
  19.333  0.1055E+01  0.5916E+02
  19.343  0.1042E+01  0.5917E+02
  19.353  0.1034E+01  0.5918E+02
  19.363  0.1034E+01  0.5919E+02
  19.373  0.1038E+01  0.5920E+02
  19.383  0.1046E+01  0.5921E+02
  19.393  0.1055E+01  0.5923E+02
  19.403  0.1065E+01  0.5924E+02
  19.413  0.1078E+01  0.5925E+02
  19.423  0.1096E+01  0.5926E+02
  19.433  0.1123E+01  0.5927E+02
  19.443  0.1160E+01  0.5928E+02
  19.453  0.1208E+01  0.5929E+02
  19.463  0.1264E+01  0.5931E+02
  19.473  0.1321E+01  0.5932E+02
  19.483  0.1373E+01  0.5933E+02
  19.493  0.1413E+01  0.5935E+02
  19.503  0.1435E+01  0.5936E+02
  19.513  0.1435E+01  0.5938E+02
  19.523  0.1414E+01  0.5939E+02
  19.533  0.1375E+01  0.5940E+02
  19.543  0.1322E+01  0.5942E+02
  19.553  0.1261E+01  0.5943E+02
  19.563  0.1197E+01  0.5944E+02
  19.573  0.1135E+01  0.5945E+02
  19.583  0.1076E+01  0.5946E+02
  19.593  0.1022E+01  0.5947E+02
  19.603  0.9726E+00  0.5948E+02
  19.613  0.9263E+00  0.5949E+02
  19.623  0.8820E+00  0.5950E+02
  19.633  0.8388E+00  0.5951E+02
  19.643  0.7965E+00  0.5952E+02
  19.653  0.7552E+00  0.5952E+02
  19.663  0.7153E+00  0.5953E+02
  19.673  0.6771E+00  0.5954E+02
  19.683  0.6404E+00  0.5955E+02
  19.693  0.6051E+00  0.5955E+02
  19.703  0.5708E+00  0.5956E+02
  19.713  0.5377E+00  0.5956E+02
  19.723  0.5064E+00  0.5957E+02
  19.733  0.4785E+00  0.5957E+02
  19.743  0.4565E+00  0.5958E+02
  19.753  0.4429E+00  0.5958E+02
  19.763  0.4406E+00  0.5959E+02
  19.773  0.4521E+00  0.5959E+02
  19.783  0.4791E+00  0.5959E+02
  19.793  0.5218E+00  0.5960E+02
  19.803  0.5790E+00  0.5961E+02
  19.813  0.6472E+00  0.5961E+02
  19.823  0.7212E+00  0.5962E+02
  19.833  0.7938E+00  0.5963E+02
  19.843  0.8569E+00  0.5964E+02
  19.853  0.9028E+00  0.5965E+02
  19.863  0.9253E+00  0.5965E+02
  19.873  0.9210E+00  0.5966E+02
  19.883  0.8901E+00  0.5967E+02
  19.893  0.8362E+00  0.5968E+02
  19.903  0.7658E+00  0.5969E+02
  19.913  0.6869E+00  0.5970E+02
  19.923  0.6081E+00  0.5970E+02
  19.933  0.5369E+00  0.5971E+02
  19.943  0.4792E+00  0.5971E+02
  19.953  0.4388E+00  0.5972E+02
  19.963  0.4176E+00  0.5972E+02
  19.973  0.4154E+00  0.5972E+02
  19.983  0.4304E+00  0.5973E+02
  19.993  0.4592E+00  0.5973E+02
  20.003  0.4976E+00  0.5974E+02
  20.013  0.5402E+00  0.5974E+02
  20.023  0.5816E+00  0.5975E+02
  20.033  0.6165E+00  0.5976E+02
  20.043  0.6407E+00  0.5976E+02
  20.053  0.6519E+00  0.5977E+02
  20.063  0.6497E+00  0.5978E+02
  20.073  0.6362E+00  0.5978E+02
  20.083  0.6156E+00  0.5979E+02
  20.093  0.5934E+00  0.5979E+02
  20.103  0.5755E+00  0.5980E+02
  20.113  0.5677E+00  0.5980E+02
  20.123  0.5745E+00  0.5981E+02
  20.133  0.5987E+00  0.5982E+02
  20.143  0.6420E+00  0.5982E+02
  20.153  0.7047E+00  0.5983E+02
  20.163  0.7861E+00  0.5984E+02
  20.173  0.8852E+00  0.5985E+02
  20.183  0.1000E+01  0.5986E+02
  20.193  0.1129E+01  0.5987E+02
  20.203  0.1268E+01  0.5988E+02
  20.213  0.1412E+01  0.5989E+02
  20.223  0.1555E+01  0.5991E+02
  20.233  0.1691E+01  0.5993E+02
  20.243  0.1811E+01  0.5995E+02
  20.253  0.1909E+01  0.5996E+02
  20.263  0.1979E+01  0.5998E+02
  20.273  0.2018E+01  0.6000E+02
  20.283  0.2025E+01  0.6002E+02
  20.293  0.1998E+01  0.6004E+02
  20.303  0.1941E+01  0.6006E+02
  20.313  0.1857E+01  0.6008E+02
  20.323  0.1751E+01  0.6010E+02
  20.333  0.1627E+01  0.6012E+02
  20.343  0.1492E+01  0.6013E+02
  20.353  0.1351E+01  0.6014E+02
  20.363  0.1210E+01  0.6016E+02
  20.373  0.1074E+01  0.6017E+02
  20.383  0.9469E+00  0.6018E+02
  20.393  0.8325E+00  0.6019E+02
  20.403  0.7321E+00  0.6019E+02
  20.413  0.6460E+00  0.6020E+02
  20.423  0.5730E+00  0.6021E+02
  20.433  0.5108E+00  0.6021E+02
  20.443  0.4573E+00  0.6021E+02
  20.453  0.4105E+00  0.6022E+02
  20.463  0.3697E+00  0.6022E+02
  20.473  0.3354E+00  0.6023E+02
  20.483  0.3095E+00  0.6023E+02
  20.493  0.2949E+00  0.6023E+02
  20.503  0.2945E+00  0.6023E+02
  20.513  0.3108E+00  0.6024E+02
  20.523  0.3448E+00  0.6024E+02
  20.533  0.3961E+00  0.6025E+02
  20.543  0.4625E+00  0.6025E+02
  20.553  0.5404E+00  0.6026E+02
  20.563  0.6253E+00  0.6026E+02
  20.573  0.7126E+00  0.6027E+02
  20.583  0.7985E+00  0.6028E+02
  20.593  0.8802E+00  0.6029E+02
  20.603  0.9563E+00  0.6030E+02
  20.613  0.1027E+01  0.6031E+02
  20.623  0.1092E+01  0.6032E+02
  20.633  0.1152E+01  0.6033E+02
  20.643  0.1208E+01  0.6034E+02
  20.653  0.1261E+01  0.6035E+02
  20.663  0.1310E+01  0.6037E+02
  20.673  0.1356E+01  0.6038E+02
  20.683  0.1400E+01  0.6039E+02
  20.693  0.1442E+01  0.6041E+02
  20.703  0.1486E+01  0.6042E+02
  20.713  0.1535E+01  0.6044E+02
  20.723  0.1591E+01  0.6045E+02
  20.733  0.1655E+01  0.6047E+02
  20.743  0.1728E+01  0.6049E+02
  20.753  0.1805E+01  0.6051E+02
  20.763  0.1884E+01  0.6052E+02
  20.773  0.1959E+01  0.6054E+02
  20.783  0.2025E+01  0.6056E+02
  20.793  0.2078E+01  0.6059E+02
  20.803  0.2116E+01  0.6061E+02
  20.813  0.2137E+01  0.6063E+02
  20.823  0.2144E+01  0.6065E+02
  20.833  0.2136E+01  0.6067E+02
  20.843  0.2116E+01  0.6069E+02
  20.853  0.2086E+01  0.6071E+02
  20.863  0.2047E+01  0.6073E+02
  20.873  0.2004E+01  0.6075E+02
  20.883  0.1959E+01  0.6077E+02
  20.893  0.1918E+01  0.6079E+02
  20.903  0.1885E+01  0.6081E+02
  20.913  0.1867E+01  0.6083E+02
  20.923  0.1864E+01  0.6085E+02
  20.933  0.1879E+01  0.6087E+02
  20.943  0.1907E+01  0.6089E+02
  20.953  0.1945E+01  0.6091E+02
  20.963  0.1986E+01  0.6093E+02
  20.973  0.2024E+01  0.6095E+02
  20.983  0.2054E+01  0.6097E+02
  20.993  0.2072E+01  0.6099E+02
  21.003  0.2078E+01  0.6101E+02
  21.013  0.2073E+01  0.6103E+02
  21.023  0.2060E+01  0.6105E+02
  21.033  0.2040E+01  0.6107E+02
  21.043  0.2019E+01  0.6109E+02
  21.053  0.1996E+01  0.6111E+02
  21.063  0.1974E+01  0.6113E+02
  21.073  0.1953E+01  0.6115E+02
  21.083  0.1933E+01  0.6117E+02
  21.093  0.1914E+01  0.6119E+02
  21.103  0.1896E+01  0.6121E+02
  21.113  0.1879E+01  0.6122E+02
  21.123  0.1863E+01  0.6124E+02
  21.133  0.1848E+01  0.6126E+02
  21.143  0.1833E+01  0.6128E+02
  21.153  0.1818E+01  0.6130E+02
  21.163  0.1800E+01  0.6132E+02
  21.173  0.1778E+01  0.6133E+02
  21.183  0.1750E+01  0.6135E+02
  21.193  0.1717E+01  0.6137E+02
  21.203  0.1680E+01  0.6139E+02
  21.213  0.1641E+01  0.6140E+02
  21.223  0.1604E+01  0.6142E+02
  21.233  0.1573E+01  0.6143E+02
  21.243  0.1553E+01  0.6145E+02
  21.253  0.1545E+01  0.6146E+02
  21.263  0.1551E+01  0.6148E+02
  21.273  0.1569E+01  0.6150E+02
  21.283  0.1597E+01  0.6151E+02
  21.293  0.1631E+01  0.6153E+02
  21.303  0.1668E+01  0.6154E+02
  21.313  0.1702E+01  0.6156E+02
  21.323  0.1730E+01  0.6158E+02
  21.333  0.1750E+01  0.6160E+02
  21.343  0.1759E+01  0.6161E+02
  21.353  0.1758E+01  0.6163E+02
  21.363  0.1750E+01  0.6165E+02
  21.373  0.1739E+01  0.6167E+02
  21.383  0.1730E+01  0.6168E+02
  21.393  0.1731E+01  0.6170E+02
  21.403  0.1746E+01  0.6172E+02
  21.413  0.1775E+01  0.6174E+02
  21.423  0.1818E+01  0.6175E+02
  21.433  0.1869E+01  0.6177E+02
  21.443  0.1918E+01  0.6179E+02
  21.453  0.1954E+01  0.6181E+02
  21.463  0.1969E+01  0.6183E+02
  21.473  0.1954E+01  0.6185E+02
  21.483  0.1907E+01  0.6187E+02
  21.493  0.1829E+01  0.6189E+02
  21.503  0.1727E+01  0.6191E+02
  21.513  0.1612E+01  0.6192E+02
  21.523  0.1494E+01  0.6194E+02
  21.533  0.1385E+01  0.6195E+02
  21.543  0.1295E+01  0.6196E+02
  21.553  0.1230E+01  0.6198E+02
  21.563  0.1192E+01  0.6199E+02
  21.573  0.1179E+01  0.6200E+02
  21.583  0.1187E+01  0.6201E+02
  21.593  0.1209E+01  0.6202E+02
  21.603  0.1238E+01  0.6204E+02
  21.613  0.1270E+01  0.6205E+02
  21.623  0.1300E+01  0.6206E+02
  21.633  0.1327E+01  0.6208E+02
  21.643  0.1351E+01  0.6209E+02
  21.653  0.1373E+01  0.6210E+02
  21.663  0.1394E+01  0.6212E+02
  21.673  0.1416E+01  0.6213E+02
  21.683  0.1437E+01  0.6215E+02
  21.693  0.1455E+01  0.6216E+02
  21.703  0.1469E+01  0.6217E+02
  21.713  0.1473E+01  0.6219E+02
  21.723  0.1466E+01  0.6220E+02
  21.733  0.1445E+01  0.6222E+02
  21.743  0.1411E+01  0.6223E+02
  21.753  0.1367E+01  0.6225E+02
  21.763  0.1318E+01  0.6226E+02
  21.773  0.1271E+01  0.6227E+02
  21.783  0.1236E+01  0.6228E+02
  21.793  0.1219E+01  0.6230E+02
  21.803  0.1225E+01  0.6231E+02
  21.813  0.1255E+01  0.6232E+02
  21.823  0.1307E+01  0.6233E+02
  21.833  0.1372E+01  0.6235E+02
  21.843  0.1443E+01  0.6236E+02
  21.853  0.1507E+01  0.6238E+02
  21.863  0.1555E+01  0.6239E+02
  21.873  0.1580E+01  0.6241E+02
  21.883  0.1578E+01  0.6242E+02
  21.893  0.1550E+01  0.6244E+02
  21.903  0.1498E+01  0.6246E+02
  21.913  0.1429E+01  0.6247E+02
  21.923  0.1351E+01  0.6248E+02
  21.933  0.1271E+01  0.6250E+02
  21.943  0.1197E+01  0.6251E+02
  21.953  0.1138E+01  0.6252E+02
  21.963  0.1099E+01  0.6253E+02
  21.973  0.1085E+01  0.6254E+02
  21.983  0.1102E+01  0.6255E+02
  21.993  0.1149E+01  0.6256E+02
  22.003  0.1227E+01  0.6258E+02
  22.013  0.1333E+01  0.6259E+02
  22.023  0.1459E+01  0.6260E+02
  22.033  0.1600E+01  0.6262E+02
  22.043  0.1742E+01  0.6264E+02
  22.053  0.1876E+01  0.6266E+02
  22.063  0.1989E+01  0.6268E+02
  22.073  0.2071E+01  0.6270E+02
  22.083  0.2113E+01  0.6272E+02
  22.093  0.2112E+01  0.6274E+02
  22.103  0.2067E+01  0.6276E+02
  22.113  0.1982E+01  0.6278E+02
  22.123  0.1867E+01  0.6280E+02
  22.133  0.1733E+01  0.6281E+02
  22.143  0.1593E+01  0.6283E+02
  22.153  0.1462E+01  0.6285E+02
  22.163  0.1350E+01  0.6286E+02
  22.173  0.1269E+01  0.6287E+02
  22.183  0.1224E+01  0.6288E+02
  22.193  0.1216E+01  0.6290E+02
  22.203  0.1246E+01  0.6291E+02
  22.213  0.1309E+01  0.6292E+02
  22.223  0.1399E+01  0.6294E+02
  22.233  0.1507E+01  0.6295E+02
  22.243  0.1625E+01  0.6297E+02
  22.253  0.1742E+01  0.6298E+02
  22.263  0.1851E+01  0.6300E+02
  22.273  0.1941E+01  0.6302E+02
  22.283  0.2007E+01  0.6304E+02
  22.293  0.2042E+01  0.6306E+02
  22.303  0.2044E+01  0.6308E+02
  22.313  0.2012E+01  0.6310E+02
  22.323  0.1949E+01  0.6312E+02
  22.333  0.1862E+01  0.6314E+02
  22.343  0.1759E+01  0.6316E+02
  22.353  0.1650E+01  0.6318E+02
  22.363  0.1544E+01  0.6319E+02
  22.373  0.1453E+01  0.6321E+02
  22.383  0.1382E+01  0.6322E+02
  22.393  0.1339E+01  0.6323E+02
  22.403  0.1323E+01  0.6325E+02
  22.413  0.1335E+01  0.6326E+02
  22.423  0.1371E+01  0.6327E+02
  22.433  0.1427E+01  0.6329E+02
  22.443  0.1496E+01  0.6330E+02
  22.453  0.1574E+01  0.6332E+02
  22.463  0.1654E+01  0.6333E+02
  22.473  0.1733E+01  0.6335E+02
  22.483  0.1807E+01  0.6337E+02
  22.493  0.1871E+01  0.6339E+02
  22.503  0.1924E+01  0.6341E+02
  22.513  0.1963E+01  0.6343E+02
  22.523  0.1985E+01  0.6345E+02
  22.533  0.1989E+01  0.6347E+02
  22.543  0.1972E+01  0.6349E+02
  22.553  0.1935E+01  0.6351E+02
  22.563  0.1878E+01  0.6353E+02
  22.573  0.1806E+01  0.6354E+02
  22.583  0.1723E+01  0.6356E+02
  22.593  0.1638E+01  0.6358E+02
  22.603  0.1560E+01  0.6359E+02
  22.613  0.1495E+01  0.6361E+02
  22.623  0.1452E+01  0.6362E+02
  22.633  0.1436E+01  0.6364E+02
  22.643  0.1449E+01  0.6365E+02
  22.653  0.1490E+01  0.6367E+02
  22.663  0.1557E+01  0.6368E+02
  22.673  0.1642E+01  0.6370E+02
  22.683  0.1737E+01  0.6371E+02
  22.693  0.1831E+01  0.6373E+02
  22.703  0.1913E+01  0.6375E+02
  22.713  0.1973E+01  0.6377E+02
  22.723  0.2003E+01  0.6379E+02
  22.733  0.2000E+01  0.6381E+02
  22.743  0.1963E+01  0.6383E+02
  22.753  0.1897E+01  0.6385E+02
  22.763  0.1811E+01  0.6387E+02
  22.773  0.1715E+01  0.6389E+02
  22.783  0.1619E+01  0.6390E+02
  22.793  0.1532E+01  0.6392E+02
  22.803  0.1458E+01  0.6393E+02
  22.813  0.1398E+01  0.6395E+02
  22.823  0.1349E+01  0.6396E+02
  22.833  0.1307E+01  0.6397E+02
  22.843  0.1267E+01  0.6399E+02
  22.853  0.1226E+01  0.6400E+02
  22.863  0.1182E+01  0.6401E+02
  22.873  0.1136E+01  0.6402E+02
  22.883  0.1090E+01  0.6403E+02
  22.893  0.1048E+01  0.6404E+02
  22.903  0.1014E+01  0.6405E+02
  22.913  0.9903E+00  0.6406E+02
  22.923  0.9790E+00  0.6407E+02
  22.933  0.9807E+00  0.6408E+02
  22.943  0.9946E+00  0.6409E+02
  22.953  0.1019E+01  0.6410E+02
  22.963  0.1050E+01  0.6411E+02
  22.973  0.1087E+01  0.6412E+02
  22.983  0.1126E+01  0.6413E+02
  22.993  0.1165E+01  0.6415E+02
  23.003  0.1205E+01  0.6416E+02
  23.013  0.1245E+01  0.6417E+02
  23.023  0.1287E+01  0.6418E+02
  23.033  0.1334E+01  0.6420E+02
  23.043  0.1389E+01  0.6421E+02
  23.053  0.1453E+01  0.6423E+02
  23.063  0.1526E+01  0.6424E+02
  23.073  0.1607E+01  0.6426E+02
  23.083  0.1690E+01  0.6427E+02
  23.093  0.1770E+01  0.6429E+02
  23.103  0.1842E+01  0.6431E+02
  23.113  0.1901E+01  0.6433E+02
  23.123  0.1946E+01  0.6435E+02
  23.133  0.1979E+01  0.6437E+02
  23.143  0.2004E+01  0.6439E+02
  23.153  0.2029E+01  0.6441E+02
  23.163  0.2061E+01  0.6443E+02
  23.173  0.2106E+01  0.6445E+02
  23.183  0.2169E+01  0.6447E+02
  23.193  0.2248E+01  0.6449E+02
  23.203  0.2340E+01  0.6452E+02
  23.213  0.2438E+01  0.6454E+02
  23.223  0.2531E+01  0.6457E+02
  23.233  0.2611E+01  0.6459E+02
  23.243  0.2667E+01  0.6462E+02
  23.253  0.2695E+01  0.6465E+02
  23.263  0.2692E+01  0.6467E+02
  23.273  0.2658E+01  0.6470E+02
  23.283  0.2601E+01  0.6473E+02
  23.293  0.2528E+01  0.6475E+02
  23.303  0.2448E+01  0.6478E+02
  23.313  0.2370E+01  0.6480E+02
  23.323  0.2297E+01  0.6482E+02
  23.333  0.2233E+01  0.6485E+02
  23.343  0.2176E+01  0.6487E+02
  23.353  0.2122E+01  0.6489E+02
  23.363  0.2068E+01  0.6491E+02
  23.373  0.2012E+01  0.6493E+02
  23.383  0.1953E+01  0.6495E+02
  23.393  0.1895E+01  0.6497E+02
  23.403  0.1844E+01  0.6499E+02
  23.413  0.1804E+01  0.6500E+02
  23.423  0.1780E+01  0.6502E+02
  23.433  0.1773E+01  0.6504E+02
  23.443  0.1781E+01  0.6506E+02
  23.453  0.1797E+01  0.6508E+02
  23.463  0.1812E+01  0.6509E+02
  23.473  0.1818E+01  0.6511E+02
  23.483  0.1808E+01  0.6513E+02
  23.493  0.1778E+01  0.6515E+02
  23.503  0.1729E+01  0.6516E+02
  23.513  0.1668E+01  0.6518E+02
  23.523  0.1606E+01  0.6520E+02
  23.533  0.1554E+01  0.6521E+02
  23.543  0.1525E+01  0.6523E+02
  23.553  0.1528E+01  0.6524E+02
  23.563  0.1570E+01  0.6526E+02
  23.573  0.1649E+01  0.6528E+02
  23.583  0.1760E+01  0.6529E+02
  23.593  0.1894E+01  0.6531E+02
  23.603  0.2035E+01  0.6533E+02
  23.613  0.2170E+01  0.6535E+02
  23.623  0.2282E+01  0.6538E+02
  23.633  0.2359E+01  0.6540E+02
  23.643  0.2391E+01  0.6542E+02
  23.653  0.2375E+01  0.6545E+02
  23.663  0.2314E+01  0.6547E+02
  23.673  0.2216E+01  0.6549E+02
  23.683  0.2095E+01  0.6551E+02
  23.693  0.1968E+01  0.6553E+02
  23.703  0.1854E+01  0.6555E+02
  23.713  0.1767E+01  0.6557E+02
  23.723  0.1718E+01  0.6559E+02
  23.733  0.1711E+01  0.6560E+02
  23.743  0.1741E+01  0.6562E+02
  23.753  0.1798E+01  0.6564E+02
  23.763  0.1868E+01  0.6566E+02
  23.773  0.1936E+01  0.6568E+02
  23.783  0.1987E+01  0.6570E+02
  23.793  0.2014E+01  0.6572E+02
  23.803  0.2014E+01  0.6574E+02
  23.813  0.1991E+01  0.6576E+02
  23.823  0.1950E+01  0.6578E+02
  23.833  0.1903E+01  0.6580E+02
  23.843  0.1859E+01  0.6582E+02
  23.853  0.1822E+01  0.6583E+02
  23.863  0.1797E+01  0.6585E+02
  23.873  0.1784E+01  0.6587E+02
  23.883  0.1778E+01  0.6589E+02
  23.893  0.1778E+01  0.6590E+02
  23.903  0.1778E+01  0.6592E+02
  23.913  0.1776E+01  0.6594E+02
  23.923  0.1771E+01  0.6596E+02
  23.933  0.1765E+01  0.6598E+02
  23.943  0.1756E+01  0.6599E+02
  23.953  0.1746E+01  0.6601E+02
  23.963  0.1734E+01  0.6603E+02
  23.973  0.1718E+01  0.6605E+02
  23.983  0.1694E+01  0.6606E+02
  23.993  0.1662E+01  0.6608E+02
  24.003  0.1618E+01  0.6610E+02
  24.013  0.1564E+01  0.6611E+02
  24.023  0.1503E+01  0.6613E+02
  24.033  0.1441E+01  0.6614E+02
  24.043  0.1385E+01  0.6615E+02
  24.053  0.1340E+01  0.6617E+02
  24.063  0.1312E+01  0.6618E+02
  24.073  0.1303E+01  0.6619E+02
  24.083  0.1311E+01  0.6621E+02
  24.093  0.1333E+01  0.6622E+02
  24.103  0.1364E+01  0.6623E+02
  24.113  0.1398E+01  0.6625E+02
  24.123  0.1429E+01  0.6626E+02
  24.133  0.1457E+01  0.6628E+02
  24.143  0.1480E+01  0.6629E+02
  24.153  0.1500E+01  0.6631E+02
  24.163  0.1522E+01  0.6632E+02
  24.173  0.1550E+01  0.6634E+02
  24.183  0.1586E+01  0.6635E+02
  24.193  0.1634E+01  0.6637E+02
  24.203  0.1694E+01  0.6639E+02
  24.213  0.1765E+01  0.6640E+02
  24.223  0.1844E+01  0.6642E+02
  24.233  0.1925E+01  0.6644E+02
  24.243  0.2004E+01  0.6646E+02
  24.253  0.2076E+01  0.6648E+02
  24.263  0.2140E+01  0.6650E+02
  24.273  0.2193E+01  0.6653E+02
  24.283  0.2237E+01  0.6655E+02
  24.293  0.2273E+01  0.6657E+02
  24.303  0.2305E+01  0.6659E+02
  24.313  0.2333E+01  0.6662E+02
  24.323  0.2360E+01  0.6664E+02
  24.333  0.2386E+01  0.6666E+02
  24.343  0.2410E+01  0.6669E+02
  24.353  0.2434E+01  0.6671E+02
  24.363  0.2458E+01  0.6674E+02
  24.373  0.2484E+01  0.6676E+02
  24.383  0.2515E+01  0.6679E+02
  24.393  0.2551E+01  0.6681E+02
  24.403  0.2593E+01  0.6684E+02
  24.413  0.2636E+01  0.6687E+02
  24.423  0.2675E+01  0.6689E+02
  24.433  0.2703E+01  0.6692E+02
  24.443  0.2712E+01  0.6695E+02
  24.453  0.2695E+01  0.6697E+02
  24.463  0.2650E+01  0.6700E+02
  24.473  0.2575E+01  0.6703E+02
  24.483  0.2472E+01  0.6705E+02
  24.493  0.2345E+01  0.6707E+02
  24.503  0.2202E+01  0.6710E+02
  24.513  0.2050E+01  0.6712E+02
  24.523  0.1898E+01  0.6714E+02
  24.533  0.1755E+01  0.6715E+02
  24.543  0.1630E+01  0.6717E+02
  24.553  0.1531E+01  0.6718E+02
  24.563  0.1464E+01  0.6720E+02
  24.573  0.1432E+01  0.6721E+02
  24.583  0.1435E+01  0.6723E+02
  24.593  0.1472E+01  0.6724E+02
  24.603  0.1538E+01  0.6726E+02
  24.613  0.1624E+01  0.6727E+02
  24.623  0.1722E+01  0.6729E+02
  24.633  0.1821E+01  0.6731E+02
  24.643  0.1911E+01  0.6733E+02
  24.653  0.1979E+01  0.6735E+02
  24.663  0.2016E+01  0.6737E+02
  24.673  0.2014E+01  0.6739E+02
  24.683  0.1968E+01  0.6741E+02
  24.693  0.1879E+01  0.6743E+02
  24.703  0.1750E+01  0.6744E+02
  24.713  0.1591E+01  0.6746E+02
  24.723  0.1412E+01  0.6747E+02
  24.733  0.1226E+01  0.6749E+02
  24.743  0.1047E+01  0.6750E+02
  24.753  0.8844E+00  0.6751E+02
  24.763  0.7471E+00  0.6751E+02
  24.773  0.6402E+00  0.6752E+02
  24.783  0.5658E+00  0.6753E+02
  24.793  0.5233E+00  0.6753E+02
  24.803  0.5096E+00  0.6754E+02
  24.813  0.5200E+00  0.6754E+02
  24.823  0.5488E+00  0.6755E+02
  24.833  0.5899E+00  0.6755E+02
  24.843  0.6373E+00  0.6756E+02
  24.853  0.6861E+00  0.6757E+02
  24.863  0.7325E+00  0.6757E+02
  24.873  0.7736E+00  0.6758E+02
  24.883  0.8077E+00  0.6759E+02
  24.893  0.8335E+00  0.6760E+02
  24.903  0.8499E+00  0.6761E+02
  24.913  0.8560E+00  0.6761E+02
  24.923  0.8514E+00  0.6762E+02
  24.933  0.8362E+00  0.6763E+02
  24.943  0.8117E+00  0.6764E+02
  24.953  0.7806E+00  0.6765E+02
  24.963  0.7468E+00  0.6765E+02
  24.973  0.7155E+00  0.6766E+02
  24.983  0.6919E+00  0.6767E+02
  24.993  0.6805E+00  0.6768E+02
  25.003  0.6840E+00  0.6768E+02
  25.013  0.7028E+00  0.6769E+02
  25.023  0.7345E+00  0.6770E+02
  25.033  0.7743E+00  0.6770E+02
  25.043  0.8154E+00  0.6771E+02
  25.053  0.8508E+00  0.6772E+02
  25.063  0.8740E+00  0.6773E+02
  25.073  0.8804E+00  0.6774E+02
  25.083  0.8682E+00  0.6775E+02
  25.093  0.8385E+00  0.6776E+02
  25.103  0.7957E+00  0.6776E+02
  25.113  0.7467E+00  0.6777E+02
  25.123  0.7002E+00  0.6778E+02
  25.133  0.6657E+00  0.6778E+02
  25.143  0.6525E+00  0.6779E+02
  25.153  0.6681E+00  0.6780E+02
  25.163  0.7172E+00  0.6781E+02
  25.173  0.8004E+00  0.6781E+02
  25.183  0.9137E+00  0.6782E+02
  25.193  0.1049E+01  0.6783E+02
  25.203  0.1193E+01  0.6784E+02
  25.213  0.1332E+01  0.6786E+02
  25.223  0.1450E+01  0.6787E+02
  25.233  0.1535E+01  0.6789E+02
  25.243  0.1577E+01  0.6790E+02
  25.253  0.1572E+01  0.6792E+02
  25.263  0.1521E+01  0.6793E+02
  25.273  0.1430E+01  0.6795E+02
  25.283  0.1309E+01  0.6796E+02
  25.293  0.1170E+01  0.6797E+02
  25.303  0.1024E+01  0.6798E+02
  25.313  0.8816E+00  0.6799E+02
  25.323  0.7511E+00  0.6800E+02
  25.333  0.6384E+00  0.6801E+02
  25.343  0.5471E+00  0.6801E+02
  25.353  0.4782E+00  0.6802E+02
  25.363  0.4310E+00  0.6802E+02
  25.373  0.4025E+00  0.6803E+02
  25.383  0.3886E+00  0.6803E+02
  25.393  0.3841E+00  0.6803E+02
  25.403  0.3836E+00  0.6804E+02
  25.413  0.3822E+00  0.6804E+02
  25.423  0.3766E+00  0.6804E+02
  25.433  0.3653E+00  0.6805E+02
  25.443  0.3495E+00  0.6805E+02
  25.453  0.3323E+00  0.6805E+02
  25.463  0.3189E+00  0.6806E+02
  25.473  0.3148E+00  0.6806E+02
  25.483  0.3255E+00  0.6806E+02
  25.493  0.3549E+00  0.6807E+02
  25.503  0.4044E+00  0.6807E+02
  25.513  0.4728E+00  0.6808E+02
  25.523  0.5555E+00  0.6808E+02
  25.533  0.6456E+00  0.6809E+02
  25.543  0.7351E+00  0.6810E+02
  25.553  0.8158E+00  0.6810E+02
  25.563  0.8815E+00  0.6811E+02
  25.573  0.9288E+00  0.6812E+02
  25.583  0.9578E+00  0.6813E+02
  25.593  0.9716E+00  0.6814E+02
  25.603  0.9756E+00  0.6815E+02
  25.613  0.9755E+00  0.6816E+02
  25.623  0.9761E+00  0.6817E+02
  25.633  0.9802E+00  0.6818E+02
  25.643  0.9885E+00  0.6819E+02
  25.653  0.1000E+01  0.6820E+02
  25.663  0.1015E+01  0.6821E+02
  25.673  0.1032E+01  0.6822E+02
  25.683  0.1053E+01  0.6823E+02
  25.693  0.1082E+01  0.6824E+02
  25.703  0.1125E+01  0.6825E+02
  25.713  0.1187E+01  0.6827E+02
  25.723  0.1274E+01  0.6828E+02
  25.733  0.1389E+01  0.6829E+02
  25.743  0.1533E+01  0.6831E+02
  25.753  0.1704E+01  0.6832E+02
  25.763  0.1893E+01  0.6834E+02
  25.773  0.2090E+01  0.6836E+02
  25.783  0.2280E+01  0.6839E+02
  25.793  0.2447E+01  0.6841E+02
  25.803  0.2573E+01  0.6844E+02
  25.813  0.2644E+01  0.6846E+02
  25.823  0.2651E+01  0.6849E+02
  25.833  0.2593E+01  0.6852E+02
  25.843  0.2476E+01  0.6854E+02
  25.853  0.2312E+01  0.6856E+02
  25.863  0.2119E+01  0.6859E+02
  25.873  0.1915E+01  0.6860E+02
  25.883  0.1719E+01  0.6862E+02
  25.893  0.1543E+01  0.6864E+02
  25.903  0.1398E+01  0.6865E+02
  25.913  0.1284E+01  0.6866E+02
  25.923  0.1202E+01  0.6868E+02
  25.933  0.1147E+01  0.6869E+02
  25.943  0.1111E+01  0.6870E+02
  25.953  0.1090E+01  0.6871E+02
  25.963  0.1079E+01  0.6872E+02
  25.973  0.1075E+01  0.6873E+02
  25.983  0.1076E+01  0.6874E+02
  25.993  0.1083E+01  0.6875E+02
  26.003  0.1099E+01  0.6876E+02
  26.013  0.1123E+01  0.6877E+02
  26.023  0.1160E+01  0.6879E+02
  26.033  0.1208E+01  0.6880E+02
  26.043  0.1269E+01  0.6881E+02
  26.053  0.1341E+01  0.6882E+02
  26.063  0.1423E+01  0.6884E+02
  26.073  0.1513E+01  0.6885E+02
  26.083  0.1607E+01  0.6887E+02
  26.093  0.1702E+01  0.6889E+02
  26.103  0.1795E+01  0.6891E+02
  26.113  0.1882E+01  0.6892E+02
  26.123  0.1960E+01  0.6894E+02
  26.133  0.2026E+01  0.6896E+02
  26.143  0.2077E+01  0.6898E+02
  26.153  0.2110E+01  0.6901E+02
  26.163  0.2124E+01  0.6903E+02
  26.173  0.2117E+01  0.6905E+02
  26.183  0.2089E+01  0.6907E+02
  26.193  0.2041E+01  0.6909E+02
  26.203  0.1976E+01  0.6911E+02
  26.213  0.1897E+01  0.6913E+02
  26.223  0.1807E+01  0.6915E+02
  26.233  0.1709E+01  0.6916E+02
  26.243  0.1606E+01  0.6918E+02
  26.253  0.1502E+01  0.6919E+02
  26.263  0.1398E+01  0.6921E+02
  26.273  0.1296E+01  0.6922E+02
  26.283  0.1201E+01  0.6923E+02
  26.293  0.1115E+01  0.6924E+02
  26.303  0.1041E+01  0.6925E+02
  26.313  0.9826E+00  0.6926E+02
  26.323  0.9443E+00  0.6927E+02
  26.333  0.9286E+00  0.6928E+02
  26.343  0.9375E+00  0.6929E+02
  26.353  0.9722E+00  0.6930E+02
  26.363  0.1032E+01  0.6931E+02
  26.373  0.1115E+01  0.6932E+02
  26.383  0.1217E+01  0.6934E+02
  26.393  0.1331E+01  0.6935E+02
  26.403  0.1448E+01  0.6936E+02
  26.413  0.1557E+01  0.6938E+02
  26.423  0.1645E+01  0.6940E+02
  26.433  0.1703E+01  0.6941E+02
  26.443  0.1722E+01  0.6943E+02
  26.453  0.1699E+01  0.6945E+02
  26.463  0.1636E+01  0.6946E+02
  26.473  0.1541E+01  0.6948E+02
  26.483  0.1422E+01  0.6949E+02
  26.493  0.1292E+01  0.6951E+02
  26.503  0.1163E+01  0.6952E+02
  26.513  0.1043E+01  0.6953E+02
  26.523  0.9400E+00  0.6954E+02
  26.533  0.8562E+00  0.6955E+02
  26.543  0.7927E+00  0.6955E+02
  26.553  0.7484E+00  0.6956E+02
  26.563  0.7212E+00  0.6957E+02
  26.573  0.7087E+00  0.6958E+02
  26.583  0.7085E+00  0.6958E+02
  26.593  0.7187E+00  0.6959E+02
  26.603  0.7382E+00  0.6960E+02
  26.613  0.7661E+00  0.6961E+02
  26.623  0.8025E+00  0.6961E+02
  26.633  0.8479E+00  0.6962E+02
  26.643  0.9028E+00  0.6963E+02
  26.653  0.9671E+00  0.6964E+02
  26.663  0.1039E+01  0.6965E+02
  26.673  0.1115E+01  0.6966E+02
  26.683  0.1189E+01  0.6967E+02
  26.693  0.1254E+01  0.6969E+02
  26.703  0.1300E+01  0.6970E+02
  26.713  0.1321E+01  0.6971E+02
  26.723  0.1310E+01  0.6973E+02
  26.733  0.1267E+01  0.6974E+02
  26.743  0.1195E+01  0.6975E+02
  26.753  0.1102E+01  0.6976E+02
  26.763  0.9960E+00  0.6977E+02
  26.773  0.8887E+00  0.6978E+02
  26.783  0.7897E+00  0.6979E+02
  26.793  0.7067E+00  0.6980E+02
  26.803  0.6441E+00  0.6980E+02
  26.813  0.6031E+00  0.6981E+02
  26.823  0.5818E+00  0.6981E+02
  26.833  0.5758E+00  0.6982E+02
  26.843  0.5796E+00  0.6982E+02
  26.853  0.5873E+00  0.6983E+02
  26.863  0.5938E+00  0.6984E+02
  26.873  0.5955E+00  0.6984E+02
  26.883  0.5908E+00  0.6985E+02
  26.893  0.5801E+00  0.6985E+02
  26.903  0.5649E+00  0.6986E+02
  26.913  0.5478E+00  0.6987E+02
  26.923  0.5311E+00  0.6987E+02
  26.933  0.5163E+00  0.6988E+02
  26.943  0.5040E+00  0.6988E+02
  26.953  0.4934E+00  0.6989E+02
  26.963  0.4832E+00  0.6989E+02
  26.973  0.4719E+00  0.6990E+02
  26.983  0.4583E+00  0.6990E+02
  26.993  0.4417E+00  0.6990E+02
  27.003  0.4226E+00  0.6991E+02
  27.013  0.4019E+00  0.6991E+02
  27.023  0.3812E+00  0.6992E+02
  27.033  0.3619E+00  0.6992E+02
  27.043  0.3460E+00  0.6992E+02
  27.053  0.3348E+00  0.6993E+02
  27.063  0.3299E+00  0.6993E+02
  27.073  0.3328E+00  0.6993E+02
  27.083  0.3447E+00  0.6994E+02
  27.093  0.3668E+00  0.6994E+02
  27.103  0.3996E+00  0.6994E+02
  27.113  0.4429E+00  0.6995E+02
  27.123  0.4953E+00  0.6995E+02
  27.133  0.5540E+00  0.6996E+02
  27.143  0.6153E+00  0.6997E+02
  27.153  0.6751E+00  0.6997E+02
  27.163  0.7297E+00  0.6998E+02
  27.173  0.7764E+00  0.6999E+02
  27.183  0.8148E+00  0.7000E+02
  27.193  0.8464E+00  0.7000E+02
  27.203  0.8747E+00  0.7001E+02
  27.213  0.9039E+00  0.7002E+02
  27.223  0.9377E+00  0.7003E+02
  27.233  0.9784E+00  0.7004E+02
  27.243  0.1025E+01  0.7005E+02
  27.253  0.1075E+01  0.7006E+02
  27.263  0.1121E+01  0.7007E+02
  27.273  0.1156E+01  0.7008E+02
  27.283  0.1173E+01  0.7010E+02
  27.293  0.1168E+01  0.7011E+02
  27.303  0.1137E+01  0.7012E+02
  27.313  0.1082E+01  0.7013E+02
  27.323  0.1008E+01  0.7014E+02
  27.333  0.9208E+00  0.7015E+02
  27.343  0.8290E+00  0.7016E+02
  27.353  0.7407E+00  0.7017E+02
  27.363  0.6637E+00  0.7017E+02
  27.373  0.6045E+00  0.7018E+02
  27.383  0.5685E+00  0.7018E+02
  27.393  0.5597E+00  0.7019E+02
  27.403  0.5806E+00  0.7020E+02
  27.413  0.6318E+00  0.7020E+02
  27.423  0.7113E+00  0.7021E+02
  27.433  0.8141E+00  0.7022E+02
  27.443  0.9324E+00  0.7023E+02
  27.453  0.1056E+01  0.7024E+02
  27.463  0.1172E+01  0.7025E+02
  27.473  0.1270E+01  0.7026E+02
  27.483  0.1340E+01  0.7027E+02
  27.493  0.1377E+01  0.7029E+02
  27.503  0.1379E+01  0.7030E+02
  27.513  0.1350E+01  0.7032E+02
  27.523  0.1294E+01  0.7033E+02
  27.533  0.1219E+01  0.7034E+02
  27.543  0.1134E+01  0.7035E+02
  27.553  0.1043E+01  0.7036E+02
  27.563  0.9526E+00  0.7037E+02
  27.573  0.8647E+00  0.7038E+02
  27.583  0.7815E+00  0.7039E+02
  27.593  0.7036E+00  0.7040E+02
  27.603  0.6317E+00  0.7040E+02
  27.613  0.5661E+00  0.7041E+02
  27.623  0.5077E+00  0.7041E+02
  27.633  0.4577E+00  0.7042E+02
  27.643  0.4178E+00  0.7042E+02
  27.653  0.3900E+00  0.7043E+02
  27.663  0.3766E+00  0.7043E+02
  27.673  0.3797E+00  0.7043E+02
  27.683  0.4006E+00  0.7044E+02
  27.693  0.4398E+00  0.7044E+02
  27.703  0.4965E+00  0.7045E+02
  27.713  0.5687E+00  0.7045E+02
  27.723  0.6532E+00  0.7046E+02
  27.733  0.7462E+00  0.7047E+02
  27.743  0.8433E+00  0.7047E+02
  27.753  0.9405E+00  0.7048E+02
  27.763  0.1034E+01  0.7049E+02
  27.773  0.1121E+01  0.7051E+02
  27.783  0.1200E+01  0.7052E+02
  27.793  0.1269E+01  0.7053E+02
  27.803  0.1331E+01  0.7054E+02
  27.813  0.1386E+01  0.7056E+02
  27.823  0.1438E+01  0.7057E+02
  27.833  0.1488E+01  0.7059E+02
  27.843  0.1538E+01  0.7060E+02
  27.853  0.1588E+01  0.7062E+02
  27.863  0.1634E+01  0.7063E+02
  27.873  0.1674E+01  0.7065E+02
  27.883  0.1702E+01  0.7067E+02
  27.893  0.1713E+01  0.7068E+02
  27.903  0.1704E+01  0.7070E+02
  27.913  0.1671E+01  0.7072E+02
  27.923  0.1617E+01  0.7073E+02
  27.933  0.1544E+01  0.7075E+02
  27.943  0.1457E+01  0.7076E+02
  27.953  0.1364E+01  0.7078E+02
  27.963  0.1272E+01  0.7079E+02
  27.973  0.1186E+01  0.7080E+02
  27.983  0.1112E+01  0.7081E+02
  27.993  0.1052E+01  0.7082E+02
  28.003  0.1007E+01  0.7083E+02
  28.013  0.9762E+00  0.7084E+02
  28.023  0.9582E+00  0.7085E+02
  28.033  0.9510E+00  0.7086E+02
  28.043  0.9533E+00  0.7087E+02
  28.053  0.9639E+00  0.7088E+02
  28.063  0.9819E+00  0.7089E+02
  28.073  0.1006E+01  0.7090E+02
  28.083  0.1033E+01  0.7091E+02
  28.093  0.1062E+01  0.7092E+02
  28.103  0.1087E+01  0.7093E+02
  28.113  0.1105E+01  0.7095E+02
  28.123  0.1114E+01  0.7096E+02
  28.133  0.1110E+01  0.7097E+02
  28.143  0.1094E+01  0.7098E+02
  28.153  0.1069E+01  0.7099E+02
  28.163  0.1039E+01  0.7100E+02
  28.173  0.1010E+01  0.7101E+02
  28.183  0.9882E+00  0.7102E+02
  28.193  0.9781E+00  0.7103E+02
  28.203  0.9839E+00  0.7104E+02
  28.213  0.1007E+01  0.7105E+02
  28.223  0.1046E+01  0.7106E+02
  28.233  0.1099E+01  0.7107E+02
  28.243  0.1159E+01  0.7108E+02
  28.253  0.1219E+01  0.7109E+02
  28.263  0.1271E+01  0.7111E+02
  28.273  0.1308E+01  0.7112E+02
  28.283  0.1323E+01  0.7113E+02
  28.293  0.1311E+01  0.7115E+02
  28.303  0.1272E+01  0.7116E+02
  28.313  0.1207E+01  0.7117E+02
  28.323  0.1123E+01  0.7118E+02
  28.333  0.1029E+01  0.7119E+02
  28.343  0.9325E+00  0.7120E+02
  28.353  0.8453E+00  0.7121E+02
  28.363  0.7750E+00  0.7122E+02
  28.373  0.7268E+00  0.7123E+02
  28.383  0.7021E+00  0.7123E+02
  28.393  0.6987E+00  0.7124E+02
  28.403  0.7114E+00  0.7125E+02
  28.413  0.7332E+00  0.7125E+02
  28.423  0.7567E+00  0.7126E+02
  28.433  0.7757E+00  0.7127E+02
  28.443  0.7855E+00  0.7128E+02
  28.453  0.7840E+00  0.7129E+02
  28.463  0.7710E+00  0.7129E+02
  28.473  0.7479E+00  0.7130E+02
  28.483  0.7171E+00  0.7131E+02
  28.493  0.6816E+00  0.7131E+02
  28.503  0.6444E+00  0.7132E+02
  28.513  0.6086E+00  0.7133E+02
  28.523  0.5774E+00  0.7133E+02
  28.533  0.5545E+00  0.7134E+02
  28.543  0.5431E+00  0.7134E+02
  28.553  0.5469E+00  0.7135E+02
  28.563  0.5688E+00  0.7135E+02
  28.573  0.6107E+00  0.7136E+02
  28.583  0.6734E+00  0.7137E+02
  28.593  0.7554E+00  0.7138E+02
  28.603  0.8536E+00  0.7138E+02
  28.613  0.9624E+00  0.7139E+02
  28.623  0.1075E+01  0.7140E+02
  28.633  0.1181E+01  0.7142E+02
  28.643  0.1274E+01  0.7143E+02
  28.653  0.1342E+01  0.7144E+02
  28.663  0.1380E+01  0.7146E+02
  28.673  0.1381E+01  0.7147E+02
  28.683  0.1345E+01  0.7148E+02
  28.693  0.1274E+01  0.7150E+02
  28.703  0.1174E+01  0.7151E+02
  28.713  0.1053E+01  0.7152E+02
  28.723  0.9233E+00  0.7153E+02
  28.733  0.7935E+00  0.7154E+02
  28.743  0.6730E+00  0.7154E+02
  28.753  0.5679E+00  0.7155E+02
  28.763  0.4817E+00  0.7155E+02
  28.773  0.4152E+00  0.7156E+02
  28.783  0.3671E+00  0.7156E+02
  28.793  0.3350E+00  0.7156E+02
  28.803  0.3155E+00  0.7157E+02
  28.813  0.3057E+00  0.7157E+02
  28.823  0.3027E+00  0.7157E+02
  28.833  0.3042E+00  0.7158E+02
  28.843  0.3087E+00  0.7158E+02
  28.853  0.3154E+00  0.7158E+02
  28.863  0.3240E+00  0.7159E+02
  28.873  0.3349E+00  0.7159E+02
  28.883  0.3494E+00  0.7159E+02
  28.893  0.3686E+00  0.7160E+02
  28.903  0.3940E+00  0.7160E+02
  28.913  0.4267E+00  0.7160E+02
  28.923  0.4670E+00  0.7161E+02
  28.933  0.5144E+00  0.7161E+02
  28.943  0.5670E+00  0.7162E+02
  28.953  0.6220E+00  0.7163E+02
  28.963  0.6761E+00  0.7163E+02
  28.973  0.7259E+00  0.7164E+02
  28.983  0.7686E+00  0.7165E+02
  28.993  0.8029E+00  0.7166E+02
  29.003  0.8293E+00  0.7166E+02
  29.013  0.8494E+00  0.7167E+02
  29.023  0.8662E+00  0.7168E+02
  29.033  0.8828E+00  0.7169E+02
  29.043  0.9019E+00  0.7170E+02
  29.053  0.9245E+00  0.7171E+02
  29.063  0.9503E+00  0.7172E+02
  29.073  0.9770E+00  0.7173E+02
  29.083  0.1001E+01  0.7174E+02
  29.093  0.1019E+01  0.7175E+02
  29.103  0.1026E+01  0.7176E+02
  29.113  0.1019E+01  0.7177E+02
  29.123  0.9965E+00  0.7178E+02
  29.133  0.9577E+00  0.7179E+02
  29.143  0.9039E+00  0.7180E+02
  29.153  0.8381E+00  0.7181E+02
  29.163  0.7646E+00  0.7181E+02
  29.173  0.6891E+00  0.7182E+02
  29.183  0.6175E+00  0.7183E+02
  29.193  0.5558E+00  0.7183E+02
  29.203  0.5088E+00  0.7184E+02
  29.213  0.4797E+00  0.7184E+02
  29.223  0.4691E+00  0.7185E+02
  29.233  0.4750E+00  0.7185E+02
  29.243  0.4929E+00  0.7186E+02
  29.253  0.5165E+00  0.7186E+02
  29.263  0.5386E+00  0.7187E+02
  29.273  0.5523E+00  0.7187E+02
  29.283  0.5524E+00  0.7188E+02
  29.293  0.5359E+00  0.7188E+02
  29.303  0.5026E+00  0.7189E+02
  29.313  0.4549E+00  0.7189E+02
  29.323  0.3972E+00  0.7190E+02
  29.333  0.3347E+00  0.7190E+02
  29.343  0.2727E+00  0.7190E+02
  29.353  0.2154E+00  0.7190E+02
  29.363  0.1658E+00  0.7191E+02
  29.373  0.1253E+00  0.7191E+02
  29.383  0.9382E-01  0.7191E+02
  29.393  0.7050E-01  0.7191E+02
  29.403  0.5391E-01  0.7191E+02
  29.413  0.4257E-01  0.7191E+02
  29.423  0.3520E-01  0.7191E+02
  29.433  0.3085E-01  0.7191E+02
  29.443  0.2887E-01  0.7191E+02
  29.453  0.2886E-01  0.7191E+02
  29.463  0.3045E-01  0.7191E+02
  29.473  0.3328E-01  0.7191E+02
  29.483  0.3688E-01  0.7191E+02
  29.493  0.4064E-01  0.7191E+02
  29.503  0.4394E-01  0.7191E+02
  29.513  0.4616E-01  0.7191E+02
  29.523  0.4685E-01  0.7191E+02
  29.533  0.4578E-01  0.7191E+02
  29.543  0.4297E-01  0.7191E+02
  29.553  0.3869E-01  0.7192E+02
  29.563  0.3340E-01  0.7192E+02
  29.573  0.2763E-01  0.7192E+02
  29.583  0.2189E-01  0.7192E+02
  29.593  0.1662E-01  0.7192E+02
  29.603  0.1208E-01  0.7192E+02
  29.613  0.8416E-02  0.7192E+02
  29.623  0.5613E-02  0.7192E+02
  29.633  0.3586E-02  0.7192E+02
  29.643  0.2194E-02  0.7192E+02
  29.653  0.1286E-02  0.7192E+02
  29.663  0.7233E-03  0.7192E+02
  29.673  0.3932E-03  0.7192E+02
  29.683  0.2136E-03  0.7192E+02
  29.693  0.1322E-03  0.7192E+02
  29.703  0.1239E-03  0.7192E+02
  29.713  0.1905E-03  0.7192E+02
  29.723  0.3644E-03  0.7192E+02
  29.733  0.7170E-03  0.7192E+02
  29.743  0.1373E-02  0.7192E+02
  29.753  0.2527E-02  0.7192E+02
  29.763  0.4459E-02  0.7192E+02
  29.773  0.7540E-02  0.7192E+02
  29.783  0.1222E-01  0.7192E+02
  29.793  0.1900E-01  0.7192E+02
  29.803  0.2833E-01  0.7192E+02
  29.813  0.4055E-01  0.7192E+02
  29.823  0.5578E-01  0.7192E+02
  29.833  0.7385E-01  0.7192E+02
  29.843  0.9425E-01  0.7192E+02
  29.853  0.1163E+00  0.7192E+02
  29.863  0.1391E+00  0.7192E+02
  29.873  0.1619E+00  0.7192E+02
  29.883  0.1843E+00  0.7193E+02
  29.893  0.2061E+00  0.7193E+02
  29.903  0.2273E+00  0.7193E+02
  29.913  0.2479E+00  0.7193E+02
  29.923  0.2677E+00  0.7194E+02
  29.933  0.2858E+00  0.7194E+02
  29.943  0.3010E+00  0.7194E+02
  29.953  0.3113E+00  0.7194E+02
  29.963  0.3151E+00  0.7195E+02
  29.973  0.3109E+00  0.7195E+02
  29.983  0.2984E+00  0.7195E+02
  29.993  0.2783E+00  0.7196E+02
  30.003  0.2525E+00  0.7196E+02
  30.013  0.2235E+00  0.7196E+02
  30.023  0.1942E+00  0.7196E+02
  30.033  0.1671E+00  0.7196E+02
  30.043  0.1438E+00  0.7197E+02
  30.053  0.1249E+00  0.7197E+02
  30.063  0.1103E+00  0.7197E+02
  30.073  0.9893E-01  0.7197E+02
  30.083  0.8961E-01  0.7197E+02
  30.093  0.8112E-01  0.7197E+02
  30.103  0.7259E-01  0.7197E+02
  30.113  0.6361E-01  0.7197E+02
  30.123  0.5418E-01  0.7197E+02
  30.133  0.4465E-01  0.7197E+02
  30.143  0.3552E-01  0.7197E+02
  30.153  0.2731E-01  0.7197E+02
  30.163  0.2044E-01  0.7197E+02
  30.173  0.1523E-01  0.7197E+02
  30.183  0.1185E-01  0.7197E+02
  30.193  0.1047E-01  0.7197E+02
  30.203  0.1124E-01  0.7198E+02
  30.213  0.1437E-01  0.7198E+02
  30.223  0.2008E-01  0.7198E+02
  30.233  0.2859E-01  0.7198E+02
  30.243  0.3997E-01  0.7198E+02
  30.253  0.5403E-01  0.7198E+02
  30.263  0.7020E-01  0.7198E+02
  30.273  0.8746E-01  0.7198E+02
  30.283  0.1044E+00  0.7198E+02
  30.293  0.1194E+00  0.7198E+02
  30.303  0.1307E+00  0.7198E+02
  30.313  0.1371E+00  0.7198E+02
  30.323  0.1378E+00  0.7198E+02
  30.333  0.1325E+00  0.7199E+02
  30.343  0.1221E+00  0.7199E+02
  30.353  0.1077E+00  0.7199E+02
  30.363  0.9105E-01  0.7199E+02
  30.373  0.7369E-01  0.7199E+02
  30.383  0.5711E-01  0.7199E+02
  30.393  0.4239E-01  0.7199E+02
  30.403  0.3014E-01  0.7199E+02
  30.413  0.2052E-01  0.7199E+02
  30.423  0.1338E-01  0.7199E+02
  30.433  0.8355E-02  0.7199E+02
  30.443  0.4997E-02  0.7199E+02
  30.453  0.2862E-02  0.7199E+02
  30.463  0.1570E-02  0.7199E+02
  30.473  0.8246E-03  0.7199E+02
  30.483  0.4149E-03  0.7199E+02
  30.493  0.1999E-03  0.7199E+02
  30.503  0.9224E-04  0.7199E+02
  30.513  0.4077E-04  0.7199E+02
  30.523  0.1725E-04  0.7199E+02
  30.533  0.6994E-05  0.7199E+02
  30.543  0.2716E-05  0.7199E+02
  30.553  0.1013E-05  0.7199E+02
  30.563  0.3700E-06  0.7199E+02
  30.573  0.1555E-06  0.7199E+02
  30.583  0.1374E-06  0.7199E+02
  30.593  0.2883E-06  0.7199E+02
  30.603  0.7519E-06  0.7199E+02
  30.613  0.1945E-05  0.7199E+02
  30.623  0.4836E-05  0.7199E+02
  30.633  0.1152E-04  0.7199E+02
  30.643  0.2630E-04  0.7199E+02
  30.653  0.5747E-04  0.7199E+02
  30.663  0.1203E-03  0.7199E+02
  30.673  0.2411E-03  0.7199E+02
  30.683  0.4629E-03  0.7199E+02
  30.693  0.8511E-03  0.7199E+02
  30.703  0.1499E-02  0.7199E+02
  30.713  0.2527E-02  0.7199E+02
  30.723  0.4081E-02  0.7199E+02
  30.733  0.6312E-02  0.7199E+02
  30.743  0.9350E-02  0.7199E+02
  30.753  0.1326E-01  0.7199E+02
  30.763  0.1802E-01  0.7199E+02
  30.773  0.2345E-01  0.7199E+02
  30.783  0.2922E-01  0.7199E+02
  30.793  0.3487E-01  0.7199E+02
  30.803  0.3985E-01  0.7199E+02
  30.813  0.4362E-01  0.7199E+02
  30.823  0.4573E-01  0.7199E+02
  30.833  0.4591E-01  0.7199E+02
  30.843  0.4414E-01  0.7200E+02
  30.853  0.4065E-01  0.7200E+02
  30.863  0.3584E-01  0.7200E+02
  30.873  0.3027E-01  0.7200E+02
  30.883  0.2449E-01  0.7200E+02
  30.893  0.1897E-01  0.7200E+02
  30.903  0.1407E-01  0.7200E+02
  30.913  0.9998E-02  0.7200E+02
  30.923  0.6803E-02  0.7200E+02
  30.933  0.4434E-02  0.7200E+02
  30.943  0.2767E-02  0.7200E+02
  30.953  0.1654E-02  0.7200E+02
  30.963  0.9467E-03  0.7200E+02
  30.973  0.5190E-03  0.7200E+02
  30.983  0.2725E-03  0.7200E+02
  30.993  0.1370E-03  0.7200E+02
  31.003  0.6598E-04  0.7200E+02
  31.013  0.3043E-04  0.7200E+02
  31.023  0.1344E-04  0.7200E+02
  31.033  0.5685E-05  0.7200E+02
  31.043  0.2303E-05  0.7200E+02
  31.053  0.8936E-06  0.7200E+02
  31.063  0.3320E-06  0.7200E+02
  31.073  0.1181E-06  0.7200E+02
  31.083  0.4026E-07  0.7200E+02
  31.093  0.1314E-07  0.7200E+02
  31.103  0.4108E-08  0.7200E+02
  31.113  0.1230E-08  0.7200E+02
  31.123  0.3526E-09  0.7200E+02
  31.133  0.9680E-10  0.7200E+02
  31.143  0.2545E-10  0.7200E+02
  31.153  0.6410E-11  0.7200E+02
  31.163  0.1546E-11  0.7200E+02
  31.173  0.3571E-12  0.7200E+02
  31.183  0.7900E-13  0.7200E+02
  31.193  0.1674E-13  0.7200E+02
  31.203  0.3396E-14  0.7200E+02
  31.213  0.6616E-15  0.7200E+02
  31.223  0.1331E-15  0.7200E+02
  31.233  0.7992E-16  0.7200E+02
  31.243  0.3160E-15  0.7200E+02
  31.253  0.1610E-14  0.7200E+02
  31.263  0.7944E-14  0.7200E+02
  31.273  0.3755E-13  0.7200E+02
  31.283  0.1700E-12  0.7200E+02
  31.293  0.7370E-12  0.7200E+02
  31.303  0.3060E-11  0.7200E+02
  31.313  0.1217E-10  0.7200E+02
  31.323  0.4634E-10  0.7200E+02
  31.333  0.1690E-09  0.7200E+02
  31.343  0.5904E-09  0.7200E+02
  31.353  0.1975E-08  0.7200E+02
  31.363  0.6327E-08  0.7200E+02
  31.373  0.1941E-07  0.7200E+02
  31.383  0.5705E-07  0.7200E+02
  31.393  0.1605E-06  0.7200E+02
  31.403  0.4327E-06  0.7200E+02
  31.413  0.1117E-05  0.7200E+02
  31.423  0.2761E-05  0.7200E+02
  31.433  0.6536E-05  0.7200E+02
  31.443  0.1482E-04  0.7200E+02
  31.453  0.3218E-04  0.7200E+02
  31.463  0.6692E-04  0.7200E+02
  31.473  0.1333E-03  0.7200E+02
  31.483  0.2542E-03  0.7200E+02
  31.493  0.4644E-03  0.7200E+02
  31.503  0.8124E-03  0.7200E+02
  31.513  0.1361E-02  0.7200E+02
  31.523  0.2184E-02  0.7200E+02
  31.533  0.3356E-02  0.7200E+02
  31.543  0.4939E-02  0.7200E+02
  31.553  0.6962E-02  0.7200E+02
  31.563  0.9398E-02  0.7200E+02
  31.573  0.1215E-01  0.7200E+02
  31.583  0.1504E-01  0.7200E+02
  31.593  0.1783E-01  0.7200E+02
  31.603  0.2025E-01  0.7200E+02
  31.613  0.2203E-01  0.7200E+02
  31.623  0.2294E-01  0.7200E+02
  31.633  0.2288E-01  0.7200E+02
  31.643  0.2186E-01  0.7200E+02
  31.653  0.2000E-01  0.7200E+02
  31.663  0.1752E-01  0.7200E+02
  31.673  0.1470E-01  0.7200E+02
  31.683  0.1182E-01  0.7200E+02
  31.693  0.9095E-02  0.7200E+02
  31.703  0.6704E-02  0.7200E+02
  31.713  0.4733E-02  0.7200E+02
  31.723  0.3200E-02  0.7200E+02
  31.733  0.2072E-02  0.7200E+02
  31.743  0.1285E-02  0.7200E+02
  31.753  0.7629E-03  0.7200E+02
  31.763  0.4339E-03  0.7200E+02
  31.773  0.2363E-03  0.7200E+02
  31.783  0.1233E-03  0.7200E+02
  31.793  0.6159E-04  0.7200E+02
  31.803  0.2947E-04  0.7200E+02
  31.813  0.1350E-04  0.7200E+02
  31.823  0.5925E-05  0.7200E+02
